prescription_text,drugs,has_interaction,severity,interaction_type,preprocessed_text,tokens,token_count
"Patient: 55F. Drugs: Travoprost 100mg every 6 hours, Brimonidine.","['Travoprost', 'Brimonidine']",1,2,antihypertensive activities,"patient: 55f. drugs: travoprost 100mg every 6 hours, brimonidine.","['patient', '55f', 'drugs', 'travoprost', '100', 'mg', '6', 'hours', 'brimonidine']",9
"Patient: 68M. Drugs: Clobetasone 75mg once daily, Toremifene 100mg every 8 hours.","['Clobetasone', 'Toremifene']",0,0,none,"patient: 68m. drugs: clobetasone 75mg once daily, toremifene 100mg every 8 hours.","['patient', '68', 'm.', 'drugs', 'clobetasone', '75', 'mg', 'daily', 'toremifene', '100', 'mg', '8', 'hours']",13
"Patient: 40M. Drugs: Orciprenaline 100mg twice daily, Dextrothyroxine.","['Orciprenaline', 'Dextrothyroxine']",0,0,none,"patient: 40m. drugs: orciprenaline 100mg twice daily, dextrothyroxine.","['patient', '40', 'm.', 'drugs', 'orciprenaline', '100', 'mg', 'twice', 'daily', 'dextrothyroxine']",10
"Patient: 70F. Drugs: Dirithromycin 200mg three times daily, Pilocarpine.","['Dirithromycin', 'Pilocarpine']",0,0,none,"patient: 70f. drugs: dirithromycin 200mg three times daily, pilocarpine.","['patient', '70f', 'drugs', 'dirithromycin', '200', 'mg', 'times', 'daily', 'pilocarpine']",9
"Patient: 62M. Drugs: Phensuximide 500mg after meals, Benzthiazide, Empagliflozin 50mg before meals.","['Phensuximide', 'Benzthiazide', 'Empagliflozin']",1,1,therapeutic efficacy,"patient: 62m. drugs: phensuximide 500mg after meals, benzthiazide, empagliflozin 50mg before meals.","['patient', '62', 'm.', 'drugs', 'phensuximide', '500', 'mg', 'meals', 'benzthiazide', 'empagliflozin', '50', 'mg', 'meals']",13
"Patient: 25F. Drugs: Cycloserine, Phenylbutazone 75mg before meals.","['Cycloserine', 'Phenylbutazone']",0,0,none,"patient: 25f. drugs: cycloserine, phenylbutazone 75mg before meals.","['patient', '25f', 'drugs', 'cycloserine', 'phenylbutazone', '75', 'mg', 'meals']",8
"Patient: 30M. Drugs: Ixabepilone 50mg once daily, Cabazitaxel 25mg every 12 hours, Aprindine 75mg every 12 hours.","['Ixabepilone', 'Cabazitaxel', 'Aprindine']",1,3,risk or severity of adverse effects,"patient: 30m. drugs: ixabepilone 50mg once daily, cabazitaxel 25mg every 12 hours, aprindine 75mg every 12 hours.","['patient', '30', 'm.', 'drugs', 'ixabepilone', '50', 'mg', 'daily', 'cabazitaxel', '25', 'mg', '12', 'hours', 'aprindine', '75', 'mg', '12', 'hours']",18
"Patient: 60F. Drugs: Magnesium sulfate 200mg as needed, Tioconazole.","['Magnesium sulfate', 'Tioconazole']",1,1,therapeutic efficacy,"patient: 60f. drugs: magnesium sulfate 200mg as needed, tioconazole.","['patient', '60f', 'drugs', 'magnesium', 'sulfate', '200', 'mg', 'needed', 'tioconazole']",9
"Patient: 40M. Drugs: Valdecoxib 50mg every 8 hours, Dasatinib 100mg every 8 hours, Mepyramine 75mg twice daily.","['Valdecoxib', 'Dasatinib', 'Mepyramine']",1,2,serum concentration,"patient: 40m. drugs: valdecoxib 50mg every 8 hours, dasatinib 100mg every 8 hours, mepyramine 75mg twice daily.","['patient', '40', 'm.', 'drugs', 'valdecoxib', '50', 'mg', '8', 'hours', 'dasatinib', '100', 'mg', '8', 'hours', 'mepyramine', '75', 'mg', 'twice', 'daily']",19
"Patient: 28F. Drugs: Betamethasone 25mg every 6 hours, Phenylbutyric acid 50mg every 6 hours.","['Betamethasone', 'Phenylbutyric acid']",1,1,therapeutic efficacy,"patient: 28f. drugs: betamethasone 25mg every 6 hours, phenylbutyric acid 50mg every 6 hours.","['patient', '28f', 'drugs', 'betamethasone', '25', 'mg', '6', 'hours', 'phenylbutyric', 'acid', '50', 'mg', '6', 'hours']",14
"Patient: 75M. Drugs: Rofecoxib 500mg twice daily, Iodixanol 50mg after meals, Digoxin 500mg every 6 hours, Clofarabine.","['Rofecoxib', 'Iodixanol', 'Digoxin', 'Clofarabine']",1,2,serum concentration,"patient: 75m. drugs: rofecoxib 500mg twice daily, iodixanol 50mg after meals, digoxin 500mg every 6 hours, clofarabine.","['patient', '75', 'm.', 'drugs', 'rofecoxib', '500', 'mg', 'twice', 'daily', 'iodixanol', '50', 'mg', 'meals', 'digoxin', '500', 'mg', '6', 'hours', 'clofarabine']",19
"Patient: 70F. Drugs: Thymol, Chlorpromazine 500mg once daily, Ulobetasol 100mg every 6 hours.","['Thymol', 'Chlorpromazine', 'Ulobetasol']",0,0,none,"patient: 70f. drugs: thymol, chlorpromazine 500mg once daily, ulobetasol 100mg every 6 hours.","['patient', '70f', 'drugs', 'thymol', 'chlorpromazine', '500', 'mg', 'daily', 'ulobetasol', '100', 'mg', '6', 'hours']",13
"Patient: 35F. Drugs: Gemifloxacin 50mg twice daily, Aloglutamol, Roxatidine acetate 75mg once daily, Rosoxacin 200mg before meals.","['Gemifloxacin', 'Aloglutamol', 'Roxatidine acetate', 'Rosoxacin']",1,1,absorption,"patient: 35f. drugs: gemifloxacin 50mg twice daily, aloglutamol, roxatidine acetate 75mg once daily, rosoxacin 200mg before meals.","['patient', '35f', 'drugs', 'gemifloxacin', '50', 'mg', 'twice', 'daily', 'aloglutamol', 'roxatidine', 'acetate', '75', 'mg', 'daily', 'rosoxacin', '200', 'mg', 'meals']",18
"Patient: 25F. Drugs: Pyrazinamide 50mg once daily, Picosulfuric acid 25mg before meals.","['Pyrazinamide', 'Picosulfuric acid']",1,1,therapeutic efficacy,"patient: 25f. drugs: pyrazinamide 50mg once daily, picosulfuric acid 25mg before meals.","['patient', '25f', 'drugs', 'pyrazinamide', '50', 'mg', 'daily', 'picosulfuric', 'acid', '25', 'mg', 'meals']",12
"Patient: 68M. Drugs: Griseofulvin, Magnesium sulfate, Pralatrexate.","['Griseofulvin', 'Magnesium sulfate', 'Pralatrexate']",1,1,therapeutic efficacy,"patient: 68m. drugs: griseofulvin, magnesium sulfate, pralatrexate.","['patient', '68', 'm.', 'drugs', 'griseofulvin', 'magnesium', 'sulfate', 'pralatrexate']",8
"Patient: 58M. Drugs: Tiagabine, Ketamine.","['Tiagabine', 'Ketamine']",1,3,risk or severity of adverse effects,"patient: 58m. drugs: tiagabine, ketamine.","['patient', '58', 'm.', 'drugs', 'tiagabine', 'ketamine']",6
"Patient: 55F. Drugs: Rofecoxib 100mg three times daily, Resveratrol 75mg as needed, Fulvestrant 75mg every 8 hours.","['Rofecoxib', 'Resveratrol', 'Fulvestrant']",1,3,risk or severity of adverse effects,"patient: 55f. drugs: rofecoxib 100mg three times daily, resveratrol 75mg as needed, fulvestrant 75mg every 8 hours.","['patient', '55f', 'drugs', 'rofecoxib', '100', 'mg', 'times', 'daily', 'resveratrol', '75', 'mg', 'needed', 'fulvestrant', '75', 'mg', '8', 'hours']",17
"Patient: 58M. Drugs: Clozapine 500mg as needed, Rapacuronium, Beclomethasone dipropionate 75mg three times daily.","['Clozapine', 'Rapacuronium', 'Beclomethasone dipropionate']",1,2,adverse neuromuscular activities,"patient: 58m. drugs: clozapine 500mg as needed, rapacuronium, beclomethasone dipropionate 75mg three times daily.","['patient', '58', 'm.', 'drugs', 'clozapine', '500', 'mg', 'needed', 'rapacuronium', 'beclomethasone', 'dipropionate', '75', 'mg', 'times', 'daily']",15
"Patient: 52M. Drugs: Tolcapone, Perazine, Nafcillin 50mg as needed.","['Tolcapone', 'Perazine', 'Nafcillin']",1,3,risk or severity of adverse effects,"patient: 52m. drugs: tolcapone, perazine, nafcillin 50mg as needed.","['patient', '52', 'm.', 'drugs', 'tolcapone', 'perazine', 'nafcillin', '50', 'mg', 'needed']",10
"Patient: 75M. Drugs: Capreomycin 25mg three times daily, Unoprostone 500mg after meals, Ponatinib 100mg every 8 hours.","['Capreomycin', 'Unoprostone', 'Ponatinib']",0,0,none,"patient: 75m. drugs: capreomycin 25mg three times daily, unoprostone 500mg after meals, ponatinib 100mg every 8 hours.","['patient', '75', 'm.', 'drugs', 'capreomycin', '25', 'mg', 'times', 'daily', 'unoprostone', '500', 'mg', 'meals', 'ponatinib', '100', 'mg', '8', 'hours']",18
"Patient: 30M. Drugs: Methadone 25mg after meals, Vandetanib 50mg every 8 hours.","['Methadone', 'Vandetanib']",1,2,QTc-prolonging activities,"patient: 30m. drugs: methadone 25mg after meals, vandetanib 50mg every 8 hours.","['patient', '30', 'm.', 'drugs', 'methadone', '25', 'mg', 'meals', 'vandetanib', '50', 'mg', '8', 'hours']",13
"Patient: 55F. Drugs: Tramadol, Midazolam, Perindopril 200mg once daily.","['Tramadol', 'Midazolam', 'Perindopril']",1,3,risk or severity of adverse effects,"patient: 55f. drugs: tramadol, midazolam, perindopril 200mg once daily.","['patient', '55f', 'drugs', 'tramadol', 'midazolam', 'perindopril', '200', 'mg', 'daily']",9
"Patient: 55F. Drugs: Proguanil 500mg as needed, Candesartan cilexetil 100mg twice daily.","['Proguanil', 'Candesartan cilexetil']",0,0,none,"patient: 55f. drugs: proguanil 500mg as needed, candesartan cilexetil 100mg twice daily.","['patient', '55f', 'drugs', 'proguanil', '500', 'mg', 'needed', 'candesartan', 'cilexetil', '100', 'mg', 'twice', 'daily']",13
"Patient: 70F. Drugs: Thymol, Chlorpromazine 500mg once daily, Ulobetasol 100mg every 6 hours.","['Thymol', 'Chlorpromazine', 'Ulobetasol']",0,0,none,"patient: 70f. drugs: thymol, chlorpromazine 500mg once daily, ulobetasol 100mg every 6 hours.","['patient', '70f', 'drugs', 'thymol', 'chlorpromazine', '500', 'mg', 'daily', 'ulobetasol', '100', 'mg', '6', 'hours']",13
"Patient: 68M. Drugs: Amiodarone 75mg every 12 hours, Copanlisib 75mg three times daily.","['Amiodarone', 'Copanlisib']",1,2,metabolism,"patient: 68m. drugs: amiodarone 75mg every 12 hours, copanlisib 75mg three times daily.","['patient', '68', 'm.', 'drugs', 'amiodarone', '75', 'mg', '12', 'hours', 'copanlisib', '75', 'mg', 'times', 'daily']",14
"Patient: 25F. Drugs: Lomefloxacin, Aloglutamol.","['Lomefloxacin', 'Aloglutamol']",1,1,absorption,"patient: 25f. drugs: lomefloxacin, aloglutamol.","['patient', '25f', 'drugs', 'lomefloxacin', 'aloglutamol']",5
"Patient: 48F. Drugs: Finasteride 200mg before meals, Methyclothiazide 100mg every 12 hours.","['Finasteride', 'Methyclothiazide']",0,0,none,"patient: 48f. drugs: finasteride 200mg before meals, methyclothiazide 100mg every 12 hours.","['patient', '48f', 'drugs', 'finasteride', '200', 'mg', 'meals', 'methyclothiazide', '100', 'mg', '12', 'hours']",12
"Patient: 62M. Drugs: Mebendazole 100mg twice daily, Anidulafungin 500mg every 6 hours, Levomefolic acid 75mg every 6 hours.","['Mebendazole', 'Anidulafungin', 'Levomefolic acid']",0,0,none,"patient: 62m. drugs: mebendazole 100mg twice daily, anidulafungin 500mg every 6 hours, levomefolic acid 75mg every 6 hours.","['patient', '62', 'm.', 'drugs', 'mebendazole', '100', 'mg', 'twice', 'daily', 'anidulafungin', '500', 'mg', '6', 'hours', 'levomefolic', 'acid', '75', 'mg', '6', 'hours']",20
"Patient: 55F. Drugs: Bendroflumethiazide, Aceclofenac 50mg every 12 hours, Trimethadione.","['Bendroflumethiazide', 'Aceclofenac', 'Trimethadione']",1,1,therapeutic efficacy,"patient: 55f. drugs: bendroflumethiazide, aceclofenac 50mg every 12 hours, trimethadione.","['patient', '55f', 'drugs', 'bendroflumethiazide', 'aceclofenac', '50', 'mg', '12', 'hours', 'trimethadione']",10
"Patient: 35F. Drugs: Gemifloxacin 50mg twice daily, Aloglutamol, Roxatidine acetate 75mg once daily, Rosoxacin 200mg before meals.","['Gemifloxacin', 'Aloglutamol', 'Roxatidine acetate', 'Rosoxacin']",1,1,absorption,"patient: 35f. drugs: gemifloxacin 50mg twice daily, aloglutamol, roxatidine acetate 75mg once daily, rosoxacin 200mg before meals.","['patient', '35f', 'drugs', 'gemifloxacin', '50', 'mg', 'twice', 'daily', 'aloglutamol', 'roxatidine', 'acetate', '75', 'mg', 'daily', 'rosoxacin', '200', 'mg', 'meals']",18
"Patient: 33M. Drugs: Apraclonidine, Norfloxacin 100mg every 6 hours, Valaciclovir 25mg once daily, Deflazacort.","['Apraclonidine', 'Norfloxacin', 'Valaciclovir', 'Deflazacort']",1,3,risk or severity of adverse effects,"patient: 33m. drugs: apraclonidine, norfloxacin 100mg every 6 hours, valaciclovir 25mg once daily, deflazacort.","['patient', '33', 'm.', 'drugs', 'apraclonidine', 'norfloxacin', '100', 'mg', '6', 'hours', 'valaciclovir', '25', 'mg', 'daily', 'deflazacort']",15
"Patient: 48F. Drugs: Dicoumarol 75mg every 8 hours, Cefazolin 50mg three times daily.","['Dicoumarol', 'Cefazolin']",1,2,anticoagulant activities,"patient: 48f. drugs: dicoumarol 75mg every 8 hours, cefazolin 50mg three times daily.","['patient', '48f', 'drugs', 'dicoumarol', '75', 'mg', '8', 'hours', 'cefazolin', '50', 'mg', 'times', 'daily']",13
"Patient: 68M. Drugs: Zuclopenthixol 75mg as needed, Zotepine 50mg before meals.","['Zuclopenthixol', 'Zotepine']",1,3,risk or severity of adverse effects,"patient: 68m. drugs: zuclopenthixol 75mg as needed, zotepine 50mg before meals.","['patient', '68', 'm.', 'drugs', 'zuclopenthixol', '75', 'mg', 'needed', 'zotepine', '50', 'mg', 'meals']",12
"Patient: 45F. Drugs: Conivaptan 100mg every 12 hours, Ferric sulfate 50mg before meals, Isothipendyl 75mg every 8 hours.","['Conivaptan', 'Ferric sulfate', 'Isothipendyl']",0,0,none,"patient: 45f. drugs: conivaptan 100mg every 12 hours, ferric sulfate 50mg before meals, isothipendyl 75mg every 8 hours.","['patient', '45f', 'drugs', 'conivaptan', '100', 'mg', '12', 'hours', 'ferric', 'sulfate', '50', 'mg', 'meals', 'isothipendyl', '75', 'mg', '8', 'hours']",18
"Patient: 25F. Drugs: Pancuronium 500mg every 6 hours, Alendronic acid 100mg every 6 hours, Physostigmine 75mg twice daily.","['Pancuronium', 'Alendronic acid', 'Physostigmine']",1,1,therapeutic efficacy,"patient: 25f. drugs: pancuronium 500mg every 6 hours, alendronic acid 100mg every 6 hours, physostigmine 75mg twice daily.","['patient', '25f', 'drugs', 'pancuronium', '500', 'mg', '6', 'hours', 'alendronic', 'acid', '100', 'mg', '6', 'hours', 'physostigmine', '75', 'mg', 'twice', 'daily']",19
"Patient: 52M. Drugs: Potassium Iodide 100mg every 8 hours, Zalcitabine 75mg three times daily, Methyltestosterone 75mg once daily.","['Potassium Iodide', 'Zalcitabine', 'Methyltestosterone']",0,0,none,"patient: 52m. drugs: potassium iodide 100mg every 8 hours, zalcitabine 75mg three times daily, methyltestosterone 75mg once daily.","['patient', '52', 'm.', 'drugs', 'potassium', 'iodide', '100', 'mg', '8', 'hours', 'zalcitabine', '75', 'mg', 'times', 'daily', 'methyltestosterone', '75', 'mg', 'daily']",19
"Patient: 55F. Drugs: Vitamin E 500mg every 12 hours, Cyclosporine, Grazoprevir 75mg every 12 hours.","['Vitamin E', 'Cyclosporine', 'Grazoprevir']",1,2,serum concentration,"patient: 55f. drugs: vitamin e 500mg every 12 hours, cyclosporine, grazoprevir 75mg every 12 hours.","['patient', '55f', 'drugs', 'vitamin', 'e', '500', 'mg', '12', 'hours', 'cyclosporine', 'grazoprevir', '75', 'mg', '12', 'hours']",15
"Patient: 28F. Drugs: Ajmaline 25mg every 8 hours, Fingolimod 500mg twice daily.","['Ajmaline', 'Fingolimod']",1,2,arrhythmogenic activities,"patient: 28f. drugs: ajmaline 25mg every 8 hours, fingolimod 500mg twice daily.","['patient', '28f', 'drugs', 'ajmaline', '25', 'mg', '8', 'hours', 'fingolimod', '500', 'mg', 'twice', 'daily']",13
"Patient: 40M. Drugs: Sertaconazole, Efonidipine, Zinc sulfate.","['Sertaconazole', 'Efonidipine', 'Zinc sulfate']",1,1,therapeutic efficacy,"patient: 40m. drugs: sertaconazole, efonidipine, zinc sulfate.","['patient', '40', 'm.', 'drugs', 'sertaconazole', 'efonidipine', 'zinc', 'sulfate']",8
"Patient: 45F. Drugs: Pentosan Polysulfate, Acetaminophen, Acrivastine.","['Pentosan Polysulfate', 'Acetaminophen', 'Acrivastine']",0,0,none,"patient: 45f. drugs: pentosan polysulfate, acetaminophen, acrivastine.","['patient', '45f', 'drugs', 'pentosan', 'polysulfate', 'acetaminophen', 'acrivastine']",7
"Patient: 55F. Drugs: Enalaprilat 75mg once daily, Mequitazine, Salmeterol 75mg before meals.","['Enalaprilat', 'Mequitazine', 'Salmeterol']",0,0,none,"patient: 55f. drugs: enalaprilat 75mg once daily, mequitazine, salmeterol 75mg before meals.","['patient', '55f', 'drugs', 'enalaprilat', '75', 'mg', 'daily', 'mequitazine', 'salmeterol', '75', 'mg', 'meals']",12
"Patient: 28F. Drugs: Clonidine, Chenodeoxycholic acid 50mg after meals, Antrafenine 50mg once daily.","['Clonidine', 'Chenodeoxycholic acid', 'Antrafenine']",0,0,none,"patient: 28f. drugs: clonidine, chenodeoxycholic acid 50mg after meals, antrafenine 50mg once daily.","['patient', '28f', 'drugs', 'clonidine', 'chenodeoxycholic', 'acid', '50', 'mg', 'meals', 'antrafenine', '50', 'mg', 'daily']",13
"Patient: 68M. Drugs: Secobarbital 50mg as needed, Levetiracetam 500mg every 12 hours.","['Secobarbital', 'Levetiracetam']",1,3,risk or severity of adverse effects,"patient: 68m. drugs: secobarbital 50mg as needed, levetiracetam 500mg every 12 hours.","['patient', '68', 'm.', 'drugs', 'secobarbital', '50', 'mg', 'needed', 'levetiracetam', '500', 'mg', '12', 'hours']",13
"Patient: 60F. Drugs: Duloxetine 200mg twice daily, Ethylmorphine 50mg once daily.","['Duloxetine', 'Ethylmorphine']",1,2,metabolism,"patient: 60f. drugs: duloxetine 200mg twice daily, ethylmorphine 50mg once daily.","['patient', '60f', 'drugs', 'duloxetine', '200', 'mg', 'twice', 'daily', 'ethylmorphine', '50', 'mg', 'daily']",12
"Patient: 52M. Drugs: Procarbazine 200mg every 12 hours, Mivacurium 75mg every 8 hours, Amikacin 25mg once daily.","['Procarbazine', 'Mivacurium', 'Amikacin']",1,3,respiratory depressant activities,"patient: 52m. drugs: procarbazine 200mg every 12 hours, mivacurium 75mg every 8 hours, amikacin 25mg once daily.","['patient', '52', 'm.', 'drugs', 'procarbazine', '200', 'mg', '12', 'hours', 'mivacurium', '75', 'mg', '8', 'hours', 'amikacin', '25', 'mg', 'daily']",18
"Patient: 33M. Drugs: Bisacodyl, Cimetidine 100mg before meals, Cefpodoxime 100mg every 6 hours.","['Bisacodyl', 'Cimetidine', 'Cefpodoxime']",1,1,absorption,"patient: 33m. drugs: bisacodyl, cimetidine 100mg before meals, cefpodoxime 100mg every 6 hours.","['patient', '33', 'm.', 'drugs', 'bisacodyl', 'cimetidine', '100', 'mg', 'meals', 'cefpodoxime', '100', 'mg', '6', 'hours']",14
"Patient: 40M. Drugs: Thiothixene 50mg every 6 hours, Ethyl chloride 75mg as needed.","['Thiothixene', 'Ethyl chloride']",1,3,risk or severity of adverse effects,"patient: 40m. drugs: thiothixene 50mg every 6 hours, ethyl chloride 75mg as needed.","['patient', '40', 'm.', 'drugs', 'thiothixene', '50', 'mg', '6', 'hours', 'ethyl', 'chloride', '75', 'mg', 'needed']",14
"Patient: 33M. Drugs: Dronedarone 75mg three times daily, Asenapine, Vilazodone.","['Dronedarone', 'Asenapine', 'Vilazodone']",1,2,bradycardic activities,"patient: 33m. drugs: dronedarone 75mg three times daily, asenapine, vilazodone.","['patient', '33', 'm.', 'drugs', 'dronedarone', '75', 'mg', 'times', 'daily', 'asenapine', 'vilazodone']",11
"Patient: 45F. Drugs: Ixabepilone 500mg three times daily, Dactinomycin 25mg as needed, Dinoprost 75mg after meals.","['Ixabepilone', 'Dactinomycin', 'Dinoprost']",0,0,none,"patient: 45f. drugs: ixabepilone 500mg three times daily, dactinomycin 25mg as needed, dinoprost 75mg after meals.","['patient', '45f', 'drugs', 'ixabepilone', '500', 'mg', 'times', 'daily', 'dactinomycin', '25', 'mg', 'needed', 'dinoprost', '75', 'mg', 'meals']",16
"Patient: 68M. Drugs: Posaconazole 25mg twice daily, Azelnidipine 100mg every 8 hours.","['Posaconazole', 'Azelnidipine']",1,1,therapeutic efficacy,"patient: 68m. drugs: posaconazole 25mg twice daily, azelnidipine 100mg every 8 hours.","['patient', '68', 'm.', 'drugs', 'posaconazole', '25', 'mg', 'twice', 'daily', 'azelnidipine', '100', 'mg', '8', 'hours']",14
"Patient: 58M. Drugs: Dipotassium phosphate 25mg twice daily, Lamivudine 50mg once daily, Articaine, Febuxostat 75mg every 6 hours.","['Dipotassium phosphate', 'Lamivudine', 'Articaine', 'Febuxostat']",0,0,none,"patient: 58m. drugs: dipotassium phosphate 25mg twice daily, lamivudine 50mg once daily, articaine, febuxostat 75mg every 6 hours.","['patient', '58', 'm.', 'drugs', 'dipotassium', 'phosphate', '25', 'mg', 'twice', 'daily', 'lamivudine', '50', 'mg', 'daily', 'articaine', 'febuxostat', '75', 'mg', '6', 'hours']",20
"Patient: 48F. Drugs: Ethchlorvynol, Fexofenadine 75mg every 8 hours, Sulfamethizole.","['Ethchlorvynol', 'Fexofenadine', 'Sulfamethizole']",1,3,risk or severity of adverse effects,"patient: 48f. drugs: ethchlorvynol, fexofenadine 75mg every 8 hours, sulfamethizole.","['patient', '48f', 'drugs', 'ethchlorvynol', 'fexofenadine', '75', 'mg', '8', 'hours', 'sulfamethizole']",10
"Patient: 33M. Drugs: Atazanavir 50mg every 8 hours, Gliclazide 50mg as needed, Alitretinoin.","['Atazanavir', 'Gliclazide', 'Alitretinoin']",1,1,therapeutic efficacy,"patient: 33m. drugs: atazanavir 50mg every 8 hours, gliclazide 50mg as needed, alitretinoin.","['patient', '33', 'm.', 'drugs', 'atazanavir', '50', 'mg', '8', 'hours', 'gliclazide', '50', 'mg', 'needed', 'alitretinoin']",14
"Patient: 28F. Drugs: Pyridostigmine 200mg every 6 hours, Flavoxate 25mg three times daily.","['Pyridostigmine', 'Flavoxate']",1,1,therapeutic efficacy,"patient: 28f. drugs: pyridostigmine 200mg every 6 hours, flavoxate 25mg three times daily.","['patient', '28f', 'drugs', 'pyridostigmine', '200', 'mg', '6', 'hours', 'flavoxate', '25', 'mg', 'times', 'daily']",13
"Patient: 52M. Drugs: Gallamine Triethiodide, Tapentadol 200mg as needed.","['Gallamine Triethiodide', 'Tapentadol']",1,3,risk or severity of adverse effects,"patient: 52m. drugs: gallamine triethiodide, tapentadol 200mg as needed.","['patient', '52', 'm.', 'drugs', 'gallamine', 'triethiodide', 'tapentadol', '200', 'mg', 'needed']",10
"Patient: 33M. Drugs: Quinidine 500mg once daily, Rupatadine 75mg before meals.","['Quinidine', 'Rupatadine']",1,2,metabolism,"patient: 33m. drugs: quinidine 500mg once daily, rupatadine 75mg before meals.","['patient', '33', 'm.', 'drugs', 'quinidine', '500', 'mg', 'daily', 'rupatadine', '75', 'mg', 'meals']",12
"Patient: 52M. Drugs: Sulfisoxazole, Epoprostenol 100mg twice daily, Dolutegravir.","['Sulfisoxazole', 'Epoprostenol', 'Dolutegravir']",1,2,metabolism,"patient: 52m. drugs: sulfisoxazole, epoprostenol 100mg twice daily, dolutegravir.","['patient', '52', 'm.', 'drugs', 'sulfisoxazole', 'epoprostenol', '100', 'mg', 'twice', 'daily', 'dolutegravir']",11
"Patient: 55F. Drugs: Meclofenamic acid 50mg every 8 hours, Niflumic Acid 75mg every 12 hours.","['Meclofenamic acid', 'Niflumic Acid']",1,3,risk or severity of adverse effects,"patient: 55f. drugs: meclofenamic acid 50mg every 8 hours, niflumic acid 75mg every 12 hours.","['patient', '55f', 'drugs', 'meclofenamic', 'acid', '50', 'mg', '8', 'hours', 'niflumic', 'acid', '75', 'mg', '12', 'hours']",15
"Patient: 30M. Drugs: Eluxadoline, Miltefosine 75mg every 6 hours, Etravirine 50mg before meals, Metronidazole.","['Eluxadoline', 'Miltefosine', 'Etravirine', 'Metronidazole']",1,2,serum concentration,"patient: 30m. drugs: eluxadoline, miltefosine 75mg every 6 hours, etravirine 50mg before meals, metronidazole.","['patient', '30', 'm.', 'drugs', 'eluxadoline', 'miltefosine', '75', 'mg', '6', 'hours', 'etravirine', '50', 'mg', 'meals', 'metronidazole']",15
"Patient: 48F. Drugs: Tiaprofenic acid, Folic Acid 75mg twice daily.","['Tiaprofenic acid', 'Folic Acid']",1,1,therapeutic efficacy,"patient: 48f. drugs: tiaprofenic acid, folic acid 75mg twice daily.","['patient', '48f', 'drugs', 'tiaprofenic', 'acid', 'folic', 'acid', '75', 'mg', 'twice', 'daily']",11
"Patient: 62M. Drugs: Levetiracetam 25mg after meals, Bevantolol.","['Levetiracetam', 'Bevantolol']",1,3,risk or severity of hypotension,"patient: 62m. drugs: levetiracetam 25mg after meals, bevantolol.","['patient', '62', 'm.', 'drugs', 'levetiracetam', '25', 'mg', 'meals', 'bevantolol']",9
"Patient: 68M. Drugs: Mycophenolic acid, Clobetasone 75mg every 6 hours, Ceftizoxime 200mg every 12 hours.","['Mycophenolic acid', 'Clobetasone', 'Ceftizoxime']",1,3,risk or severity of adverse effects,"patient: 68m. drugs: mycophenolic acid, clobetasone 75mg every 6 hours, ceftizoxime 200mg every 12 hours.","['patient', '68', 'm.', 'drugs', 'mycophenolic', 'acid', 'clobetasone', '75', 'mg', '6', 'hours', 'ceftizoxime', '200', 'mg', '12', 'hours']",16
"Patient: 62M. Drugs: Docetaxel 500mg every 12 hours, Lenvatinib.","['Docetaxel', 'Lenvatinib']",1,3,risk or severity of adverse effects,"patient: 62m. drugs: docetaxel 500mg every 12 hours, lenvatinib.","['patient', '62', 'm.', 'drugs', 'docetaxel', '500', 'mg', '12', 'hours', 'lenvatinib']",10
"Patient: 40M. Drugs: Dinoprostone 500mg twice daily, Pixantrone 200mg every 12 hours.","['Dinoprostone', 'Pixantrone']",0,0,none,"patient: 40m. drugs: dinoprostone 500mg twice daily, pixantrone 200mg every 12 hours.","['patient', '40', 'm.', 'drugs', 'dinoprostone', '500', 'mg', 'twice', 'daily', 'pixantrone', '200', 'mg', '12', 'hours']",14
"Patient: 28F. Drugs: Lamotrigine 100mg once daily, Oxybuprocaine, Oxybuprocaine 500mg every 6 hours.","['Lamotrigine', 'Oxybuprocaine', 'Oxybuprocaine']",1,3,risk or severity of adverse effects,"patient: 28f. drugs: lamotrigine 100mg once daily, oxybuprocaine, oxybuprocaine 500mg every 6 hours.","['patient', '28f', 'drugs', 'lamotrigine', '100', 'mg', 'daily', 'oxybuprocaine', 'oxybuprocaine', '500', 'mg', '6', 'hours']",13
"Patient: 40M. Drugs: Citalopram, Acepromazine 200mg twice daily.","['Citalopram', 'Acepromazine']",1,3,risk or severity of adverse effects,"patient: 40m. drugs: citalopram, acepromazine 200mg twice daily.","['patient', '40', 'm.', 'drugs', 'citalopram', 'acepromazine', '200', 'mg', 'twice', 'daily']",10
"Patient: 45F. Drugs: Perphenazine 50mg every 6 hours, Fencamfamine.","['Perphenazine', 'Fencamfamine']",1,3,risk or severity of adverse effects,"patient: 45f. drugs: perphenazine 50mg every 6 hours, fencamfamine.","['patient', '45f', 'drugs', 'perphenazine', '50', 'mg', '6', 'hours', 'fencamfamine']",9
"Patient: 60F. Drugs: Eperisone 100mg before meals, Albendazole 200mg after meals, Lipoic Acid 25mg before meals.","['Eperisone', 'Albendazole', 'Lipoic Acid']",0,0,none,"patient: 60f. drugs: eperisone 100mg before meals, albendazole 200mg after meals, lipoic acid 25mg before meals.","['patient', '60f', 'drugs', 'eperisone', '100', 'mg', 'meals', 'albendazole', '200', 'mg', 'meals', 'lipoic', 'acid', '25', 'mg', 'meals']",16
"Patient: 40M. Drugs: Orciprenaline 100mg twice daily, Dextrothyroxine.","['Orciprenaline', 'Dextrothyroxine']",0,0,none,"patient: 40m. drugs: orciprenaline 100mg twice daily, dextrothyroxine.","['patient', '40', 'm.', 'drugs', 'orciprenaline', '100', 'mg', 'twice', 'daily', 'dextrothyroxine']",10
"Patient: 62M. Drugs: Seratrodast 500mg every 6 hours, Unoprostone 25mg every 12 hours, Formoterol.","['Seratrodast', 'Unoprostone', 'Formoterol']",1,1,therapeutic efficacy,"patient: 62m. drugs: seratrodast 500mg every 6 hours, unoprostone 25mg every 12 hours, formoterol.","['patient', '62', 'm.', 'drugs', 'seratrodast', '500', 'mg', '6', 'hours', 'unoprostone', '25', 'mg', '12', 'hours', 'formoterol']",15
"Patient: 48F. Drugs: Hexobarbital, Ifenprodil 500mg as needed, Mitiglinide, Medroxyprogesterone acetate 50mg once daily.","['Hexobarbital', 'Ifenprodil', 'Mitiglinide', 'Medroxyprogesterone acetate']",1,1,therapeutic efficacy,"patient: 48f. drugs: hexobarbital, ifenprodil 500mg as needed, mitiglinide, medroxyprogesterone acetate 50mg once daily.","['patient', '48f', 'drugs', 'hexobarbital', 'ifenprodil', '500', 'mg', 'needed', 'mitiglinide', 'medroxyprogesterone', 'acetate', '50', 'mg', 'daily']",14
"Patient: 52M. Drugs: Felodipine, Telaprevir.","['Felodipine', 'Telaprevir']",1,2,metabolism,"patient: 52m. drugs: felodipine, telaprevir.","['patient', '52', 'm.', 'drugs', 'felodipine', 'telaprevir']",6
"Patient: 33M. Drugs: Tofisopam 75mg once daily, Trimebutine 100mg before meals, Gadoteric acid.","['Tofisopam', 'Trimebutine', 'Gadoteric acid']",0,0,none,"patient: 33m. drugs: tofisopam 75mg once daily, trimebutine 100mg before meals, gadoteric acid.","['patient', '33', 'm.', 'drugs', 'tofisopam', '75', 'mg', 'daily', 'trimebutine', '100', 'mg', 'meals', 'gadoteric', 'acid']",14
"Patient: 48F. Drugs: Hexobarbital, Ifenprodil 500mg as needed, Mitiglinide, Medroxyprogesterone acetate 50mg once daily.","['Hexobarbital', 'Ifenprodil', 'Mitiglinide', 'Medroxyprogesterone acetate']",1,1,therapeutic efficacy,"patient: 48f. drugs: hexobarbital, ifenprodil 500mg as needed, mitiglinide, medroxyprogesterone acetate 50mg once daily.","['patient', '48f', 'drugs', 'hexobarbital', 'ifenprodil', '500', 'mg', 'needed', 'mitiglinide', 'medroxyprogesterone', 'acetate', '50', 'mg', 'daily']",14
"Patient: 35F. Drugs: Cefotetan 500mg once daily, Ribostamycin 200mg every 8 hours, Dexmethylphenidate 500mg once daily.","['Cefotetan', 'Ribostamycin', 'Dexmethylphenidate']",1,2,nephrotoxic activities,"patient: 35f. drugs: cefotetan 500mg once daily, ribostamycin 200mg every 8 hours, dexmethylphenidate 500mg once daily.","['patient', '35f', 'drugs', 'cefotetan', '500', 'mg', 'daily', 'ribostamycin', '200', 'mg', '8', 'hours', 'dexmethylphenidate', '500', 'mg', 'daily']",16
"Patient: 62M. Drugs: Calcitriol, Betamethasone 500mg as needed, Buclizine.","['Calcitriol', 'Betamethasone', 'Buclizine']",1,1,therapeutic efficacy,"patient: 62m. drugs: calcitriol, betamethasone 500mg as needed, buclizine.","['patient', '62', 'm.', 'drugs', 'calcitriol', 'betamethasone', '500', 'mg', 'needed', 'buclizine']",10
"Patient: 25F. Drugs: Azithromycin 25mg every 12 hours, Indapamide 200mg as needed, Gonadorelin 200mg every 6 hours.","['Azithromycin', 'Indapamide', 'Gonadorelin']",1,2,QTc-prolonging activities,"patient: 25f. drugs: azithromycin 25mg every 12 hours, indapamide 200mg as needed, gonadorelin 200mg every 6 hours.","['patient', '25f', 'drugs', 'azithromycin', '25', 'mg', '12', 'hours', 'indapamide', '200', 'mg', 'needed', 'gonadorelin', '200', 'mg', '6', 'hours']",17
"Patient: 40M. Drugs: Sufentanil, Dezocine 200mg every 12 hours, Tirofiban.","['Sufentanil', 'Dezocine', 'Tirofiban']",1,3,risk or severity of adverse effects,"patient: 40m. drugs: sufentanil, dezocine 200mg every 12 hours, tirofiban.","['patient', '40', 'm.', 'drugs', 'sufentanil', 'dezocine', '200', 'mg', '12', 'hours', 'tirofiban']",11
"Patient: 75M. Drugs: Penbutolol 25mg after meals, Procaterol 25mg before meals, Procaine 500mg before meals.","['Penbutolol', 'Procaterol', 'Procaine']",1,1,bronchodilatory activities,"patient: 75m. drugs: penbutolol 25mg after meals, procaterol 25mg before meals, procaine 500mg before meals.","['patient', '75', 'm.', 'drugs', 'penbutolol', '25', 'mg', 'meals', 'procaterol', '25', 'mg', 'meals', 'procaine', '500', 'mg', 'meals']",16
"Patient: 55F. Drugs: Nelfinavir, Saquinavir 50mg every 6 hours, Megestrol acetate 500mg three times daily.","['Nelfinavir', 'Saquinavir', 'Megestrol acetate']",1,2,metabolism,"patient: 55f. drugs: nelfinavir, saquinavir 50mg every 6 hours, megestrol acetate 500mg three times daily.","['patient', '55f', 'drugs', 'nelfinavir', 'saquinavir', '50', 'mg', '6', 'hours', 'megestrol', 'acetate', '500', 'mg', 'times', 'daily']",15
"Patient: 35F. Drugs: Phenylbutazone 25mg once daily, Ketoprofen 200mg before meals, Amifostine 500mg after meals.","['Phenylbutazone', 'Ketoprofen', 'Amifostine']",1,3,risk or severity of adverse effects,"patient: 35f. drugs: phenylbutazone 25mg once daily, ketoprofen 200mg before meals, amifostine 500mg after meals.","['patient', '35f', 'drugs', 'phenylbutazone', '25', 'mg', 'daily', 'ketoprofen', '200', 'mg', 'meals', 'amifostine', '500', 'mg', 'meals']",15
"Patient: 55F. Drugs: Glycopyrronium 100mg every 12 hours, Decamethonium 100mg twice daily, Calcium Citrate 75mg before meals.","['Glycopyrronium', 'Decamethonium', 'Calcium Citrate']",1,1,therapeutic efficacy,"patient: 55f. drugs: glycopyrronium 100mg every 12 hours, decamethonium 100mg twice daily, calcium citrate 75mg before meals.","['patient', '55f', 'drugs', 'glycopyrronium', '100', 'mg', '12', 'hours', 'decamethonium', '100', 'mg', 'twice', 'daily', 'calcium', 'citrate', '75', 'mg', 'meals']",18
"Patient: 30M. Drugs: Plazomicin 75mg as needed, Loxapine 200mg three times daily, Mitomycin 100mg as needed, Hexafluronium.","['Plazomicin', 'Loxapine', 'Mitomycin', 'Hexafluronium']",0,0,none,"patient: 30m. drugs: plazomicin 75mg as needed, loxapine 200mg three times daily, mitomycin 100mg as needed, hexafluronium.","['patient', '30', 'm.', 'drugs', 'plazomicin', '75', 'mg', 'needed', 'loxapine', '200', 'mg', 'times', 'daily', 'mitomycin', '100', 'mg', 'needed', 'hexafluronium']",18
"Patient: 58M. Drugs: Levobetaxolol 200mg every 6 hours, Rifampicin 75mg before meals, Etidronic acid.","['Levobetaxolol', 'Rifampicin', 'Etidronic acid']",1,2,serum concentration,"patient: 58m. drugs: levobetaxolol 200mg every 6 hours, rifampicin 75mg before meals, etidronic acid.","['patient', '58', 'm.', 'drugs', 'levobetaxolol', '200', 'mg', '6', 'hours', 'rifampicin', '75', 'mg', 'meals', 'etidronic', 'acid']",15
"Patient: 55F. Drugs: Thioridazine 50mg before meals, Deutetrabenazine 25mg once daily, Ibandronate 75mg before meals.","['Thioridazine', 'Deutetrabenazine', 'Ibandronate']",1,2,QTc-prolonging activities,"patient: 55f. drugs: thioridazine 50mg before meals, deutetrabenazine 25mg once daily, ibandronate 75mg before meals.","['patient', '55f', 'drugs', 'thioridazine', '50', 'mg', 'meals', 'deutetrabenazine', '25', 'mg', 'daily', 'ibandronate', '75', 'mg', 'meals']",15
"Patient: 62M. Drugs: Gentamicin, Fidaxomicin 200mg before meals, Mesoridazine, Tromethamine 500mg twice daily.","['Gentamicin', 'Fidaxomicin', 'Mesoridazine', 'Tromethamine']",1,1,absorption,"patient: 62m. drugs: gentamicin, fidaxomicin 200mg before meals, mesoridazine, tromethamine 500mg twice daily.","['patient', '62', 'm.', 'drugs', 'gentamicin', 'fidaxomicin', '200', 'mg', 'meals', 'mesoridazine', 'tromethamine', '500', 'mg', 'twice', 'daily']",15
"Patient: 55F. Drugs: Cortisone acetate 500mg once daily, Nimesulide 100mg once daily, Isoxsuprine 200mg every 6 hours.","['Cortisone acetate', 'Nimesulide', 'Isoxsuprine']",1,3,risk or severity of adverse effects,"patient: 55f. drugs: cortisone acetate 500mg once daily, nimesulide 100mg once daily, isoxsuprine 200mg every 6 hours.","['patient', '55f', 'drugs', 'cortisone', 'acetate', '500', 'mg', 'daily', 'nimesulide', '100', 'mg', 'daily', 'isoxsuprine', '200', 'mg', '6', 'hours']",17
"Patient: 52M. Drugs: Ezogabine, Stiripentol 50mg once daily, Ledipasvir.","['Ezogabine', 'Stiripentol', 'Ledipasvir']",1,3,risk or severity of adverse effects,"patient: 52m. drugs: ezogabine, stiripentol 50mg once daily, ledipasvir.","['patient', '52', 'm.', 'drugs', 'ezogabine', 'stiripentol', '50', 'mg', 'daily', 'ledipasvir']",10
"Patient: 40M. Drugs: Nortriptyline 100mg before meals, Iobenguane 25mg as needed, Carbinoxamine.","['Nortriptyline', 'Iobenguane', 'Carbinoxamine']",1,1,therapeutic efficacy,"patient: 40m. drugs: nortriptyline 100mg before meals, iobenguane 25mg as needed, carbinoxamine.","['patient', '40', 'm.', 'drugs', 'nortriptyline', '100', 'mg', 'meals', 'iobenguane', '25', 'mg', 'needed', 'carbinoxamine']",13
"Patient: 48F. Drugs: Ridogrel 200mg once daily, Deoxycholic Acid, Carisoprodol 25mg every 6 hours.","['Ridogrel', 'Deoxycholic Acid', 'Carisoprodol']",1,3,risk or severity of adverse effects,"patient: 48f. drugs: ridogrel 200mg once daily, deoxycholic acid, carisoprodol 25mg every 6 hours.","['patient', '48f', 'drugs', 'ridogrel', '200', 'mg', 'daily', 'deoxycholic', 'acid', 'carisoprodol', '25', 'mg', '6', 'hours']",14
"Patient: 45F. Drugs: Ticagrelor 200mg as needed, Methyl salicylate 25mg three times daily, Adenine 500mg every 12 hours.","['Ticagrelor', 'Methyl salicylate', 'Adenine']",1,3,risk or severity of adverse effects,"patient: 45f. drugs: ticagrelor 200mg as needed, methyl salicylate 25mg three times daily, adenine 500mg every 12 hours.","['patient', '45f', 'drugs', 'ticagrelor', '200', 'mg', 'needed', 'methyl', 'salicylate', '25', 'mg', 'times', 'daily', 'adenine', '500', 'mg', '12', 'hours']",18
"Patient: 45F. Drugs: Perphenazine 50mg every 6 hours, Fencamfamine.","['Perphenazine', 'Fencamfamine']",1,3,risk or severity of adverse effects,"patient: 45f. drugs: perphenazine 50mg every 6 hours, fencamfamine.","['patient', '45f', 'drugs', 'perphenazine', '50', 'mg', '6', 'hours', 'fencamfamine']",9
"Patient: 75M. Drugs: Bretylium, Halothane, Tramadol 25mg every 12 hours.","['Bretylium', 'Halothane', 'Tramadol']",1,3,risk or severity of adverse effects,"patient: 75m. drugs: bretylium, halothane, tramadol 25mg every 12 hours.","['patient', '75', 'm.', 'drugs', 'bretylium', 'halothane', 'tramadol', '25', 'mg', '12', 'hours']",11
"Patient: 58M. Drugs: Sulfamethoxazole 75mg once daily, Sulfamerazine.","['Sulfamethoxazole', 'Sulfamerazine']",0,0,none,"patient: 58m. drugs: sulfamethoxazole 75mg once daily, sulfamerazine.","['patient', '58', 'm.', 'drugs', 'sulfamethoxazole', '75', 'mg', 'daily', 'sulfamerazine']",9
"Patient: 25F. Drugs: Cloxazolam, Pioglitazone 100mg after meals, Zileuton 200mg after meals, Tranilast 50mg every 8 hours.","['Cloxazolam', 'Pioglitazone', 'Zileuton', 'Tranilast']",1,3,risk or severity of adverse effects,"patient: 25f. drugs: cloxazolam, pioglitazone 100mg after meals, zileuton 200mg after meals, tranilast 50mg every 8 hours.","['patient', '25f', 'drugs', 'cloxazolam', 'pioglitazone', '100', 'mg', 'meals', 'zileuton', '200', 'mg', 'meals', 'tranilast', '50', 'mg', '8', 'hours']",17
"Patient: 30M. Drugs: Nelfinavir 500mg three times daily, Cisapride 500mg every 6 hours, Levomenol 50mg after meals.","['Nelfinavir', 'Cisapride', 'Levomenol']",1,2,metabolism,"patient: 30m. drugs: nelfinavir 500mg three times daily, cisapride 500mg every 6 hours, levomenol 50mg after meals.","['patient', '30', 'm.', 'drugs', 'nelfinavir', '500', 'mg', 'times', 'daily', 'cisapride', '500', 'mg', '6', 'hours', 'levomenol', '50', 'mg', 'meals']",18
"Patient: 70F. Drugs: Oxytetracycline 200mg as needed, Furosemide, Acetaminophen 25mg as needed.","['Oxytetracycline', 'Furosemide', 'Acetaminophen']",0,0,none,"patient: 70f. drugs: oxytetracycline 200mg as needed, furosemide, acetaminophen 25mg as needed.","['patient', '70f', 'drugs', 'oxytetracycline', '200', 'mg', 'needed', 'furosemide', 'acetaminophen', '25', 'mg', 'needed']",12
"Patient: 62M. Drugs: Lacidipine 500mg every 12 hours, Calcium lactate 25mg once daily, Pivmecillinam 75mg as needed.","['Lacidipine', 'Calcium lactate', 'Pivmecillinam']",1,1,therapeutic efficacy,"patient: 62m. drugs: lacidipine 500mg every 12 hours, calcium lactate 25mg once daily, pivmecillinam 75mg as needed.","['patient', '62', 'm.', 'drugs', 'lacidipine', '500', 'mg', '12', 'hours', 'calcium', 'lactate', '25', 'mg', 'daily', 'pivmecillinam', '75', 'mg', 'needed']",18
"Patient: 68M. Drugs: Tiaprofenic acid 75mg every 8 hours, Isoniazid 200mg every 6 hours, Amiloride.","['Tiaprofenic acid', 'Isoniazid', 'Amiloride']",1,2,antihypertensive activities,"patient: 68m. drugs: tiaprofenic acid 75mg every 8 hours, isoniazid 200mg every 6 hours, amiloride.","['patient', '68', 'm.', 'drugs', 'tiaprofenic', 'acid', '75', 'mg', '8', 'hours', 'isoniazid', '200', 'mg', '6', 'hours', 'amiloride']",16
"Patient: 60F. Drugs: Methsuximide 500mg every 8 hours, Perampanel.","['Methsuximide', 'Perampanel']",1,2,central nervous system depressant (CNS depressant) activities,"patient: 60f. drugs: methsuximide 500mg every 8 hours, perampanel.","['patient', '60f', 'drugs', 'methsuximide', '500', 'mg', '8', 'hours', 'perampanel']",9
"Patient: 55F. Drugs: Ofloxacin 100mg twice daily, Calcium gluconate 100mg before meals, Semaglutide 500mg every 6 hours.","['Ofloxacin', 'Calcium gluconate', 'Semaglutide']",1,1,absorption,"patient: 55f. drugs: ofloxacin 100mg twice daily, calcium gluconate 100mg before meals, semaglutide 500mg every 6 hours.","['patient', '55f', 'drugs', 'ofloxacin', '100', 'mg', 'twice', 'daily', 'calcium', 'gluconate', '100', 'mg', 'meals', 'semaglutide', '500', 'mg', '6', 'hours']",18
"Patient: 58M. Drugs: Bortezomib, Oxprenolol 500mg after meals, Testosterone 75mg twice daily.","['Bortezomib', 'Oxprenolol', 'Testosterone']",1,3,risk or severity of adverse effects,"patient: 58m. drugs: bortezomib, oxprenolol 500mg after meals, testosterone 75mg twice daily.","['patient', '58', 'm.', 'drugs', 'bortezomib', 'oxprenolol', '500', 'mg', 'meals', 'testosterone', '75', 'mg', 'twice', 'daily']",14
"Patient: 28F. Drugs: Quinapril 25mg every 6 hours, Parecoxib.","['Quinapril', 'Parecoxib']",1,3,risk or severity of adverse effects,"patient: 28f. drugs: quinapril 25mg every 6 hours, parecoxib.","['patient', '28f', 'drugs', 'quinapril', '25', 'mg', '6', 'hours', 'parecoxib']",9
"Patient: 62M. Drugs: Dimenhydrinate, Methsuximide, Maxacalcitol 50mg every 6 hours.","['Dimenhydrinate', 'Methsuximide', 'Maxacalcitol']",1,3,risk or severity of adverse effects,"patient: 62m. drugs: dimenhydrinate, methsuximide, maxacalcitol 50mg every 6 hours.","['patient', '62', 'm.', 'drugs', 'dimenhydrinate', 'methsuximide', 'maxacalcitol', '50', 'mg', '6', 'hours']",11
"Patient: 70F. Drugs: Fenbufen, Propacetamol 500mg every 8 hours.","['Fenbufen', 'Propacetamol']",1,3,risk or severity of adverse effects,"patient: 70f. drugs: fenbufen, propacetamol 500mg every 8 hours.","['patient', '70f', 'drugs', 'fenbufen', 'propacetamol', '500', 'mg', '8', 'hours']",9
"Patient: 48F. Drugs: Valsartan 25mg three times daily, Ketazolam 100mg twice daily.","['Valsartan', 'Ketazolam']",0,0,none,"patient: 48f. drugs: valsartan 25mg three times daily, ketazolam 100mg twice daily.","['patient', '48f', 'drugs', 'valsartan', '25', 'mg', 'times', 'daily', 'ketazolam', '100', 'mg', 'twice', 'daily']",13
"Patient: 62M. Drugs: Orphenadrine 500mg every 12 hours, Eprosartan 100mg as needed.","['Orphenadrine', 'Eprosartan']",0,0,none,"patient: 62m. drugs: orphenadrine 500mg every 12 hours, eprosartan 100mg as needed.","['patient', '62', 'm.', 'drugs', 'orphenadrine', '500', 'mg', '12', 'hours', 'eprosartan', '100', 'mg', 'needed']",13
"Patient: 35F. Drugs: Cinnarizine 100mg after meals, Benzylpenicilloyl Polylysine 500mg twice daily, Dexibuprofen 500mg every 6 hours.","['Cinnarizine', 'Benzylpenicilloyl Polylysine', 'Dexibuprofen']",1,1,diagnostic agent,"patient: 35f. drugs: cinnarizine 100mg after meals, benzylpenicilloyl polylysine 500mg twice daily, dexibuprofen 500mg every 6 hours.","['patient', '35f', 'drugs', 'cinnarizine', '100', 'mg', 'meals', 'benzylpenicilloyl', 'polylysine', '500', 'mg', 'twice', 'daily', 'dexibuprofen', '500', 'mg', '6', 'hours']",18
"Patient: 30M. Drugs: Fenbufen 50mg after meals, Sacubitril 500mg after meals, Avatrombopag.","['Fenbufen', 'Sacubitril', 'Avatrombopag']",1,3,risk or severity of adverse effects,"patient: 30m. drugs: fenbufen 50mg after meals, sacubitril 500mg after meals, avatrombopag.","['patient', '30', 'm.', 'drugs', 'fenbufen', '50', 'mg', 'meals', 'sacubitril', '500', 'mg', 'meals', 'avatrombopag']",13
"Patient: 58M. Drugs: Ciclesonide 50mg every 12 hours, Mestranol 50mg every 12 hours, Mirabegron 500mg as needed, Enalaprilat 75mg before meals.","['Ciclesonide', 'Mestranol', 'Mirabegron', 'Enalaprilat']",1,2,serum concentration,"patient: 58m. drugs: ciclesonide 50mg every 12 hours, mestranol 50mg every 12 hours, mirabegron 500mg as needed, enalaprilat 75mg before meals.","['patient', '58', 'm.', 'drugs', 'ciclesonide', '50', 'mg', '12', 'hours', 'mestranol', '50', 'mg', '12', 'hours', 'mirabegron', '500', 'mg', 'needed', 'enalaprilat', '75', 'mg', 'meals']",22
"Patient: 48F. Drugs: Ethchlorvynol, Fexofenadine 75mg every 8 hours, Sulfamethizole.","['Ethchlorvynol', 'Fexofenadine', 'Sulfamethizole']",1,3,risk or severity of adverse effects,"patient: 48f. drugs: ethchlorvynol, fexofenadine 75mg every 8 hours, sulfamethizole.","['patient', '48f', 'drugs', 'ethchlorvynol', 'fexofenadine', '75', 'mg', '8', 'hours', 'sulfamethizole']",10
"Patient: 33M. Drugs: Benzoctamine, Acetaminophen, Propranolol 50mg once daily.","['Benzoctamine', 'Acetaminophen', 'Propranolol']",0,0,none,"patient: 33m. drugs: benzoctamine, acetaminophen, propranolol 50mg once daily.","['patient', '33', 'm.', 'drugs', 'benzoctamine', 'acetaminophen', 'propranolol', '50', 'mg', 'daily']",10
"Patient: 68M. Drugs: Ketamine 75mg as needed, Pipamperone.","['Ketamine', 'Pipamperone']",1,3,risk or severity of adverse effects,"patient: 68m. drugs: ketamine 75mg as needed, pipamperone.","['patient', '68', 'm.', 'drugs', 'ketamine', '75', 'mg', 'needed', 'pipamperone']",9
"Patient: 55F. Drugs: Tegafur 500mg every 6 hours, Calcium levulinate 25mg three times daily, Clobetasol propionate 50mg every 6 hours, Felodipine.","['Tegafur', 'Calcium levulinate', 'Clobetasol propionate', 'Felodipine']",1,1,therapeutic efficacy,"patient: 55f. drugs: tegafur 500mg every 6 hours, calcium levulinate 25mg three times daily, clobetasol propionate 50mg every 6 hours, felodipine.","['patient', '55f', 'drugs', 'tegafur', '500', 'mg', '6', 'hours', 'calcium', 'levulinate', '25', 'mg', 'times', 'daily', 'clobetasol', 'propionate', '50', 'mg', '6', 'hours', 'felodipine']",21
"Patient: 28F. Drugs: Betamethasone 25mg every 6 hours, Phenylbutyric acid 50mg every 6 hours.","['Betamethasone', 'Phenylbutyric acid']",1,1,therapeutic efficacy,"patient: 28f. drugs: betamethasone 25mg every 6 hours, phenylbutyric acid 50mg every 6 hours.","['patient', '28f', 'drugs', 'betamethasone', '25', 'mg', '6', 'hours', 'phenylbutyric', 'acid', '50', 'mg', '6', 'hours']",14
"Patient: 70F. Drugs: Selegiline 50mg every 12 hours, Netilmicin 50mg twice daily.","['Selegiline', 'Netilmicin']",0,0,none,"patient: 70f. drugs: selegiline 50mg every 12 hours, netilmicin 50mg twice daily.","['patient', '70f', 'drugs', 'selegiline', '50', 'mg', '12', 'hours', 'netilmicin', '50', 'mg', 'twice', 'daily']",13
"Patient: 55F. Drugs: Proguanil 500mg as needed, Candesartan cilexetil 100mg twice daily.","['Proguanil', 'Candesartan cilexetil']",0,0,none,"patient: 55f. drugs: proguanil 500mg as needed, candesartan cilexetil 100mg twice daily.","['patient', '55f', 'drugs', 'proguanil', '500', 'mg', 'needed', 'candesartan', 'cilexetil', '100', 'mg', 'twice', 'daily']",13
"Patient: 60F. Drugs: Latamoxef, Pentosan Polysulfate 75mg every 8 hours, Lodoxamide 25mg after meals.","['Latamoxef', 'Pentosan Polysulfate', 'Lodoxamide']",0,0,none,"patient: 60f. drugs: latamoxef, pentosan polysulfate 75mg every 8 hours, lodoxamide 25mg after meals.","['patient', '60f', 'drugs', 'latamoxef', 'pentosan', 'polysulfate', '75', 'mg', '8', 'hours', 'lodoxamide', '25', 'mg', 'meals']",14
"Patient: 25F. Drugs: Lomefloxacin, Aloglutamol.","['Lomefloxacin', 'Aloglutamol']",1,1,absorption,"patient: 25f. drugs: lomefloxacin, aloglutamol.","['patient', '25f', 'drugs', 'lomefloxacin', 'aloglutamol']",5
"Patient: 75M. Drugs: Phenprocoumon, Sodium Citrate 100mg before meals.","['Phenprocoumon', 'Sodium Citrate']",1,2,anticoagulant activities,"patient: 75m. drugs: phenprocoumon, sodium citrate 100mg before meals.","['patient', '75', 'm.', 'drugs', 'phenprocoumon', 'sodium', 'citrate', '100', 'mg', 'meals']",10
"Patient: 45F. Drugs: Aluminum sulfate 50mg as needed, Ibrutinib 25mg every 6 hours, Lucanthone 50mg every 6 hours, Trifluoperazine 50mg three times daily.","['Aluminum sulfate', 'Ibrutinib', 'Lucanthone', 'Trifluoperazine']",0,0,none,"patient: 45f. drugs: aluminum sulfate 50mg as needed, ibrutinib 25mg every 6 hours, lucanthone 50mg every 6 hours, trifluoperazine 50mg three times daily.","['patient', '45f', 'drugs', 'aluminum', 'sulfate', '50', 'mg', 'needed', 'ibrutinib', '25', 'mg', '6', 'hours', 'lucanthone', '50', 'mg', '6', 'hours', 'trifluoperazine', '50', 'mg', 'times', 'daily']",23
"Patient: 33M. Drugs: Indomethacin 200mg every 8 hours, Tasosartan.","['Indomethacin', 'Tasosartan']",1,3,risk or severity of adverse effects,"patient: 33m. drugs: indomethacin 200mg every 8 hours, tasosartan.","['patient', '33', 'm.', 'drugs', 'indomethacin', '200', 'mg', '8', 'hours', 'tasosartan']",10
"Patient: 40M. Drugs: Famotidine, Theophylline.","['Famotidine', 'Theophylline']",0,0,none,"patient: 40m. drugs: famotidine, theophylline.","['patient', '40', 'm.', 'drugs', 'famotidine', 'theophylline']",6
"Patient: 55F. Drugs: Lidocaine 75mg three times daily, Albendazole, Doxylamine 75mg twice daily.","['Lidocaine', 'Albendazole', 'Doxylamine']",1,2,metabolism,"patient: 55f. drugs: lidocaine 75mg three times daily, albendazole, doxylamine 75mg twice daily.","['patient', '55f', 'drugs', 'lidocaine', '75', 'mg', 'times', 'daily', 'albendazole', 'doxylamine', '75', 'mg', 'twice', 'daily']",14
"Patient: 75M. Drugs: Sunitinib 75mg twice daily, Encainide, Deferiprone 50mg every 8 hours.","['Sunitinib', 'Encainide', 'Deferiprone']",0,0,none,"patient: 75m. drugs: sunitinib 75mg twice daily, encainide, deferiprone 50mg every 8 hours.","['patient', '75', 'm.', 'drugs', 'sunitinib', '75', 'mg', 'twice', 'daily', 'encainide', 'deferiprone', '50', 'mg', '8', 'hours']",15
"Patient: 33M. Drugs: Nimodipine, Calcium Citrate 200mg three times daily, Triptorelin.","['Nimodipine', 'Calcium Citrate', 'Triptorelin']",1,1,therapeutic efficacy,"patient: 33m. drugs: nimodipine, calcium citrate 200mg three times daily, triptorelin.","['patient', '33', 'm.', 'drugs', 'nimodipine', 'calcium', 'citrate', '200', 'mg', 'times', 'daily', 'triptorelin']",12
"Patient: 55F. Drugs: Melperone, Benidipine 25mg after meals, Armodafinil.","['Melperone', 'Benidipine', 'Armodafinil']",0,0,none,"patient: 55f. drugs: melperone, benidipine 25mg after meals, armodafinil.","['patient', '55f', 'drugs', 'melperone', 'benidipine', '25', 'mg', 'meals', 'armodafinil']",9
"Patient: 75M. Drugs: Penbutolol 25mg after meals, Procaterol 25mg before meals, Procaine 500mg before meals.","['Penbutolol', 'Procaterol', 'Procaine']",1,1,bronchodilatory activities,"patient: 75m. drugs: penbutolol 25mg after meals, procaterol 25mg before meals, procaine 500mg before meals.","['patient', '75', 'm.', 'drugs', 'penbutolol', '25', 'mg', 'meals', 'procaterol', '25', 'mg', 'meals', 'procaine', '500', 'mg', 'meals']",16
"Patient: 58M. Drugs: Sufentanil 75mg as needed, Ritodrine, Oxybutynin.","['Sufentanil', 'Ritodrine', 'Oxybutynin']",1,3,risk or severity of adverse effects,"patient: 58m. drugs: sufentanil 75mg as needed, ritodrine, oxybutynin.","['patient', '58', 'm.', 'drugs', 'sufentanil', '75', 'mg', 'needed', 'ritodrine', 'oxybutynin']",10
"Patient: 70F. Drugs: Zidovudine 75mg every 12 hours, Ridogrel 25mg as needed.","['Zidovudine', 'Ridogrel']",0,0,none,"patient: 70f. drugs: zidovudine 75mg every 12 hours, ridogrel 25mg as needed.","['patient', '70f', 'drugs', 'zidovudine', '75', 'mg', '12', 'hours', 'ridogrel', '25', 'mg', 'needed']",12
"Patient: 62M. Drugs: Propericiazine 500mg twice daily, Gramicidin D 75mg every 6 hours, Dihydroergocornine 25mg twice daily.","['Propericiazine', 'Gramicidin D', 'Dihydroergocornine']",0,0,none,"patient: 62m. drugs: propericiazine 500mg twice daily, gramicidin d 75mg every 6 hours, dihydroergocornine 25mg twice daily.","['patient', '62', 'm.', 'drugs', 'propericiazine', '500', 'mg', 'twice', 'daily', 'gramicidin', 'd', '75', 'mg', '6', 'hours', 'dihydroergocornine', '25', 'mg', 'twice', 'daily']",20
"Patient: 70F. Drugs: Tenoxicam 75mg twice daily, Zaltoprofen 500mg after meals.","['Tenoxicam', 'Zaltoprofen']",1,3,risk or severity of adverse effects,"patient: 70f. drugs: tenoxicam 75mg twice daily, zaltoprofen 500mg after meals.","['patient', '70f', 'drugs', 'tenoxicam', '75', 'mg', 'twice', 'daily', 'zaltoprofen', '500', 'mg', 'meals']",12
"Patient: 35F. Drugs: Fluoxetine 25mg every 6 hours, Clodronic Acid, Varenicline 75mg every 8 hours.","['Fluoxetine', 'Clodronic Acid', 'Varenicline']",1,1,antiplatelet activities,"patient: 35f. drugs: fluoxetine 25mg every 6 hours, clodronic acid, varenicline 75mg every 8 hours.","['patient', '35f', 'drugs', 'fluoxetine', '25', 'mg', '6', 'hours', 'clodronic', 'acid', 'varenicline', '75', 'mg', '8', 'hours']",15
"Patient: 30M. Drugs: Quinapril 50mg as needed, Terlipressin 500mg after meals, Remoxipride.","['Quinapril', 'Terlipressin', 'Remoxipride']",1,2,hypotensive activities,"patient: 30m. drugs: quinapril 50mg as needed, terlipressin 500mg after meals, remoxipride.","['patient', '30', 'm.', 'drugs', 'quinapril', '50', 'mg', 'needed', 'terlipressin', '500', 'mg', 'meals', 'remoxipride']",13
"Patient: 25F. Drugs: Fluspirilene, Netupitant 50mg as needed, Halothane 25mg every 6 hours, Zonisamide.","['Fluspirilene', 'Netupitant', 'Halothane', 'Zonisamide']",1,3,risk or severity of adverse effects,"patient: 25f. drugs: fluspirilene, netupitant 50mg as needed, halothane 25mg every 6 hours, zonisamide.","['patient', '25f', 'drugs', 'fluspirilene', 'netupitant', '50', 'mg', 'needed', 'halothane', '25', 'mg', '6', 'hours', 'zonisamide']",14
"Patient: 70F. Drugs: Azilsartan medoxomil, Loxoprofen 500mg once daily.","['Azilsartan medoxomil', 'Loxoprofen']",1,3,risk or severity of adverse effects,"patient: 70f. drugs: azilsartan medoxomil, loxoprofen 500mg once daily.","['patient', '70f', 'drugs', 'azilsartan', 'medoxomil', 'loxoprofen', '500', 'mg', 'daily']",9
"Patient: 40M. Drugs: Metixene 50mg twice daily, Ethylmorphine 500mg as needed.","['Metixene', 'Ethylmorphine']",1,3,risk or severity of adverse effects,"patient: 40m. drugs: metixene 50mg twice daily, ethylmorphine 500mg as needed.","['patient', '40', 'm.', 'drugs', 'metixene', '50', 'mg', 'twice', 'daily', 'ethylmorphine', '500', 'mg', 'needed']",13
"Patient: 48F. Drugs: Valsartan 50mg every 12 hours, Metolazone 25mg once daily.","['Valsartan', 'Metolazone']",1,2,hypotensive activities,"patient: 48f. drugs: valsartan 50mg every 12 hours, metolazone 25mg once daily.","['patient', '48f', 'drugs', 'valsartan', '50', 'mg', '12', 'hours', 'metolazone', '25', 'mg', 'daily']",12
"Patient: 52M. Drugs: Tobramycin 75mg as needed, Mannitol 100mg twice daily, Amcinonide.","['Tobramycin', 'Mannitol', 'Amcinonide']",1,2,nephrotoxic activities,"patient: 52m. drugs: tobramycin 75mg as needed, mannitol 100mg twice daily, amcinonide.","['patient', '52', 'm.', 'drugs', 'tobramycin', '75', 'mg', 'needed', 'mannitol', '100', 'mg', 'twice', 'daily', 'amcinonide']",14
"Patient: 55F. Drugs: Moexipril 500mg as needed, Epirizole 50mg after meals.","['Moexipril', 'Epirizole']",1,3,risk or severity of adverse effects,"patient: 55f. drugs: moexipril 500mg as needed, epirizole 50mg after meals.","['patient', '55f', 'drugs', 'moexipril', '500', 'mg', 'needed', 'epirizole', '50', 'mg', 'meals']",11
"Patient: 60F. Drugs: Quazepam, Brotizolam 25mg every 12 hours, Radium Ra 223 Dichloride 500mg three times daily, Methadone 100mg once daily.","['Quazepam', 'Brotizolam', 'Radium Ra 223 Dichloride', 'Methadone']",1,3,risk or severity of adverse effects,"patient: 60f. drugs: quazepam, brotizolam 25mg every 12 hours, radium ra 223 dichloride 500mg three times daily, methadone 100mg once daily.","['patient', '60f', 'drugs', 'quazepam', 'brotizolam', '25', 'mg', '12', 'hours', 'radium', 'ra', '223', 'dichloride', '500', 'mg', 'times', 'daily', 'methadone', '100', 'mg', 'daily']",21
"Patient: 33M. Drugs: Pentamidine, Dicloxacillin 50mg twice daily, Guanabenz 25mg as needed.","['Pentamidine', 'Dicloxacillin', 'Guanabenz']",0,0,none,"patient: 33m. drugs: pentamidine, dicloxacillin 50mg twice daily, guanabenz 25mg as needed.","['patient', '33', 'm.', 'drugs', 'pentamidine', 'dicloxacillin', '50', 'mg', 'twice', 'daily', 'guanabenz', '25', 'mg', 'needed']",14
"Patient: 75M. Drugs: Levothyroxine 25mg every 8 hours, Trimebutine, Tafluprost.","['Levothyroxine', 'Trimebutine', 'Tafluprost']",0,0,none,"patient: 75m. drugs: levothyroxine 25mg every 8 hours, trimebutine, tafluprost.","['patient', '75', 'm.', 'drugs', 'levothyroxine', '25', 'mg', '8', 'hours', 'trimebutine', 'tafluprost']",11
"Patient: 45F. Drugs: Mitoxantrone 75mg twice daily, Disulfiram 200mg before meals, Sucralfate 500mg three times daily.","['Mitoxantrone', 'Disulfiram', 'Sucralfate']",0,0,none,"patient: 45f. drugs: mitoxantrone 75mg twice daily, disulfiram 200mg before meals, sucralfate 500mg three times daily.","['patient', '45f', 'drugs', 'mitoxantrone', '75', 'mg', 'twice', 'daily', 'disulfiram', '200', 'mg', 'meals', 'sucralfate', '500', 'mg', 'times', 'daily']",17
"Patient: 70F. Drugs: Mefloquine 75mg as needed, Methylscopolamine bromide 50mg every 12 hours.","['Mefloquine', 'Methylscopolamine bromide']",1,1,therapeutic efficacy,"patient: 70f. drugs: mefloquine 75mg as needed, methylscopolamine bromide 50mg every 12 hours.","['patient', '70f', 'drugs', 'mefloquine', '75', 'mg', 'needed', 'methylscopolamine', 'bromide', '50', 'mg', '12', 'hours']",13
"Patient: 48F. Drugs: Fluorouracil 50mg three times daily, Irbesartan 100mg twice daily.","['Fluorouracil', 'Irbesartan']",1,2,metabolism,"patient: 48f. drugs: fluorouracil 50mg three times daily, irbesartan 100mg twice daily.","['patient', '48f', 'drugs', 'fluorouracil', '50', 'mg', 'times', 'daily', 'irbesartan', '100', 'mg', 'twice', 'daily']",13
"Patient: 55F. Drugs: Moexipril 500mg as needed, Epirizole 50mg after meals.","['Moexipril', 'Epirizole']",1,3,risk or severity of adverse effects,"patient: 55f. drugs: moexipril 500mg as needed, epirizole 50mg after meals.","['patient', '55f', 'drugs', 'moexipril', '500', 'mg', 'needed', 'epirizole', '50', 'mg', 'meals']",11
"Patient: 52M. Drugs: Epoprostenol 200mg after meals, Suvorexant 25mg once daily, Iloperidone, Nitroxoline.","['Epoprostenol', 'Suvorexant', 'Iloperidone', 'Nitroxoline']",1,2,central nervous system depressant (CNS depressant) activities,"patient: 52m. drugs: epoprostenol 200mg after meals, suvorexant 25mg once daily, iloperidone, nitroxoline.","['patient', '52', 'm.', 'drugs', 'epoprostenol', '200', 'mg', 'meals', 'suvorexant', '25', 'mg', 'daily', 'iloperidone', 'nitroxoline']",14
"Patient: 28F. Drugs: Tolvaptan, Amorolfine 100mg before meals, Estazolam 500mg every 8 hours, Promazine 500mg three times daily.","['Tolvaptan', 'Amorolfine', 'Estazolam', 'Promazine']",1,3,risk or severity of adverse effects,"patient: 28f. drugs: tolvaptan, amorolfine 100mg before meals, estazolam 500mg every 8 hours, promazine 500mg three times daily.","['patient', '28f', 'drugs', 'tolvaptan', 'amorolfine', '100', 'mg', 'meals', 'estazolam', '500', 'mg', '8', 'hours', 'promazine', '500', 'mg', 'times', 'daily']",18
"Patient: 40M. Drugs: Melphalan, Cannabidiol, Mirtazapine 50mg every 8 hours.","['Melphalan', 'Cannabidiol', 'Mirtazapine']",0,0,none,"patient: 40m. drugs: melphalan, cannabidiol, mirtazapine 50mg every 8 hours.","['patient', '40', 'm.', 'drugs', 'melphalan', 'cannabidiol', 'mirtazapine', '50', 'mg', '8', 'hours']",11
"Patient: 52M. Drugs: Atomoxetine 200mg every 6 hours, Sevoflurane 25mg every 8 hours.","['Atomoxetine', 'Sevoflurane']",1,2,metabolism,"patient: 52m. drugs: atomoxetine 200mg every 6 hours, sevoflurane 25mg every 8 hours.","['patient', '52', 'm.', 'drugs', 'atomoxetine', '200', 'mg', '6', 'hours', 'sevoflurane', '25', 'mg', '8', 'hours']",14
"Patient: 75M. Drugs: Olopatadine 500mg every 8 hours, Carvedilol 200mg twice daily, Idarubicin 50mg as needed.","['Olopatadine', 'Carvedilol', 'Idarubicin']",1,2,antihypertensive activities,"patient: 75m. drugs: olopatadine 500mg every 8 hours, carvedilol 200mg twice daily, idarubicin 50mg as needed.","['patient', '75', 'm.', 'drugs', 'olopatadine', '500', 'mg', '8', 'hours', 'carvedilol', '200', 'mg', 'twice', 'daily', 'idarubicin', '50', 'mg', 'needed']",18
"Patient: 30M. Drugs: Fenoprofen 200mg before meals, Epirizole, Ritodrine 100mg after meals.","['Fenoprofen', 'Epirizole', 'Ritodrine']",1,3,risk or severity of adverse effects,"patient: 30m. drugs: fenoprofen 200mg before meals, epirizole, ritodrine 100mg after meals.","['patient', '30', 'm.', 'drugs', 'fenoprofen', '200', 'mg', 'meals', 'epirizole', 'ritodrine', '100', 'mg', 'meals']",13
"Patient: 62M. Drugs: Calcitriol, Betamethasone 500mg as needed, Buclizine.","['Calcitriol', 'Betamethasone', 'Buclizine']",1,1,therapeutic efficacy,"patient: 62m. drugs: calcitriol, betamethasone 500mg as needed, buclizine.","['patient', '62', 'm.', 'drugs', 'calcitriol', 'betamethasone', '500', 'mg', 'needed', 'buclizine']",10
"Patient: 35F. Drugs: Flavoxate 75mg as needed, Methscopolamine 75mg twice daily.","['Flavoxate', 'Methscopolamine']",1,3,risk or severity of adverse effects,"patient: 35f. drugs: flavoxate 75mg as needed, methscopolamine 75mg twice daily.","['patient', '35f', 'drugs', 'flavoxate', '75', 'mg', 'needed', 'methscopolamine', '75', 'mg', 'twice', 'daily']",12
"Patient: 28F. Drugs: Ozenoxacin 200mg after meals, Tetrabenazine 500mg once daily.","['Ozenoxacin', 'Tetrabenazine']",0,0,none,"patient: 28f. drugs: ozenoxacin 200mg after meals, tetrabenazine 500mg once daily.","['patient', '28f', 'drugs', 'ozenoxacin', '200', 'mg', 'meals', 'tetrabenazine', '500', 'mg', 'daily']",11
"Patient: 25F. Drugs: Levosimendan 25mg after meals, Azilsartan medoxomil.","['Levosimendan', 'Azilsartan medoxomil']",1,3,risk or severity of adverse effects,"patient: 25f. drugs: levosimendan 25mg after meals, azilsartan medoxomil.","['patient', '25f', 'drugs', 'levosimendan', '25', 'mg', 'meals', 'azilsartan', 'medoxomil']",9
"Patient: 45F. Drugs: Mitoxantrone 75mg twice daily, Disulfiram 200mg before meals, Sucralfate 500mg three times daily.","['Mitoxantrone', 'Disulfiram', 'Sucralfate']",0,0,none,"patient: 45f. drugs: mitoxantrone 75mg twice daily, disulfiram 200mg before meals, sucralfate 500mg three times daily.","['patient', '45f', 'drugs', 'mitoxantrone', '75', 'mg', 'twice', 'daily', 'disulfiram', '200', 'mg', 'meals', 'sucralfate', '500', 'mg', 'times', 'daily']",17
"Patient: 58M. Drugs: Procyclidine 50mg twice daily, Huperzine A, Ceftriaxone.","['Procyclidine', 'Huperzine A', 'Ceftriaxone']",1,1,therapeutic efficacy,"patient: 58m. drugs: procyclidine 50mg twice daily, huperzine a, ceftriaxone.","['patient', '58', 'm.', 'drugs', 'procyclidine', '50', 'mg', 'twice', 'daily', 'huperzine', 'ceftriaxone']",11
"Patient: 25F. Drugs: Nilotinib 75mg before meals, Empagliflozin 75mg every 6 hours, Thiabendazole 200mg twice daily.","['Nilotinib', 'Empagliflozin', 'Thiabendazole']",1,1,therapeutic efficacy,"patient: 25f. drugs: nilotinib 75mg before meals, empagliflozin 75mg every 6 hours, thiabendazole 200mg twice daily.","['patient', '25f', 'drugs', 'nilotinib', '75', 'mg', 'meals', 'empagliflozin', '75', 'mg', '6', 'hours', 'thiabendazole', '200', 'mg', 'twice', 'daily']",17
"Patient: 75M. Drugs: Estradiol benzoate 25mg every 6 hours, Isavuconazole 500mg every 12 hours, Pipobroman.","['Estradiol benzoate', 'Isavuconazole', 'Pipobroman']",1,2,serum concentration,"patient: 75m. drugs: estradiol benzoate 25mg every 6 hours, isavuconazole 500mg every 12 hours, pipobroman.","['patient', '75', 'm.', 'drugs', 'estradiol', 'benzoate', '25', 'mg', '6', 'hours', 'isavuconazole', '500', 'mg', '12', 'hours', 'pipobroman']",16
"Patient: 35F. Drugs: Phenylbutazone 25mg once daily, Ketoprofen 200mg before meals, Amifostine 500mg after meals.","['Phenylbutazone', 'Ketoprofen', 'Amifostine']",1,3,risk or severity of adverse effects,"patient: 35f. drugs: phenylbutazone 25mg once daily, ketoprofen 200mg before meals, amifostine 500mg after meals.","['patient', '35f', 'drugs', 'phenylbutazone', '25', 'mg', 'daily', 'ketoprofen', '200', 'mg', 'meals', 'amifostine', '500', 'mg', 'meals']",15
"Patient: 35F. Drugs: Triazolam 100mg twice daily, Alfacalcidol 200mg twice daily, Pentazocine 25mg after meals.","['Triazolam', 'Alfacalcidol', 'Pentazocine']",1,3,risk or severity of adverse effects,"patient: 35f. drugs: triazolam 100mg twice daily, alfacalcidol 200mg twice daily, pentazocine 25mg after meals.","['patient', '35f', 'drugs', 'triazolam', '100', 'mg', 'twice', 'daily', 'alfacalcidol', '200', 'mg', 'twice', 'daily', 'pentazocine', '25', 'mg', 'meals']",17
"Patient: 70F. Drugs: Angiotensin II 100mg every 12 hours, Cefadroxil, Procaine.","['Angiotensin II', 'Cefadroxil', 'Procaine']",0,0,none,"patient: 70f. drugs: angiotensin ii 100mg every 12 hours, cefadroxil, procaine.","['patient', '70f', 'drugs', 'angiotensin', 'ii', '100', 'mg', '12', 'hours', 'cefadroxil', 'procaine']",11
"Patient: 40M. Drugs: Suprofen 100mg after meals, Misoprostol.","['Suprofen', 'Misoprostol']",1,1,therapeutic efficacy,"patient: 40m. drugs: suprofen 100mg after meals, misoprostol.","['patient', '40', 'm.', 'drugs', 'suprofen', '100', 'mg', 'meals', 'misoprostol']",9
"Patient: 55F. Drugs: Glycerin 200mg as needed, Miglustat 500mg every 6 hours.","['Glycerin', 'Miglustat']",0,0,none,"patient: 55f. drugs: glycerin 200mg as needed, miglustat 500mg every 6 hours.","['patient', '55f', 'drugs', 'glycerin', '200', 'mg', 'needed', 'miglustat', '500', 'mg', '6', 'hours']",12
"Patient: 55F. Drugs: Probucol, Methscopolamine, Nelarabine 500mg as needed, Desloratadine.","['Probucol', 'Methscopolamine', 'Nelarabine', 'Desloratadine']",1,3,risk or severity of adverse effects,"patient: 55f. drugs: probucol, methscopolamine, nelarabine 500mg as needed, desloratadine.","['patient', '55f', 'drugs', 'probucol', 'methscopolamine', 'nelarabine', '500', 'mg', 'needed', 'desloratadine']",10
"Patient: 58M. Drugs: Salsalate 200mg as needed, Desoxycorticosterone acetate 500mg as needed, Dextrothyroxine.","['Salsalate', 'Desoxycorticosterone acetate', 'Dextrothyroxine']",1,3,risk or severity of adverse effects,"patient: 58m. drugs: salsalate 200mg as needed, desoxycorticosterone acetate 500mg as needed, dextrothyroxine.","['patient', '58', 'm.', 'drugs', 'salsalate', '200', 'mg', 'needed', 'desoxycorticosterone', 'acetate', '500', 'mg', 'needed', 'dextrothyroxine']",14
"Patient: 25F. Drugs: Isoconazole, Hydrocodone 100mg every 8 hours.","['Isoconazole', 'Hydrocodone']",0,0,none,"patient: 25f. drugs: isoconazole, hydrocodone 100mg every 8 hours.","['patient', '25f', 'drugs', 'isoconazole', 'hydrocodone', '100', 'mg', '8', 'hours']",9
"Patient: 55F. Drugs: Guanadrel 25mg once daily, Potassium alum 200mg twice daily.","['Guanadrel', 'Potassium alum']",0,0,none,"patient: 55f. drugs: guanadrel 25mg once daily, potassium alum 200mg twice daily.","['patient', '55f', 'drugs', 'guanadrel', '25', 'mg', 'daily', 'potassium', 'alum', '200', 'mg', 'twice', 'daily']",13
"Patient: 35F. Drugs: Cerivastatin 25mg before meals, Dextropropoxyphene 200mg as needed.","['Cerivastatin', 'Dextropropoxyphene']",1,2,serum concentration,"patient: 35f. drugs: cerivastatin 25mg before meals, dextropropoxyphene 200mg as needed.","['patient', '35f', 'drugs', 'cerivastatin', '25', 'mg', 'meals', 'dextropropoxyphene', '200', 'mg', 'needed']",11
"Patient: 35F. Drugs: Hexobarbital, Aliskiren 100mg every 8 hours, Deutetrabenazine, Choline salicylate 25mg every 8 hours.","['Hexobarbital', 'Aliskiren', 'Deutetrabenazine', 'Choline salicylate']",1,3,risk or severity of sedation and somnolence,"patient: 35f. drugs: hexobarbital, aliskiren 100mg every 8 hours, deutetrabenazine, choline salicylate 25mg every 8 hours.","['patient', '35f', 'drugs', 'hexobarbital', 'aliskiren', '100', 'mg', '8', 'hours', 'deutetrabenazine', 'choline', 'salicylate', '25', 'mg', '8', 'hours']",16
"Patient: 48F. Drugs: Amiodarone, Mirabegron 25mg after meals.","['Amiodarone', 'Mirabegron']",1,2,metabolism,"patient: 48f. drugs: amiodarone, mirabegron 25mg after meals.","['patient', '48f', 'drugs', 'amiodarone', 'mirabegron', '25', 'mg', 'meals']",8
"Patient: 45F. Drugs: Pravastatin 75mg every 6 hours, Olaparib 200mg once daily, Podophyllin 500mg twice daily.","['Pravastatin', 'Olaparib', 'Podophyllin']",1,2,serum concentration,"patient: 45f. drugs: pravastatin 75mg every 6 hours, olaparib 200mg once daily, podophyllin 500mg twice daily.","['patient', '45f', 'drugs', 'pravastatin', '75', 'mg', '6', 'hours', 'olaparib', '200', 'mg', 'daily', 'podophyllin', '500', 'mg', 'twice', 'daily']",17
"Patient: 55F. Drugs: Betahistine 200mg after meals, Alcaftadine 200mg once daily, Oxcarbazepine 100mg as needed.","['Betahistine', 'Alcaftadine', 'Oxcarbazepine']",1,1,therapeutic efficacy,"patient: 55f. drugs: betahistine 200mg after meals, alcaftadine 200mg once daily, oxcarbazepine 100mg as needed.","['patient', '55f', 'drugs', 'betahistine', '200', 'mg', 'meals', 'alcaftadine', '200', 'mg', 'daily', 'oxcarbazepine', '100', 'mg', 'needed']",15
"Patient: 68M. Drugs: Methotrexate 25mg every 6 hours, Azelastine 500mg every 12 hours, Prednisolone 500mg every 6 hours.","['Methotrexate', 'Azelastine', 'Prednisolone']",1,2,serum concentration,"patient: 68m. drugs: methotrexate 25mg every 6 hours, azelastine 500mg every 12 hours, prednisolone 500mg every 6 hours.","['patient', '68', 'm.', 'drugs', 'methotrexate', '25', 'mg', '6', 'hours', 'azelastine', '500', 'mg', '12', 'hours', 'prednisolone', '500', 'mg', '6', 'hours']",19
"Patient: 25F. Drugs: Mequitazine, Promethazine.","['Mequitazine', 'Promethazine']",0,0,none,"patient: 25f. drugs: mequitazine, promethazine.","['patient', '25f', 'drugs', 'mequitazine', 'promethazine']",5
"Patient: 68M. Drugs: Griseofulvin, Magnesium sulfate, Pralatrexate.","['Griseofulvin', 'Magnesium sulfate', 'Pralatrexate']",1,1,therapeutic efficacy,"patient: 68m. drugs: griseofulvin, magnesium sulfate, pralatrexate.","['patient', '68', 'm.', 'drugs', 'griseofulvin', 'magnesium', 'sulfate', 'pralatrexate']",8
"Patient: 62M. Drugs: Aripiprazole 75mg every 8 hours, DL-Methylephedrine 75mg before meals.","['Aripiprazole', 'DL-Methylephedrine']",1,2,vasoconstricting activities,"patient: 62m. drugs: aripiprazole 75mg every 8 hours, dlmethylephedrine 75mg before meals.","['patient', '62', 'm.', 'drugs', 'aripiprazole', '75', 'mg', '8', 'hours', 'dlmethylephedrine', '75', 'mg', 'meals']",13
"Patient: 35F. Drugs: Doxapram 200mg as needed, Benzoic Acid 100mg every 8 hours, Fluticasone.","['Doxapram', 'Benzoic Acid', 'Fluticasone']",1,1,therapeutic efficacy,"patient: 35f. drugs: doxapram 200mg as needed, benzoic acid 100mg every 8 hours, fluticasone.","['patient', '35f', 'drugs', 'doxapram', '200', 'mg', 'needed', 'benzoic', 'acid', '100', 'mg', '8', 'hours', 'fluticasone']",14
"Patient: 60F. Drugs: Magnesium sulfate 200mg as needed, Tioconazole.","['Magnesium sulfate', 'Tioconazole']",1,1,therapeutic efficacy,"patient: 60f. drugs: magnesium sulfate 200mg as needed, tioconazole.","['patient', '60f', 'drugs', 'magnesium', 'sulfate', '200', 'mg', 'needed', 'tioconazole']",9
"Patient: 45F. Drugs: Imatinib, Rimonabant 75mg after meals, Mesalazine 75mg every 12 hours.","['Imatinib', 'Rimonabant', 'Mesalazine']",1,2,metabolism,"patient: 45f. drugs: imatinib, rimonabant 75mg after meals, mesalazine 75mg every 12 hours.","['patient', '45f', 'drugs', 'imatinib', 'rimonabant', '75', 'mg', 'meals', 'mesalazine', '75', 'mg', '12', 'hours']",13
"Patient: 52M. Drugs: Gallamine Triethiodide, Tapentadol 200mg as needed.","['Gallamine Triethiodide', 'Tapentadol']",1,3,risk or severity of adverse effects,"patient: 52m. drugs: gallamine triethiodide, tapentadol 200mg as needed.","['patient', '52', 'm.', 'drugs', 'gallamine', 'triethiodide', 'tapentadol', '200', 'mg', 'needed']",10
"Patient: 68M. Drugs: Dipyridamole 75mg as needed, Potassium Citrate 100mg every 6 hours.","['Dipyridamole', 'Potassium Citrate']",1,2,anticoagulant activities,"patient: 68m. drugs: dipyridamole 75mg as needed, potassium citrate 100mg every 6 hours.","['patient', '68', 'm.', 'drugs', 'dipyridamole', '75', 'mg', 'needed', 'potassium', 'citrate', '100', 'mg', '6', 'hours']",14
"Patient: 35F. Drugs: Pargyline 500mg once daily, Tranylcypromine 200mg once daily.","['Pargyline', 'Tranylcypromine']",1,2,hypertensive activities,"patient: 35f. drugs: pargyline 500mg once daily, tranylcypromine 200mg once daily.","['patient', '35f', 'drugs', 'pargyline', '500', 'mg', 'daily', 'tranylcypromine', '200', 'mg', 'daily']",11
"Patient: 75M. Drugs: Doxylamine 50mg every 12 hours, Paritaprevir 200mg every 12 hours, Stavudine 100mg three times daily, Lumefantrine 25mg as needed.","['Doxylamine', 'Paritaprevir', 'Stavudine', 'Lumefantrine']",0,0,none,"patient: 75m. drugs: doxylamine 50mg every 12 hours, paritaprevir 200mg every 12 hours, stavudine 100mg three times daily, lumefantrine 25mg as needed.","['patient', '75', 'm.', 'drugs', 'doxylamine', '50', 'mg', '12', 'hours', 'paritaprevir', '200', 'mg', '12', 'hours', 'stavudine', '100', 'mg', 'times', 'daily', 'lumefantrine', '25', 'mg', 'needed']",23
"Patient: 68M. Drugs: Dihydrocodeine 50mg every 12 hours, Cortisone acetate 100mg every 8 hours.","['Dihydrocodeine', 'Cortisone acetate']",0,0,none,"patient: 68m. drugs: dihydrocodeine 50mg every 12 hours, cortisone acetate 100mg every 8 hours.","['patient', '68', 'm.', 'drugs', 'dihydrocodeine', '50', 'mg', '12', 'hours', 'cortisone', 'acetate', '100', 'mg', '8', 'hours']",15
"Patient: 48F. Drugs: Clevidipine, Calcium lactate 200mg three times daily, Gallamine Triethiodide 75mg as needed.","['Clevidipine', 'Calcium lactate', 'Gallamine Triethiodide']",1,1,therapeutic efficacy,"patient: 48f. drugs: clevidipine, calcium lactate 200mg three times daily, gallamine triethiodide 75mg as needed.","['patient', '48f', 'drugs', 'clevidipine', 'calcium', 'lactate', '200', 'mg', 'times', 'daily', 'gallamine', 'triethiodide', '75', 'mg', 'needed']",15
"Patient: 52M. Drugs: Ospemifene, Lasofoxifene 500mg as needed.","['Ospemifene', 'Lasofoxifene']",1,3,risk or severity of adverse effects,"patient: 52m. drugs: ospemifene, lasofoxifene 500mg as needed.","['patient', '52', 'm.', 'drugs', 'ospemifene', 'lasofoxifene', '500', 'mg', 'needed']",9
"Patient: 58M. Drugs: Clonazepam 50mg once daily, Desvenlafaxine 500mg before meals.","['Clonazepam', 'Desvenlafaxine']",1,3,risk or severity of adverse effects,"patient: 58m. drugs: clonazepam 50mg once daily, desvenlafaxine 500mg before meals.","['patient', '58', 'm.', 'drugs', 'clonazepam', '50', 'mg', 'daily', 'desvenlafaxine', '500', 'mg', 'meals']",12
"Patient: 45F. Drugs: Pimecrolimus 100mg once daily, Tranilast, Midecamycin 75mg every 12 hours.","['Pimecrolimus', 'Tranilast', 'Midecamycin']",1,3,risk or severity of adverse effects,"patient: 45f. drugs: pimecrolimus 100mg once daily, tranilast, midecamycin 75mg every 12 hours.","['patient', '45f', 'drugs', 'pimecrolimus', '100', 'mg', 'daily', 'tranilast', 'midecamycin', '75', 'mg', '12', 'hours']",13
"Patient: 48F. Drugs: Amyl Nitrite 200mg after meals, Metaxalone 50mg three times daily.","['Amyl Nitrite', 'Metaxalone']",0,0,none,"patient: 48f. drugs: amyl nitrite 200mg after meals, metaxalone 50mg three times daily.","['patient', '48f', 'drugs', 'amyl', 'nitrite', '200', 'mg', 'meals', 'metaxalone', '50', 'mg', 'times', 'daily']",13
"Patient: 33M. Drugs: Atazanavir 50mg every 8 hours, Gliclazide 50mg as needed, Alitretinoin.","['Atazanavir', 'Gliclazide', 'Alitretinoin']",1,1,therapeutic efficacy,"patient: 33m. drugs: atazanavir 50mg every 8 hours, gliclazide 50mg as needed, alitretinoin.","['patient', '33', 'm.', 'drugs', 'atazanavir', '50', 'mg', '8', 'hours', 'gliclazide', '50', 'mg', 'needed', 'alitretinoin']",14
"Patient: 75M. Drugs: Sildenafil 100mg three times daily, Triamterene, Thalidomide 25mg every 8 hours.","['Sildenafil', 'Triamterene', 'Thalidomide']",1,3,risk or severity of adverse effects,"patient: 75m. drugs: sildenafil 100mg three times daily, triamterene, thalidomide 25mg every 8 hours.","['patient', '75', 'm.', 'drugs', 'sildenafil', '100', 'mg', 'times', 'daily', 'triamterene', 'thalidomide', '25', 'mg', '8', 'hours']",15
"Patient: 30M. Drugs: Bretylium 50mg as needed, Pinacidil 500mg before meals, Colistin 500mg once daily.","['Bretylium', 'Pinacidil', 'Colistin']",1,2,hypotensive activities,"patient: 30m. drugs: bretylium 50mg as needed, pinacidil 500mg before meals, colistin 500mg once daily.","['patient', '30', 'm.', 'drugs', 'bretylium', '50', 'mg', 'needed', 'pinacidil', '500', 'mg', 'meals', 'colistin', '500', 'mg', 'daily']",16
"Patient: 28F. Drugs: Dinoprostone 100mg three times daily, Bromfenac 100mg after meals.","['Dinoprostone', 'Bromfenac']",1,1,therapeutic efficacy,"patient: 28f. drugs: dinoprostone 100mg three times daily, bromfenac 100mg after meals.","['patient', '28f', 'drugs', 'dinoprostone', '100', 'mg', 'times', 'daily', 'bromfenac', '100', 'mg', 'meals']",12
"Patient: 45F. Drugs: Benzphetamine 50mg three times daily, Methadyl Acetate 200mg once daily, Halothane.","['Benzphetamine', 'Methadyl Acetate', 'Halothane']",1,1,analgesic activities,"patient: 45f. drugs: benzphetamine 50mg three times daily, methadyl acetate 200mg once daily, halothane.","['patient', '45f', 'drugs', 'benzphetamine', '50', 'mg', 'times', 'daily', 'methadyl', 'acetate', '200', 'mg', 'daily', 'halothane']",14
"Patient: 45F. Drugs: Nevirapine 50mg as needed, Ditazole 25mg every 8 hours.","['Nevirapine', 'Ditazole']",0,0,none,"patient: 45f. drugs: nevirapine 50mg as needed, ditazole 25mg every 8 hours.","['patient', '45f', 'drugs', 'nevirapine', '50', 'mg', 'needed', 'ditazole', '25', 'mg', '8', 'hours']",12
"Patient: 58M. Drugs: Moxifloxacin 100mg once daily, Pyrantel 200mg after meals.","['Moxifloxacin', 'Pyrantel']",0,0,none,"patient: 58m. drugs: moxifloxacin 100mg once daily, pyrantel 200mg after meals.","['patient', '58', 'm.', 'drugs', 'moxifloxacin', '100', 'mg', 'daily', 'pyrantel', '200', 'mg', 'meals']",12
"Patient: 68M. Drugs: Perazine 75mg once daily, Dapagliflozin 75mg three times daily.","['Perazine', 'Dapagliflozin']",0,0,none,"patient: 68m. drugs: perazine 75mg once daily, dapagliflozin 75mg three times daily.","['patient', '68', 'm.', 'drugs', 'perazine', '75', 'mg', 'daily', 'dapagliflozin', '75', 'mg', 'times', 'daily']",13
"Patient: 45F. Drugs: Lymecycline 200mg twice daily, Acebutolol, Artemotil 200mg every 8 hours, Anidulafungin 500mg as needed.","['Lymecycline', 'Acebutolol', 'Artemotil', 'Anidulafungin']",0,0,none,"patient: 45f. drugs: lymecycline 200mg twice daily, acebutolol, artemotil 200mg every 8 hours, anidulafungin 500mg as needed.","['patient', '45f', 'drugs', 'lymecycline', '200', 'mg', 'twice', 'daily', 'acebutolol', 'artemotil', '200', 'mg', '8', 'hours', 'anidulafungin', '500', 'mg', 'needed']",18
"Patient: 28F. Drugs: Carbenicillin 100mg twice daily, Potassium 100mg every 8 hours.","['Carbenicillin', 'Potassium']",0,0,none,"patient: 28f. drugs: carbenicillin 100mg twice daily, potassium 100mg every 8 hours.","['patient', '28f', 'drugs', 'carbenicillin', '100', 'mg', 'twice', 'daily', 'potassium', '100', 'mg', '8', 'hours']",13
"Patient: 70F. Drugs: Amiodarone, Sertaconazole.","['Amiodarone', 'Sertaconazole']",1,1,therapeutic efficacy,"patient: 70f. drugs: amiodarone, sertaconazole.","['patient', '70f', 'drugs', 'amiodarone', 'sertaconazole']",5
"Patient: 40M. Drugs: Suprofen 100mg after meals, Misoprostol.","['Suprofen', 'Misoprostol']",1,1,therapeutic efficacy,"patient: 40m. drugs: suprofen 100mg after meals, misoprostol.","['patient', '40', 'm.', 'drugs', 'suprofen', '100', 'mg', 'meals', 'misoprostol']",9
"Patient: 25F. Drugs: Isoconazole, Hydrocodone 100mg every 8 hours.","['Isoconazole', 'Hydrocodone']",0,0,none,"patient: 25f. drugs: isoconazole, hydrocodone 100mg every 8 hours.","['patient', '25f', 'drugs', 'isoconazole', 'hydrocodone', '100', 'mg', '8', 'hours']",9
"Patient: 25F. Drugs: Celiprolol 500mg three times daily, Ziprasidone 50mg every 12 hours, Bretylium 50mg three times daily, Sulfinpyrazone.","['Celiprolol', 'Ziprasidone', 'Bretylium', 'Sulfinpyrazone']",1,2,orthostatic hypotensive activities,"patient: 25f. drugs: celiprolol 500mg three times daily, ziprasidone 50mg every 12 hours, bretylium 50mg three times daily, sulfinpyrazone.","['patient', '25f', 'drugs', 'celiprolol', '500', 'mg', 'times', 'daily', 'ziprasidone', '50', 'mg', '12', 'hours', 'bretylium', '50', 'mg', 'times', 'daily', 'sulfinpyrazone']",19
"Patient: 55F. Drugs: Mephentermine 500mg as needed, Lurasidone 75mg every 12 hours, Lomitapide.","['Mephentermine', 'Lurasidone', 'Lomitapide']",1,2,stimulatory activities,"patient: 55f. drugs: mephentermine 500mg as needed, lurasidone 75mg every 12 hours, lomitapide.","['patient', '55f', 'drugs', 'mephentermine', '500', 'mg', 'needed', 'lurasidone', '75', 'mg', '12', 'hours', 'lomitapide']",13
"Patient: 25F. Drugs: Canrenoic acid, Oritavancin 200mg as needed.","['Canrenoic acid', 'Oritavancin']",0,0,none,"patient: 25f. drugs: canrenoic acid, oritavancin 200mg as needed.","['patient', '25f', 'drugs', 'canrenoic', 'acid', 'oritavancin', '200', 'mg', 'needed']",9
"Patient: 68M. Drugs: Gallium nitrate, Ethchlorvynol 50mg once daily, Brexpiprazole 75mg twice daily.","['Gallium nitrate', 'Ethchlorvynol', 'Brexpiprazole']",1,3,risk or severity of adverse effects,"patient: 68m. drugs: gallium nitrate, ethchlorvynol 50mg once daily, brexpiprazole 75mg twice daily.","['patient', '68', 'm.', 'drugs', 'gallium', 'nitrate', 'ethchlorvynol', '50', 'mg', 'daily', 'brexpiprazole', '75', 'mg', 'twice', 'daily']",15
"Patient: 70F. Drugs: Isoflurane 200mg every 8 hours, Quinapril 200mg twice daily.","['Isoflurane', 'Quinapril']",1,3,risk or severity of adverse effects,"patient: 70f. drugs: isoflurane 200mg every 8 hours, quinapril 200mg twice daily.","['patient', '70f', 'drugs', 'isoflurane', '200', 'mg', '8', 'hours', 'quinapril', '200', 'mg', 'twice', 'daily']",13
"Patient: 58M. Drugs: Lorazepam, Darifenacin 50mg twice daily, Secobarbital 75mg as needed, Pyrimethamine 200mg before meals.","['Lorazepam', 'Darifenacin', 'Secobarbital', 'Pyrimethamine']",1,3,risk or severity of adverse effects,"patient: 58m. drugs: lorazepam, darifenacin 50mg twice daily, secobarbital 75mg as needed, pyrimethamine 200mg before meals.","['patient', '58', 'm.', 'drugs', 'lorazepam', 'darifenacin', '50', 'mg', 'twice', 'daily', 'secobarbital', '75', 'mg', 'needed', 'pyrimethamine', '200', 'mg', 'meals']",18
"Patient: 25F. Drugs: Guanethidine 500mg twice daily, Dihydroergotamine 25mg before meals.","['Guanethidine', 'Dihydroergotamine']",0,0,none,"patient: 25f. drugs: guanethidine 500mg twice daily, dihydroergotamine 25mg before meals.","['patient', '25f', 'drugs', 'guanethidine', '500', 'mg', 'twice', 'daily', 'dihydroergotamine', '25', 'mg', 'meals']",12
"Patient: 33M. Drugs: Bromocriptine 75mg three times daily, Lanreotide 200mg before meals, Buclizine 200mg once daily.","['Bromocriptine', 'Lanreotide', 'Buclizine']",1,2,serum concentration,"patient: 33m. drugs: bromocriptine 75mg three times daily, lanreotide 200mg before meals, buclizine 200mg once daily.","['patient', '33', 'm.', 'drugs', 'bromocriptine', '75', 'mg', 'times', 'daily', 'lanreotide', '200', 'mg', 'meals', 'buclizine', '200', 'mg', 'daily']",17
"Patient: 75M. Drugs: Cefpodoxime 50mg as needed, Vigabatrin 50mg before meals, Carbenicillin indanyl 25mg twice daily.","['Cefpodoxime', 'Vigabatrin', 'Carbenicillin indanyl']",0,0,none,"patient: 75m. drugs: cefpodoxime 50mg as needed, vigabatrin 50mg before meals, carbenicillin indanyl 25mg twice daily.","['patient', '75', 'm.', 'drugs', 'cefpodoxime', '50', 'mg', 'needed', 'vigabatrin', '50', 'mg', 'meals', 'carbenicillin', 'indanyl', '25', 'mg', 'twice', 'daily']",18
"Patient: 45F. Drugs: Milnacipran 75mg every 6 hours, Morniflumate 25mg twice daily, Delorazepam 200mg three times daily.","['Milnacipran', 'Morniflumate', 'Delorazepam']",1,1,antiplatelet activities,"patient: 45f. drugs: milnacipran 75mg every 6 hours, morniflumate 25mg twice daily, delorazepam 200mg three times daily.","['patient', '45f', 'drugs', 'milnacipran', '75', 'mg', '6', 'hours', 'morniflumate', '25', 'mg', 'twice', 'daily', 'delorazepam', '200', 'mg', 'times', 'daily']",18
"Patient: 62M. Drugs: Phensuximide 500mg after meals, Benzthiazide, Empagliflozin 50mg before meals.","['Phensuximide', 'Benzthiazide', 'Empagliflozin']",1,1,therapeutic efficacy,"patient: 62m. drugs: phensuximide 500mg after meals, benzthiazide, empagliflozin 50mg before meals.","['patient', '62', 'm.', 'drugs', 'phensuximide', '500', 'mg', 'meals', 'benzthiazide', 'empagliflozin', '50', 'mg', 'meals']",13
"Patient: 52M. Drugs: Amitriptylinoxide 50mg after meals, Antrafenine 25mg before meals, Ramelteon 50mg as needed.","['Amitriptylinoxide', 'Antrafenine', 'Ramelteon']",0,0,none,"patient: 52m. drugs: amitriptylinoxide 50mg after meals, antrafenine 25mg before meals, ramelteon 50mg as needed.","['patient', '52', 'm.', 'drugs', 'amitriptylinoxide', '50', 'mg', 'meals', 'antrafenine', '25', 'mg', 'meals', 'ramelteon', '50', 'mg', 'needed']",16
"Patient: 48F. Drugs: Tiaprofenic acid, Folic Acid 75mg twice daily.","['Tiaprofenic acid', 'Folic Acid']",1,1,therapeutic efficacy,"patient: 48f. drugs: tiaprofenic acid, folic acid 75mg twice daily.","['patient', '48f', 'drugs', 'tiaprofenic', 'acid', 'folic', 'acid', '75', 'mg', 'twice', 'daily']",11
"Patient: 62M. Drugs: Salicylic acid, Tafenoquine 50mg before meals, Bumetanide 100mg as needed.","['Salicylic acid', 'Tafenoquine', 'Bumetanide']",1,1,therapeutic efficacy,"patient: 62m. drugs: salicylic acid, tafenoquine 50mg before meals, bumetanide 100mg as needed.","['patient', '62', 'm.', 'drugs', 'salicylic', 'acid', 'tafenoquine', '50', 'mg', 'meals', 'bumetanide', '100', 'mg', 'needed']",14
"Patient: 33M. Drugs: Magnesium silicate 500mg every 8 hours, Calcidiol 100mg once daily, Pivmecillinam 100mg as needed.","['Magnesium silicate', 'Calcidiol', 'Pivmecillinam']",0,0,none,"patient: 33m. drugs: magnesium silicate 500mg every 8 hours, calcidiol 100mg once daily, pivmecillinam 100mg as needed.","['patient', '33', 'm.', 'drugs', 'magnesium', 'silicate', '500', 'mg', '8', 'hours', 'calcidiol', '100', 'mg', 'daily', 'pivmecillinam', '100', 'mg', 'needed']",18
"Patient: 33M. Drugs: Clobetasol propionate 75mg twice daily, Pomalidomide.","['Clobetasol propionate', 'Pomalidomide']",1,3,risk or severity of adverse effects,"patient: 33m. drugs: clobetasol propionate 75mg twice daily, pomalidomide.","['patient', '33', 'm.', 'drugs', 'clobetasol', 'propionate', '75', 'mg', 'twice', 'daily', 'pomalidomide']",11
"Patient: 70F. Drugs: Mefloquine 75mg as needed, Methylscopolamine bromide 50mg every 12 hours.","['Mefloquine', 'Methylscopolamine bromide']",1,1,therapeutic efficacy,"patient: 70f. drugs: mefloquine 75mg as needed, methylscopolamine bromide 50mg every 12 hours.","['patient', '70f', 'drugs', 'mefloquine', '75', 'mg', 'needed', 'methylscopolamine', 'bromide', '50', 'mg', '12', 'hours']",13
"Patient: 40M. Drugs: Isotretinoin, Dienogest, Propofol 25mg every 12 hours.","['Isotretinoin', 'Dienogest', 'Propofol']",1,1,therapeutic efficacy,"patient: 40m. drugs: isotretinoin, dienogest, propofol 25mg every 12 hours.","['patient', '40', 'm.', 'drugs', 'isotretinoin', 'dienogest', 'propofol', '25', 'mg', '12', 'hours']",11
"Patient: 70F. Drugs: Amiodarone, Sertaconazole.","['Amiodarone', 'Sertaconazole']",1,1,therapeutic efficacy,"patient: 70f. drugs: amiodarone, sertaconazole.","['patient', '70f', 'drugs', 'amiodarone', 'sertaconazole']",5
"Patient: 68M. Drugs: Fluvoxamine 75mg before meals, Pipamperone 25mg every 6 hours.","['Fluvoxamine', 'Pipamperone']",1,3,risk or severity of adverse effects,"patient: 68m. drugs: fluvoxamine 75mg before meals, pipamperone 25mg every 6 hours.","['patient', '68', 'm.', 'drugs', 'fluvoxamine', '75', 'mg', 'meals', 'pipamperone', '25', 'mg', '6', 'hours']",13
"Patient: 48F. Drugs: Succimer, Diazepam 200mg before meals, Benzylpenicilloyl Polylysine 200mg every 6 hours.","['Succimer', 'Diazepam', 'Benzylpenicilloyl Polylysine']",0,0,none,"patient: 48f. drugs: succimer, diazepam 200mg before meals, benzylpenicilloyl polylysine 200mg every 6 hours.","['patient', '48f', 'drugs', 'succimer', 'diazepam', '200', 'mg', 'meals', 'benzylpenicilloyl', 'polylysine', '200', 'mg', '6', 'hours']",14
"Patient: 33M. Drugs: Atazanavir 50mg every 8 hours, Gliclazide 50mg as needed, Alitretinoin.","['Atazanavir', 'Gliclazide', 'Alitretinoin']",1,1,therapeutic efficacy,"patient: 33m. drugs: atazanavir 50mg every 8 hours, gliclazide 50mg as needed, alitretinoin.","['patient', '33', 'm.', 'drugs', 'atazanavir', '50', 'mg', '8', 'hours', 'gliclazide', '50', 'mg', 'needed', 'alitretinoin']",14
"Patient: 60F. Drugs: Flunisolide, Nefazodone 75mg three times daily, Nimesulide 500mg three times daily.","['Flunisolide', 'Nefazodone', 'Nimesulide']",1,2,metabolism,"patient: 60f. drugs: flunisolide, nefazodone 75mg three times daily, nimesulide 500mg three times daily.","['patient', '60f', 'drugs', 'flunisolide', 'nefazodone', '75', 'mg', 'times', 'daily', 'nimesulide', '500', 'mg', 'times', 'daily']",14
"Patient: 48F. Drugs: Tiaprofenic acid, Folic Acid 75mg twice daily.","['Tiaprofenic acid', 'Folic Acid']",1,1,therapeutic efficacy,"patient: 48f. drugs: tiaprofenic acid, folic acid 75mg twice daily.","['patient', '48f', 'drugs', 'tiaprofenic', 'acid', 'folic', 'acid', '75', 'mg', 'twice', 'daily']",11
"Patient: 28F. Drugs: Melatonin 100mg every 6 hours, Isoflurane 500mg after meals, Cilostazol.","['Melatonin', 'Isoflurane', 'Cilostazol']",1,3,risk or severity of adverse effects,"patient: 28f. drugs: melatonin 100mg every 6 hours, isoflurane 500mg after meals, cilostazol.","['patient', '28f', 'drugs', 'melatonin', '100', 'mg', '6', 'hours', 'isoflurane', '500', 'mg', 'meals', 'cilostazol']",13
"Patient: 62M. Drugs: Seratrodast 500mg every 6 hours, Unoprostone 25mg every 12 hours, Formoterol.","['Seratrodast', 'Unoprostone', 'Formoterol']",1,1,therapeutic efficacy,"patient: 62m. drugs: seratrodast 500mg every 6 hours, unoprostone 25mg every 12 hours, formoterol.","['patient', '62', 'm.', 'drugs', 'seratrodast', '500', 'mg', '6', 'hours', 'unoprostone', '25', 'mg', '12', 'hours', 'formoterol']",15
"Patient: 75M. Drugs: Atenolol, Mesoridazine 75mg every 12 hours, Zileuton 75mg as needed, Oxprenolol 25mg before meals.","['Atenolol', 'Mesoridazine', 'Zileuton', 'Oxprenolol']",1,3,risk or severity of adverse effects,"patient: 75m. drugs: atenolol, mesoridazine 75mg every 12 hours, zileuton 75mg as needed, oxprenolol 25mg before meals.","['patient', '75', 'm.', 'drugs', 'atenolol', 'mesoridazine', '75', 'mg', '12', 'hours', 'zileuton', '75', 'mg', 'needed', 'oxprenolol', '25', 'mg', 'meals']",18
"Patient: 30M. Drugs: Nabilone 200mg every 6 hours, Dexmedetomidine 25mg every 6 hours, Ezetimibe 200mg as needed.","['Nabilone', 'Dexmedetomidine', 'Ezetimibe']",1,2,central nervous system depressant (CNS depressant) activities,"patient: 30m. drugs: nabilone 200mg every 6 hours, dexmedetomidine 25mg every 6 hours, ezetimibe 200mg as needed.","['patient', '30', 'm.', 'drugs', 'nabilone', '200', 'mg', '6', 'hours', 'dexmedetomidine', '25', 'mg', '6', 'hours', 'ezetimibe', '200', 'mg', 'needed']",18
"Patient: 58M. Drugs: Emedastine 50mg every 6 hours, Betahistine 50mg every 12 hours, Calcipotriol 25mg as needed.","['Emedastine', 'Betahistine', 'Calcipotriol']",1,1,therapeutic efficacy,"patient: 58m. drugs: emedastine 50mg every 6 hours, betahistine 50mg every 12 hours, calcipotriol 25mg as needed.","['patient', '58', 'm.', 'drugs', 'emedastine', '50', 'mg', '6', 'hours', 'betahistine', '50', 'mg', '12', 'hours', 'calcipotriol', '25', 'mg', 'needed']",18
"Patient: 45F. Drugs: Olanzapine 500mg three times daily, Ibrutinib 200mg once daily, Sulconazole 200mg after meals.","['Olanzapine', 'Ibrutinib', 'Sulconazole']",1,2,serum concentration,"patient: 45f. drugs: olanzapine 500mg three times daily, ibrutinib 200mg once daily, sulconazole 200mg after meals.","['patient', '45f', 'drugs', 'olanzapine', '500', 'mg', 'times', 'daily', 'ibrutinib', '200', 'mg', 'daily', 'sulconazole', '200', 'mg', 'meals']",16
"Patient: 30M. Drugs: Cefalotin, Cisplatin, Ciprofloxacin 75mg twice daily, Bretylium 25mg once daily.","['Cefalotin', 'Cisplatin', 'Ciprofloxacin', 'Bretylium']",0,0,none,"patient: 30m. drugs: cefalotin, cisplatin, ciprofloxacin 75mg twice daily, bretylium 25mg once daily.","['patient', '30', 'm.', 'drugs', 'cefalotin', 'cisplatin', 'ciprofloxacin', '75', 'mg', 'twice', 'daily', 'bretylium', '25', 'mg', 'daily']",15
"Patient: 58M. Drugs: Ambenonium 100mg twice daily, Pasireotide 75mg after meals, Nisoldipine 50mg every 8 hours, Isoconazole 75mg before meals.","['Ambenonium', 'Pasireotide', 'Nisoldipine', 'Isoconazole']",1,1,therapeutic efficacy,"patient: 58m. drugs: ambenonium 100mg twice daily, pasireotide 75mg after meals, nisoldipine 50mg every 8 hours, isoconazole 75mg before meals.","['patient', '58', 'm.', 'drugs', 'ambenonium', '100', 'mg', 'twice', 'daily', 'pasireotide', '75', 'mg', 'meals', 'nisoldipine', '50', 'mg', '8', 'hours', 'isoconazole', '75', 'mg', 'meals']",22
"Patient: 40M. Drugs: Sertaconazole, Efonidipine, Zinc sulfate.","['Sertaconazole', 'Efonidipine', 'Zinc sulfate']",1,1,therapeutic efficacy,"patient: 40m. drugs: sertaconazole, efonidipine, zinc sulfate.","['patient', '40', 'm.', 'drugs', 'sertaconazole', 'efonidipine', 'zinc', 'sulfate']",8
"Patient: 45F. Drugs: Furosemide, Oxymorphone 25mg every 8 hours.","['Furosemide', 'Oxymorphone']",1,3,risk or severity of adverse effects,"patient: 45f. drugs: furosemide, oxymorphone 25mg every 8 hours.","['patient', '45f', 'drugs', 'furosemide', 'oxymorphone', '25', 'mg', '8', 'hours']",9
"Patient: 68M. Drugs: Estazolam, Trazodone 25mg as needed, Atracurium besylate, Dihydroergotamine 25mg twice daily.","['Estazolam', 'Trazodone', 'Atracurium besylate', 'Dihydroergotamine']",1,3,risk or severity of adverse effects,"patient: 68m. drugs: estazolam, trazodone 25mg as needed, atracurium besylate, dihydroergotamine 25mg twice daily.","['patient', '68', 'm.', 'drugs', 'estazolam', 'trazodone', '25', 'mg', 'needed', 'atracurium', 'besylate', 'dihydroergotamine', '25', 'mg', 'twice', 'daily']",16
"Patient: 62M. Drugs: Calcitriol, Betamethasone 500mg as needed, Buclizine.","['Calcitriol', 'Betamethasone', 'Buclizine']",1,1,therapeutic efficacy,"patient: 62m. drugs: calcitriol, betamethasone 500mg as needed, buclizine.","['patient', '62', 'm.', 'drugs', 'calcitriol', 'betamethasone', '500', 'mg', 'needed', 'buclizine']",10
"Patient: 35F. Drugs: Fluoxetine 25mg every 6 hours, Clodronic Acid, Varenicline 75mg every 8 hours.","['Fluoxetine', 'Clodronic Acid', 'Varenicline']",1,1,antiplatelet activities,"patient: 35f. drugs: fluoxetine 25mg every 6 hours, clodronic acid, varenicline 75mg every 8 hours.","['patient', '35f', 'drugs', 'fluoxetine', '25', 'mg', '6', 'hours', 'clodronic', 'acid', 'varenicline', '75', 'mg', '8', 'hours']",15
"Patient: 55F. Drugs: Benzatropine 50mg three times daily, Benzylpenicilloyl Polylysine.","['Benzatropine', 'Benzylpenicilloyl Polylysine']",1,1,diagnostic agent,"patient: 55f. drugs: benzatropine 50mg three times daily, benzylpenicilloyl polylysine.","['patient', '55f', 'drugs', 'benzatropine', '50', 'mg', 'times', 'daily', 'benzylpenicilloyl', 'polylysine']",10
"Patient: 33M. Drugs: Gatifloxacin 500mg as needed, Fluticasone furoate.","['Gatifloxacin', 'Fluticasone furoate']",1,3,risk or severity of adverse effects,"patient: 33m. drugs: gatifloxacin 500mg as needed, fluticasone furoate.","['patient', '33', 'm.', 'drugs', 'gatifloxacin', '500', 'mg', 'needed', 'fluticasone', 'furoate']",10
"Patient: 48F. Drugs: Ioxilan, Ethyl chloride 25mg twice daily, Diethylpropion, Valrubicin 25mg twice daily.","['Ioxilan', 'Ethyl chloride', 'Diethylpropion', 'Valrubicin']",0,0,none,"patient: 48f. drugs: ioxilan, ethyl chloride 25mg twice daily, diethylpropion, valrubicin 25mg twice daily.","['patient', '48f', 'drugs', 'ioxilan', 'ethyl', 'chloride', '25', 'mg', 'twice', 'daily', 'diethylpropion', 'valrubicin', '25', 'mg', 'twice', 'daily']",16
"Patient: 60F. Drugs: Tretinoin 25mg three times daily, Fosphenytoin, Brigatinib.","['Tretinoin', 'Fosphenytoin', 'Brigatinib']",1,2,metabolism,"patient: 60f. drugs: tretinoin 25mg three times daily, fosphenytoin, brigatinib.","['patient', '60f', 'drugs', 'tretinoin', '25', 'mg', 'times', 'daily', 'fosphenytoin', 'brigatinib']",10
"Patient: 48F. Drugs: Ergonovine 200mg every 8 hours, Pirlindole 100mg every 12 hours, Sapropterin.","['Ergonovine', 'Pirlindole', 'Sapropterin']",1,2,hypertensive activities,"patient: 48f. drugs: ergonovine 200mg every 8 hours, pirlindole 100mg every 12 hours, sapropterin.","['patient', '48f', 'drugs', 'ergonovine', '200', 'mg', '8', 'hours', 'pirlindole', '100', 'mg', '12', 'hours', 'sapropterin']",14
"Patient: 52M. Drugs: Sotalol 50mg every 12 hours, Levosimendan, Protokylol.","['Sotalol', 'Levosimendan', 'Protokylol']",1,3,risk or severity of adverse effects,"patient: 52m. drugs: sotalol 50mg every 12 hours, levosimendan, protokylol.","['patient', '52', 'm.', 'drugs', 'sotalol', '50', 'mg', '12', 'hours', 'levosimendan', 'protokylol']",11
"Patient: 55F. Drugs: Metolazone 50mg as needed, Fenbufen 100mg once daily.","['Metolazone', 'Fenbufen']",1,1,therapeutic efficacy,"patient: 55f. drugs: metolazone 50mg as needed, fenbufen 100mg once daily.","['patient', '55f', 'drugs', 'metolazone', '50', 'mg', 'needed', 'fenbufen', '100', 'mg', 'daily']",11
"Patient: 75M. Drugs: Haloperidol, Rifaximin, Vinorelbine 500mg three times daily.","['Haloperidol', 'Rifaximin', 'Vinorelbine']",1,2,serum concentration,"patient: 75m. drugs: haloperidol, rifaximin, vinorelbine 500mg three times daily.","['patient', '75', 'm.', 'drugs', 'haloperidol', 'rifaximin', 'vinorelbine', '500', 'mg', 'times', 'daily']",11
"Patient: 62M. Drugs: Celecoxib, Bromocriptine 50mg three times daily, Telithromycin 100mg before meals, Raltitrexed.","['Celecoxib', 'Bromocriptine', 'Telithromycin', 'Raltitrexed']",1,3,risk or severity of adverse effects,"patient: 62m. drugs: celecoxib, bromocriptine 50mg three times daily, telithromycin 100mg before meals, raltitrexed.","['patient', '62', 'm.', 'drugs', 'celecoxib', 'bromocriptine', '50', 'mg', 'times', 'daily', 'telithromycin', '100', 'mg', 'meals', 'raltitrexed']",15
"Patient: 45F. Drugs: Ticagrelor 200mg as needed, Methyl salicylate 25mg three times daily, Adenine 500mg every 12 hours.","['Ticagrelor', 'Methyl salicylate', 'Adenine']",1,3,risk or severity of adverse effects,"patient: 45f. drugs: ticagrelor 200mg as needed, methyl salicylate 25mg three times daily, adenine 500mg every 12 hours.","['patient', '45f', 'drugs', 'ticagrelor', '200', 'mg', 'needed', 'methyl', 'salicylate', '25', 'mg', 'times', 'daily', 'adenine', '500', 'mg', '12', 'hours']",18
"Patient: 35F. Drugs: Meprobamate 25mg every 8 hours, Disopyramide.","['Meprobamate', 'Disopyramide']",0,0,none,"patient: 35f. drugs: meprobamate 25mg every 8 hours, disopyramide.","['patient', '35f', 'drugs', 'meprobamate', '25', 'mg', '8', 'hours', 'disopyramide']",9
"Patient: 68M. Drugs: Gluconic Acid, Miconazole 200mg once daily, Pentoxyverine, Imipramine 50mg every 12 hours.","['Gluconic Acid', 'Miconazole', 'Pentoxyverine', 'Imipramine']",0,0,none,"patient: 68m. drugs: gluconic acid, miconazole 200mg once daily, pentoxyverine, imipramine 50mg every 12 hours.","['patient', '68', 'm.', 'drugs', 'gluconic', 'acid', 'miconazole', '200', 'mg', 'daily', 'pentoxyverine', 'imipramine', '50', 'mg', '12', 'hours']",16
"Patient: 55F. Drugs: Meclofenamic acid 50mg every 8 hours, Niflumic Acid 75mg every 12 hours.","['Meclofenamic acid', 'Niflumic Acid']",1,3,risk or severity of adverse effects,"patient: 55f. drugs: meclofenamic acid 50mg every 8 hours, niflumic acid 75mg every 12 hours.","['patient', '55f', 'drugs', 'meclofenamic', 'acid', '50', 'mg', '8', 'hours', 'niflumic', 'acid', '75', 'mg', '12', 'hours']",15
"Patient: 45F. Drugs: Bupivacaine, Loxapine 500mg three times daily.","['Bupivacaine', 'Loxapine']",1,3,risk or severity of adverse effects,"patient: 45f. drugs: bupivacaine, loxapine 500mg three times daily.","['patient', '45f', 'drugs', 'bupivacaine', 'loxapine', '500', 'mg', 'times', 'daily']",9
"Patient: 30M. Drugs: Phenylephrine 75mg before meals, Doxepin, Lurasidone.","['Phenylephrine', 'Doxepin', 'Lurasidone']",1,2,vasopressor activities,"patient: 30m. drugs: phenylephrine 75mg before meals, doxepin, lurasidone.","['patient', '30', 'm.', 'drugs', 'phenylephrine', '75', 'mg', 'meals', 'doxepin', 'lurasidone']",10
"Patient: 45F. Drugs: Edoxaban, Lisuride 25mg twice daily, Clozapine 200mg every 12 hours.","['Edoxaban', 'Lisuride', 'Clozapine']",1,3,risk or severity of adverse effects,"patient: 45f. drugs: edoxaban, lisuride 25mg twice daily, clozapine 200mg every 12 hours.","['patient', '45f', 'drugs', 'edoxaban', 'lisuride', '25', 'mg', 'twice', 'daily', 'clozapine', '200', 'mg', '12', 'hours']",14
"Patient: 52M. Drugs: Rifabutin, Eliglustat.","['Rifabutin', 'Eliglustat']",1,2,serum concentration,"patient: 52m. drugs: rifabutin, eliglustat.","['patient', '52', 'm.', 'drugs', 'rifabutin', 'eliglustat']",6
"Patient: 33M. Drugs: Aprepitant 500mg three times daily, Midostaurin, Iloperidone.","['Aprepitant', 'Midostaurin', 'Iloperidone']",1,2,serum concentration,"patient: 33m. drugs: aprepitant 500mg three times daily, midostaurin, iloperidone.","['patient', '33', 'm.', 'drugs', 'aprepitant', '500', 'mg', 'times', 'daily', 'midostaurin', 'iloperidone']",11
"Patient: 52M. Drugs: Olsalazine 75mg as needed, Aceclofenac 50mg once daily, Sucralfate.","['Olsalazine', 'Aceclofenac', 'Sucralfate']",1,3,risk or severity of adverse effects,"patient: 52m. drugs: olsalazine 75mg as needed, aceclofenac 50mg once daily, sucralfate.","['patient', '52', 'm.', 'drugs', 'olsalazine', '75', 'mg', 'needed', 'aceclofenac', '50', 'mg', 'daily', 'sucralfate']",13
"Patient: 33M. Drugs: Citalopram, Tiagabine 200mg three times daily.","['Citalopram', 'Tiagabine']",1,3,risk or severity of adverse effects,"patient: 33m. drugs: citalopram, tiagabine 200mg three times daily.","['patient', '33', 'm.', 'drugs', 'citalopram', 'tiagabine', '200', 'mg', 'times', 'daily']",10
"Patient: 70F. Drugs: Secobarbital 100mg every 8 hours, Medroxyprogesterone acetate 100mg before meals.","['Secobarbital', 'Medroxyprogesterone acetate']",1,1,therapeutic efficacy,"patient: 70f. drugs: secobarbital 100mg every 8 hours, medroxyprogesterone acetate 100mg before meals.","['patient', '70f', 'drugs', 'secobarbital', '100', 'mg', '8', 'hours', 'medroxyprogesterone', 'acetate', '100', 'mg', 'meals']",13
"Patient: 33M. Drugs: Loxapine, Diazepam, Levorphanol 500mg as needed.","['Loxapine', 'Diazepam', 'Levorphanol']",1,3,risk or severity of adverse effects,"patient: 33m. drugs: loxapine, diazepam, levorphanol 500mg as needed.","['patient', '33', 'm.', 'drugs', 'loxapine', 'diazepam', 'levorphanol', '500', 'mg', 'needed']",10
"Patient: 35F. Drugs: Buspirone 500mg every 8 hours, Buprenorphine 25mg every 12 hours.","['Buspirone', 'Buprenorphine']",1,2,central nervous system depressant (CNS depressant) activities,"patient: 35f. drugs: buspirone 500mg every 8 hours, buprenorphine 25mg every 12 hours.","['patient', '35f', 'drugs', 'buspirone', '500', 'mg', '8', 'hours', 'buprenorphine', '25', 'mg', '12', 'hours']",13
"Patient: 55F. Drugs: Carprofen 100mg once daily, Deferasirox 100mg every 12 hours.","['Carprofen', 'Deferasirox']",1,3,risk or severity of adverse effects,"patient: 55f. drugs: carprofen 100mg once daily, deferasirox 100mg every 12 hours.","['patient', '55f', 'drugs', 'carprofen', '100', 'mg', 'daily', 'deferasirox', '100', 'mg', '12', 'hours']",12
"Patient: 28F. Drugs: Nordazepam, Pindolol, Ketoconazole, Valrubicin.","['Nordazepam', 'Pindolol', 'Ketoconazole', 'Valrubicin']",1,2,metabolism,"patient: 28f. drugs: nordazepam, pindolol, ketoconazole, valrubicin.","['patient', '28f', 'drugs', 'nordazepam', 'pindolol', 'ketoconazole', 'valrubicin']",7
"Patient: 30M. Drugs: Flucytosine 25mg before meals, Lisdexamfetamine, Promethazine.","['Flucytosine', 'Lisdexamfetamine', 'Promethazine']",1,2,sedative activities,"patient: 30m. drugs: flucytosine 25mg before meals, lisdexamfetamine, promethazine.","['patient', '30', 'm.', 'drugs', 'flucytosine', '25', 'mg', 'meals', 'lisdexamfetamine', 'promethazine']",10
"Patient: 55F. Drugs: Betamethasone 200mg before meals, Benperidol 500mg once daily.","['Betamethasone', 'Benperidol']",0,0,none,"patient: 55f. drugs: betamethasone 200mg before meals, benperidol 500mg once daily.","['patient', '55f', 'drugs', 'betamethasone', '200', 'mg', 'meals', 'benperidol', '500', 'mg', 'daily']",11
"Patient: 68M. Drugs: Dihydrocodeine 50mg every 12 hours, Cortisone acetate 100mg every 8 hours.","['Dihydrocodeine', 'Cortisone acetate']",0,0,none,"patient: 68m. drugs: dihydrocodeine 50mg every 12 hours, cortisone acetate 100mg every 8 hours.","['patient', '68', 'm.', 'drugs', 'dihydrocodeine', '50', 'mg', '12', 'hours', 'cortisone', 'acetate', '100', 'mg', '8', 'hours']",15
"Patient: 28F. Drugs: Dorzolamide 50mg once daily, Palmitic Acid 500mg as needed, Mirabegron.","['Dorzolamide', 'Palmitic Acid', 'Mirabegron']",0,0,none,"patient: 28f. drugs: dorzolamide 50mg once daily, palmitic acid 500mg as needed, mirabegron.","['patient', '28f', 'drugs', 'dorzolamide', '50', 'mg', 'daily', 'palmitic', 'acid', '500', 'mg', 'needed', 'mirabegron']",13
"Patient: 28F. Drugs: Pentazocine 200mg three times daily, Molindone, Pramipexole.","['Pentazocine', 'Molindone', 'Pramipexole']",1,3,risk or severity of adverse effects,"patient: 28f. drugs: pentazocine 200mg three times daily, molindone, pramipexole.","['patient', '28f', 'drugs', 'pentazocine', '200', 'mg', 'times', 'daily', 'molindone', 'pramipexole']",10
"Patient: 52M. Drugs: Bepridil 500mg twice daily, Acemetacin 25mg once daily, Hydrocortamate 75mg as needed.","['Bepridil', 'Acemetacin', 'Hydrocortamate']",1,1,therapeutic efficacy,"patient: 52m. drugs: bepridil 500mg twice daily, acemetacin 25mg once daily, hydrocortamate 75mg as needed.","['patient', '52', 'm.', 'drugs', 'bepridil', '500', 'mg', 'twice', 'daily', 'acemetacin', '25', 'mg', 'daily', 'hydrocortamate', '75', 'mg', 'needed']",17
"Patient: 58M. Drugs: Oxazepam 500mg as needed, Nitrous oxide 75mg as needed, Orphenadrine.","['Oxazepam', 'Nitrous oxide', 'Orphenadrine']",1,3,risk or severity of adverse effects,"patient: 58m. drugs: oxazepam 500mg as needed, nitrous oxide 75mg as needed, orphenadrine.","['patient', '58', 'm.', 'drugs', 'oxazepam', '500', 'mg', 'needed', 'nitrous', 'oxide', '75', 'mg', 'needed', 'orphenadrine']",14
"Patient: 55F. Drugs: Quazepam 200mg three times daily, Venlafaxine 100mg before meals, Valaciclovir 75mg once daily.","['Quazepam', 'Venlafaxine', 'Valaciclovir']",1,2,metabolism,"patient: 55f. drugs: quazepam 200mg three times daily, venlafaxine 100mg before meals, valaciclovir 75mg once daily.","['patient', '55f', 'drugs', 'quazepam', '200', 'mg', 'times', 'daily', 'venlafaxine', '100', 'mg', 'meals', 'valaciclovir', '75', 'mg', 'daily']",16
"Patient: 33M. Drugs: Pipotiazine 500mg twice daily, Teriflunomide 100mg before meals, Ambroxol 50mg once daily.","['Pipotiazine', 'Teriflunomide', 'Ambroxol']",1,2,serum concentration,"patient: 33m. drugs: pipotiazine 500mg twice daily, teriflunomide 100mg before meals, ambroxol 50mg once daily.","['patient', '33', 'm.', 'drugs', 'pipotiazine', '500', 'mg', 'twice', 'daily', 'teriflunomide', '100', 'mg', 'meals', 'ambroxol', '50', 'mg', 'daily']",17
"Patient: 70F. Drugs: Latamoxef 200mg after meals, Isocarboxazid 25mg every 8 hours, Almotriptan, Valproic Acid 200mg once daily.","['Latamoxef', 'Isocarboxazid', 'Almotriptan', 'Valproic Acid']",1,2,serum concentration,"patient: 70f. drugs: latamoxef 200mg after meals, isocarboxazid 25mg every 8 hours, almotriptan, valproic acid 200mg once daily.","['patient', '70f', 'drugs', 'latamoxef', '200', 'mg', 'meals', 'isocarboxazid', '25', 'mg', '8', 'hours', 'almotriptan', 'valproic', 'acid', '200', 'mg', 'daily']",18
"Patient: 60F. Drugs: Acetaminophen 200mg before meals, Panobinostat.","['Acetaminophen', 'Panobinostat']",1,2,serum concentration,"patient: 60f. drugs: acetaminophen 200mg before meals, panobinostat.","['patient', '60f', 'drugs', 'acetaminophen', '200', 'mg', 'meals', 'panobinostat']",8
"Patient: 30M. Drugs: Fenoprofen 200mg before meals, Epirizole, Ritodrine 100mg after meals.","['Fenoprofen', 'Epirizole', 'Ritodrine']",1,3,risk or severity of adverse effects,"patient: 30m. drugs: fenoprofen 200mg before meals, epirizole, ritodrine 100mg after meals.","['patient', '30', 'm.', 'drugs', 'fenoprofen', '200', 'mg', 'meals', 'epirizole', 'ritodrine', '100', 'mg', 'meals']",13
"Patient: 75M. Drugs: Clodronic Acid 50mg every 8 hours, Magnesium sulfate.","['Clodronic Acid', 'Magnesium sulfate']",1,2,serum concentration,"patient: 75m. drugs: clodronic acid 50mg every 8 hours, magnesium sulfate.","['patient', '75', 'm.', 'drugs', 'clodronic', 'acid', '50', 'mg', '8', 'hours', 'magnesium', 'sulfate']",12
"Patient: 62M. Drugs: Dyclonine 75mg every 8 hours, Felbamate 50mg as needed.","['Dyclonine', 'Felbamate']",1,3,risk or severity of adverse effects,"patient: 62m. drugs: dyclonine 75mg every 8 hours, felbamate 50mg as needed.","['patient', '62', 'm.', 'drugs', 'dyclonine', '75', 'mg', '8', 'hours', 'felbamate', '50', 'mg', 'needed']",13
"Patient: 33M. Drugs: Atazanavir 50mg every 8 hours, Gliclazide 50mg as needed, Alitretinoin.","['Atazanavir', 'Gliclazide', 'Alitretinoin']",1,1,therapeutic efficacy,"patient: 33m. drugs: atazanavir 50mg every 8 hours, gliclazide 50mg as needed, alitretinoin.","['patient', '33', 'm.', 'drugs', 'atazanavir', '50', 'mg', '8', 'hours', 'gliclazide', '50', 'mg', 'needed', 'alitretinoin']",14
"Patient: 52M. Drugs: Gallamine Triethiodide, Tapentadol 200mg as needed.","['Gallamine Triethiodide', 'Tapentadol']",1,3,risk or severity of adverse effects,"patient: 52m. drugs: gallamine triethiodide, tapentadol 200mg as needed.","['patient', '52', 'm.', 'drugs', 'gallamine', 'triethiodide', 'tapentadol', '200', 'mg', 'needed']",10
"Patient: 58M. Drugs: Travoprost 75mg once daily, Carbenicillin 25mg twice daily.","['Travoprost', 'Carbenicillin']",0,0,none,"patient: 58m. drugs: travoprost 75mg once daily, carbenicillin 25mg twice daily.","['patient', '58', 'm.', 'drugs', 'travoprost', '75', 'mg', 'daily', 'carbenicillin', '25', 'mg', 'twice', 'daily']",13
"Patient: 70F. Drugs: Hydroflumethiazide 50mg once daily, Linagliptin 100mg once daily.","['Hydroflumethiazide', 'Linagliptin']",1,1,therapeutic efficacy,"patient: 70f. drugs: hydroflumethiazide 50mg once daily, linagliptin 100mg once daily.","['patient', '70f', 'drugs', 'hydroflumethiazide', '50', 'mg', 'daily', 'linagliptin', '100', 'mg', 'daily']",11
"Patient: 30M. Drugs: Nevirapine 75mg once daily, Atomoxetine.","['Nevirapine', 'Atomoxetine']",1,2,metabolism,"patient: 30m. drugs: nevirapine 75mg once daily, atomoxetine.","['patient', '30', 'm.', 'drugs', 'nevirapine', '75', 'mg', 'daily', 'atomoxetine']",9
"Patient: 40M. Drugs: Valproic Acid 200mg as needed, Zotepine 500mg every 12 hours, Dinoprostone 50mg after meals.","['Valproic Acid', 'Zotepine', 'Dinoprostone']",1,3,risk or severity of adverse effects,"patient: 40m. drugs: valproic acid 200mg as needed, zotepine 500mg every 12 hours, dinoprostone 50mg after meals.","['patient', '40', 'm.', 'drugs', 'valproic', 'acid', '200', 'mg', 'needed', 'zotepine', '500', 'mg', '12', 'hours', 'dinoprostone', '50', 'mg', 'meals']",18
"Patient: 52M. Drugs: Trospium 75mg as needed, Hydrocodone.","['Trospium', 'Hydrocodone']",1,3,risk or severity of adverse effects,"patient: 52m. drugs: trospium 75mg as needed, hydrocodone.","['patient', '52', 'm.', 'drugs', 'trospium', '75', 'mg', 'needed', 'hydrocodone']",9
"Patient: 75M. Drugs: Framycetin 75mg as needed, Benzydamine 500mg before meals.","['Framycetin', 'Benzydamine']",1,2,excretion rate of higher serum level,"patient: 75m. drugs: framycetin 75mg as needed, benzydamine 500mg before meals.","['patient', '75', 'm.', 'drugs', 'framycetin', '75', 'mg', 'needed', 'benzydamine', '500', 'mg', 'meals']",12
"Patient: 48F. Drugs: Cannabidiol, Pitolisant 50mg every 6 hours, Paraldehyde 500mg twice daily.","['Cannabidiol', 'Pitolisant', 'Paraldehyde']",1,2,serum concentration,"patient: 48f. drugs: cannabidiol, pitolisant 50mg every 6 hours, paraldehyde 500mg twice daily.","['patient', '48f', 'drugs', 'cannabidiol', 'pitolisant', '50', 'mg', '6', 'hours', 'paraldehyde', '500', 'mg', 'twice', 'daily']",14
"Patient: 55F. Drugs: Resveratrol 75mg every 8 hours, Capsaicin 200mg as needed.","['Resveratrol', 'Capsaicin']",1,3,risk or severity of adverse effects,"patient: 55f. drugs: resveratrol 75mg every 8 hours, capsaicin 200mg as needed.","['patient', '55f', 'drugs', 'resveratrol', '75', 'mg', '8', 'hours', 'capsaicin', '200', 'mg', 'needed']",12
"Patient: 55F. Drugs: Benzatropine 50mg three times daily, Benzylpenicilloyl Polylysine.","['Benzatropine', 'Benzylpenicilloyl Polylysine']",1,1,diagnostic agent,"patient: 55f. drugs: benzatropine 50mg three times daily, benzylpenicilloyl polylysine.","['patient', '55f', 'drugs', 'benzatropine', '50', 'mg', 'times', 'daily', 'benzylpenicilloyl', 'polylysine']",10
"Patient: 25F. Drugs: Duloxetine 75mg every 12 hours, Bromfenac 500mg before meals, Rosiglitazone.","['Duloxetine', 'Bromfenac', 'Rosiglitazone']",1,1,antiplatelet activities,"patient: 25f. drugs: duloxetine 75mg every 12 hours, bromfenac 500mg before meals, rosiglitazone.","['patient', '25f', 'drugs', 'duloxetine', '75', 'mg', '12', 'hours', 'bromfenac', '500', 'mg', 'meals', 'rosiglitazone']",13
"Patient: 58M. Drugs: Mersalyl 500mg as needed, Moricizine 75mg before meals.","['Mersalyl', 'Moricizine']",0,0,none,"patient: 58m. drugs: mersalyl 500mg as needed, moricizine 75mg before meals.","['patient', '58', 'm.', 'drugs', 'mersalyl', '500', 'mg', 'needed', 'moricizine', '75', 'mg', 'meals']",12
"Patient: 55F. Drugs: Zuclopenthixol, Desvenlafaxine 25mg once daily, Valrubicin.","['Zuclopenthixol', 'Desvenlafaxine', 'Valrubicin']",1,3,risk or severity of adverse effects,"patient: 55f. drugs: zuclopenthixol, desvenlafaxine 25mg once daily, valrubicin.","['patient', '55f', 'drugs', 'zuclopenthixol', 'desvenlafaxine', '25', 'mg', 'daily', 'valrubicin']",9
"Patient: 75M. Drugs: Dicoumarol 100mg every 8 hours, Josamycin.","['Dicoumarol', 'Josamycin']",1,2,serum concentration,"patient: 75m. drugs: dicoumarol 100mg every 8 hours, josamycin.","['patient', '75', 'm.', 'drugs', 'dicoumarol', '100', 'mg', '8', 'hours', 'josamycin']",10
"Patient: 25F. Drugs: Dihydroergotamine 50mg three times daily, Deflazacort 100mg as needed.","['Dihydroergotamine', 'Deflazacort']",1,2,metabolism,"patient: 25f. drugs: dihydroergotamine 50mg three times daily, deflazacort 100mg as needed.","['patient', '25f', 'drugs', 'dihydroergotamine', '50', 'mg', 'times', 'daily', 'deflazacort', '100', 'mg', 'needed']",12
"Patient: 68M. Drugs: Celecoxib 25mg twice daily, Cabazitaxel 25mg before meals.","['Celecoxib', 'Cabazitaxel']",1,3,risk or severity of adverse effects,"patient: 68m. drugs: celecoxib 25mg twice daily, cabazitaxel 25mg before meals.","['patient', '68', 'm.', 'drugs', 'celecoxib', '25', 'mg', 'twice', 'daily', 'cabazitaxel', '25', 'mg', 'meals']",13
"Patient: 70F. Drugs: Mefloquine 75mg as needed, Methylscopolamine bromide 50mg every 12 hours.","['Mefloquine', 'Methylscopolamine bromide']",1,1,therapeutic efficacy,"patient: 70f. drugs: mefloquine 75mg as needed, methylscopolamine bromide 50mg every 12 hours.","['patient', '70f', 'drugs', 'mefloquine', '75', 'mg', 'needed', 'methylscopolamine', 'bromide', '50', 'mg', '12', 'hours']",13
"Patient: 58M. Drugs: Tasosartan 200mg after meals, Butethal 25mg three times daily, Aliskiren, Paromomycin.","['Tasosartan', 'Butethal', 'Aliskiren', 'Paromomycin']",1,2,hyperkalemic activities,"patient: 58m. drugs: tasosartan 200mg after meals, butethal 25mg three times daily, aliskiren, paromomycin.","['patient', '58', 'm.', 'drugs', 'tasosartan', '200', 'mg', 'meals', 'butethal', '25', 'mg', 'times', 'daily', 'aliskiren', 'paromomycin']",15
"Patient: 75M. Drugs: Penbutolol 25mg after meals, Procaterol 25mg before meals, Procaine 500mg before meals.","['Penbutolol', 'Procaterol', 'Procaine']",1,1,bronchodilatory activities,"patient: 75m. drugs: penbutolol 25mg after meals, procaterol 25mg before meals, procaine 500mg before meals.","['patient', '75', 'm.', 'drugs', 'penbutolol', '25', 'mg', 'meals', 'procaterol', '25', 'mg', 'meals', 'procaine', '500', 'mg', 'meals']",16
"Patient: 30M. Drugs: Ezetimibe 25mg every 6 hours, Icotinib, Fluticasone propionate 100mg every 8 hours, Imipramine 25mg after meals.","['Ezetimibe', 'Icotinib', 'Fluticasone propionate', 'Imipramine']",1,3,risk or severity of adverse effects,"patient: 30m. drugs: ezetimibe 25mg every 6 hours, icotinib, fluticasone propionate 100mg every 8 hours, imipramine 25mg after meals.","['patient', '30', 'm.', 'drugs', 'ezetimibe', '25', 'mg', '6', 'hours', 'icotinib', 'fluticasone', 'propionate', '100', 'mg', '8', 'hours', 'imipramine', '25', 'mg', 'meals']",20
"Patient: 25F. Drugs: Clobazam, Fosamprenavir 500mg three times daily, Mirabegron.","['Clobazam', 'Fosamprenavir', 'Mirabegron']",1,2,metabolism,"patient: 25f. drugs: clobazam, fosamprenavir 500mg three times daily, mirabegron.","['patient', '25f', 'drugs', 'clobazam', 'fosamprenavir', '500', 'mg', 'times', 'daily', 'mirabegron']",10
"Patient: 48F. Drugs: Leflunomide 100mg every 8 hours, Butenafine 25mg as needed, Quinethazone.","['Leflunomide', 'Butenafine', 'Quinethazone']",1,1,therapeutic efficacy,"patient: 48f. drugs: leflunomide 100mg every 8 hours, butenafine 25mg as needed, quinethazone.","['patient', '48f', 'drugs', 'leflunomide', '100', 'mg', '8', 'hours', 'butenafine', '25', 'mg', 'needed', 'quinethazone']",13
"Patient: 55F. Drugs: Ubidecarenone, Acyclovir, Zuclopenthixol 200mg every 8 hours.","['Ubidecarenone', 'Acyclovir', 'Zuclopenthixol']",0,0,none,"patient: 55f. drugs: ubidecarenone, acyclovir, zuclopenthixol 200mg every 8 hours.","['patient', '55f', 'drugs', 'ubidecarenone', 'acyclovir', 'zuclopenthixol', '200', 'mg', '8', 'hours']",10
"Patient: 62M. Drugs: Choline magnesium trisalicylate 25mg twice daily, Edoxaban, Felodipine 75mg every 8 hours.","['Choline magnesium trisalicylate', 'Edoxaban', 'Felodipine']",1,2,anticoagulant activities,"patient: 62m. drugs: choline magnesium trisalicylate 25mg twice daily, edoxaban, felodipine 75mg every 8 hours.","['patient', '62', 'm.', 'drugs', 'choline', 'magnesium', 'trisalicylate', '25', 'mg', 'twice', 'daily', 'edoxaban', 'felodipine', '75', 'mg', '8', 'hours']",17
"Patient: 60F. Drugs: Fluoxetine 100mg every 12 hours, Terbutaline 200mg before meals, Lipoic Acid 200mg every 6 hours.","['Fluoxetine', 'Terbutaline', 'Lipoic Acid']",1,2,QTc-prolonging activities,"patient: 60f. drugs: fluoxetine 100mg every 12 hours, terbutaline 200mg before meals, lipoic acid 200mg every 6 hours.","['patient', '60f', 'drugs', 'fluoxetine', '100', 'mg', '12', 'hours', 'terbutaline', '200', 'mg', 'meals', 'lipoic', 'acid', '200', 'mg', '6', 'hours']",18
"Patient: 45F. Drugs: Pantoprazole 75mg after meals, Cefalotin, Nizatidine 500mg every 12 hours.","['Pantoprazole', 'Cefalotin', 'Nizatidine']",0,0,none,"patient: 45f. drugs: pantoprazole 75mg after meals, cefalotin, nizatidine 500mg every 12 hours.","['patient', '45f', 'drugs', 'pantoprazole', '75', 'mg', 'meals', 'cefalotin', 'nizatidine', '500', 'mg', '12', 'hours']",13
"Patient: 70F. Drugs: Micafungin 200mg once daily, Efonidipine.","['Micafungin', 'Efonidipine']",1,1,therapeutic efficacy,"patient: 70f. drugs: micafungin 200mg once daily, efonidipine.","['patient', '70f', 'drugs', 'micafungin', '200', 'mg', 'daily', 'efonidipine']",8
"Patient: 25F. Drugs: Lomefloxacin, Aloglutamol.","['Lomefloxacin', 'Aloglutamol']",1,1,absorption,"patient: 25f. drugs: lomefloxacin, aloglutamol.","['patient', '25f', 'drugs', 'lomefloxacin', 'aloglutamol']",5
"Patient: 52M. Drugs: Pirfenidone 25mg every 6 hours, Unoprostone 75mg every 6 hours, Iron 100mg twice daily.","['Pirfenidone', 'Unoprostone', 'Iron']",1,1,therapeutic efficacy,"patient: 52m. drugs: pirfenidone 25mg every 6 hours, unoprostone 75mg every 6 hours, iron 100mg twice daily.","['patient', '52', 'm.', 'drugs', 'pirfenidone', '25', 'mg', '6', 'hours', 'unoprostone', '75', 'mg', '6', 'hours', 'iron', '100', 'mg', 'twice', 'daily']",19
"Patient: 33M. Drugs: Pioglitazone 75mg as needed, Flecainide 50mg every 12 hours.","['Pioglitazone', 'Flecainide']",0,0,none,"patient: 33m. drugs: pioglitazone 75mg as needed, flecainide 50mg every 12 hours.","['patient', '33', 'm.', 'drugs', 'pioglitazone', '75', 'mg', 'needed', 'flecainide', '50', 'mg', '12', 'hours']",13
"Patient: 58M. Drugs: Diflunisal 25mg after meals, Dinoprost 500mg before meals.","['Diflunisal', 'Dinoprost']",1,1,therapeutic efficacy,"patient: 58m. drugs: diflunisal 25mg after meals, dinoprost 500mg before meals.","['patient', '58', 'm.', 'drugs', 'diflunisal', '25', 'mg', 'meals', 'dinoprost', '500', 'mg', 'meals']",12
"Patient: 40M. Drugs: Besifloxacin 200mg once daily, Testosterone enanthate 50mg every 12 hours, Levobunolol 500mg before meals.","['Besifloxacin', 'Testosterone enanthate', 'Levobunolol']",0,0,none,"patient: 40m. drugs: besifloxacin 200mg once daily, testosterone enanthate 50mg every 12 hours, levobunolol 500mg before meals.","['patient', '40', 'm.', 'drugs', 'besifloxacin', '200', 'mg', 'daily', 'testosterone', 'enanthate', '50', 'mg', '12', 'hours', 'levobunolol', '500', 'mg', 'meals']",18
"Patient: 35F. Drugs: Sodium oxybate 25mg once daily, Beclomethasone dipropionate, Ergonovine 25mg twice daily, Mesalazine 75mg every 8 hours.","['Sodium oxybate', 'Beclomethasone dipropionate', 'Ergonovine', 'Mesalazine']",1,3,risk or severity of adverse effects,"patient: 35f. drugs: sodium oxybate 25mg once daily, beclomethasone dipropionate, ergonovine 25mg twice daily, mesalazine 75mg every 8 hours.","['patient', '35f', 'drugs', 'sodium', 'oxybate', '25', 'mg', 'daily', 'beclomethasone', 'dipropionate', 'ergonovine', '25', 'mg', 'twice', 'daily', 'mesalazine', '75', 'mg', '8', 'hours']",20
"Patient: 25F. Drugs: Hydroflumethiazide, Perflubutane 75mg as needed, Arbutamine 50mg three times daily.","['Hydroflumethiazide', 'Perflubutane', 'Arbutamine']",1,2,hypokalemic activities,"patient: 25f. drugs: hydroflumethiazide, perflubutane 75mg as needed, arbutamine 50mg three times daily.","['patient', '25f', 'drugs', 'hydroflumethiazide', 'perflubutane', '75', 'mg', 'needed', 'arbutamine', '50', 'mg', 'times', 'daily']",13
"Patient: 55F. Drugs: Benzatropine 50mg three times daily, Benzylpenicilloyl Polylysine.","['Benzatropine', 'Benzylpenicilloyl Polylysine']",1,1,diagnostic agent,"patient: 55f. drugs: benzatropine 50mg three times daily, benzylpenicilloyl polylysine.","['patient', '55f', 'drugs', 'benzatropine', '50', 'mg', 'times', 'daily', 'benzylpenicilloyl', 'polylysine']",10
"Patient: 28F. Drugs: Ergocalciferol, Isotretinoin.","['Ergocalciferol', 'Isotretinoin']",0,0,none,"patient: 28f. drugs: ergocalciferol, isotretinoin.","['patient', '28f', 'drugs', 'ergocalciferol', 'isotretinoin']",5
"Patient: 48F. Drugs: Lidocaine 75mg as needed, Flutamide.","['Lidocaine', 'Flutamide']",1,2,metabolism,"patient: 48f. drugs: lidocaine 75mg as needed, flutamide.","['patient', '48f', 'drugs', 'lidocaine', '75', 'mg', 'needed', 'flutamide']",8
"Patient: 58M. Drugs: Zonisamide 500mg three times daily, Tianeptine.","['Zonisamide', 'Tianeptine']",0,0,none,"patient: 58m. drugs: zonisamide 500mg three times daily, tianeptine.","['patient', '58', 'm.', 'drugs', 'zonisamide', '500', 'mg', 'times', 'daily', 'tianeptine']",10
"Patient: 52M. Drugs: Flecainide 75mg every 12 hours, Primidone 100mg every 12 hours, Clonidine 500mg once daily, Sulfacetamide 200mg every 12 hours.","['Flecainide', 'Primidone', 'Clonidine', 'Sulfacetamide']",1,2,metabolism,"patient: 52m. drugs: flecainide 75mg every 12 hours, primidone 100mg every 12 hours, clonidine 500mg once daily, sulfacetamide 200mg every 12 hours.","['patient', '52', 'm.', 'drugs', 'flecainide', '75', 'mg', '12', 'hours', 'primidone', '100', 'mg', '12', 'hours', 'clonidine', '500', 'mg', 'daily', 'sulfacetamide', '200', 'mg', '12', 'hours']",23
"Patient: 60F. Drugs: Theophylline 75mg three times daily, Rivaroxaban 50mg before meals.","['Theophylline', 'Rivaroxaban']",1,2,serum concentration,"patient: 60f. drugs: theophylline 75mg three times daily, rivaroxaban 50mg before meals.","['patient', '60f', 'drugs', 'theophylline', '75', 'mg', 'times', 'daily', 'rivaroxaban', '50', 'mg', 'meals']",12
"Patient: 58M. Drugs: Quinestrol 50mg after meals, Fenoprofen 75mg twice daily, Propantheline 100mg every 6 hours, Sulfaphenazole 50mg once daily.","['Quinestrol', 'Fenoprofen', 'Propantheline', 'Sulfaphenazole']",1,2,thrombogenic activities,"patient: 58m. drugs: quinestrol 50mg after meals, fenoprofen 75mg twice daily, propantheline 100mg every 6 hours, sulfaphenazole 50mg once daily.","['patient', '58', 'm.', 'drugs', 'quinestrol', '50', 'mg', 'meals', 'fenoprofen', '75', 'mg', 'twice', 'daily', 'propantheline', '100', 'mg', '6', 'hours', 'sulfaphenazole', '50', 'mg', 'daily']",22
"Patient: 55F. Drugs: Lixisenatide, Griseofulvin 50mg once daily, Triptorelin 500mg every 6 hours.","['Lixisenatide', 'Griseofulvin', 'Triptorelin']",0,0,none,"patient: 55f. drugs: lixisenatide, griseofulvin 50mg once daily, triptorelin 500mg every 6 hours.","['patient', '55f', 'drugs', 'lixisenatide', 'griseofulvin', '50', 'mg', 'daily', 'triptorelin', '500', 'mg', '6', 'hours']",13
"Patient: 52M. Drugs: Clotrimazole 25mg every 12 hours, Dihydroergocristine, Morphine 500mg every 8 hours.","['Clotrimazole', 'Dihydroergocristine', 'Morphine']",1,3,risk or severity of adverse effects,"patient: 52m. drugs: clotrimazole 25mg every 12 hours, dihydroergocristine, morphine 500mg every 8 hours.","['patient', '52', 'm.', 'drugs', 'clotrimazole', '25', 'mg', '12', 'hours', 'dihydroergocristine', 'morphine', '500', 'mg', '8', 'hours']",15
"Patient: 30M. Drugs: Desoximetasone, Trolamine salicylate 75mg as needed, Quinagolide 25mg twice daily.","['Desoximetasone', 'Trolamine salicylate', 'Quinagolide']",1,3,risk or severity of adverse effects,"patient: 30m. drugs: desoximetasone, trolamine salicylate 75mg as needed, quinagolide 25mg twice daily.","['patient', '30', 'm.', 'drugs', 'desoximetasone', 'trolamine', 'salicylate', '75', 'mg', 'needed', 'quinagolide', '25', 'mg', 'twice', 'daily']",15
"Patient: 58M. Drugs: Procyclidine 50mg twice daily, Huperzine A, Ceftriaxone.","['Procyclidine', 'Huperzine A', 'Ceftriaxone']",1,1,therapeutic efficacy,"patient: 58m. drugs: procyclidine 50mg twice daily, huperzine a, ceftriaxone.","['patient', '58', 'm.', 'drugs', 'procyclidine', '50', 'mg', 'twice', 'daily', 'huperzine', 'ceftriaxone']",11
"Patient: 28F. Drugs: Sulfapyridine 25mg every 8 hours, Zinc oxide, Naphazoline 500mg every 8 hours, Lumiracoxib 75mg every 8 hours.","['Sulfapyridine', 'Zinc oxide', 'Naphazoline', 'Lumiracoxib']",0,0,none,"patient: 28f. drugs: sulfapyridine 25mg every 8 hours, zinc oxide, naphazoline 500mg every 8 hours, lumiracoxib 75mg every 8 hours.","['patient', '28f', 'drugs', 'sulfapyridine', '25', 'mg', '8', 'hours', 'zinc', 'oxide', 'naphazoline', '500', 'mg', '8', 'hours', 'lumiracoxib', '75', 'mg', '8', 'hours']",20
"Patient: 35F. Drugs: Ergotamine 500mg after meals, Perindopril 50mg once daily.","['Ergotamine', 'Perindopril']",1,2,serum concentration,"patient: 35f. drugs: ergotamine 500mg after meals, perindopril 50mg once daily.","['patient', '35f', 'drugs', 'ergotamine', '500', 'mg', 'meals', 'perindopril', '50', 'mg', 'daily']",11
"Patient: 25F. Drugs: Pyrazinamide 50mg once daily, Picosulfuric acid 25mg before meals.","['Pyrazinamide', 'Picosulfuric acid']",1,1,therapeutic efficacy,"patient: 25f. drugs: pyrazinamide 50mg once daily, picosulfuric acid 25mg before meals.","['patient', '25f', 'drugs', 'pyrazinamide', '50', 'mg', 'daily', 'picosulfuric', 'acid', '25', 'mg', 'meals']",12
"Patient: 60F. Drugs: Amcinonide, Lomefloxacin 25mg before meals, Pramlintide 50mg before meals.","['Amcinonide', 'Lomefloxacin', 'Pramlintide']",1,3,risk or severity of adverse effects,"patient: 60f. drugs: amcinonide, lomefloxacin 25mg before meals, pramlintide 50mg before meals.","['patient', '60f', 'drugs', 'amcinonide', 'lomefloxacin', '25', 'mg', 'meals', 'pramlintide', '50', 'mg', 'meals']",12
"Patient: 58M. Drugs: Ciclesonide 100mg every 12 hours, Vemurafenib 100mg every 12 hours, Camazepam 500mg as needed.","['Ciclesonide', 'Vemurafenib', 'Camazepam']",1,2,serum concentration,"patient: 58m. drugs: ciclesonide 100mg every 12 hours, vemurafenib 100mg every 12 hours, camazepam 500mg as needed.","['patient', '58', 'm.', 'drugs', 'ciclesonide', '100', 'mg', '12', 'hours', 'vemurafenib', '100', 'mg', '12', 'hours', 'camazepam', '500', 'mg', 'needed']",18
"Patient: 62M. Drugs: Lobeglitazone, Bismuth Subsalicylate 500mg three times daily.","['Lobeglitazone', 'Bismuth Subsalicylate']",0,0,none,"patient: 62m. drugs: lobeglitazone, bismuth subsalicylate 500mg three times daily.","['patient', '62', 'm.', 'drugs', 'lobeglitazone', 'bismuth', 'subsalicylate', '500', 'mg', 'times', 'daily']",11
"Patient: 40M. Drugs: Isotretinoin, Dienogest, Propofol 25mg every 12 hours.","['Isotretinoin', 'Dienogest', 'Propofol']",1,1,therapeutic efficacy,"patient: 40m. drugs: isotretinoin, dienogest, propofol 25mg every 12 hours.","['patient', '40', 'm.', 'drugs', 'isotretinoin', 'dienogest', 'propofol', '25', 'mg', '12', 'hours']",11
"Patient: 25F. Drugs: Remikiren 100mg as needed, Bepridil, Prasterone 100mg every 6 hours.","['Remikiren', 'Bepridil', 'Prasterone']",1,2,hypotensive activities,"patient: 25f. drugs: remikiren 100mg as needed, bepridil, prasterone 100mg every 6 hours.","['patient', '25f', 'drugs', 'remikiren', '100', 'mg', 'needed', 'bepridil', 'prasterone', '100', 'mg', '6', 'hours']",13
"Patient: 55F. Drugs: Budesonide 200mg every 8 hours, Acemetacin 50mg every 6 hours.","['Budesonide', 'Acemetacin']",1,3,risk or severity of adverse effects,"patient: 55f. drugs: budesonide 200mg every 8 hours, acemetacin 50mg every 6 hours.","['patient', '55f', 'drugs', 'budesonide', '200', 'mg', '8', 'hours', 'acemetacin', '50', 'mg', '6', 'hours']",13
"Patient: 68M. Drugs: Isoflurophate 500mg every 12 hours, Clobetasol propionate, Tobramycin.","['Isoflurophate', 'Clobetasol propionate', 'Tobramycin']",1,3,risk or severity of adverse effects,"patient: 68m. drugs: isoflurophate 500mg every 12 hours, clobetasol propionate, tobramycin.","['patient', '68', 'm.', 'drugs', 'isoflurophate', '500', 'mg', '12', 'hours', 'clobetasol', 'propionate', 'tobramycin']",12
"Patient: 35F. Drugs: Gentamicin 75mg three times daily, Tubocurarine 50mg every 12 hours, Doxapram 100mg twice daily.","['Gentamicin', 'Tubocurarine', 'Doxapram']",1,3,respiratory depressant activities,"patient: 35f. drugs: gentamicin 75mg three times daily, tubocurarine 50mg every 12 hours, doxapram 100mg twice daily.","['patient', '35f', 'drugs', 'gentamicin', '75', 'mg', 'times', 'daily', 'tubocurarine', '50', 'mg', '12', 'hours', 'doxapram', '100', 'mg', 'twice', 'daily']",18
"Patient: 33M. Drugs: Clopidogrel 50mg every 12 hours, Brompheniramine, Aranidipine 500mg as needed.","['Clopidogrel', 'Brompheniramine', 'Aranidipine']",1,2,metabolism,"patient: 33m. drugs: clopidogrel 50mg every 12 hours, brompheniramine, aranidipine 500mg as needed.","['patient', '33', 'm.', 'drugs', 'clopidogrel', '50', 'mg', '12', 'hours', 'brompheniramine', 'aranidipine', '500', 'mg', 'needed']",14
"Patient: 40M. Drugs: Desoximetasone, Posaconazole, Niflumic Acid 75mg every 6 hours.","['Desoximetasone', 'Posaconazole', 'Niflumic Acid']",1,2,serum concentration,"patient: 40m. drugs: desoximetasone, posaconazole, niflumic acid 75mg every 6 hours.","['patient', '40', 'm.', 'drugs', 'desoximetasone', 'posaconazole', 'niflumic', 'acid', '75', 'mg', '6', 'hours']",12
"Patient: 25F. Drugs: Pancuronium 500mg every 6 hours, Alendronic acid 100mg every 6 hours, Physostigmine 75mg twice daily.","['Pancuronium', 'Alendronic acid', 'Physostigmine']",1,1,therapeutic efficacy,"patient: 25f. drugs: pancuronium 500mg every 6 hours, alendronic acid 100mg every 6 hours, physostigmine 75mg twice daily.","['patient', '25f', 'drugs', 'pancuronium', '500', 'mg', '6', 'hours', 'alendronic', 'acid', '100', 'mg', '6', 'hours', 'physostigmine', '75', 'mg', 'twice', 'daily']",19
"Patient: 35F. Drugs: Fluoxetine 25mg every 6 hours, Clodronic Acid, Varenicline 75mg every 8 hours.","['Fluoxetine', 'Clodronic Acid', 'Varenicline']",1,1,antiplatelet activities,"patient: 35f. drugs: fluoxetine 25mg every 6 hours, clodronic acid, varenicline 75mg every 8 hours.","['patient', '35f', 'drugs', 'fluoxetine', '25', 'mg', '6', 'hours', 'clodronic', 'acid', 'varenicline', '75', 'mg', '8', 'hours']",15
"Patient: 28F. Drugs: Ipratropium bromide, Fosphenytoin, Acyclovir 25mg after meals.","['Ipratropium bromide', 'Fosphenytoin', 'Acyclovir']",1,2,metabolism,"patient: 28f. drugs: ipratropium bromide, fosphenytoin, acyclovir 25mg after meals.","['patient', '28f', 'drugs', 'ipratropium', 'bromide', 'fosphenytoin', 'acyclovir', '25', 'mg', 'meals']",10
"Patient: 40M. Drugs: Alprazolam 200mg as needed, Ethyl chloride 100mg before meals, Pramocaine 25mg twice daily.","['Alprazolam', 'Ethyl chloride', 'Pramocaine']",1,3,risk or severity of adverse effects,"patient: 40m. drugs: alprazolam 200mg as needed, ethyl chloride 100mg before meals, pramocaine 25mg twice daily.","['patient', '40', 'm.', 'drugs', 'alprazolam', '200', 'mg', 'needed', 'ethyl', 'chloride', '100', 'mg', 'meals', 'pramocaine', '25', 'mg', 'twice', 'daily']",18
"Patient: 33M. Drugs: Nimodipine, Calcium Citrate 200mg three times daily, Triptorelin.","['Nimodipine', 'Calcium Citrate', 'Triptorelin']",1,1,therapeutic efficacy,"patient: 33m. drugs: nimodipine, calcium citrate 200mg three times daily, triptorelin.","['patient', '33', 'm.', 'drugs', 'nimodipine', 'calcium', 'citrate', '200', 'mg', 'times', 'daily', 'triptorelin']",12
"Patient: 68M. Drugs: Pimozide, Posaconazole 75mg as needed.","['Pimozide', 'Posaconazole']",1,2,serum concentration,"patient: 68m. drugs: pimozide, posaconazole 75mg as needed.","['patient', '68', 'm.', 'drugs', 'pimozide', 'posaconazole', '75', 'mg', 'needed']",9
"Patient: 62M. Drugs: Phenytoin 50mg three times daily, Fluocinolone Acetonide, Estazolam 100mg three times daily.","['Phenytoin', 'Fluocinolone Acetonide', 'Estazolam']",1,2,serum concentration,"patient: 62m. drugs: phenytoin 50mg three times daily, fluocinolone acetonide, estazolam 100mg three times daily.","['patient', '62', 'm.', 'drugs', 'phenytoin', '50', 'mg', 'times', 'daily', 'fluocinolone', 'acetonide', 'estazolam', '100', 'mg', 'times', 'daily']",16
"Patient: 28F. Drugs: Pyridostigmine 200mg every 6 hours, Flavoxate 25mg three times daily.","['Pyridostigmine', 'Flavoxate']",1,1,therapeutic efficacy,"patient: 28f. drugs: pyridostigmine 200mg every 6 hours, flavoxate 25mg three times daily.","['patient', '28f', 'drugs', 'pyridostigmine', '200', 'mg', '6', 'hours', 'flavoxate', '25', 'mg', 'times', 'daily']",13
"Patient: 33M. Drugs: Calcium carbimide 200mg every 8 hours, Amcinonide 25mg twice daily.","['Calcium carbimide', 'Amcinonide']",0,0,none,"patient: 33m. drugs: calcium carbimide 200mg every 8 hours, amcinonide 25mg twice daily.","['patient', '33', 'm.', 'drugs', 'calcium', 'carbimide', '200', 'mg', '8', 'hours', 'amcinonide', '25', 'mg', 'twice', 'daily']",15
"Patient: 55F. Drugs: Ofloxacin 500mg before meals, Aloglutamol 200mg twice daily.","['Ofloxacin', 'Aloglutamol']",1,1,absorption,"patient: 55f. drugs: ofloxacin 500mg before meals, aloglutamol 200mg twice daily.","['patient', '55f', 'drugs', 'ofloxacin', '500', 'mg', 'meals', 'aloglutamol', '200', 'mg', 'twice', 'daily']",12
"Patient: 25F. Drugs: Dihydroergotamine, Eplerenone 200mg every 12 hours, Sodium aurothiomalate 50mg once daily.","['Dihydroergotamine', 'Eplerenone', 'Sodium aurothiomalate']",1,2,serum concentration,"patient: 25f. drugs: dihydroergotamine, eplerenone 200mg every 12 hours, sodium aurothiomalate 50mg once daily.","['patient', '25f', 'drugs', 'dihydroergotamine', 'eplerenone', '200', 'mg', '12', 'hours', 'sodium', 'aurothiomalate', '50', 'mg', 'daily']",14
"Patient: 28F. Drugs: Dinoprostone 100mg three times daily, Bromfenac 100mg after meals.","['Dinoprostone', 'Bromfenac']",1,1,therapeutic efficacy,"patient: 28f. drugs: dinoprostone 100mg three times daily, bromfenac 100mg after meals.","['patient', '28f', 'drugs', 'dinoprostone', '100', 'mg', 'times', 'daily', 'bromfenac', '100', 'mg', 'meals']",12
"Patient: 33M. Drugs: Oxaprozin 100mg every 8 hours, Estradiol acetate 25mg twice daily, Sucralfate 50mg every 8 hours.","['Oxaprozin', 'Estradiol acetate', 'Sucralfate']",1,2,thrombogenic activities,"patient: 33m. drugs: oxaprozin 100mg every 8 hours, estradiol acetate 25mg twice daily, sucralfate 50mg every 8 hours.","['patient', '33', 'm.', 'drugs', 'oxaprozin', '100', 'mg', '8', 'hours', 'estradiol', 'acetate', '25', 'mg', 'twice', 'daily', 'sucralfate', '50', 'mg', '8', 'hours']",20
"Patient: 33M. Drugs: Clobetasol propionate 75mg twice daily, Pomalidomide.","['Clobetasol propionate', 'Pomalidomide']",1,3,risk or severity of adverse effects,"patient: 33m. drugs: clobetasol propionate 75mg twice daily, pomalidomide.","['patient', '33', 'm.', 'drugs', 'clobetasol', 'propionate', '75', 'mg', 'twice', 'daily', 'pomalidomide']",11
"Patient: 30M. Drugs: Deferasirox, Delamanid 200mg every 12 hours.","['Deferasirox', 'Delamanid']",1,2,serum concentration,"patient: 30m. drugs: deferasirox, delamanid 200mg every 12 hours.","['patient', '30', 'm.', 'drugs', 'deferasirox', 'delamanid', '200', 'mg', '12', 'hours']",10
"Patient: 28F. Drugs: Betamethasone 25mg every 6 hours, Phenylbutyric acid 50mg every 6 hours.","['Betamethasone', 'Phenylbutyric acid']",1,1,therapeutic efficacy,"patient: 28f. drugs: betamethasone 25mg every 6 hours, phenylbutyric acid 50mg every 6 hours.","['patient', '28f', 'drugs', 'betamethasone', '25', 'mg', '6', 'hours', 'phenylbutyric', 'acid', '50', 'mg', '6', 'hours']",14
"Patient: 62M. Drugs: Fosamprenavir 200mg before meals, Thiothixene, Almotriptan 50mg as needed.","['Fosamprenavir', 'Thiothixene', 'Almotriptan']",1,3,risk or severity of adverse effects,"patient: 62m. drugs: fosamprenavir 200mg before meals, thiothixene, almotriptan 50mg as needed.","['patient', '62', 'm.', 'drugs', 'fosamprenavir', '200', 'mg', 'meals', 'thiothixene', 'almotriptan', '50', 'mg', 'needed']",13
"Patient: 52M. Drugs: Ibuprofen 25mg after meals, Pralatrexate 25mg after meals, Diphenoxylate 75mg as needed.","['Ibuprofen', 'Pralatrexate', 'Diphenoxylate']",1,2,serum concentration,"patient: 52m. drugs: ibuprofen 25mg after meals, pralatrexate 25mg after meals, diphenoxylate 75mg as needed.","['patient', '52', 'm.', 'drugs', 'ibuprofen', '25', 'mg', 'meals', 'pralatrexate', '25', 'mg', 'meals', 'diphenoxylate', '75', 'mg', 'needed']",16
"Patient: 75M. Drugs: Perhexiline 100mg every 12 hours, Triprolidine, Degarelix 100mg before meals.","['Perhexiline', 'Triprolidine', 'Degarelix']",0,0,none,"patient: 75m. drugs: perhexiline 100mg every 12 hours, triprolidine, degarelix 100mg before meals.","['patient', '75', 'm.', 'drugs', 'perhexiline', '100', 'mg', '12', 'hours', 'triprolidine', 'degarelix', '100', 'mg', 'meals']",14
"Patient: 35F. Drugs: Meprobamate 25mg every 8 hours, Disopyramide.","['Meprobamate', 'Disopyramide']",0,0,none,"patient: 35f. drugs: meprobamate 25mg every 8 hours, disopyramide.","['patient', '35f', 'drugs', 'meprobamate', '25', 'mg', '8', 'hours', 'disopyramide']",9
"Patient: 70F. Drugs: Iloperidone 25mg as needed, Lormetazepam.","['Iloperidone', 'Lormetazepam']",1,3,risk or severity of adverse effects,"patient: 70f. drugs: iloperidone 25mg as needed, lormetazepam.","['patient', '70f', 'drugs', 'iloperidone', '25', 'mg', 'needed', 'lormetazepam']",8
"Patient: 33M. Drugs: Pentamidine, Dicloxacillin 50mg twice daily, Guanabenz 25mg as needed.","['Pentamidine', 'Dicloxacillin', 'Guanabenz']",0,0,none,"patient: 33m. drugs: pentamidine, dicloxacillin 50mg twice daily, guanabenz 25mg as needed.","['patient', '33', 'm.', 'drugs', 'pentamidine', 'dicloxacillin', '50', 'mg', 'twice', 'daily', 'guanabenz', '25', 'mg', 'needed']",14
"Patient: 62M. Drugs: Phensuximide 500mg after meals, Benzthiazide, Empagliflozin 50mg before meals.","['Phensuximide', 'Benzthiazide', 'Empagliflozin']",1,1,therapeutic efficacy,"patient: 62m. drugs: phensuximide 500mg after meals, benzthiazide, empagliflozin 50mg before meals.","['patient', '62', 'm.', 'drugs', 'phensuximide', '500', 'mg', 'meals', 'benzthiazide', 'empagliflozin', '50', 'mg', 'meals']",13
"Patient: 58M. Drugs: Mesoridazine 75mg after meals, Paraldehyde 75mg before meals.","['Mesoridazine', 'Paraldehyde']",1,2,central nervous system depressant (CNS depressant) activities,"patient: 58m. drugs: mesoridazine 75mg after meals, paraldehyde 75mg before meals.","['patient', '58', 'm.', 'drugs', 'mesoridazine', '75', 'mg', 'meals', 'paraldehyde', '75', 'mg', 'meals']",12
"Patient: 60F. Drugs: Zolpidem 50mg before meals, Brimonidine, Methsuximide 50mg three times daily.","['Zolpidem', 'Brimonidine', 'Methsuximide']",1,2,central nervous system depressant (CNS depressant) activities,"patient: 60f. drugs: zolpidem 50mg before meals, brimonidine, methsuximide 50mg three times daily.","['patient', '60f', 'drugs', 'zolpidem', '50', 'mg', 'meals', 'brimonidine', 'methsuximide', '50', 'mg', 'times', 'daily']",13
"Patient: 58M. Drugs: Cetirizine 100mg as needed, Tapentadol, Benzylpenicilloyl Polylysine 500mg after meals.","['Cetirizine', 'Tapentadol', 'Benzylpenicilloyl Polylysine']",1,2,central nervous system depressant (CNS depressant) activities,"patient: 58m. drugs: cetirizine 100mg as needed, tapentadol, benzylpenicilloyl polylysine 500mg after meals.","['patient', '58', 'm.', 'drugs', 'cetirizine', '100', 'mg', 'needed', 'tapentadol', 'benzylpenicilloyl', 'polylysine', '500', 'mg', 'meals']",14
"Patient: 40M. Drugs: Pefloxacin 200mg twice daily, Rofecoxib 75mg every 8 hours.","['Pefloxacin', 'Rofecoxib']",1,2,neuroexcitatory activities,"patient: 40m. drugs: pefloxacin 200mg twice daily, rofecoxib 75mg every 8 hours.","['patient', '40', 'm.', 'drugs', 'pefloxacin', '200', 'mg', 'twice', 'daily', 'rofecoxib', '75', 'mg', '8', 'hours']",14
"Patient: 48F. Drugs: Isradipine, Tamsulosin 100mg once daily, Simeprevir 200mg every 8 hours.","['Isradipine', 'Tamsulosin', 'Simeprevir']",1,2,metabolism,"patient: 48f. drugs: isradipine, tamsulosin 100mg once daily, simeprevir 200mg every 8 hours.","['patient', '48f', 'drugs', 'isradipine', 'tamsulosin', '100', 'mg', 'daily', 'simeprevir', '200', 'mg', '8', 'hours']",13
"Patient: 35F. Drugs: Ketazolam 75mg before meals, Selexipag 25mg three times daily, Mefloquine 50mg once daily, Brivaracetam.","['Ketazolam', 'Selexipag', 'Mefloquine', 'Brivaracetam']",1,1,therapeutic efficacy,"patient: 35f. drugs: ketazolam 75mg before meals, selexipag 25mg three times daily, mefloquine 50mg once daily, brivaracetam.","['patient', '35f', 'drugs', 'ketazolam', '75', 'mg', 'meals', 'selexipag', '25', 'mg', 'times', 'daily', 'mefloquine', '50', 'mg', 'daily', 'brivaracetam']",17
"Patient: 40M. Drugs: Chlorpropamide 75mg as needed, Esomeprazole 50mg every 8 hours.","['Chlorpropamide', 'Esomeprazole']",1,2,metabolism,"patient: 40m. drugs: chlorpropamide 75mg as needed, esomeprazole 50mg every 8 hours.","['patient', '40', 'm.', 'drugs', 'chlorpropamide', '75', 'mg', 'needed', 'esomeprazole', '50', 'mg', '8', 'hours']",13
"Patient: 40M. Drugs: Proguanil 100mg twice daily, Lobeglitazone 500mg every 6 hours, Fludarabine 75mg three times daily.","['Proguanil', 'Lobeglitazone', 'Fludarabine']",1,2,metabolism,"patient: 40m. drugs: proguanil 100mg twice daily, lobeglitazone 500mg every 6 hours, fludarabine 75mg three times daily.","['patient', '40', 'm.', 'drugs', 'proguanil', '100', 'mg', 'twice', 'daily', 'lobeglitazone', '500', 'mg', '6', 'hours', 'fludarabine', '75', 'mg', 'times', 'daily']",19
"Patient: 52M. Drugs: Ranitidine, Dabigatran etexilate, Norepinephrine.","['Ranitidine', 'Dabigatran etexilate', 'Norepinephrine']",1,2,serum concentration of active metabolites,"patient: 52m. drugs: ranitidine, dabigatran etexilate, norepinephrine.","['patient', '52', 'm.', 'drugs', 'ranitidine', 'dabigatran', 'etexilate', 'norepinephrine']",8
"Patient: 52M. Drugs: Bepridil 500mg twice daily, Acemetacin 25mg once daily, Hydrocortamate 75mg as needed.","['Bepridil', 'Acemetacin', 'Hydrocortamate']",1,1,therapeutic efficacy,"patient: 52m. drugs: bepridil 500mg twice daily, acemetacin 25mg once daily, hydrocortamate 75mg as needed.","['patient', '52', 'm.', 'drugs', 'bepridil', '500', 'mg', 'twice', 'daily', 'acemetacin', '25', 'mg', 'daily', 'hydrocortamate', '75', 'mg', 'needed']",17
"Patient: 25F. Drugs: Tartaric acid, Ciprofibrate 100mg every 6 hours, Nilotinib 200mg as needed.","['Tartaric acid', 'Ciprofibrate', 'Nilotinib']",0,0,none,"patient: 25f. drugs: tartaric acid, ciprofibrate 100mg every 6 hours, nilotinib 200mg as needed.","['patient', '25f', 'drugs', 'tartaric', 'acid', 'ciprofibrate', '100', 'mg', '6', 'hours', 'nilotinib', '200', 'mg', 'needed']",14
"Patient: 48F. Drugs: Resveratrol 75mg every 6 hours, Trapidil 50mg twice daily, Sodium stibogluconate.","['Resveratrol', 'Trapidil', 'Sodium stibogluconate']",1,1,antiplatelet activities,"patient: 48f. drugs: resveratrol 75mg every 6 hours, trapidil 50mg twice daily, sodium stibogluconate.","['patient', '48f', 'drugs', 'resveratrol', '75', 'mg', '6', 'hours', 'trapidil', '50', 'mg', 'twice', 'daily', 'sodium', 'stibogluconate']",15
"Patient: 75M. Drugs: Cyclandelate, Titanium dioxide 500mg every 12 hours, Metocurine 500mg before meals, Fluspirilene 75mg every 8 hours.","['Cyclandelate', 'Titanium dioxide', 'Metocurine', 'Fluspirilene']",0,0,none,"patient: 75m. drugs: cyclandelate, titanium dioxide 500mg every 12 hours, metocurine 500mg before meals, fluspirilene 75mg every 8 hours.","['patient', '75', 'm.', 'drugs', 'cyclandelate', 'titanium', 'dioxide', '500', 'mg', '12', 'hours', 'metocurine', '500', 'mg', 'meals', 'fluspirilene', '75', 'mg', '8', 'hours']",20
"Patient: 55F. Drugs: Desipramine 25mg as needed, Chlorprothixene.","['Desipramine', 'Chlorprothixene']",1,3,risk or severity of adverse effects,"patient: 55f. drugs: desipramine 25mg as needed, chlorprothixene.","['patient', '55f', 'drugs', 'desipramine', '25', 'mg', 'needed', 'chlorprothixene']",8
"Patient: 60F. Drugs: Magnesium sulfate 200mg as needed, Tioconazole.","['Magnesium sulfate', 'Tioconazole']",1,1,therapeutic efficacy,"patient: 60f. drugs: magnesium sulfate 200mg as needed, tioconazole.","['patient', '60f', 'drugs', 'magnesium', 'sulfate', '200', 'mg', 'needed', 'tioconazole']",9
"Patient: 60F. Drugs: Dihydralazine 50mg after meals, Treprostinil, Nonoxynol-9, Chromium picolinate.","['Dihydralazine', 'Treprostinil', 'Nonoxynol-9', 'Chromium picolinate']",1,2,hypotensive activities,"patient: 60f. drugs: dihydralazine 50mg after meals, treprostinil, nonoxynol9, chromium picolinate.","['patient', '60f', 'drugs', 'dihydralazine', '50', 'mg', 'meals', 'treprostinil', 'nonoxynol9', 'chromium', 'picolinate']",11
"Patient: 40M. Drugs: Bromopride 500mg three times daily, Labetalol 100mg once daily, Propiverine 100mg three times daily, Enasidenib 25mg twice daily.","['Bromopride', 'Labetalol', 'Propiverine', 'Enasidenib']",1,2,antihypertensive activities,"patient: 40m. drugs: bromopride 500mg three times daily, labetalol 100mg once daily, propiverine 100mg three times daily, enasidenib 25mg twice daily.","['patient', '40', 'm.', 'drugs', 'bromopride', '500', 'mg', 'times', 'daily', 'labetalol', '100', 'mg', 'daily', 'propiverine', '100', 'mg', 'times', 'daily', 'enasidenib', '25', 'mg', 'twice', 'daily']",23
"Patient: 62M. Drugs: Miglitol 200mg as needed, Sirolimus, Testosterone undecanoate 100mg once daily.","['Miglitol', 'Sirolimus', 'Testosterone undecanoate']",1,1,therapeutic efficacy,"patient: 62m. drugs: miglitol 200mg as needed, sirolimus, testosterone undecanoate 100mg once daily.","['patient', '62', 'm.', 'drugs', 'miglitol', '200', 'mg', 'needed', 'sirolimus', 'testosterone', 'undecanoate', '100', 'mg', 'daily']",14
"Patient: 40M. Drugs: Pethidine 75mg once daily, Oxazepam 200mg after meals, Brinzolamide 75mg every 6 hours.","['Pethidine', 'Oxazepam', 'Brinzolamide']",1,3,risk or severity of adverse effects,"patient: 40m. drugs: pethidine 75mg once daily, oxazepam 200mg after meals, brinzolamide 75mg every 6 hours.","['patient', '40', 'm.', 'drugs', 'pethidine', '75', 'mg', 'daily', 'oxazepam', '200', 'mg', 'meals', 'brinzolamide', '75', 'mg', '6', 'hours']",17
"Patient: 30M. Drugs: Procaine benzylpenicillin, Bambuterol.","['Procaine benzylpenicillin', 'Bambuterol']",0,0,none,"patient: 30m. drugs: procaine benzylpenicillin, bambuterol.","['patient', '30', 'm.', 'drugs', 'procaine', 'benzylpenicillin', 'bambuterol']",7
"Patient: 35F. Drugs: Desipramine, Prazepam 50mg every 12 hours.","['Desipramine', 'Prazepam']",1,3,risk or severity of adverse effects,"patient: 35f. drugs: desipramine, prazepam 50mg every 12 hours.","['patient', '35f', 'drugs', 'desipramine', 'prazepam', '50', 'mg', '12', 'hours']",9
"Patient: 35F. Drugs: Anidulafungin 50mg every 12 hours, Cinnarizine 25mg every 8 hours, Flibanserin 500mg every 12 hours.","['Anidulafungin', 'Cinnarizine', 'Flibanserin']",1,1,therapeutic efficacy,"patient: 35f. drugs: anidulafungin 50mg every 12 hours, cinnarizine 25mg every 8 hours, flibanserin 500mg every 12 hours.","['patient', '35f', 'drugs', 'anidulafungin', '50', 'mg', '12', 'hours', 'cinnarizine', '25', 'mg', '8', 'hours', 'flibanserin', '500', 'mg', '12', 'hours']",18
"Patient: 58M. Drugs: Ethinyl Estradiol 500mg once daily, Fluticasone furoate 100mg once daily, Cefuroxime 500mg every 8 hours.","['Ethinyl Estradiol', 'Fluticasone furoate', 'Cefuroxime']",1,2,serum concentration,"patient: 58m. drugs: ethinyl estradiol 500mg once daily, fluticasone furoate 100mg once daily, cefuroxime 500mg every 8 hours.","['patient', '58', 'm.', 'drugs', 'ethinyl', 'estradiol', '500', 'mg', 'daily', 'fluticasone', 'furoate', '100', 'mg', 'daily', 'cefuroxime', '500', 'mg', '8', 'hours']",19
"Patient: 28F. Drugs: Sulfapyridine 25mg every 8 hours, Zinc oxide, Naphazoline 500mg every 8 hours, Lumiracoxib 75mg every 8 hours.","['Sulfapyridine', 'Zinc oxide', 'Naphazoline', 'Lumiracoxib']",0,0,none,"patient: 28f. drugs: sulfapyridine 25mg every 8 hours, zinc oxide, naphazoline 500mg every 8 hours, lumiracoxib 75mg every 8 hours.","['patient', '28f', 'drugs', 'sulfapyridine', '25', 'mg', '8', 'hours', 'zinc', 'oxide', 'naphazoline', '500', 'mg', '8', 'hours', 'lumiracoxib', '75', 'mg', '8', 'hours']",20
"Patient: 68M. Drugs: Tamsulosin 100mg once daily, Silodosin, Lacidipine.","['Tamsulosin', 'Silodosin', 'Lacidipine']",1,2,antihypertensive activities,"patient: 68m. drugs: tamsulosin 100mg once daily, silodosin, lacidipine.","['patient', '68', 'm.', 'drugs', 'tamsulosin', '100', 'mg', 'daily', 'silodosin', 'lacidipine']",10
"Patient: 68M. Drugs: Risperidone 200mg every 6 hours, Zonisamide 75mg every 8 hours, Dapiprazole.","['Risperidone', 'Zonisamide', 'Dapiprazole']",1,3,risk or severity of adverse effects,"patient: 68m. drugs: risperidone 200mg every 6 hours, zonisamide 75mg every 8 hours, dapiprazole.","['patient', '68', 'm.', 'drugs', 'risperidone', '200', 'mg', '6', 'hours', 'zonisamide', '75', 'mg', '8', 'hours', 'dapiprazole']",15
"Patient: 48F. Drugs: Hexobarbital, Ifenprodil 500mg as needed, Mitiglinide, Medroxyprogesterone acetate 50mg once daily.","['Hexobarbital', 'Ifenprodil', 'Mitiglinide', 'Medroxyprogesterone acetate']",1,1,therapeutic efficacy,"patient: 48f. drugs: hexobarbital, ifenprodil 500mg as needed, mitiglinide, medroxyprogesterone acetate 50mg once daily.","['patient', '48f', 'drugs', 'hexobarbital', 'ifenprodil', '500', 'mg', 'needed', 'mitiglinide', 'medroxyprogesterone', 'acetate', '50', 'mg', 'daily']",14
"Patient: 58M. Drugs: Nepafenac 25mg every 12 hours, Dexibuprofen 500mg once daily, Sodium Citrate.","['Nepafenac', 'Dexibuprofen', 'Sodium Citrate']",1,3,risk or severity of adverse effects,"patient: 58m. drugs: nepafenac 25mg every 12 hours, dexibuprofen 500mg once daily, sodium citrate.","['patient', '58', 'm.', 'drugs', 'nepafenac', '25', 'mg', '12', 'hours', 'dexibuprofen', '500', 'mg', 'daily', 'sodium', 'citrate']",15
"Patient: 33M. Drugs: Pentamidine, Dicloxacillin 50mg twice daily, Guanabenz 25mg as needed.","['Pentamidine', 'Dicloxacillin', 'Guanabenz']",0,0,none,"patient: 33m. drugs: pentamidine, dicloxacillin 50mg twice daily, guanabenz 25mg as needed.","['patient', '33', 'm.', 'drugs', 'pentamidine', 'dicloxacillin', '50', 'mg', 'twice', 'daily', 'guanabenz', '25', 'mg', 'needed']",14
"Patient: 70F. Drugs: Benazepril 100mg every 12 hours, Ergonovine 500mg once daily, Rosiglitazone 200mg before meals.","['Benazepril', 'Ergonovine', 'Rosiglitazone']",1,2,serum concentration,"patient: 70f. drugs: benazepril 100mg every 12 hours, ergonovine 500mg once daily, rosiglitazone 200mg before meals.","['patient', '70f', 'drugs', 'benazepril', '100', 'mg', '12', 'hours', 'ergonovine', '500', 'mg', 'daily', 'rosiglitazone', '200', 'mg', 'meals']",16
"Patient: 25F. Drugs: Ximelagatran 500mg after meals, Protocatechualdehyde, Besifloxacin.","['Ximelagatran', 'Protocatechualdehyde', 'Besifloxacin']",1,2,anticoagulant activities,"patient: 25f. drugs: ximelagatran 500mg after meals, protocatechualdehyde, besifloxacin.","['patient', '25f', 'drugs', 'ximelagatran', '500', 'mg', 'meals', 'protocatechualdehyde', 'besifloxacin']",9
"Patient: 52M. Drugs: Acetazolamide 50mg every 12 hours, Tiagabine 50mg after meals, Ritodrine 50mg once daily.","['Acetazolamide', 'Tiagabine', 'Ritodrine']",0,0,none,"patient: 52m. drugs: acetazolamide 50mg every 12 hours, tiagabine 50mg after meals, ritodrine 50mg once daily.","['patient', '52', 'm.', 'drugs', 'acetazolamide', '50', 'mg', '12', 'hours', 'tiagabine', '50', 'mg', 'meals', 'ritodrine', '50', 'mg', 'daily']",17
"Patient: 25F. Drugs: Adenine 50mg every 6 hours, Abemaciclib 500mg after meals, Netilmicin 25mg as needed, Flupentixol.","['Adenine', 'Abemaciclib', 'Netilmicin', 'Flupentixol']",0,0,none,"patient: 25f. drugs: adenine 50mg every 6 hours, abemaciclib 500mg after meals, netilmicin 25mg as needed, flupentixol.","['patient', '25f', 'drugs', 'adenine', '50', 'mg', '6', 'hours', 'abemaciclib', '500', 'mg', 'meals', 'netilmicin', '25', 'mg', 'needed', 'flupentixol']",17
"Patient: 35F. Drugs: Budesonide, Roflumilast.","['Budesonide', 'Roflumilast']",1,2,immunosuppressive activities,"patient: 35f. drugs: budesonide, roflumilast.","['patient', '35f', 'drugs', 'budesonide', 'roflumilast']",5
"Patient: 35F. Drugs: Dapiprazole, Nebivolol 200mg every 8 hours, Dutasteride 500mg after meals.","['Dapiprazole', 'Nebivolol', 'Dutasteride']",1,2,orthostatic hypotensive activities,"patient: 35f. drugs: dapiprazole, nebivolol 200mg every 8 hours, dutasteride 500mg after meals.","['patient', '35f', 'drugs', 'dapiprazole', 'nebivolol', '200', 'mg', '8', 'hours', 'dutasteride', '500', 'mg', 'meals']",13
"Patient: 25F. Drugs: Quinidine, Acenocoumarol 200mg after meals, Doxacurium chloride 100mg every 8 hours.","['Quinidine', 'Acenocoumarol', 'Doxacurium chloride']",1,2,anticoagulant activities,"patient: 25f. drugs: quinidine, acenocoumarol 200mg after meals, doxacurium chloride 100mg every 8 hours.","['patient', '25f', 'drugs', 'quinidine', 'acenocoumarol', '200', 'mg', 'meals', 'doxacurium', 'chloride', '100', 'mg', '8', 'hours']",14
"Patient: 40M. Drugs: Alprazolam 25mg three times daily, Clonazepam, Ibrutinib 25mg before meals.","['Alprazolam', 'Clonazepam', 'Ibrutinib']",1,3,risk or severity of adverse effects,"patient: 40m. drugs: alprazolam 25mg three times daily, clonazepam, ibrutinib 25mg before meals.","['patient', '40', 'm.', 'drugs', 'alprazolam', '25', 'mg', 'times', 'daily', 'clonazepam', 'ibrutinib', '25', 'mg', 'meals']",14
"Patient: 35F. Drugs: Ketazolam 75mg before meals, Selexipag 25mg three times daily, Mefloquine 50mg once daily, Brivaracetam.","['Ketazolam', 'Selexipag', 'Mefloquine', 'Brivaracetam']",1,1,therapeutic efficacy,"patient: 35f. drugs: ketazolam 75mg before meals, selexipag 25mg three times daily, mefloquine 50mg once daily, brivaracetam.","['patient', '35f', 'drugs', 'ketazolam', '75', 'mg', 'meals', 'selexipag', '25', 'mg', 'times', 'daily', 'mefloquine', '50', 'mg', 'daily', 'brivaracetam']",17
"Patient: 52M. Drugs: Bepridil 500mg twice daily, Acemetacin 25mg once daily, Hydrocortamate 75mg as needed.","['Bepridil', 'Acemetacin', 'Hydrocortamate']",1,1,therapeutic efficacy,"patient: 52m. drugs: bepridil 500mg twice daily, acemetacin 25mg once daily, hydrocortamate 75mg as needed.","['patient', '52', 'm.', 'drugs', 'bepridil', '500', 'mg', 'twice', 'daily', 'acemetacin', '25', 'mg', 'daily', 'hydrocortamate', '75', 'mg', 'needed']",17
"Patient: 55F. Drugs: Brompheniramine 500mg every 6 hours, Prednisolone 75mg twice daily.","['Brompheniramine', 'Prednisolone']",0,0,none,"patient: 55f. drugs: brompheniramine 500mg every 6 hours, prednisolone 75mg twice daily.","['patient', '55f', 'drugs', 'brompheniramine', '500', 'mg', '6', 'hours', 'prednisolone', '75', 'mg', 'twice', 'daily']",13
"Patient: 30M. Drugs: Mebutamate 500mg twice daily, Loteprednol 200mg before meals, Fosfomycin 500mg twice daily.","['Mebutamate', 'Loteprednol', 'Fosfomycin']",0,0,none,"patient: 30m. drugs: mebutamate 500mg twice daily, loteprednol 200mg before meals, fosfomycin 500mg twice daily.","['patient', '30', 'm.', 'drugs', 'mebutamate', '500', 'mg', 'twice', 'daily', 'loteprednol', '200', 'mg', 'meals', 'fosfomycin', '500', 'mg', 'twice', 'daily']",18
"Patient: 28F. Drugs: Piperazine 100mg every 6 hours, Rolapitant, Ramosetron 100mg three times daily.","['Piperazine', 'Rolapitant', 'Ramosetron']",1,2,metabolism,"patient: 28f. drugs: piperazine 100mg every 6 hours, rolapitant, ramosetron 100mg three times daily.","['patient', '28f', 'drugs', 'piperazine', '100', 'mg', '6', 'hours', 'rolapitant', 'ramosetron', '100', 'mg', 'times', 'daily']",14
"Patient: 70F. Drugs: Dirithromycin 200mg three times daily, Pilocarpine.","['Dirithromycin', 'Pilocarpine']",0,0,none,"patient: 70f. drugs: dirithromycin 200mg three times daily, pilocarpine.","['patient', '70f', 'drugs', 'dirithromycin', '200', 'mg', 'times', 'daily', 'pilocarpine']",9
"Patient: 58M. Drugs: Sildenafil 50mg three times daily, Spirapril 50mg before meals.","['Sildenafil', 'Spirapril']",1,2,serum concentration,"patient: 58m. drugs: sildenafil 50mg three times daily, spirapril 50mg before meals.","['patient', '58', 'm.', 'drugs', 'sildenafil', '50', 'mg', 'times', 'daily', 'spirapril', '50', 'mg', 'meals']",13
"Patient: 58M. Drugs: Fluocinolone Acetonide, Lomefloxacin 50mg after meals, Chenodeoxycholic acid 75mg after meals.","['Fluocinolone Acetonide', 'Lomefloxacin', 'Chenodeoxycholic acid']",1,3,risk or severity of adverse effects,"patient: 58m. drugs: fluocinolone acetonide, lomefloxacin 50mg after meals, chenodeoxycholic acid 75mg after meals.","['patient', '58', 'm.', 'drugs', 'fluocinolone', 'acetonide', 'lomefloxacin', '50', 'mg', 'meals', 'chenodeoxycholic', 'acid', '75', 'mg', 'meals']",15
"Patient: 75M. Drugs: Magnesium salicylate 100mg before meals, Betrixaban 75mg before meals, Levonorgestrel.","['Magnesium salicylate', 'Betrixaban', 'Levonorgestrel']",1,3,risk or severity of bleeding,"patient: 75m. drugs: magnesium salicylate 100mg before meals, betrixaban 75mg before meals, levonorgestrel.","['patient', '75', 'm.', 'drugs', 'magnesium', 'salicylate', '100', 'mg', 'meals', 'betrixaban', '75', 'mg', 'meals', 'levonorgestrel']",14
"Patient: 45F. Drugs: Triazolam 25mg as needed, Tetrabenazine.","['Triazolam', 'Tetrabenazine']",1,3,risk or severity of adverse effects,"patient: 45f. drugs: triazolam 25mg as needed, tetrabenazine.","['patient', '45f', 'drugs', 'triazolam', '25', 'mg', 'needed', 'tetrabenazine']",8
"Patient: 62M. Drugs: Pipotiazine 50mg every 6 hours, Drospirenone 200mg after meals, Retapamulin 75mg every 8 hours.","['Pipotiazine', 'Drospirenone', 'Retapamulin']",0,0,none,"patient: 62m. drugs: pipotiazine 50mg every 6 hours, drospirenone 200mg after meals, retapamulin 75mg every 8 hours.","['patient', '62', 'm.', 'drugs', 'pipotiazine', '50', 'mg', '6', 'hours', 'drospirenone', '200', 'mg', 'meals', 'retapamulin', '75', 'mg', '8', 'hours']",18
"Patient: 28F. Drugs: Metyrapone 50mg every 6 hours, Atorvastatin 200mg three times daily.","['Metyrapone', 'Atorvastatin']",1,3,risk or severity of adverse effects,"patient: 28f. drugs: metyrapone 50mg every 6 hours, atorvastatin 200mg three times daily.","['patient', '28f', 'drugs', 'metyrapone', '50', 'mg', '6', 'hours', 'atorvastatin', '200', 'mg', 'times', 'daily']",13
"Patient: 75M. Drugs: Penbutolol 25mg after meals, Procaterol 25mg before meals, Procaine 500mg before meals.","['Penbutolol', 'Procaterol', 'Procaine']",1,1,bronchodilatory activities,"patient: 75m. drugs: penbutolol 25mg after meals, procaterol 25mg before meals, procaine 500mg before meals.","['patient', '75', 'm.', 'drugs', 'penbutolol', '25', 'mg', 'meals', 'procaterol', '25', 'mg', 'meals', 'procaine', '500', 'mg', 'meals']",16
"Patient: 30M. Drugs: Tramadol, Lisdexamfetamine, Piperaquine 75mg every 12 hours, Diethylpropion.","['Tramadol', 'Lisdexamfetamine', 'Piperaquine', 'Diethylpropion']",1,1,analgesic activities,"patient: 30m. drugs: tramadol, lisdexamfetamine, piperaquine 75mg every 12 hours, diethylpropion.","['patient', '30', 'm.', 'drugs', 'tramadol', 'lisdexamfetamine', 'piperaquine', '75', 'mg', '12', 'hours', 'diethylpropion']",12
"Patient: 48F. Drugs: Resveratrol 75mg every 6 hours, Trapidil 50mg twice daily, Sodium stibogluconate.","['Resveratrol', 'Trapidil', 'Sodium stibogluconate']",1,1,antiplatelet activities,"patient: 48f. drugs: resveratrol 75mg every 6 hours, trapidil 50mg twice daily, sodium stibogluconate.","['patient', '48f', 'drugs', 'resveratrol', '75', 'mg', '6', 'hours', 'trapidil', '50', 'mg', 'twice', 'daily', 'sodium', 'stibogluconate']",15
"Patient: 30M. Drugs: Levothyroxine, Dienestrol 100mg three times daily.","['Levothyroxine', 'Dienestrol']",1,1,therapeutic efficacy,"patient: 30m. drugs: levothyroxine, dienestrol 100mg three times daily.","['patient', '30', 'm.', 'drugs', 'levothyroxine', 'dienestrol', '100', 'mg', 'times', 'daily']",10
"Patient: 45F. Drugs: Methdilazine 25mg before meals, Artesunate.","['Methdilazine', 'Artesunate']",0,0,none,"patient: 45f. drugs: methdilazine 25mg before meals, artesunate.","['patient', '45f', 'drugs', 'methdilazine', '25', 'mg', 'meals', 'artesunate']",8
"Patient: 52M. Drugs: Griseofulvin 500mg every 8 hours, Stanozolol.","['Griseofulvin', 'Stanozolol']",0,0,none,"patient: 52m. drugs: griseofulvin 500mg every 8 hours, stanozolol.","['patient', '52', 'm.', 'drugs', 'griseofulvin', '500', 'mg', '8', 'hours', 'stanozolol']",10
"Patient: 28F. Drugs: Bromocriptine, Propiverine.","['Bromocriptine', 'Propiverine']",1,2,vasoconstricting activities,"patient: 28f. drugs: bromocriptine, propiverine.","['patient', '28f', 'drugs', 'bromocriptine', 'propiverine']",5
"Patient: 35F. Drugs: Nabumetone 500mg before meals, Arbekacin, Tripelennamine.","['Nabumetone', 'Arbekacin', 'Tripelennamine']",1,2,excretion rate of higher serum level,"patient: 35f. drugs: nabumetone 500mg before meals, arbekacin, tripelennamine.","['patient', '35f', 'drugs', 'nabumetone', '500', 'mg', 'meals', 'arbekacin', 'tripelennamine']",9
"Patient: 33M. Drugs: Tadalafil 200mg every 8 hours, Riociguat, Cinchocaine 50mg twice daily.","['Tadalafil', 'Riociguat', 'Cinchocaine']",1,2,hypotensive activities,"patient: 33m. drugs: tadalafil 200mg every 8 hours, riociguat, cinchocaine 50mg twice daily.","['patient', '33', 'm.', 'drugs', 'tadalafil', '200', 'mg', '8', 'hours', 'riociguat', 'cinchocaine', '50', 'mg', 'twice', 'daily']",15
"Patient: 33M. Drugs: Dofetilide, Zinc sulfate 200mg every 12 hours, Levomethadyl Acetate 50mg three times daily.","['Dofetilide', 'Zinc sulfate', 'Levomethadyl Acetate']",0,0,none,"patient: 33m. drugs: dofetilide, zinc sulfate 200mg every 12 hours, levomethadyl acetate 50mg three times daily.","['patient', '33', 'm.', 'drugs', 'dofetilide', 'zinc', 'sulfate', '200', 'mg', '12', 'hours', 'levomethadyl', 'acetate', '50', 'mg', 'times', 'daily']",17
"Patient: 55F. Drugs: Phenylpropanolamine 50mg as needed, Dronabinol 100mg three times daily.","['Phenylpropanolamine', 'Dronabinol']",1,2,tachycardic activities,"patient: 55f. drugs: phenylpropanolamine 50mg as needed, dronabinol 100mg three times daily.","['patient', '55f', 'drugs', 'phenylpropanolamine', '50', 'mg', 'needed', 'dronabinol', '100', 'mg', 'times', 'daily']",12
"Patient: 48F. Drugs: Atenolol 50mg after meals, Brexpiprazole, Nalmefene 100mg after meals.","['Atenolol', 'Brexpiprazole', 'Nalmefene']",1,2,orthostatic hypotensive activities,"patient: 48f. drugs: atenolol 50mg after meals, brexpiprazole, nalmefene 100mg after meals.","['patient', '48f', 'drugs', 'atenolol', '50', 'mg', 'meals', 'brexpiprazole', 'nalmefene', '100', 'mg', 'meals']",12
"Patient: 35F. Drugs: Bendroflumethiazide, Linagliptin 200mg before meals, Gemcitabine.","['Bendroflumethiazide', 'Linagliptin', 'Gemcitabine']",1,1,therapeutic efficacy,"patient: 35f. drugs: bendroflumethiazide, linagliptin 200mg before meals, gemcitabine.","['patient', '35f', 'drugs', 'bendroflumethiazide', 'linagliptin', '200', 'mg', 'meals', 'gemcitabine']",9
"Patient: 33M. Drugs: Selegiline 25mg three times daily, Edoxaban, Moxidectin.","['Selegiline', 'Edoxaban', 'Moxidectin']",1,2,serum concentration,"patient: 33m. drugs: selegiline 25mg three times daily, edoxaban, moxidectin.","['patient', '33', 'm.', 'drugs', 'selegiline', '25', 'mg', 'times', 'daily', 'edoxaban', 'moxidectin']",11
"Patient: 58M. Drugs: Pentaerythritol Tetranitrate 500mg twice daily, Testosterone cypionate 25mg every 8 hours.","['Pentaerythritol Tetranitrate', 'Testosterone cypionate']",1,1,therapeutic efficacy,"patient: 58m. drugs: pentaerythritol tetranitrate 500mg twice daily, testosterone cypionate 25mg every 8 hours.","['patient', '58', 'm.', 'drugs', 'pentaerythritol', 'tetranitrate', '500', 'mg', 'twice', 'daily', 'testosterone', 'cypionate', '25', 'mg', '8', 'hours']",16
"Patient: 55F. Drugs: Bendroflumethiazide, Aceclofenac 50mg every 12 hours, Trimethadione.","['Bendroflumethiazide', 'Aceclofenac', 'Trimethadione']",1,1,therapeutic efficacy,"patient: 55f. drugs: bendroflumethiazide, aceclofenac 50mg every 12 hours, trimethadione.","['patient', '55f', 'drugs', 'bendroflumethiazide', 'aceclofenac', '50', 'mg', '12', 'hours', 'trimethadione']",10
"Patient: 48F. Drugs: Tadalafil 500mg once daily, Levobetaxolol 100mg twice daily, Capreomycin 25mg once daily, Ubidecarenone 100mg once daily.","['Tadalafil', 'Levobetaxolol', 'Capreomycin', 'Ubidecarenone']",0,0,none,"patient: 48f. drugs: tadalafil 500mg once daily, levobetaxolol 100mg twice daily, capreomycin 25mg once daily, ubidecarenone 100mg once daily.","['patient', '48f', 'drugs', 'tadalafil', '500', 'mg', 'daily', 'levobetaxolol', '100', 'mg', 'twice', 'daily', 'capreomycin', '25', 'mg', 'daily', 'ubidecarenone', '100', 'mg', 'daily']",20
"Patient: 40M. Drugs: Isotretinoin, Dienogest, Propofol 25mg every 12 hours.","['Isotretinoin', 'Dienogest', 'Propofol']",1,1,therapeutic efficacy,"patient: 40m. drugs: isotretinoin, dienogest, propofol 25mg every 12 hours.","['patient', '40', 'm.', 'drugs', 'isotretinoin', 'dienogest', 'propofol', '25', 'mg', '12', 'hours']",11
"Patient: 70F. Drugs: Pirenzepine, Vitamin E, Atracurium besylate, Pentamidine 75mg once daily.","['Pirenzepine', 'Vitamin E', 'Atracurium besylate', 'Pentamidine']",1,3,risk or severity of adverse effects,"patient: 70f. drugs: pirenzepine, vitamin e, atracurium besylate, pentamidine 75mg once daily.","['patient', '70f', 'drugs', 'pirenzepine', 'vitamin', 'e', 'atracurium', 'besylate', 'pentamidine', '75', 'mg', 'daily']",12
"Patient: 75M. Drugs: Metolazone, Alfentanil 500mg before meals, Rasagiline 75mg as needed.","['Metolazone', 'Alfentanil', 'Rasagiline']",1,3,risk or severity of adverse effects,"patient: 75m. drugs: metolazone, alfentanil 500mg before meals, rasagiline 75mg as needed.","['patient', '75', 'm.', 'drugs', 'metolazone', 'alfentanil', '500', 'mg', 'meals', 'rasagiline', '75', 'mg', 'needed']",13
"Patient: 55F. Drugs: Fludarabine, Oxymetazoline, Phylloquinone 100mg once daily.","['Fludarabine', 'Oxymetazoline', 'Phylloquinone']",0,0,none,"patient: 55f. drugs: fludarabine, oxymetazoline, phylloquinone 100mg once daily.","['patient', '55f', 'drugs', 'fludarabine', 'oxymetazoline', 'phylloquinone', '100', 'mg', 'daily']",9
"Patient: 48F. Drugs: Darunavir 75mg twice daily, Etoricoxib 500mg before meals, Tiaprofenic acid 500mg three times daily.","['Darunavir', 'Etoricoxib', 'Tiaprofenic acid']",1,2,serum concentration,"patient: 48f. drugs: darunavir 75mg twice daily, etoricoxib 500mg before meals, tiaprofenic acid 500mg three times daily.","['patient', '48f', 'drugs', 'darunavir', '75', 'mg', 'twice', 'daily', 'etoricoxib', '500', 'mg', 'meals', 'tiaprofenic', 'acid', '500', 'mg', 'times', 'daily']",18
"Patient: 60F. Drugs: Procaine 500mg after meals, Calcium lactate 75mg twice daily, Nicotinamide.","['Procaine', 'Calcium lactate', 'Nicotinamide']",0,0,none,"patient: 60f. drugs: procaine 500mg after meals, calcium lactate 75mg twice daily, nicotinamide.","['patient', '60f', 'drugs', 'procaine', '500', 'mg', 'meals', 'calcium', 'lactate', '75', 'mg', 'twice', 'daily', 'nicotinamide']",14
"Patient: 68M. Drugs: Griseofulvin, Magnesium sulfate, Pralatrexate.","['Griseofulvin', 'Magnesium sulfate', 'Pralatrexate']",1,1,therapeutic efficacy,"patient: 68m. drugs: griseofulvin, magnesium sulfate, pralatrexate.","['patient', '68', 'm.', 'drugs', 'griseofulvin', 'magnesium', 'sulfate', 'pralatrexate']",8
"Patient: 25F. Drugs: Thioproperazine 200mg every 8 hours, Tiapride 50mg every 8 hours, Limaprost 200mg after meals, Alclometasone 25mg every 8 hours.","['Thioproperazine', 'Tiapride', 'Limaprost', 'Alclometasone']",0,0,none,"patient: 25f. drugs: thioproperazine 200mg every 8 hours, tiapride 50mg every 8 hours, limaprost 200mg after meals, alclometasone 25mg every 8 hours.","['patient', '25f', 'drugs', 'thioproperazine', '200', 'mg', '8', 'hours', 'tiapride', '50', 'mg', '8', 'hours', 'limaprost', '200', 'mg', 'meals', 'alclometasone', '25', 'mg', '8', 'hours']",22
"Patient: 30M. Drugs: Indomethacin, Ropivacaine, Ketoprofen 25mg as needed, Dipyridamole 500mg every 6 hours.","['Indomethacin', 'Ropivacaine', 'Ketoprofen', 'Dipyridamole']",1,3,risk or severity of adverse effects,"patient: 30m. drugs: indomethacin, ropivacaine, ketoprofen 25mg as needed, dipyridamole 500mg every 6 hours.","['patient', '30', 'm.', 'drugs', 'indomethacin', 'ropivacaine', 'ketoprofen', '25', 'mg', 'needed', 'dipyridamole', '500', 'mg', '6', 'hours']",15
"Patient: 35F. Drugs: Fluoxetine 25mg every 6 hours, Clodronic Acid, Varenicline 75mg every 8 hours.","['Fluoxetine', 'Clodronic Acid', 'Varenicline']",1,1,antiplatelet activities,"patient: 35f. drugs: fluoxetine 25mg every 6 hours, clodronic acid, varenicline 75mg every 8 hours.","['patient', '35f', 'drugs', 'fluoxetine', '25', 'mg', '6', 'hours', 'clodronic', 'acid', 'varenicline', '75', 'mg', '8', 'hours']",15
"Patient: 55F. Drugs: Betamethasone 200mg before meals, Benperidol 500mg once daily.","['Betamethasone', 'Benperidol']",0,0,none,"patient: 55f. drugs: betamethasone 200mg before meals, benperidol 500mg once daily.","['patient', '55f', 'drugs', 'betamethasone', '200', 'mg', 'meals', 'benperidol', '500', 'mg', 'daily']",11
"Patient: 68M. Drugs: Posaconazole 25mg twice daily, Azelnidipine 100mg every 8 hours.","['Posaconazole', 'Azelnidipine']",1,1,therapeutic efficacy,"patient: 68m. drugs: posaconazole 25mg twice daily, azelnidipine 100mg every 8 hours.","['patient', '68', 'm.', 'drugs', 'posaconazole', '25', 'mg', 'twice', 'daily', 'azelnidipine', '100', 'mg', '8', 'hours']",14
"Patient: 35F. Drugs: Fluoxetine 25mg every 6 hours, Clodronic Acid, Varenicline 75mg every 8 hours.","['Fluoxetine', 'Clodronic Acid', 'Varenicline']",1,1,antiplatelet activities,"patient: 35f. drugs: fluoxetine 25mg every 6 hours, clodronic acid, varenicline 75mg every 8 hours.","['patient', '35f', 'drugs', 'fluoxetine', '25', 'mg', '6', 'hours', 'clodronic', 'acid', 'varenicline', '75', 'mg', '8', 'hours']",15
"Patient: 35F. Drugs: Meclofenamic acid, Tasosartan 25mg every 12 hours, Bambuterol 25mg once daily.","['Meclofenamic acid', 'Tasosartan', 'Bambuterol']",1,3,risk or severity of adverse effects,"patient: 35f. drugs: meclofenamic acid, tasosartan 25mg every 12 hours, bambuterol 25mg once daily.","['patient', '35f', 'drugs', 'meclofenamic', 'acid', 'tasosartan', '25', 'mg', '12', 'hours', 'bambuterol', '25', 'mg', 'daily']",14
"Patient: 45F. Drugs: Metyrapone 200mg as needed, Eluxadoline 50mg after meals, Bleomycin 100mg once daily.","['Metyrapone', 'Eluxadoline', 'Bleomycin']",0,0,none,"patient: 45f. drugs: metyrapone 200mg as needed, eluxadoline 50mg after meals, bleomycin 100mg once daily.","['patient', '45f', 'drugs', 'metyrapone', '200', 'mg', 'needed', 'eluxadoline', '50', 'mg', 'meals', 'bleomycin', '100', 'mg', 'daily']",15
"Patient: 68M. Drugs: Clobetasone 75mg once daily, Toremifene 100mg every 8 hours.","['Clobetasone', 'Toremifene']",0,0,none,"patient: 68m. drugs: clobetasone 75mg once daily, toremifene 100mg every 8 hours.","['patient', '68', 'm.', 'drugs', 'clobetasone', '75', 'mg', 'daily', 'toremifene', '100', 'mg', '8', 'hours']",13
"Patient: 28F. Drugs: Cilazapril 100mg every 12 hours, Temsirolimus 100mg before meals.","['Cilazapril', 'Temsirolimus']",1,3,risk or severity of adverse effects,"patient: 28f. drugs: cilazapril 100mg every 12 hours, temsirolimus 100mg before meals.","['patient', '28f', 'drugs', 'cilazapril', '100', 'mg', '12', 'hours', 'temsirolimus', '100', 'mg', 'meals']",12
"Patient: 48F. Drugs: Tiaprofenic acid, Folic Acid 75mg twice daily.","['Tiaprofenic acid', 'Folic Acid']",1,1,therapeutic efficacy,"patient: 48f. drugs: tiaprofenic acid, folic acid 75mg twice daily.","['patient', '48f', 'drugs', 'tiaprofenic', 'acid', 'folic', 'acid', '75', 'mg', 'twice', 'daily']",11
"Patient: 30M. Drugs: Levetiracetam 75mg every 12 hours, Ibuprofen, Zaleplon 100mg after meals.","['Levetiracetam', 'Ibuprofen', 'Zaleplon']",1,3,risk or severity of adverse effects,"patient: 30m. drugs: levetiracetam 75mg every 12 hours, ibuprofen, zaleplon 100mg after meals.","['patient', '30', 'm.', 'drugs', 'levetiracetam', '75', 'mg', '12', 'hours', 'ibuprofen', 'zaleplon', '100', 'mg', 'meals']",14
"Patient: 30M. Drugs: Etomidate, Protriptyline 500mg three times daily, Zidovudine 100mg once daily.","['Etomidate', 'Protriptyline', 'Zidovudine']",1,2,antihypertensive activities,"patient: 30m. drugs: etomidate, protriptyline 500mg three times daily, zidovudine 100mg once daily.","['patient', '30', 'm.', 'drugs', 'etomidate', 'protriptyline', '500', 'mg', 'times', 'daily', 'zidovudine', '100', 'mg', 'daily']",14
"Patient: 35F. Drugs: Amitriptyline 25mg after meals, Benzocaine 500mg twice daily.","['Amitriptyline', 'Benzocaine']",1,3,risk or severity of adverse effects,"patient: 35f. drugs: amitriptyline 25mg after meals, benzocaine 500mg twice daily.","['patient', '35f', 'drugs', 'amitriptyline', '25', 'mg', 'meals', 'benzocaine', '500', 'mg', 'twice', 'daily']",12
"Patient: 35F. Drugs: Tinidazole 500mg twice daily, Podofilox 200mg twice daily.","['Tinidazole', 'Podofilox']",0,0,none,"patient: 35f. drugs: tinidazole 500mg twice daily, podofilox 200mg twice daily.","['patient', '35f', 'drugs', 'tinidazole', '500', 'mg', 'twice', 'daily', 'podofilox', '200', 'mg', 'twice', 'daily']",13
"Patient: 55F. Drugs: Glycopyrronium 100mg every 12 hours, Decamethonium 100mg twice daily, Calcium Citrate 75mg before meals.","['Glycopyrronium', 'Decamethonium', 'Calcium Citrate']",1,1,therapeutic efficacy,"patient: 55f. drugs: glycopyrronium 100mg every 12 hours, decamethonium 100mg twice daily, calcium citrate 75mg before meals.","['patient', '55f', 'drugs', 'glycopyrronium', '100', 'mg', '12', 'hours', 'decamethonium', '100', 'mg', 'twice', 'daily', 'calcium', 'citrate', '75', 'mg', 'meals']",18
"Patient: 25F. Drugs: Celiprolol 75mg before meals, Exemestane.","['Celiprolol', 'Exemestane']",0,0,none,"patient: 25f. drugs: celiprolol 75mg before meals, exemestane.","['patient', '25f', 'drugs', 'celiprolol', '75', 'mg', 'meals', 'exemestane']",8
"Patient: 52M. Drugs: Losartan 75mg once daily, Tranilast 25mg every 8 hours, Lenalidomide 75mg after meals.","['Losartan', 'Tranilast', 'Lenalidomide']",1,3,risk or severity of adverse effects,"patient: 52m. drugs: losartan 75mg once daily, tranilast 25mg every 8 hours, lenalidomide 75mg after meals.","['patient', '52', 'm.', 'drugs', 'losartan', '75', 'mg', 'daily', 'tranilast', '25', 'mg', '8', 'hours', 'lenalidomide', '75', 'mg', 'meals']",17
"Patient: 35F. Drugs: Bivalirudin, Pethidine, Brivaracetam 200mg every 6 hours.","['Bivalirudin', 'Pethidine', 'Brivaracetam']",1,3,risk or severity of adverse effects,"patient: 35f. drugs: bivalirudin, pethidine, brivaracetam 200mg every 6 hours.","['patient', '35f', 'drugs', 'bivalirudin', 'pethidine', 'brivaracetam', '200', 'mg', '6', 'hours']",10
"Patient: 28F. Drugs: Fospropofol 50mg once daily, Perazine 200mg as needed.","['Fospropofol', 'Perazine']",1,3,risk or severity of adverse effects,"patient: 28f. drugs: fospropofol 50mg once daily, perazine 200mg as needed.","['patient', '28f', 'drugs', 'fospropofol', '50', 'mg', 'daily', 'perazine', '200', 'mg', 'needed']",11
"Patient: 48F. Drugs: Norgestimate 75mg twice daily, Malathion 200mg as needed, Molsidomine 25mg before meals, Procyclidine.","['Norgestimate', 'Malathion', 'Molsidomine', 'Procyclidine']",1,1,therapeutic efficacy,"patient: 48f. drugs: norgestimate 75mg twice daily, malathion 200mg as needed, molsidomine 25mg before meals, procyclidine.","['patient', '48f', 'drugs', 'norgestimate', '75', 'mg', 'twice', 'daily', 'malathion', '200', 'mg', 'needed', 'molsidomine', '25', 'mg', 'meals', 'procyclidine']",17
"Patient: 25F. Drugs: Dyphylline 50mg three times daily, Doxofylline 200mg every 6 hours.","['Dyphylline', 'Doxofylline']",1,3,risk or severity of adverse effects,"patient: 25f. drugs: dyphylline 50mg three times daily, doxofylline 200mg every 6 hours.","['patient', '25f', 'drugs', 'dyphylline', '50', 'mg', 'times', 'daily', 'doxofylline', '200', 'mg', '6', 'hours']",13
"Patient: 58M. Drugs: Paramethadione, Hexobarbital 50mg every 6 hours, Gliclazide.","['Paramethadione', 'Hexobarbital', 'Gliclazide']",0,0,none,"patient: 58m. drugs: paramethadione, hexobarbital 50mg every 6 hours, gliclazide.","['patient', '58', 'm.', 'drugs', 'paramethadione', 'hexobarbital', '50', 'mg', '6', 'hours', 'gliclazide']",11
"Patient: 25F. Drugs: Ketorolac, Captopril.","['Ketorolac', 'Captopril']",1,3,risk or severity of adverse effects,"patient: 25f. drugs: ketorolac, captopril.","['patient', '25f', 'drugs', 'ketorolac', 'captopril']",5
"Patient: 48F. Drugs: Sulfanilamide 75mg after meals, Ergotamine, Lomustine 75mg before meals.","['Sulfanilamide', 'Ergotamine', 'Lomustine']",1,3,risk or severity of adverse effects,"patient: 48f. drugs: sulfanilamide 75mg after meals, ergotamine, lomustine 75mg before meals.","['patient', '48f', 'drugs', 'sulfanilamide', '75', 'mg', 'meals', 'ergotamine', 'lomustine', '75', 'mg', 'meals']",12
"Patient: 30M. Drugs: Orciprenaline 100mg before meals, Levomilnacipran 75mg once daily, Acetazolamide 100mg every 12 hours.","['Orciprenaline', 'Levomilnacipran', 'Acetazolamide']",1,2,tachycardic activities,"patient: 30m. drugs: orciprenaline 100mg before meals, levomilnacipran 75mg once daily, acetazolamide 100mg every 12 hours.","['patient', '30', 'm.', 'drugs', 'orciprenaline', '100', 'mg', 'meals', 'levomilnacipran', '75', 'mg', 'daily', 'acetazolamide', '100', 'mg', '12', 'hours']",17
"Patient: 62M. Drugs: Pipotiazine 50mg every 6 hours, Drospirenone 200mg after meals, Retapamulin 75mg every 8 hours.","['Pipotiazine', 'Drospirenone', 'Retapamulin']",0,0,none,"patient: 62m. drugs: pipotiazine 50mg every 6 hours, drospirenone 200mg after meals, retapamulin 75mg every 8 hours.","['patient', '62', 'm.', 'drugs', 'pipotiazine', '50', 'mg', '6', 'hours', 'drospirenone', '200', 'mg', 'meals', 'retapamulin', '75', 'mg', '8', 'hours']",18
"Patient: 28F. Drugs: Dicloxacillin 50mg every 8 hours, Nicergoline, Isoxsuprine, Rifapentine.","['Dicloxacillin', 'Nicergoline', 'Isoxsuprine', 'Rifapentine']",1,2,vasoconstricting activities,"patient: 28f. drugs: dicloxacillin 50mg every 8 hours, nicergoline, isoxsuprine, rifapentine.","['patient', '28f', 'drugs', 'dicloxacillin', '50', 'mg', '8', 'hours', 'nicergoline', 'isoxsuprine', 'rifapentine']",11
"Patient: 35F. Drugs: Miltefosine 200mg after meals, Spiramycin 75mg every 8 hours, Deferasirox 75mg as needed, Tetryzoline.","['Miltefosine', 'Spiramycin', 'Deferasirox', 'Tetryzoline']",1,2,serum concentration,"patient: 35f. drugs: miltefosine 200mg after meals, spiramycin 75mg every 8 hours, deferasirox 75mg as needed, tetryzoline.","['patient', '35f', 'drugs', 'miltefosine', '200', 'mg', 'meals', 'spiramycin', '75', 'mg', '8', 'hours', 'deferasirox', '75', 'mg', 'needed', 'tetryzoline']",17
"Patient: 55F. Drugs: Betahistine 200mg after meals, Alcaftadine 200mg once daily, Oxcarbazepine 100mg as needed.","['Betahistine', 'Alcaftadine', 'Oxcarbazepine']",1,1,therapeutic efficacy,"patient: 55f. drugs: betahistine 200mg after meals, alcaftadine 200mg once daily, oxcarbazepine 100mg as needed.","['patient', '55f', 'drugs', 'betahistine', '200', 'mg', 'meals', 'alcaftadine', '200', 'mg', 'daily', 'oxcarbazepine', '100', 'mg', 'needed']",15
"Patient: 48F. Drugs: Hexobarbital, Ifenprodil 500mg as needed, Mitiglinide, Medroxyprogesterone acetate 50mg once daily.","['Hexobarbital', 'Ifenprodil', 'Mitiglinide', 'Medroxyprogesterone acetate']",1,1,therapeutic efficacy,"patient: 48f. drugs: hexobarbital, ifenprodil 500mg as needed, mitiglinide, medroxyprogesterone acetate 50mg once daily.","['patient', '48f', 'drugs', 'hexobarbital', 'ifenprodil', '500', 'mg', 'needed', 'mitiglinide', 'medroxyprogesterone', 'acetate', '50', 'mg', 'daily']",14
"Patient: 60F. Drugs: Moexipril 25mg every 12 hours, Vardenafil, Mafenide 500mg before meals.","['Moexipril', 'Vardenafil', 'Mafenide']",1,2,antihypertensive activities,"patient: 60f. drugs: moexipril 25mg every 12 hours, vardenafil, mafenide 500mg before meals.","['patient', '60f', 'drugs', 'moexipril', '25', 'mg', '12', 'hours', 'vardenafil', 'mafenide', '500', 'mg', 'meals']",13
"Patient: 70F. Drugs: Efavirenz, Tetracaine 25mg after meals, Eliglustat.","['Efavirenz', 'Tetracaine', 'Eliglustat']",1,3,risk or severity of adverse effects,"patient: 70f. drugs: efavirenz, tetracaine 25mg after meals, eliglustat.","['patient', '70f', 'drugs', 'efavirenz', 'tetracaine', '25', 'mg', 'meals', 'eliglustat']",9
"Patient: 68M. Drugs: Ketamine 75mg as needed, Pipamperone.","['Ketamine', 'Pipamperone']",1,3,risk or severity of adverse effects,"patient: 68m. drugs: ketamine 75mg as needed, pipamperone.","['patient', '68', 'm.', 'drugs', 'ketamine', '75', 'mg', 'needed', 'pipamperone']",9
"Patient: 58M. Drugs: Clarithromycin 75mg three times daily, Ticagrelor 500mg after meals, Deserpidine.","['Clarithromycin', 'Ticagrelor', 'Deserpidine']",1,2,serum concentration,"patient: 58m. drugs: clarithromycin 75mg three times daily, ticagrelor 500mg after meals, deserpidine.","['patient', '58', 'm.', 'drugs', 'clarithromycin', '75', 'mg', 'times', 'daily', 'ticagrelor', '500', 'mg', 'meals', 'deserpidine']",14
"Patient: 40M. Drugs: Polythiazide, Metamizole.","['Polythiazide', 'Metamizole']",1,1,therapeutic efficacy,"patient: 40m. drugs: polythiazide, metamizole.","['patient', '40', 'm.', 'drugs', 'polythiazide', 'metamizole']",6
"Patient: 60F. Drugs: Rifabutin 500mg every 12 hours, Ribociclib, Rufinamide 500mg twice daily.","['Rifabutin', 'Ribociclib', 'Rufinamide']",1,2,serum concentration,"patient: 60f. drugs: rifabutin 500mg every 12 hours, ribociclib, rufinamide 500mg twice daily.","['patient', '60f', 'drugs', 'rifabutin', '500', 'mg', '12', 'hours', 'ribociclib', 'rufinamide', '500', 'mg', 'twice', 'daily']",14
"Patient: 68M. Drugs: Trazodone 100mg three times daily, Bopindolol 25mg once daily.","['Trazodone', 'Bopindolol']",1,2,orthostatic hypotensive activities,"patient: 68m. drugs: trazodone 100mg three times daily, bopindolol 25mg once daily.","['patient', '68', 'm.', 'drugs', 'trazodone', '100', 'mg', 'times', 'daily', 'bopindolol', '25', 'mg', 'daily']",13
"Patient: 68M. Drugs: Alprazolam, Hexobarbital, Activated charcoal 100mg before meals.","['Alprazolam', 'Hexobarbital', 'Activated charcoal']",1,3,risk or severity of adverse effects,"patient: 68m. drugs: alprazolam, hexobarbital, activated charcoal 100mg before meals.","['patient', '68', 'm.', 'drugs', 'alprazolam', 'hexobarbital', 'activated', 'charcoal', '100', 'mg', 'meals']",11
"Patient: 62M. Drugs: Lacidipine 500mg every 12 hours, Calcium lactate 25mg once daily, Pivmecillinam 75mg as needed.","['Lacidipine', 'Calcium lactate', 'Pivmecillinam']",1,1,therapeutic efficacy,"patient: 62m. drugs: lacidipine 500mg every 12 hours, calcium lactate 25mg once daily, pivmecillinam 75mg as needed.","['patient', '62', 'm.', 'drugs', 'lacidipine', '500', 'mg', '12', 'hours', 'calcium', 'lactate', '25', 'mg', 'daily', 'pivmecillinam', '75', 'mg', 'needed']",18
"Patient: 55F. Drugs: Nafamostat 500mg as needed, Magnesium silicate.","['Nafamostat', 'Magnesium silicate']",0,0,none,"patient: 55f. drugs: nafamostat 500mg as needed, magnesium silicate.","['patient', '55f', 'drugs', 'nafamostat', '500', 'mg', 'needed', 'magnesium', 'silicate']",9
"Patient: 70F. Drugs: Mefloquine 75mg as needed, Methylscopolamine bromide 50mg every 12 hours.","['Mefloquine', 'Methylscopolamine bromide']",1,1,therapeutic efficacy,"patient: 70f. drugs: mefloquine 75mg as needed, methylscopolamine bromide 50mg every 12 hours.","['patient', '70f', 'drugs', 'mefloquine', '75', 'mg', 'needed', 'methylscopolamine', 'bromide', '50', 'mg', '12', 'hours']",13
"Patient: 30M. Drugs: Eprosartan 500mg twice daily, Nitrous acid 50mg after meals, Levonorgestrel 200mg before meals.","['Eprosartan', 'Nitrous acid', 'Levonorgestrel']",1,3,risk or severity of adverse effects,"patient: 30m. drugs: eprosartan 500mg twice daily, nitrous acid 50mg after meals, levonorgestrel 200mg before meals.","['patient', '30', 'm.', 'drugs', 'eprosartan', '500', 'mg', 'twice', 'daily', 'nitrous', 'acid', '50', 'mg', 'meals', 'levonorgestrel', '200', 'mg', 'meals']",18
"Patient: 30M. Drugs: Fenoprofen 200mg before meals, Epirizole, Ritodrine 100mg after meals.","['Fenoprofen', 'Epirizole', 'Ritodrine']",1,3,risk or severity of adverse effects,"patient: 30m. drugs: fenoprofen 200mg before meals, epirizole, ritodrine 100mg after meals.","['patient', '30', 'm.', 'drugs', 'fenoprofen', '200', 'mg', 'meals', 'epirizole', 'ritodrine', '100', 'mg', 'meals']",13
"Patient: 55F. Drugs: Calcitriol 100mg every 6 hours, Icatibant, Ceftriaxone 500mg as needed, Felodipine 25mg once daily.","['Calcitriol', 'Icatibant', 'Ceftriaxone', 'Felodipine']",0,0,none,"patient: 55f. drugs: calcitriol 100mg every 6 hours, icatibant, ceftriaxone 500mg as needed, felodipine 25mg once daily.","['patient', '55f', 'drugs', 'calcitriol', '100', 'mg', '6', 'hours', 'icatibant', 'ceftriaxone', '500', 'mg', 'needed', 'felodipine', '25', 'mg', 'daily']",17
"Patient: 55F. Drugs: Fondaparinux sodium 25mg every 6 hours, Amiloride 100mg three times daily.","['Fondaparinux sodium', 'Amiloride']",0,0,none,"patient: 55f. drugs: fondaparinux sodium 25mg every 6 hours, amiloride 100mg three times daily.","['patient', '55f', 'drugs', 'fondaparinux', 'sodium', '25', 'mg', '6', 'hours', 'amiloride', '100', 'mg', 'times', 'daily']",14
"Patient: 58M. Drugs: Topotecan 75mg as needed, Fenbufen 200mg every 8 hours, Magnesium hydroxide.","['Topotecan', 'Fenbufen', 'Magnesium hydroxide']",0,0,none,"patient: 58m. drugs: topotecan 75mg as needed, fenbufen 200mg every 8 hours, magnesium hydroxide.","['patient', '58', 'm.', 'drugs', 'topotecan', '75', 'mg', 'needed', 'fenbufen', '200', 'mg', '8', 'hours', 'magnesium', 'hydroxide']",15
"Patient: 33M. Drugs: Almotriptan 500mg after meals, Levobetaxolol.","['Almotriptan', 'Levobetaxolol']",0,0,none,"patient: 33m. drugs: almotriptan 500mg after meals, levobetaxolol.","['patient', '33', 'm.', 'drugs', 'almotriptan', '500', 'mg', 'meals', 'levobetaxolol']",9
"Patient: 25F. Drugs: Pantoprazole, Trabectedin 100mg every 8 hours, Meropenem.","['Pantoprazole', 'Trabectedin', 'Meropenem']",1,2,metabolism,"patient: 25f. drugs: pantoprazole, trabectedin 100mg every 8 hours, meropenem.","['patient', '25f', 'drugs', 'pantoprazole', 'trabectedin', '100', 'mg', '8', 'hours', 'meropenem']",10
"Patient: 28F. Drugs: Pyridostigmine 200mg every 6 hours, Flavoxate 25mg three times daily.","['Pyridostigmine', 'Flavoxate']",1,1,therapeutic efficacy,"patient: 28f. drugs: pyridostigmine 200mg every 6 hours, flavoxate 25mg three times daily.","['patient', '28f', 'drugs', 'pyridostigmine', '200', 'mg', '6', 'hours', 'flavoxate', '25', 'mg', 'times', 'daily']",13
"Patient: 60F. Drugs: Paroxetine 25mg every 12 hours, Dexibuprofen 75mg after meals, Alectinib 500mg every 6 hours.","['Paroxetine', 'Dexibuprofen', 'Alectinib']",1,1,antiplatelet activities,"patient: 60f. drugs: paroxetine 25mg every 12 hours, dexibuprofen 75mg after meals, alectinib 500mg every 6 hours.","['patient', '60f', 'drugs', 'paroxetine', '25', 'mg', '12', 'hours', 'dexibuprofen', '75', 'mg', 'meals', 'alectinib', '500', 'mg', '6', 'hours']",17
"Patient: 45F. Drugs: Perphenazine 50mg every 6 hours, Fencamfamine.","['Perphenazine', 'Fencamfamine']",1,3,risk or severity of adverse effects,"patient: 45f. drugs: perphenazine 50mg every 6 hours, fencamfamine.","['patient', '45f', 'drugs', 'perphenazine', '50', 'mg', '6', 'hours', 'fencamfamine']",9
"Patient: 30M. Drugs: Raloxifene 100mg once daily, Ivacaftor 50mg twice daily, Tetryzoline 500mg as needed.","['Raloxifene', 'Ivacaftor', 'Tetryzoline']",1,2,serum concentration,"patient: 30m. drugs: raloxifene 100mg once daily, ivacaftor 50mg twice daily, tetryzoline 500mg as needed.","['patient', '30', 'm.', 'drugs', 'raloxifene', '100', 'mg', 'daily', 'ivacaftor', '50', 'mg', 'twice', 'daily', 'tetryzoline', '500', 'mg', 'needed']",17
"Patient: 70F. Drugs: Perindopril 50mg twice daily, Delamanid 100mg every 8 hours.","['Perindopril', 'Delamanid']",0,0,none,"patient: 70f. drugs: perindopril 50mg twice daily, delamanid 100mg every 8 hours.","['patient', '70f', 'drugs', 'perindopril', '50', 'mg', 'twice', 'daily', 'delamanid', '100', 'mg', '8', 'hours']",13
"Patient: 25F. Drugs: Pancuronium 500mg every 6 hours, Alendronic acid 100mg every 6 hours, Physostigmine 75mg twice daily.","['Pancuronium', 'Alendronic acid', 'Physostigmine']",1,1,therapeutic efficacy,"patient: 25f. drugs: pancuronium 500mg every 6 hours, alendronic acid 100mg every 6 hours, physostigmine 75mg twice daily.","['patient', '25f', 'drugs', 'pancuronium', '500', 'mg', '6', 'hours', 'alendronic', 'acid', '100', 'mg', '6', 'hours', 'physostigmine', '75', 'mg', 'twice', 'daily']",19
"Patient: 28F. Drugs: Topotecan 200mg every 8 hours, Asunaprevir 50mg after meals, Angiotensin II 50mg once daily.","['Topotecan', 'Asunaprevir', 'Angiotensin II']",1,2,serum concentration,"patient: 28f. drugs: topotecan 200mg every 8 hours, asunaprevir 50mg after meals, angiotensin ii 50mg once daily.","['patient', '28f', 'drugs', 'topotecan', '200', 'mg', '8', 'hours', 'asunaprevir', '50', 'mg', 'meals', 'angiotensin', 'ii', '50', 'mg', 'daily']",17
"Patient: 35F. Drugs: Dosulepin, Azithromycin 25mg every 8 hours.","['Dosulepin', 'Azithromycin']",0,0,none,"patient: 35f. drugs: dosulepin, azithromycin 25mg every 8 hours.","['patient', '35f', 'drugs', 'dosulepin', 'azithromycin', '25', 'mg', '8', 'hours']",9
"Patient: 68M. Drugs: Terconazole 75mg after meals, Deoxycholic Acid 25mg after meals, Fluindione.","['Terconazole', 'Deoxycholic Acid', 'Fluindione']",1,3,risk or severity of adverse effects,"patient: 68m. drugs: terconazole 75mg after meals, deoxycholic acid 25mg after meals, fluindione.","['patient', '68', 'm.', 'drugs', 'terconazole', '75', 'mg', 'meals', 'deoxycholic', 'acid', '25', 'mg', 'meals', 'fluindione']",14
"Patient: 62M. Drugs: Calcitriol, Betamethasone 500mg as needed, Buclizine.","['Calcitriol', 'Betamethasone', 'Buclizine']",1,1,therapeutic efficacy,"patient: 62m. drugs: calcitriol, betamethasone 500mg as needed, buclizine.","['patient', '62', 'm.', 'drugs', 'calcitriol', 'betamethasone', '500', 'mg', 'needed', 'buclizine']",10
"Patient: 30M. Drugs: Alosetron, Polythiazide 50mg every 6 hours, Apremilast, Tacrine.","['Alosetron', 'Polythiazide', 'Apremilast', 'Tacrine']",1,1,therapeutic efficacy,"patient: 30m. drugs: alosetron, polythiazide 50mg every 6 hours, apremilast, tacrine.","['patient', '30', 'm.', 'drugs', 'alosetron', 'polythiazide', '50', 'mg', '6', 'hours', 'apremilast', 'tacrine']",12
"Patient: 55F. Drugs: Tegafur 500mg every 6 hours, Calcium levulinate 25mg three times daily, Clobetasol propionate 50mg every 6 hours, Felodipine.","['Tegafur', 'Calcium levulinate', 'Clobetasol propionate', 'Felodipine']",1,1,therapeutic efficacy,"patient: 55f. drugs: tegafur 500mg every 6 hours, calcium levulinate 25mg three times daily, clobetasol propionate 50mg every 6 hours, felodipine.","['patient', '55f', 'drugs', 'tegafur', '500', 'mg', '6', 'hours', 'calcium', 'levulinate', '25', 'mg', 'times', 'daily', 'clobetasol', 'propionate', '50', 'mg', '6', 'hours', 'felodipine']",21
"Patient: 75M. Drugs: Valproic Acid 500mg three times daily, Chlorzoxazone 75mg twice daily, Valdecoxib 50mg after meals.","['Valproic Acid', 'Chlorzoxazone', 'Valdecoxib']",1,3,risk or severity of adverse effects,"patient: 75m. drugs: valproic acid 500mg three times daily, chlorzoxazone 75mg twice daily, valdecoxib 50mg after meals.","['patient', '75', 'm.', 'drugs', 'valproic', 'acid', '500', 'mg', 'times', 'daily', 'chlorzoxazone', '75', 'mg', 'twice', 'daily', 'valdecoxib', '50', 'mg', 'meals']",19
"Patient: 60F. Drugs: Foscarnet, Vandetanib 25mg after meals.","['Foscarnet', 'Vandetanib']",1,2,QTc-prolonging activities,"patient: 60f. drugs: foscarnet, vandetanib 25mg after meals.","['patient', '60f', 'drugs', 'foscarnet', 'vandetanib', '25', 'mg', 'meals']",8
"Patient: 55F. Drugs: Carvedilol 100mg after meals, Etoricoxib, Sodium bicarbonate 100mg before meals.","['Carvedilol', 'Etoricoxib', 'Sodium bicarbonate']",1,2,antihypertensive activities,"patient: 55f. drugs: carvedilol 100mg after meals, etoricoxib, sodium bicarbonate 100mg before meals.","['patient', '55f', 'drugs', 'carvedilol', '100', 'mg', 'meals', 'etoricoxib', 'sodium', 'bicarbonate', '100', 'mg', 'meals']",13
"Patient: 25F. Drugs: Duloxetine 75mg every 12 hours, Bromfenac 500mg before meals, Rosiglitazone.","['Duloxetine', 'Bromfenac', 'Rosiglitazone']",1,1,antiplatelet activities,"patient: 25f. drugs: duloxetine 75mg every 12 hours, bromfenac 500mg before meals, rosiglitazone.","['patient', '25f', 'drugs', 'duloxetine', '75', 'mg', '12', 'hours', 'bromfenac', '500', 'mg', 'meals', 'rosiglitazone']",13
"Patient: 45F. Drugs: Chlorphenamine, Ranolazine 50mg twice daily, Potassium 75mg every 6 hours, Ambrisentan 500mg after meals.","['Chlorphenamine', 'Ranolazine', 'Potassium', 'Ambrisentan']",1,2,metabolism,"patient: 45f. drugs: chlorphenamine, ranolazine 50mg twice daily, potassium 75mg every 6 hours, ambrisentan 500mg after meals.","['patient', '45f', 'drugs', 'chlorphenamine', 'ranolazine', '50', 'mg', 'twice', 'daily', 'potassium', '75', 'mg', '6', 'hours', 'ambrisentan', '500', 'mg', 'meals']",18
"Patient: 55F. Drugs: Finafloxacin 200mg every 12 hours, Phentermine 25mg every 12 hours, Trandolapril, Sulfamoxole 100mg once daily.","['Finafloxacin', 'Phentermine', 'Trandolapril', 'Sulfamoxole']",0,0,none,"patient: 55f. drugs: finafloxacin 200mg every 12 hours, phentermine 25mg every 12 hours, trandolapril, sulfamoxole 100mg once daily.","['patient', '55f', 'drugs', 'finafloxacin', '200', 'mg', '12', 'hours', 'phentermine', '25', 'mg', '12', 'hours', 'trandolapril', 'sulfamoxole', '100', 'mg', 'daily']",18
"Patient: 28F. Drugs: Bimatoprost, Diazoxide, Lincomycin.","['Bimatoprost', 'Diazoxide', 'Lincomycin']",1,2,hypotensive activities,"patient: 28f. drugs: bimatoprost, diazoxide, lincomycin.","['patient', '28f', 'drugs', 'bimatoprost', 'diazoxide', 'lincomycin']",6
"Patient: 58M. Drugs: Emedastine 50mg every 6 hours, Betahistine 50mg every 12 hours, Calcipotriol 25mg as needed.","['Emedastine', 'Betahistine', 'Calcipotriol']",1,1,therapeutic efficacy,"patient: 58m. drugs: emedastine 50mg every 6 hours, betahistine 50mg every 12 hours, calcipotriol 25mg as needed.","['patient', '58', 'm.', 'drugs', 'emedastine', '50', 'mg', '6', 'hours', 'betahistine', '50', 'mg', '12', 'hours', 'calcipotriol', '25', 'mg', 'needed']",18
"Patient: 52M. Drugs: Trospium, Echothiophate 200mg every 8 hours, Alendronic acid 50mg every 6 hours.","['Trospium', 'Echothiophate', 'Alendronic acid']",1,1,therapeutic efficacy,"patient: 52m. drugs: trospium, echothiophate 200mg every 8 hours, alendronic acid 50mg every 6 hours.","['patient', '52', 'm.', 'drugs', 'trospium', 'echothiophate', '200', 'mg', '8', 'hours', 'alendronic', 'acid', '50', 'mg', '6', 'hours']",16
"Patient: 52M. Drugs: Trospium 75mg as needed, Hydrocodone.","['Trospium', 'Hydrocodone']",1,3,risk or severity of adverse effects,"patient: 52m. drugs: trospium 75mg as needed, hydrocodone.","['patient', '52', 'm.', 'drugs', 'trospium', '75', 'mg', 'needed', 'hydrocodone']",9
"Patient: 58M. Drugs: Sulfisoxazole 200mg every 8 hours, Flurazepam 75mg every 12 hours.","['Sulfisoxazole', 'Flurazepam']",1,2,metabolism,"patient: 58m. drugs: sulfisoxazole 200mg every 8 hours, flurazepam 75mg every 12 hours.","['patient', '58', 'm.', 'drugs', 'sulfisoxazole', '200', 'mg', '8', 'hours', 'flurazepam', '75', 'mg', '12', 'hours']",14
"Patient: 48F. Drugs: Tadalafil 500mg once daily, Levobetaxolol 100mg twice daily, Capreomycin 25mg once daily, Ubidecarenone 100mg once daily.","['Tadalafil', 'Levobetaxolol', 'Capreomycin', 'Ubidecarenone']",0,0,none,"patient: 48f. drugs: tadalafil 500mg once daily, levobetaxolol 100mg twice daily, capreomycin 25mg once daily, ubidecarenone 100mg once daily.","['patient', '48f', 'drugs', 'tadalafil', '500', 'mg', 'daily', 'levobetaxolol', '100', 'mg', 'twice', 'daily', 'capreomycin', '25', 'mg', 'daily', 'ubidecarenone', '100', 'mg', 'daily']",20
"Patient: 30M. Drugs: Chlorpropamide, Tipranavir 200mg once daily.","['Chlorpropamide', 'Tipranavir']",1,1,therapeutic efficacy,"patient: 30m. drugs: chlorpropamide, tipranavir 200mg once daily.","['patient', '30', 'm.', 'drugs', 'chlorpropamide', 'tipranavir', '200', 'mg', 'daily']",9
"Patient: 52M. Drugs: Olanzapine 75mg after meals, Canagliflozin 500mg after meals.","['Olanzapine', 'Canagliflozin']",1,1,therapeutic efficacy,"patient: 52m. drugs: olanzapine 75mg after meals, canagliflozin 500mg after meals.","['patient', '52', 'm.', 'drugs', 'olanzapine', '75', 'mg', 'meals', 'canagliflozin', '500', 'mg', 'meals']",12
"Patient: 58M. Drugs: Pentaerythritol Tetranitrate 500mg twice daily, Testosterone cypionate 25mg every 8 hours.","['Pentaerythritol Tetranitrate', 'Testosterone cypionate']",1,1,therapeutic efficacy,"patient: 58m. drugs: pentaerythritol tetranitrate 500mg twice daily, testosterone cypionate 25mg every 8 hours.","['patient', '58', 'm.', 'drugs', 'pentaerythritol', 'tetranitrate', '500', 'mg', 'twice', 'daily', 'testosterone', 'cypionate', '25', 'mg', '8', 'hours']",16
"Patient: 62M. Drugs: Gentamicin, Fidaxomicin 200mg before meals, Mesoridazine, Tromethamine 500mg twice daily.","['Gentamicin', 'Fidaxomicin', 'Mesoridazine', 'Tromethamine']",1,1,absorption,"patient: 62m. drugs: gentamicin, fidaxomicin 200mg before meals, mesoridazine, tromethamine 500mg twice daily.","['patient', '62', 'm.', 'drugs', 'gentamicin', 'fidaxomicin', '200', 'mg', 'meals', 'mesoridazine', 'tromethamine', '500', 'mg', 'twice', 'daily']",15
"Patient: 45F. Drugs: Bupivacaine, Loxapine 500mg three times daily.","['Bupivacaine', 'Loxapine']",1,3,risk or severity of adverse effects,"patient: 45f. drugs: bupivacaine, loxapine 500mg three times daily.","['patient', '45f', 'drugs', 'bupivacaine', 'loxapine', '500', 'mg', 'times', 'daily']",9
"Patient: 62M. Drugs: Calcitriol, Betamethasone 500mg as needed, Buclizine.","['Calcitriol', 'Betamethasone', 'Buclizine']",1,1,therapeutic efficacy,"patient: 62m. drugs: calcitriol, betamethasone 500mg as needed, buclizine.","['patient', '62', 'm.', 'drugs', 'calcitriol', 'betamethasone', '500', 'mg', 'needed', 'buclizine']",10
"Patient: 28F. Drugs: Potassium Iodide 50mg every 8 hours, Tolperisone 50mg after meals.","['Potassium Iodide', 'Tolperisone']",0,0,none,"patient: 28f. drugs: potassium iodide 50mg every 8 hours, tolperisone 50mg after meals.","['patient', '28f', 'drugs', 'potassium', 'iodide', '50', 'mg', '8', 'hours', 'tolperisone', '50', 'mg', 'meals']",13
"Patient: 30M. Drugs: Dacarbazine 25mg after meals, Digoxin.","['Dacarbazine', 'Digoxin']",1,2,cardiotoxic activities,"patient: 30m. drugs: dacarbazine 25mg after meals, digoxin.","['patient', '30', 'm.', 'drugs', 'dacarbazine', '25', 'mg', 'meals', 'digoxin']",9
"Patient: 55F. Drugs: Calcitriol 100mg every 6 hours, Icatibant, Ceftriaxone 500mg as needed, Felodipine 25mg once daily.","['Calcitriol', 'Icatibant', 'Ceftriaxone', 'Felodipine']",0,0,none,"patient: 55f. drugs: calcitriol 100mg every 6 hours, icatibant, ceftriaxone 500mg as needed, felodipine 25mg once daily.","['patient', '55f', 'drugs', 'calcitriol', '100', 'mg', '6', 'hours', 'icatibant', 'ceftriaxone', '500', 'mg', 'needed', 'felodipine', '25', 'mg', 'daily']",17
"Patient: 40M. Drugs: Cinitapride, Mefloquine, Benzylpenicilloyl Polylysine, Potassium 75mg after meals.","['Cinitapride', 'Mefloquine', 'Benzylpenicilloyl Polylysine', 'Potassium']",0,0,none,"patient: 40m. drugs: cinitapride, mefloquine, benzylpenicilloyl polylysine, potassium 75mg after meals.","['patient', '40', 'm.', 'drugs', 'cinitapride', 'mefloquine', 'benzylpenicilloyl', 'polylysine', 'potassium', '75', 'mg', 'meals']",12
"Patient: 45F. Drugs: Apomorphine 50mg every 6 hours, Bupranolol 75mg twice daily.","['Apomorphine', 'Bupranolol']",1,2,atrioventricular blocking (AV block) activities,"patient: 45f. drugs: apomorphine 50mg every 6 hours, bupranolol 75mg twice daily.","['patient', '45f', 'drugs', 'apomorphine', '50', 'mg', '6', 'hours', 'bupranolol', '75', 'mg', 'twice', 'daily']",13
"Patient: 68M. Drugs: Zuclopenthixol 75mg as needed, Zotepine 50mg before meals.","['Zuclopenthixol', 'Zotepine']",1,3,risk or severity of adverse effects,"patient: 68m. drugs: zuclopenthixol 75mg as needed, zotepine 50mg before meals.","['patient', '68', 'm.', 'drugs', 'zuclopenthixol', '75', 'mg', 'needed', 'zotepine', '50', 'mg', 'meals']",12
"Patient: 58M. Drugs: Diflunisal 25mg after meals, Dinoprost 500mg before meals.","['Diflunisal', 'Dinoprost']",1,1,therapeutic efficacy,"patient: 58m. drugs: diflunisal 25mg after meals, dinoprost 500mg before meals.","['patient', '58', 'm.', 'drugs', 'diflunisal', '25', 'mg', 'meals', 'dinoprost', '500', 'mg', 'meals']",12
"Patient: 58M. Drugs: Pentaerythritol Tetranitrate 500mg twice daily, Testosterone cypionate 25mg every 8 hours.","['Pentaerythritol Tetranitrate', 'Testosterone cypionate']",1,1,therapeutic efficacy,"patient: 58m. drugs: pentaerythritol tetranitrate 500mg twice daily, testosterone cypionate 25mg every 8 hours.","['patient', '58', 'm.', 'drugs', 'pentaerythritol', 'tetranitrate', '500', 'mg', 'twice', 'daily', 'testosterone', 'cypionate', '25', 'mg', '8', 'hours']",16
"Patient: 28F. Drugs: Clonidine, Chenodeoxycholic acid 50mg after meals, Antrafenine 50mg once daily.","['Clonidine', 'Chenodeoxycholic acid', 'Antrafenine']",0,0,none,"patient: 28f. drugs: clonidine, chenodeoxycholic acid 50mg after meals, antrafenine 50mg once daily.","['patient', '28f', 'drugs', 'clonidine', 'chenodeoxycholic', 'acid', '50', 'mg', 'meals', 'antrafenine', '50', 'mg', 'daily']",13
"Patient: 68M. Drugs: Posaconazole 25mg twice daily, Azelnidipine 100mg every 8 hours.","['Posaconazole', 'Azelnidipine']",1,1,therapeutic efficacy,"patient: 68m. drugs: posaconazole 25mg twice daily, azelnidipine 100mg every 8 hours.","['patient', '68', 'm.', 'drugs', 'posaconazole', '25', 'mg', 'twice', 'daily', 'azelnidipine', '100', 'mg', '8', 'hours']",14
"Patient: 40M. Drugs: Choline 25mg every 8 hours, Midostaurin, Chloroprocaine.","['Choline', 'Midostaurin', 'Chloroprocaine']",0,0,none,"patient: 40m. drugs: choline 25mg every 8 hours, midostaurin, chloroprocaine.","['patient', '40', 'm.', 'drugs', 'choline', '25', 'mg', '8', 'hours', 'midostaurin', 'chloroprocaine']",11
"Patient: 25F. Drugs: Quazepam, Tasimelteon.","['Quazepam', 'Tasimelteon']",1,3,risk or severity of adverse effects,"patient: 25f. drugs: quazepam, tasimelteon.","['patient', '25f', 'drugs', 'quazepam', 'tasimelteon']",5
"Patient: 45F. Drugs: Medrogestone, Belinostat, Rucaparib 50mg before meals.","['Medrogestone', 'Belinostat', 'Rucaparib']",0,0,none,"patient: 45f. drugs: medrogestone, belinostat, rucaparib 50mg before meals.","['patient', '45f', 'drugs', 'medrogestone', 'belinostat', 'rucaparib', '50', 'mg', 'meals']",9
"Patient: 58M. Drugs: Etomidate, Phenoxybenzamine 25mg as needed, Malathion 50mg twice daily.","['Etomidate', 'Phenoxybenzamine', 'Malathion']",1,2,vasoconstricting activities,"patient: 58m. drugs: etomidate, phenoxybenzamine 25mg as needed, malathion 50mg twice daily.","['patient', '58', 'm.', 'drugs', 'etomidate', 'phenoxybenzamine', '25', 'mg', 'needed', 'malathion', '50', 'mg', 'twice', 'daily']",14
"Patient: 28F. Drugs: Sulfapyridine 25mg every 8 hours, Zinc oxide, Naphazoline 500mg every 8 hours, Lumiracoxib 75mg every 8 hours.","['Sulfapyridine', 'Zinc oxide', 'Naphazoline', 'Lumiracoxib']",0,0,none,"patient: 28f. drugs: sulfapyridine 25mg every 8 hours, zinc oxide, naphazoline 500mg every 8 hours, lumiracoxib 75mg every 8 hours.","['patient', '28f', 'drugs', 'sulfapyridine', '25', 'mg', '8', 'hours', 'zinc', 'oxide', 'naphazoline', '500', 'mg', '8', 'hours', 'lumiracoxib', '75', 'mg', '8', 'hours']",20
"Patient: 70F. Drugs: Micafungin 200mg once daily, Efonidipine.","['Micafungin', 'Efonidipine']",1,1,therapeutic efficacy,"patient: 70f. drugs: micafungin 200mg once daily, efonidipine.","['patient', '70f', 'drugs', 'micafungin', '200', 'mg', 'daily', 'efonidipine']",8
"Patient: 25F. Drugs: Minaprine, Tobramycin 500mg three times daily, Tadalafil 75mg after meals.","['Minaprine', 'Tobramycin', 'Tadalafil']",0,0,none,"patient: 25f. drugs: minaprine, tobramycin 500mg three times daily, tadalafil 75mg after meals.","['patient', '25f', 'drugs', 'minaprine', 'tobramycin', '500', 'mg', 'times', 'daily', 'tadalafil', '75', 'mg', 'meals']",13
"Patient: 52M. Drugs: Terfenadine, Phenobarbital 200mg as needed, Potassium Chloride 100mg twice daily.","['Terfenadine', 'Phenobarbital', 'Potassium Chloride']",1,2,metabolism,"patient: 52m. drugs: terfenadine, phenobarbital 200mg as needed, potassium chloride 100mg twice daily.","['patient', '52', 'm.', 'drugs', 'terfenadine', 'phenobarbital', '200', 'mg', 'needed', 'potassium', 'chloride', '100', 'mg', 'twice', 'daily']",15
"Patient: 55F. Drugs: Etodolac 75mg once daily, Spirapril, Sulfamerazine 500mg every 6 hours.","['Etodolac', 'Spirapril', 'Sulfamerazine']",1,3,risk or severity of adverse effects,"patient: 55f. drugs: etodolac 75mg once daily, spirapril, sulfamerazine 500mg every 6 hours.","['patient', '55f', 'drugs', 'etodolac', '75', 'mg', 'daily', 'spirapril', 'sulfamerazine', '500', 'mg', '6', 'hours']",13
"Patient: 33M. Drugs: Ferrous bisglycinate 100mg twice daily, Lodoxamide, Bexarotene 50mg after meals, Aminoglutethimide 25mg after meals.","['Ferrous bisglycinate', 'Lodoxamide', 'Bexarotene', 'Aminoglutethimide']",0,0,none,"patient: 33m. drugs: ferrous bisglycinate 100mg twice daily, lodoxamide, bexarotene 50mg after meals, aminoglutethimide 25mg after meals.","['patient', '33', 'm.', 'drugs', 'ferrous', 'bisglycinate', '100', 'mg', 'twice', 'daily', 'lodoxamide', 'bexarotene', '50', 'mg', 'meals', 'aminoglutethimide', '25', 'mg', 'meals']",19
"Patient: 35F. Drugs: Hydrocortisone, Mifamurtide.","['Hydrocortisone', 'Mifamurtide']",1,1,therapeutic efficacy,"patient: 35f. drugs: hydrocortisone, mifamurtide.","['patient', '35f', 'drugs', 'hydrocortisone', 'mifamurtide']",5
"Patient: 45F. Drugs: Milnacipran 75mg every 6 hours, Morniflumate 25mg twice daily, Delorazepam 200mg three times daily.","['Milnacipran', 'Morniflumate', 'Delorazepam']",1,1,antiplatelet activities,"patient: 45f. drugs: milnacipran 75mg every 6 hours, morniflumate 25mg twice daily, delorazepam 200mg three times daily.","['patient', '45f', 'drugs', 'milnacipran', '75', 'mg', '6', 'hours', 'morniflumate', '25', 'mg', 'twice', 'daily', 'delorazepam', '200', 'mg', 'times', 'daily']",18
"Patient: 55F. Drugs: Fusidic Acid 100mg three times daily, Pirlindole 200mg before meals, Methyl salicylate, Ospemifene 25mg twice daily.","['Fusidic Acid', 'Pirlindole', 'Methyl salicylate', 'Ospemifene']",1,2,serum concentration,"patient: 55f. drugs: fusidic acid 100mg three times daily, pirlindole 200mg before meals, methyl salicylate, ospemifene 25mg twice daily.","['patient', '55f', 'drugs', 'fusidic', 'acid', '100', 'mg', 'times', 'daily', 'pirlindole', '200', 'mg', 'meals', 'methyl', 'salicylate', 'ospemifene', '25', 'mg', 'twice', 'daily']",20
"Patient: 68M. Drugs: Ketamine 75mg as needed, Pipamperone.","['Ketamine', 'Pipamperone']",1,3,risk or severity of adverse effects,"patient: 68m. drugs: ketamine 75mg as needed, pipamperone.","['patient', '68', 'm.', 'drugs', 'ketamine', '75', 'mg', 'needed', 'pipamperone']",9
"Patient: 75M. Drugs: Metolazone, Daptomycin 200mg as needed.","['Metolazone', 'Daptomycin']",0,0,none,"patient: 75m. drugs: metolazone, daptomycin 200mg as needed.","['patient', '75', 'm.', 'drugs', 'metolazone', 'daptomycin', '200', 'mg', 'needed']",9
"Patient: 68M. Drugs: Cholesterol, Pioglitazone 25mg every 6 hours.","['Cholesterol', 'Pioglitazone']",0,0,none,"patient: 68m. drugs: cholesterol, pioglitazone 25mg every 6 hours.","['patient', '68', 'm.', 'drugs', 'cholesterol', 'pioglitazone', '25', 'mg', '6', 'hours']",10
"Patient: 48F. Drugs: Sulfamethazine 500mg three times daily, Methantheline, Alatrofloxacin.","['Sulfamethazine', 'Methantheline', 'Alatrofloxacin']",0,0,none,"patient: 48f. drugs: sulfamethazine 500mg three times daily, methantheline, alatrofloxacin.","['patient', '48f', 'drugs', 'sulfamethazine', '500', 'mg', 'times', 'daily', 'methantheline', 'alatrofloxacin']",10
"Patient: 48F. Drugs: Tenoxicam, Dronedarone 50mg once daily, Valganciclovir, Sotalol 200mg after meals.","['Tenoxicam', 'Dronedarone', 'Valganciclovir', 'Sotalol']",1,2,antihypertensive activities,"patient: 48f. drugs: tenoxicam, dronedarone 50mg once daily, valganciclovir, sotalol 200mg after meals.","['patient', '48f', 'drugs', 'tenoxicam', 'dronedarone', '50', 'mg', 'daily', 'valganciclovir', 'sotalol', '200', 'mg', 'meals']",13
"Patient: 48F. Drugs: Daptomycin, Camazepam 25mg once daily.","['Daptomycin', 'Camazepam']",0,0,none,"patient: 48f. drugs: daptomycin, camazepam 25mg once daily.","['patient', '48f', 'drugs', 'daptomycin', 'camazepam', '25', 'mg', 'daily']",8
"Patient: 45F. Drugs: Edetic Acid 75mg every 8 hours, Gestodene 50mg twice daily, Kanamycin.","['Edetic Acid', 'Gestodene', 'Kanamycin']",1,1,therapeutic efficacy,"patient: 45f. drugs: edetic acid 75mg every 8 hours, gestodene 50mg twice daily, kanamycin.","['patient', '45f', 'drugs', 'edetic', 'acid', '75', 'mg', '8', 'hours', 'gestodene', '50', 'mg', 'twice', 'daily', 'kanamycin']",15
"Patient: 35F. Drugs: Hexobarbital, Aliskiren 100mg every 8 hours, Deutetrabenazine, Choline salicylate 25mg every 8 hours.","['Hexobarbital', 'Aliskiren', 'Deutetrabenazine', 'Choline salicylate']",1,3,risk or severity of sedation and somnolence,"patient: 35f. drugs: hexobarbital, aliskiren 100mg every 8 hours, deutetrabenazine, choline salicylate 25mg every 8 hours.","['patient', '35f', 'drugs', 'hexobarbital', 'aliskiren', '100', 'mg', '8', 'hours', 'deutetrabenazine', 'choline', 'salicylate', '25', 'mg', '8', 'hours']",16
"Patient: 35F. Drugs: Fluindione 500mg once daily, Testosterone undecanoate 50mg as needed.","['Fluindione', 'Testosterone undecanoate']",1,1,therapeutic efficacy,"patient: 35f. drugs: fluindione 500mg once daily, testosterone undecanoate 50mg as needed.","['patient', '35f', 'drugs', 'fluindione', '500', 'mg', 'daily', 'testosterone', 'undecanoate', '50', 'mg', 'needed']",12
"Patient: 55F. Drugs: Trimethadione 100mg once daily, Sulconazole 200mg twice daily, Crisaborole 50mg once daily.","['Trimethadione', 'Sulconazole', 'Crisaborole']",1,1,therapeutic efficacy,"patient: 55f. drugs: trimethadione 100mg once daily, sulconazole 200mg twice daily, crisaborole 50mg once daily.","['patient', '55f', 'drugs', 'trimethadione', '100', 'mg', 'daily', 'sulconazole', '200', 'mg', 'twice', 'daily', 'crisaborole', '50', 'mg', 'daily']",16
"Patient: 25F. Drugs: Ketorolac, Captopril.","['Ketorolac', 'Captopril']",1,3,risk or severity of adverse effects,"patient: 25f. drugs: ketorolac, captopril.","['patient', '25f', 'drugs', 'ketorolac', 'captopril']",5
"Patient: 35F. Drugs: Hydrocortisone, Mifamurtide.","['Hydrocortisone', 'Mifamurtide']",1,1,therapeutic efficacy,"patient: 35f. drugs: hydrocortisone, mifamurtide.","['patient', '35f', 'drugs', 'hydrocortisone', 'mifamurtide']",5
"Patient: 40M. Drugs: Besifloxacin 200mg once daily, Testosterone enanthate 50mg every 12 hours, Levobunolol 500mg before meals.","['Besifloxacin', 'Testosterone enanthate', 'Levobunolol']",0,0,none,"patient: 40m. drugs: besifloxacin 200mg once daily, testosterone enanthate 50mg every 12 hours, levobunolol 500mg before meals.","['patient', '40', 'm.', 'drugs', 'besifloxacin', '200', 'mg', 'daily', 'testosterone', 'enanthate', '50', 'mg', '12', 'hours', 'levobunolol', '500', 'mg', 'meals']",18
"Patient: 60F. Drugs: Gestrinone 200mg twice daily, Protokylol 75mg three times daily, Oxybutynin 75mg as needed.","['Gestrinone', 'Protokylol', 'Oxybutynin']",0,0,none,"patient: 60f. drugs: gestrinone 200mg twice daily, protokylol 75mg three times daily, oxybutynin 75mg as needed.","['patient', '60f', 'drugs', 'gestrinone', '200', 'mg', 'twice', 'daily', 'protokylol', '75', 'mg', 'times', 'daily', 'oxybutynin', '75', 'mg', 'needed']",17
"Patient: 52M. Drugs: Lomustine 50mg three times daily, Isothipendyl 500mg twice daily.","['Lomustine', 'Isothipendyl']",0,0,none,"patient: 52m. drugs: lomustine 50mg three times daily, isothipendyl 500mg twice daily.","['patient', '52', 'm.', 'drugs', 'lomustine', '50', 'mg', 'times', 'daily', 'isothipendyl', '500', 'mg', 'twice', 'daily']",14
"Patient: 62M. Drugs: Celecoxib, Bromocriptine 50mg three times daily, Telithromycin 100mg before meals, Raltitrexed.","['Celecoxib', 'Bromocriptine', 'Telithromycin', 'Raltitrexed']",1,3,risk or severity of adverse effects,"patient: 62m. drugs: celecoxib, bromocriptine 50mg three times daily, telithromycin 100mg before meals, raltitrexed.","['patient', '62', 'm.', 'drugs', 'celecoxib', 'bromocriptine', '50', 'mg', 'times', 'daily', 'telithromycin', '100', 'mg', 'meals', 'raltitrexed']",15
"Patient: 25F. Drugs: Cefepime 500mg twice daily, Fluprednisolone 500mg as needed.","['Cefepime', 'Fluprednisolone']",0,0,none,"patient: 25f. drugs: cefepime 500mg twice daily, fluprednisolone 500mg as needed.","['patient', '25f', 'drugs', 'cefepime', '500', 'mg', 'twice', 'daily', 'fluprednisolone', '500', 'mg', 'needed']",12
"Patient: 28F. Drugs: Cortisone acetate 100mg after meals, Reserpine.","['Cortisone acetate', 'Reserpine']",0,0,none,"patient: 28f. drugs: cortisone acetate 100mg after meals, reserpine.","['patient', '28f', 'drugs', 'cortisone', 'acetate', '100', 'mg', 'meals', 'reserpine']",9
"Patient: 30M. Drugs: Vorinostat, Atenolol 200mg after meals, Mycophenolate mofetil 75mg once daily, Propericiazine 200mg three times daily.","['Vorinostat', 'Atenolol', 'Mycophenolate mofetil', 'Propericiazine']",1,2,antihypertensive activities,"patient: 30m. drugs: vorinostat, atenolol 200mg after meals, mycophenolate mofetil 75mg once daily, propericiazine 200mg three times daily.","['patient', '30', 'm.', 'drugs', 'vorinostat', 'atenolol', '200', 'mg', 'meals', 'mycophenolate', 'mofetil', '75', 'mg', 'daily', 'propericiazine', '200', 'mg', 'times', 'daily']",19
"Patient: 60F. Drugs: Methazolamide, Sufentanil.","['Methazolamide', 'Sufentanil']",1,3,risk or severity of adverse effects,"patient: 60f. drugs: methazolamide, sufentanil.","['patient', '60f', 'drugs', 'methazolamide', 'sufentanil']",5
"Patient: 52M. Drugs: Trospium 75mg as needed, Hydrocodone.","['Trospium', 'Hydrocodone']",1,3,risk or severity of adverse effects,"patient: 52m. drugs: trospium 75mg as needed, hydrocodone.","['patient', '52', 'm.', 'drugs', 'trospium', '75', 'mg', 'needed', 'hydrocodone']",9
"Patient: 68M. Drugs: Tioconazole 75mg once daily, Rifampicin.","['Tioconazole', 'Rifampicin']",1,2,serum concentration,"patient: 68m. drugs: tioconazole 75mg once daily, rifampicin.","['patient', '68', 'm.', 'drugs', 'tioconazole', '75', 'mg', 'daily', 'rifampicin']",9
"Patient: 30M. Drugs: Practolol 500mg as needed, Sulfamethizole 75mg three times daily, Ouabain 100mg twice daily, Tubocurarine 200mg as needed.","['Practolol', 'Sulfamethizole', 'Ouabain', 'Tubocurarine']",1,2,bradycardic activities,"patient: 30m. drugs: practolol 500mg as needed, sulfamethizole 75mg three times daily, ouabain 100mg twice daily, tubocurarine 200mg as needed.","['patient', '30', 'm.', 'drugs', 'practolol', '500', 'mg', 'needed', 'sulfamethizole', '75', 'mg', 'times', 'daily', 'ouabain', '100', 'mg', 'twice', 'daily', 'tubocurarine', '200', 'mg', 'needed']",22
"Patient: 40M. Drugs: Methylphenobarbital 50mg every 8 hours, Dienogest 75mg every 8 hours, Meticillin 25mg every 6 hours.","['Methylphenobarbital', 'Dienogest', 'Meticillin']",1,1,therapeutic efficacy,"patient: 40m. drugs: methylphenobarbital 50mg every 8 hours, dienogest 75mg every 8 hours, meticillin 25mg every 6 hours.","['patient', '40', 'm.', 'drugs', 'methylphenobarbital', '50', 'mg', '8', 'hours', 'dienogest', '75', 'mg', '8', 'hours', 'meticillin', '25', 'mg', '6', 'hours']",19
"Patient: 52M. Drugs: Protokylol, Isoflurophate, Capsaicin 500mg every 8 hours.","['Protokylol', 'Isoflurophate', 'Capsaicin']",0,0,none,"patient: 52m. drugs: protokylol, isoflurophate, capsaicin 500mg every 8 hours.","['patient', '52', 'm.', 'drugs', 'protokylol', 'isoflurophate', 'capsaicin', '500', 'mg', '8', 'hours']",11
"Patient: 28F. Drugs: Indinavir 100mg every 6 hours, Zalcitabine 200mg three times daily, Levallorphan 75mg before meals.","['Indinavir', 'Zalcitabine', 'Levallorphan']",1,2,metabolism,"patient: 28f. drugs: indinavir 100mg every 6 hours, zalcitabine 200mg three times daily, levallorphan 75mg before meals.","['patient', '28f', 'drugs', 'indinavir', '100', 'mg', '6', 'hours', 'zalcitabine', '200', 'mg', 'times', 'daily', 'levallorphan', '75', 'mg', 'meals']",17
"Patient: 68M. Drugs: Benperidol 50mg three times daily, Lorazepam 50mg as needed, Lamivudine 500mg before meals.","['Benperidol', 'Lorazepam', 'Lamivudine']",1,3,risk or severity of adverse effects,"patient: 68m. drugs: benperidol 50mg three times daily, lorazepam 50mg as needed, lamivudine 500mg before meals.","['patient', '68', 'm.', 'drugs', 'benperidol', '50', 'mg', 'times', 'daily', 'lorazepam', '50', 'mg', 'needed', 'lamivudine', '500', 'mg', 'meals']",17
"Patient: 40M. Drugs: Netilmicin, Oxyphenbutazone 25mg after meals, Prednicarbate 200mg every 8 hours.","['Netilmicin', 'Oxyphenbutazone', 'Prednicarbate']",1,2,excretion rate of higher serum level,"patient: 40m. drugs: netilmicin, oxyphenbutazone 25mg after meals, prednicarbate 200mg every 8 hours.","['patient', '40', 'm.', 'drugs', 'netilmicin', 'oxyphenbutazone', '25', 'mg', 'meals', 'prednicarbate', '200', 'mg', '8', 'hours']",14
"Patient: 70F. Drugs: Carbachol 75mg before meals, Bevantolol 75mg every 8 hours.","['Carbachol', 'Bevantolol']",1,3,risk or severity of adverse effects,"patient: 70f. drugs: carbachol 75mg before meals, bevantolol 75mg every 8 hours.","['patient', '70f', 'drugs', 'carbachol', '75', 'mg', 'meals', 'bevantolol', '75', 'mg', '8', 'hours']",12
"Patient: 52M. Drugs: Vismodegib, Netupitant 100mg every 8 hours, Cisplatin.","['Vismodegib', 'Netupitant', 'Cisplatin']",1,2,serum concentration,"patient: 52m. drugs: vismodegib, netupitant 100mg every 8 hours, cisplatin.","['patient', '52', 'm.', 'drugs', 'vismodegib', 'netupitant', '100', 'mg', '8', 'hours', 'cisplatin']",11
"Patient: 33M. Drugs: Atazanavir 50mg every 8 hours, Gliclazide 50mg as needed, Alitretinoin.","['Atazanavir', 'Gliclazide', 'Alitretinoin']",1,1,therapeutic efficacy,"patient: 33m. drugs: atazanavir 50mg every 8 hours, gliclazide 50mg as needed, alitretinoin.","['patient', '33', 'm.', 'drugs', 'atazanavir', '50', 'mg', '8', 'hours', 'gliclazide', '50', 'mg', 'needed', 'alitretinoin']",14
"Patient: 75M. Drugs: Brinzolamide 100mg as needed, Nilotinib 25mg once daily, Tartaric acid.","['Brinzolamide', 'Nilotinib', 'Tartaric acid']",1,2,metabolism,"patient: 75m. drugs: brinzolamide 100mg as needed, nilotinib 25mg once daily, tartaric acid.","['patient', '75', 'm.', 'drugs', 'brinzolamide', '100', 'mg', 'needed', 'nilotinib', '25', 'mg', 'daily', 'tartaric', 'acid']",14
"Patient: 25F. Drugs: Tramadol 75mg every 12 hours, Pseudoephedrine, Sodium oxybate.","['Tramadol', 'Pseudoephedrine', 'Sodium oxybate']",1,1,analgesic activities,"patient: 25f. drugs: tramadol 75mg every 12 hours, pseudoephedrine, sodium oxybate.","['patient', '25f', 'drugs', 'tramadol', '75', 'mg', '12', 'hours', 'pseudoephedrine', 'sodium', 'oxybate']",11
"Patient: 28F. Drugs: Fosinopril 100mg as needed, Balsalazide 100mg after meals, Nefazodone 25mg as needed.","['Fosinopril', 'Balsalazide', 'Nefazodone']",1,3,risk or severity of adverse effects,"patient: 28f. drugs: fosinopril 100mg as needed, balsalazide 100mg after meals, nefazodone 25mg as needed.","['patient', '28f', 'drugs', 'fosinopril', '100', 'mg', 'needed', 'balsalazide', '100', 'mg', 'meals', 'nefazodone', '25', 'mg', 'needed']",15
"Patient: 62M. Drugs: Miglitol 200mg as needed, Sirolimus, Testosterone undecanoate 100mg once daily.","['Miglitol', 'Sirolimus', 'Testosterone undecanoate']",1,1,therapeutic efficacy,"patient: 62m. drugs: miglitol 200mg as needed, sirolimus, testosterone undecanoate 100mg once daily.","['patient', '62', 'm.', 'drugs', 'miglitol', '200', 'mg', 'needed', 'sirolimus', 'testosterone', 'undecanoate', '100', 'mg', 'daily']",14
"Patient: 48F. Drugs: Lorpiprazole 75mg three times daily, Estradiol acetate 25mg before meals.","['Lorpiprazole', 'Estradiol acetate']",1,2,serum concentration,"patient: 48f. drugs: lorpiprazole 75mg three times daily, estradiol acetate 25mg before meals.","['patient', '48f', 'drugs', 'lorpiprazole', '75', 'mg', 'times', 'daily', 'estradiol', 'acetate', '25', 'mg', 'meals']",13
"Patient: 28F. Drugs: Proparacaine 25mg after meals, Cyclizine 100mg after meals, Palmitic Acid 100mg three times daily.","['Proparacaine', 'Cyclizine', 'Palmitic Acid']",1,3,risk or severity of adverse effects,"patient: 28f. drugs: proparacaine 25mg after meals, cyclizine 100mg after meals, palmitic acid 100mg three times daily.","['patient', '28f', 'drugs', 'proparacaine', '25', 'mg', 'meals', 'cyclizine', '100', 'mg', 'meals', 'palmitic', 'acid', '100', 'mg', 'times', 'daily']",17
"Patient: 33M. Drugs: Rosoxacin, Suprofen 50mg three times daily, Fentanyl 100mg once daily.","['Rosoxacin', 'Suprofen', 'Fentanyl']",1,2,neuroexcitatory activities,"patient: 33m. drugs: rosoxacin, suprofen 50mg three times daily, fentanyl 100mg once daily.","['patient', '33', 'm.', 'drugs', 'rosoxacin', 'suprofen', '50', 'mg', 'times', 'daily', 'fentanyl', '100', 'mg', 'daily']",14
"Patient: 62M. Drugs: Phensuximide 500mg after meals, Benzthiazide, Empagliflozin 50mg before meals.","['Phensuximide', 'Benzthiazide', 'Empagliflozin']",1,1,therapeutic efficacy,"patient: 62m. drugs: phensuximide 500mg after meals, benzthiazide, empagliflozin 50mg before meals.","['patient', '62', 'm.', 'drugs', 'phensuximide', '500', 'mg', 'meals', 'benzthiazide', 'empagliflozin', '50', 'mg', 'meals']",13
"Patient: 60F. Drugs: Paroxetine 25mg every 12 hours, Dexibuprofen 75mg after meals, Alectinib 500mg every 6 hours.","['Paroxetine', 'Dexibuprofen', 'Alectinib']",1,1,antiplatelet activities,"patient: 60f. drugs: paroxetine 25mg every 12 hours, dexibuprofen 75mg after meals, alectinib 500mg every 6 hours.","['patient', '60f', 'drugs', 'paroxetine', '25', 'mg', '12', 'hours', 'dexibuprofen', '75', 'mg', 'meals', 'alectinib', '500', 'mg', '6', 'hours']",17
"Patient: 52M. Drugs: Bendamustine, Artemotil 50mg every 12 hours, Bedaquiline 500mg every 6 hours, Guanadrel 75mg after meals.","['Bendamustine', 'Artemotil', 'Bedaquiline', 'Guanadrel']",0,0,none,"patient: 52m. drugs: bendamustine, artemotil 50mg every 12 hours, bedaquiline 500mg every 6 hours, guanadrel 75mg after meals.","['patient', '52', 'm.', 'drugs', 'bendamustine', 'artemotil', '50', 'mg', '12', 'hours', 'bedaquiline', '500', 'mg', '6', 'hours', 'guanadrel', '75', 'mg', 'meals']",19
"Patient: 60F. Drugs: Tritoqualine 50mg as needed, Ceritinib, Reposal 50mg every 12 hours, Menadione.","['Tritoqualine', 'Ceritinib', 'Reposal', 'Menadione']",0,0,none,"patient: 60f. drugs: tritoqualine 50mg as needed, ceritinib, reposal 50mg every 12 hours, menadione.","['patient', '60f', 'drugs', 'tritoqualine', '50', 'mg', 'needed', 'ceritinib', 'reposal', '50', 'mg', '12', 'hours', 'menadione']",14
"Patient: 28F. Drugs: Chloroquine, Pitolisant, Tromethamine 50mg twice daily.","['Chloroquine', 'Pitolisant', 'Tromethamine']",1,2,serum concentration,"patient: 28f. drugs: chloroquine, pitolisant, tromethamine 50mg twice daily.","['patient', '28f', 'drugs', 'chloroquine', 'pitolisant', 'tromethamine', '50', 'mg', 'twice', 'daily']",10
"Patient: 25F. Drugs: Cyclosporine 500mg as needed, Vandetanib 75mg as needed, Trimetazidine 500mg once daily.","['Cyclosporine', 'Vandetanib', 'Trimetazidine']",1,2,metabolism,"patient: 25f. drugs: cyclosporine 500mg as needed, vandetanib 75mg as needed, trimetazidine 500mg once daily.","['patient', '25f', 'drugs', 'cyclosporine', '500', 'mg', 'needed', 'vandetanib', '75', 'mg', 'needed', 'trimetazidine', '500', 'mg', 'daily']",15
"Patient: 28F. Drugs: Choline C 11 100mg twice daily, Orciprenaline 75mg three times daily, Ertugliflozin 200mg every 12 hours.","['Choline C 11', 'Orciprenaline', 'Ertugliflozin']",0,0,none,"patient: 28f. drugs: choline c 11 100mg twice daily, orciprenaline 75mg three times daily, ertugliflozin 200mg every 12 hours.","['patient', '28f', 'drugs', 'choline', 'c', '11', '100', 'mg', 'twice', 'daily', 'orciprenaline', '75', 'mg', 'times', 'daily', 'ertugliflozin', '200', 'mg', '12', 'hours']",20
"Patient: 45F. Drugs: Flumethasone, Salicylic acid 500mg after meals.","['Flumethasone', 'Salicylic acid']",1,3,risk or severity of adverse effects,"patient: 45f. drugs: flumethasone, salicylic acid 500mg after meals.","['patient', '45f', 'drugs', 'flumethasone', 'salicylic', 'acid', '500', 'mg', 'meals']",9
"Patient: 75M. Drugs: Nilotinib 500mg before meals, Grazoprevir 200mg every 6 hours, Pipecuronium.","['Nilotinib', 'Grazoprevir', 'Pipecuronium']",1,2,metabolism,"patient: 75m. drugs: nilotinib 500mg before meals, grazoprevir 200mg every 6 hours, pipecuronium.","['patient', '75', 'm.', 'drugs', 'nilotinib', '500', 'mg', 'meals', 'grazoprevir', '200', 'mg', '6', 'hours', 'pipecuronium']",14
"Patient: 45F. Drugs: Clindamycin 75mg every 8 hours, Tazarotene.","['Clindamycin', 'Tazarotene']",0,0,none,"patient: 45f. drugs: clindamycin 75mg every 8 hours, tazarotene.","['patient', '45f', 'drugs', 'clindamycin', '75', 'mg', '8', 'hours', 'tazarotene']",9
"Patient: 68M. Drugs: Isoflurane 50mg every 6 hours, Rapacuronium 50mg as needed.","['Isoflurane', 'Rapacuronium']",1,2,neuromuscular blocking activities,"patient: 68m. drugs: isoflurane 50mg every 6 hours, rapacuronium 50mg as needed.","['patient', '68', 'm.', 'drugs', 'isoflurane', '50', 'mg', '6', 'hours', 'rapacuronium', '50', 'mg', 'needed']",13
"Patient: 33M. Drugs: Bambuterol 75mg every 8 hours, Potassium 75mg before meals.","['Bambuterol', 'Potassium']",0,0,none,"patient: 33m. drugs: bambuterol 75mg every 8 hours, potassium 75mg before meals.","['patient', '33', 'm.', 'drugs', 'bambuterol', '75', 'mg', '8', 'hours', 'potassium', '75', 'mg', 'meals']",13
"Patient: 35F. Drugs: Rescinnamine 25mg once daily, Estradiol dienanthate 500mg every 8 hours.","['Rescinnamine', 'Estradiol dienanthate']",0,0,none,"patient: 35f. drugs: rescinnamine 25mg once daily, estradiol dienanthate 500mg every 8 hours.","['patient', '35f', 'drugs', 'rescinnamine', '25', 'mg', 'daily', 'estradiol', 'dienanthate', '500', 'mg', '8', 'hours']",13
"Patient: 35F. Drugs: Sulfisoxazole 500mg before meals, Gemfibrozil 500mg every 8 hours, Olodaterol 200mg every 12 hours.","['Sulfisoxazole', 'Gemfibrozil', 'Olodaterol']",1,2,metabolism,"patient: 35f. drugs: sulfisoxazole 500mg before meals, gemfibrozil 500mg every 8 hours, olodaterol 200mg every 12 hours.","['patient', '35f', 'drugs', 'sulfisoxazole', '500', 'mg', 'meals', 'gemfibrozil', '500', 'mg', '8', 'hours', 'olodaterol', '200', 'mg', '12', 'hours']",17
"Patient: 55F. Drugs: Metolazone 50mg as needed, Fenbufen 100mg once daily.","['Metolazone', 'Fenbufen']",1,1,therapeutic efficacy,"patient: 55f. drugs: metolazone 50mg as needed, fenbufen 100mg once daily.","['patient', '55f', 'drugs', 'metolazone', '50', 'mg', 'needed', 'fenbufen', '100', 'mg', 'daily']",11
"Patient: 62M. Drugs: Rizatriptan, Terbutaline 50mg every 12 hours, Reboxetine.","['Rizatriptan', 'Terbutaline', 'Reboxetine']",0,0,none,"patient: 62m. drugs: rizatriptan, terbutaline 50mg every 12 hours, reboxetine.","['patient', '62', 'm.', 'drugs', 'rizatriptan', 'terbutaline', '50', 'mg', '12', 'hours', 'reboxetine']",11
"Patient: 62M. Drugs: Docetaxel 500mg every 12 hours, Lenvatinib.","['Docetaxel', 'Lenvatinib']",1,3,risk or severity of adverse effects,"patient: 62m. drugs: docetaxel 500mg every 12 hours, lenvatinib.","['patient', '62', 'm.', 'drugs', 'docetaxel', '500', 'mg', '12', 'hours', 'lenvatinib']",10
"Patient: 58M. Drugs: Ethyl chloride 100mg twice daily, Tizanidine 100mg as needed, Nizatidine 75mg every 8 hours, Artemether 75mg twice daily.","['Ethyl chloride', 'Tizanidine', 'Nizatidine', 'Artemether']",1,3,risk or severity of adverse effects,"patient: 58m. drugs: ethyl chloride 100mg twice daily, tizanidine 100mg as needed, nizatidine 75mg every 8 hours, artemether 75mg twice daily.","['patient', '58', 'm.', 'drugs', 'ethyl', 'chloride', '100', 'mg', 'twice', 'daily', 'tizanidine', '100', 'mg', 'needed', 'nizatidine', '75', 'mg', '8', 'hours', 'artemether', '75', 'mg', 'twice', 'daily']",24
"Patient: 55F. Drugs: Fesoterodine, Gemeprost 500mg as needed, Clarithromycin 50mg after meals.","['Fesoterodine', 'Gemeprost', 'Clarithromycin']",1,2,serum concentration of active metabolites,"patient: 55f. drugs: fesoterodine, gemeprost 500mg as needed, clarithromycin 50mg after meals.","['patient', '55f', 'drugs', 'fesoterodine', 'gemeprost', '500', 'mg', 'needed', 'clarithromycin', '50', 'mg', 'meals']",12
"Patient: 68M. Drugs: Isothipendyl 100mg after meals, Empagliflozin 50mg after meals, Tritoqualine 25mg every 6 hours, Axitinib 100mg every 12 hours.","['Isothipendyl', 'Empagliflozin', 'Tritoqualine', 'Axitinib']",0,0,none,"patient: 68m. drugs: isothipendyl 100mg after meals, empagliflozin 50mg after meals, tritoqualine 25mg every 6 hours, axitinib 100mg every 12 hours.","['patient', '68', 'm.', 'drugs', 'isothipendyl', '100', 'mg', 'meals', 'empagliflozin', '50', 'mg', 'meals', 'tritoqualine', '25', 'mg', '6', 'hours', 'axitinib', '100', 'mg', '12', 'hours']",22
"Patient: 52M. Drugs: Zaleplon 100mg every 12 hours, Ethyl chloride, L-Carnitine.","['Zaleplon', 'Ethyl chloride', 'L-Carnitine']",1,3,risk or severity of adverse effects,"patient: 52m. drugs: zaleplon 100mg every 12 hours, ethyl chloride, lcarnitine.","['patient', '52', 'm.', 'drugs', 'zaleplon', '100', 'mg', '12', 'hours', 'ethyl', 'chloride', 'lcarnitine']",12
"Patient: 33M. Drugs: Meclizine 25mg every 8 hours, Ponatinib 200mg before meals, Chlorambucil 25mg once daily, Vildagliptin 25mg before meals.","['Meclizine', 'Ponatinib', 'Chlorambucil', 'Vildagliptin']",0,0,none,"patient: 33m. drugs: meclizine 25mg every 8 hours, ponatinib 200mg before meals, chlorambucil 25mg once daily, vildagliptin 25mg before meals.","['patient', '33', 'm.', 'drugs', 'meclizine', '25', 'mg', '8', 'hours', 'ponatinib', '200', 'mg', 'meals', 'chlorambucil', '25', 'mg', 'daily', 'vildagliptin', '25', 'mg', 'meals']",21
"Patient: 58M. Drugs: Estramustine, Pindolol, Methyldopa 25mg every 6 hours.","['Estramustine', 'Pindolol', 'Methyldopa']",1,2,atrioventricular blocking (AV block) activities,"patient: 58m. drugs: estramustine, pindolol, methyldopa 25mg every 6 hours.","['patient', '58', 'm.', 'drugs', 'estramustine', 'pindolol', 'methyldopa', '25', 'mg', '6', 'hours']",11
"Patient: 62M. Drugs: Sofosbuvir, Alectinib 25mg every 8 hours, Cortisone acetate 50mg every 6 hours, Ampicillin 25mg before meals.","['Sofosbuvir', 'Alectinib', 'Cortisone acetate', 'Ampicillin']",0,0,none,"patient: 62m. drugs: sofosbuvir, alectinib 25mg every 8 hours, cortisone acetate 50mg every 6 hours, ampicillin 25mg before meals.","['patient', '62', 'm.', 'drugs', 'sofosbuvir', 'alectinib', '25', 'mg', '8', 'hours', 'cortisone', 'acetate', '50', 'mg', '6', 'hours', 'ampicillin', '25', 'mg', 'meals']",20
"Patient: 48F. Drugs: Betaxolol 200mg every 6 hours, Mefloquine.","['Betaxolol', 'Mefloquine']",1,2,bradycardic activities,"patient: 48f. drugs: betaxolol 200mg every 6 hours, mefloquine.","['patient', '48f', 'drugs', 'betaxolol', '200', 'mg', '6', 'hours', 'mefloquine']",9
"Patient: 55F. Drugs: Trimethadione 100mg once daily, Sulconazole 200mg twice daily, Crisaborole 50mg once daily.","['Trimethadione', 'Sulconazole', 'Crisaborole']",1,1,therapeutic efficacy,"patient: 55f. drugs: trimethadione 100mg once daily, sulconazole 200mg twice daily, crisaborole 50mg once daily.","['patient', '55f', 'drugs', 'trimethadione', '100', 'mg', 'daily', 'sulconazole', '200', 'mg', 'twice', 'daily', 'crisaborole', '50', 'mg', 'daily']",16
"Patient: 28F. Drugs: Olanzapine, Hexobarbital 100mg once daily.","['Olanzapine', 'Hexobarbital']",1,3,risk or severity of adverse effects,"patient: 28f. drugs: olanzapine, hexobarbital 100mg once daily.","['patient', '28f', 'drugs', 'olanzapine', 'hexobarbital', '100', 'mg', 'daily']",8
"Patient: 35F. Drugs: Lomefloxacin 100mg once daily, Simeprevir 25mg before meals, Valbenazine.","['Lomefloxacin', 'Simeprevir', 'Valbenazine']",1,2,metabolism,"patient: 35f. drugs: lomefloxacin 100mg once daily, simeprevir 25mg before meals, valbenazine.","['patient', '35f', 'drugs', 'lomefloxacin', '100', 'mg', 'daily', 'simeprevir', '25', 'mg', 'meals', 'valbenazine']",12
"Patient: 35F. Drugs: Alprazolam 75mg before meals, Nortriptyline 200mg every 8 hours, Dalfampridine 50mg before meals.","['Alprazolam', 'Nortriptyline', 'Dalfampridine']",1,3,risk or severity of adverse effects,"patient: 35f. drugs: alprazolam 75mg before meals, nortriptyline 200mg every 8 hours, dalfampridine 50mg before meals.","['patient', '35f', 'drugs', 'alprazolam', '75', 'mg', 'meals', 'nortriptyline', '200', 'mg', '8', 'hours', 'dalfampridine', '50', 'mg', 'meals']",16
"Patient: 45F. Drugs: Quetiapine, Procaterol 100mg once daily, Methotrimeprazine 200mg every 6 hours.","['Quetiapine', 'Procaterol', 'Methotrimeprazine']",1,2,vasoconstricting activities,"patient: 45f. drugs: quetiapine, procaterol 100mg once daily, methotrimeprazine 200mg every 6 hours.","['patient', '45f', 'drugs', 'quetiapine', 'procaterol', '100', 'mg', 'daily', 'methotrimeprazine', '200', 'mg', '6', 'hours']",13
"Patient: 62M. Drugs: Torasemide 25mg after meals, Enalapril 100mg before meals.","['Torasemide', 'Enalapril']",1,2,hypotensive activities,"patient: 62m. drugs: torasemide 25mg after meals, enalapril 100mg before meals.","['patient', '62', 'm.', 'drugs', 'torasemide', '25', 'mg', 'meals', 'enalapril', '100', 'mg', 'meals']",12
"Patient: 58M. Drugs: Reserpine 500mg once daily, Ceftazidime 75mg every 12 hours, Dimetindene 50mg as needed, Aminolevulinic acid.","['Reserpine', 'Ceftazidime', 'Dimetindene', 'Aminolevulinic acid']",0,0,none,"patient: 58m. drugs: reserpine 500mg once daily, ceftazidime 75mg every 12 hours, dimetindene 50mg as needed, aminolevulinic acid.","['patient', '58', 'm.', 'drugs', 'reserpine', '500', 'mg', 'daily', 'ceftazidime', '75', 'mg', '12', 'hours', 'dimetindene', '50', 'mg', 'needed', 'aminolevulinic', 'acid']",19
"Patient: 45F. Drugs: Buspirone 200mg every 6 hours, Flunarizine 25mg every 8 hours, Nefazodone 25mg after meals.","['Buspirone', 'Flunarizine', 'Nefazodone']",1,3,risk or severity of adverse effects,"patient: 45f. drugs: buspirone 200mg every 6 hours, flunarizine 25mg every 8 hours, nefazodone 25mg after meals.","['patient', '45f', 'drugs', 'buspirone', '200', 'mg', '6', 'hours', 'flunarizine', '25', 'mg', '8', 'hours', 'nefazodone', '25', 'mg', 'meals']",17
"Patient: 75M. Drugs: Hydroxyzine 50mg every 8 hours, Nalbuphine 75mg twice daily.","['Hydroxyzine', 'Nalbuphine']",1,2,central nervous system depressant (CNS depressant) activities,"patient: 75m. drugs: hydroxyzine 50mg every 8 hours, nalbuphine 75mg twice daily.","['patient', '75', 'm.', 'drugs', 'hydroxyzine', '50', 'mg', '8', 'hours', 'nalbuphine', '75', 'mg', 'twice', 'daily']",14
"Patient: 58M. Drugs: Fluticasone 200mg before meals, Medrysone 50mg once daily, Sulindac 50mg once daily.","['Fluticasone', 'Medrysone', 'Sulindac']",1,3,risk or severity of adverse effects,"patient: 58m. drugs: fluticasone 200mg before meals, medrysone 50mg once daily, sulindac 50mg once daily.","['patient', '58', 'm.', 'drugs', 'fluticasone', '200', 'mg', 'meals', 'medrysone', '50', 'mg', 'daily', 'sulindac', '50', 'mg', 'daily']",16
"Patient: 40M. Drugs: Polythiazide, Metamizole.","['Polythiazide', 'Metamizole']",1,1,therapeutic efficacy,"patient: 40m. drugs: polythiazide, metamizole.","['patient', '40', 'm.', 'drugs', 'polythiazide', 'metamizole']",6
"Patient: 45F. Drugs: Halofantrine 200mg three times daily, Iron 25mg once daily, Gimeracil 200mg as needed, Celiprolol 500mg three times daily.","['Halofantrine', 'Iron', 'Gimeracil', 'Celiprolol']",0,0,none,"patient: 45f. drugs: halofantrine 200mg three times daily, iron 25mg once daily, gimeracil 200mg as needed, celiprolol 500mg three times daily.","['patient', '45f', 'drugs', 'halofantrine', '200', 'mg', 'times', 'daily', 'iron', '25', 'mg', 'daily', 'gimeracil', '200', 'mg', 'needed', 'celiprolol', '500', 'mg', 'times', 'daily']",21
"Patient: 33M. Drugs: Benzoctamine, Acetaminophen, Propranolol 50mg once daily.","['Benzoctamine', 'Acetaminophen', 'Propranolol']",0,0,none,"patient: 33m. drugs: benzoctamine, acetaminophen, propranolol 50mg once daily.","['patient', '33', 'm.', 'drugs', 'benzoctamine', 'acetaminophen', 'propranolol', '50', 'mg', 'daily']",10
"Patient: 28F. Drugs: Chlormezanone, Ecabet 75mg every 8 hours.","['Chlormezanone', 'Ecabet']",0,0,none,"patient: 28f. drugs: chlormezanone, ecabet 75mg every 8 hours.","['patient', '28f', 'drugs', 'chlormezanone', 'ecabet', '75', 'mg', '8', 'hours']",9
"Patient: 28F. Drugs: Fosamprenavir, Chlorpropamide 200mg before meals.","['Fosamprenavir', 'Chlorpropamide']",1,1,therapeutic efficacy,"patient: 28f. drugs: fosamprenavir, chlorpropamide 200mg before meals.","['patient', '28f', 'drugs', 'fosamprenavir', 'chlorpropamide', '200', 'mg', 'meals']",8
"Patient: 35F. Drugs: Gemifloxacin 50mg twice daily, Aloglutamol, Roxatidine acetate 75mg once daily, Rosoxacin 200mg before meals.","['Gemifloxacin', 'Aloglutamol', 'Roxatidine acetate', 'Rosoxacin']",1,1,absorption,"patient: 35f. drugs: gemifloxacin 50mg twice daily, aloglutamol, roxatidine acetate 75mg once daily, rosoxacin 200mg before meals.","['patient', '35f', 'drugs', 'gemifloxacin', '50', 'mg', 'twice', 'daily', 'aloglutamol', 'roxatidine', 'acetate', '75', 'mg', 'daily', 'rosoxacin', '200', 'mg', 'meals']",18
"Patient: 33M. Drugs: Aceclofenac 75mg after meals, Adefovir Dipivoxil 50mg every 6 hours.","['Aceclofenac', 'Adefovir Dipivoxil']",0,0,none,"patient: 33m. drugs: aceclofenac 75mg after meals, adefovir dipivoxil 50mg every 6 hours.","['patient', '33', 'm.', 'drugs', 'aceclofenac', '75', 'mg', 'meals', 'adefovir', 'dipivoxil', '50', 'mg', '6', 'hours']",14
"Patient: 70F. Drugs: Amiodarone, Sertaconazole.","['Amiodarone', 'Sertaconazole']",1,1,therapeutic efficacy,"patient: 70f. drugs: amiodarone, sertaconazole.","['patient', '70f', 'drugs', 'amiodarone', 'sertaconazole']",5
"Patient: 35F. Drugs: Fluoxetine 25mg every 6 hours, Clodronic Acid, Varenicline 75mg every 8 hours.","['Fluoxetine', 'Clodronic Acid', 'Varenicline']",1,1,antiplatelet activities,"patient: 35f. drugs: fluoxetine 25mg every 6 hours, clodronic acid, varenicline 75mg every 8 hours.","['patient', '35f', 'drugs', 'fluoxetine', '25', 'mg', '6', 'hours', 'clodronic', 'acid', 'varenicline', '75', 'mg', '8', 'hours']",15
"Patient: 35F. Drugs: Nabumetone 100mg every 12 hours, Limaprost, Clozapine 500mg three times daily.","['Nabumetone', 'Limaprost', 'Clozapine']",1,1,therapeutic efficacy,"patient: 35f. drugs: nabumetone 100mg every 12 hours, limaprost, clozapine 500mg three times daily.","['patient', '35f', 'drugs', 'nabumetone', '100', 'mg', '12', 'hours', 'limaprost', 'clozapine', '500', 'mg', 'times', 'daily']",14
"Patient: 60F. Drugs: Rifapentine, Ketamine 500mg every 12 hours, Lipoic Acid.","['Rifapentine', 'Ketamine', 'Lipoic Acid']",1,2,metabolism,"patient: 60f. drugs: rifapentine, ketamine 500mg every 12 hours, lipoic acid.","['patient', '60f', 'drugs', 'rifapentine', 'ketamine', '500', 'mg', '12', 'hours', 'lipoic', 'acid']",11
"Patient: 45F. Drugs: Etidocaine 50mg every 6 hours, Sulfathiazole.","['Etidocaine', 'Sulfathiazole']",0,0,none,"patient: 45f. drugs: etidocaine 50mg every 6 hours, sulfathiazole.","['patient', '45f', 'drugs', 'etidocaine', '50', 'mg', '6', 'hours', 'sulfathiazole']",9
"Patient: 68M. Drugs: Mannitol 50mg every 6 hours, Efonidipine 100mg before meals.","['Mannitol', 'Efonidipine']",1,3,risk or severity of adverse effects,"patient: 68m. drugs: mannitol 50mg every 6 hours, efonidipine 100mg before meals.","['patient', '68', 'm.', 'drugs', 'mannitol', '50', 'mg', '6', 'hours', 'efonidipine', '100', 'mg', 'meals']",13
"Patient: 52M. Drugs: Ramipril, Mipomersen 100mg as needed, Clofarabine, Cefminox 50mg as needed.","['Ramipril', 'Mipomersen', 'Clofarabine', 'Cefminox']",1,3,risk or severity of adverse effects,"patient: 52m. drugs: ramipril, mipomersen 100mg as needed, clofarabine, cefminox 50mg as needed.","['patient', '52', 'm.', 'drugs', 'ramipril', 'mipomersen', '100', 'mg', 'needed', 'clofarabine', 'cefminox', '50', 'mg', 'needed']",14
"Patient: 70F. Drugs: Sufentanil 75mg every 6 hours, Methamphetamine, Oxaprozin 100mg twice daily.","['Sufentanil', 'Methamphetamine', 'Oxaprozin']",1,1,analgesic activities,"patient: 70f. drugs: sufentanil 75mg every 6 hours, methamphetamine, oxaprozin 100mg twice daily.","['patient', '70f', 'drugs', 'sufentanil', '75', 'mg', '6', 'hours', 'methamphetamine', 'oxaprozin', '100', 'mg', 'twice', 'daily']",14
"Patient: 48F. Drugs: Methantheline 200mg three times daily, Anisotropine Methylbromide 200mg three times daily, Moricizine 75mg after meals, Tromethamine.","['Methantheline', 'Anisotropine Methylbromide', 'Moricizine', 'Tromethamine']",1,3,risk or severity of adverse effects,"patient: 48f. drugs: methantheline 200mg three times daily, anisotropine methylbromide 200mg three times daily, moricizine 75mg after meals, tromethamine.","['patient', '48f', 'drugs', 'methantheline', '200', 'mg', 'times', 'daily', 'anisotropine', 'methylbromide', '200', 'mg', 'times', 'daily', 'moricizine', '75', 'mg', 'meals', 'tromethamine']",19
"Patient: 55F. Drugs: Fluticasone propionate, Pemirolast, Ethanolamine Oleate 100mg once daily.","['Fluticasone propionate', 'Pemirolast', 'Ethanolamine Oleate']",0,0,none,"patient: 55f. drugs: fluticasone propionate, pemirolast, ethanolamine oleate 100mg once daily.","['patient', '55f', 'drugs', 'fluticasone', 'propionate', 'pemirolast', 'ethanolamine', 'oleate', '100', 'mg', 'daily']",11
"Patient: 35F. Drugs: Flavoxate 75mg as needed, Methscopolamine 75mg twice daily.","['Flavoxate', 'Methscopolamine']",1,3,risk or severity of adverse effects,"patient: 35f. drugs: flavoxate 75mg as needed, methscopolamine 75mg twice daily.","['patient', '35f', 'drugs', 'flavoxate', '75', 'mg', 'needed', 'methscopolamine', '75', 'mg', 'twice', 'daily']",12
"Patient: 68M. Drugs: Heptabarbital, Pramipexole 100mg as needed.","['Heptabarbital', 'Pramipexole']",0,0,none,"patient: 68m. drugs: heptabarbital, pramipexole 100mg as needed.","['patient', '68', 'm.', 'drugs', 'heptabarbital', 'pramipexole', '100', 'mg', 'needed']",9
"Patient: 58M. Drugs: Olanzapine 500mg before meals, Acebutolol, Cariprazine 500mg three times daily.","['Olanzapine', 'Acebutolol', 'Cariprazine']",1,2,orthostatic hypotensive activities,"patient: 58m. drugs: olanzapine 500mg before meals, acebutolol, cariprazine 500mg three times daily.","['patient', '58', 'm.', 'drugs', 'olanzapine', '500', 'mg', 'meals', 'acebutolol', 'cariprazine', '500', 'mg', 'times', 'daily']",14
"Patient: 28F. Drugs: Polymyxin B Sulfate 50mg twice daily, Tolbutamide.","['Polymyxin B Sulfate', 'Tolbutamide']",0,0,none,"patient: 28f. drugs: polymyxin b sulfate 50mg twice daily, tolbutamide.","['patient', '28f', 'drugs', 'polymyxin', 'b', 'sulfate', '50', 'mg', 'twice', 'daily', 'tolbutamide']",11
"Patient: 52M. Drugs: Megestrol acetate 25mg every 6 hours, Phenformin 200mg every 8 hours.","['Megestrol acetate', 'Phenformin']",1,1,therapeutic efficacy,"patient: 52m. drugs: megestrol acetate 25mg every 6 hours, phenformin 200mg every 8 hours.","['patient', '52', 'm.', 'drugs', 'megestrol', 'acetate', '25', 'mg', '6', 'hours', 'phenformin', '200', 'mg', '8', 'hours']",15
"Patient: 28F. Drugs: Melatonin 100mg every 6 hours, Isoflurane 500mg after meals, Cilostazol.","['Melatonin', 'Isoflurane', 'Cilostazol']",1,3,risk or severity of adverse effects,"patient: 28f. drugs: melatonin 100mg every 6 hours, isoflurane 500mg after meals, cilostazol.","['patient', '28f', 'drugs', 'melatonin', '100', 'mg', '6', 'hours', 'isoflurane', '500', 'mg', 'meals', 'cilostazol']",13
"Patient: 75M. Drugs: Vildagliptin, Valsartan, Spectinomycin.","['Vildagliptin', 'Valsartan', 'Spectinomycin']",0,0,none,"patient: 75m. drugs: vildagliptin, valsartan, spectinomycin.","['patient', '75', 'm.', 'drugs', 'vildagliptin', 'valsartan', 'spectinomycin']",7
"Patient: 62M. Drugs: Fluoxetine 25mg as needed, Armodafinil, Tacrolimus 25mg once daily.","['Fluoxetine', 'Armodafinil', 'Tacrolimus']",1,2,metabolism,"patient: 62m. drugs: fluoxetine 25mg as needed, armodafinil, tacrolimus 25mg once daily.","['patient', '62', 'm.', 'drugs', 'fluoxetine', '25', 'mg', 'needed', 'armodafinil', 'tacrolimus', '25', 'mg', 'daily']",13
"Patient: 60F. Drugs: Amifostine 200mg as needed, Fimasartan 75mg before meals.","['Amifostine', 'Fimasartan']",1,3,risk or severity of adverse effects,"patient: 60f. drugs: amifostine 200mg as needed, fimasartan 75mg before meals.","['patient', '60f', 'drugs', 'amifostine', '200', 'mg', 'needed', 'fimasartan', '75', 'mg', 'meals']",11
"Patient: 70F. Drugs: Cisatracurium, Norethisterone 100mg as needed, Cefepime 50mg once daily.","['Cisatracurium', 'Norethisterone', 'Cefepime']",0,0,none,"patient: 70f. drugs: cisatracurium, norethisterone 100mg as needed, cefepime 50mg once daily.","['patient', '70f', 'drugs', 'cisatracurium', 'norethisterone', '100', 'mg', 'needed', 'cefepime', '50', 'mg', 'daily']",12
"Patient: 33M. Drugs: Atazanavir 50mg every 8 hours, Gliclazide 50mg as needed, Alitretinoin.","['Atazanavir', 'Gliclazide', 'Alitretinoin']",1,1,therapeutic efficacy,"patient: 33m. drugs: atazanavir 50mg every 8 hours, gliclazide 50mg as needed, alitretinoin.","['patient', '33', 'm.', 'drugs', 'atazanavir', '50', 'mg', '8', 'hours', 'gliclazide', '50', 'mg', 'needed', 'alitretinoin']",14
"Patient: 35F. Drugs: Thiamylal 100mg every 12 hours, Fludiazepam, Nizatidine 200mg as needed.","['Thiamylal', 'Fludiazepam', 'Nizatidine']",1,3,risk or severity of adverse effects,"patient: 35f. drugs: thiamylal 100mg every 12 hours, fludiazepam, nizatidine 200mg as needed.","['patient', '35f', 'drugs', 'thiamylal', '100', 'mg', '12', 'hours', 'fludiazepam', 'nizatidine', '200', 'mg', 'needed']",13
"Patient: 48F. Drugs: Carprofen 100mg before meals, Flurandrenolide.","['Carprofen', 'Flurandrenolide']",1,3,risk or severity of adverse effects,"patient: 48f. drugs: carprofen 100mg before meals, flurandrenolide.","['patient', '48f', 'drugs', 'carprofen', '100', 'mg', 'meals', 'flurandrenolide']",8
"Patient: 75M. Drugs: Sunitinib 75mg twice daily, Encainide, Deferiprone 50mg every 8 hours.","['Sunitinib', 'Encainide', 'Deferiprone']",0,0,none,"patient: 75m. drugs: sunitinib 75mg twice daily, encainide, deferiprone 50mg every 8 hours.","['patient', '75', 'm.', 'drugs', 'sunitinib', '75', 'mg', 'twice', 'daily', 'encainide', 'deferiprone', '50', 'mg', '8', 'hours']",15
"Patient: 25F. Drugs: Gamma Hydroxybutyric Acid 50mg every 6 hours, Etizolam, Ebastine.","['Gamma Hydroxybutyric Acid', 'Etizolam', 'Ebastine']",1,3,risk or severity of adverse effects,"patient: 25f. drugs: gamma hydroxybutyric acid 50mg every 6 hours, etizolam, ebastine.","['patient', '25f', 'drugs', 'gamma', 'hydroxybutyric', 'acid', '50', 'mg', '6', 'hours', 'etizolam', 'ebastine']",12
"Patient: 58M. Drugs: Procyclidine 50mg twice daily, Huperzine A, Ceftriaxone.","['Procyclidine', 'Huperzine A', 'Ceftriaxone']",1,1,therapeutic efficacy,"patient: 58m. drugs: procyclidine 50mg twice daily, huperzine a, ceftriaxone.","['patient', '58', 'm.', 'drugs', 'procyclidine', '50', 'mg', 'twice', 'daily', 'huperzine', 'ceftriaxone']",11
"Patient: 60F. Drugs: Clozapine 25mg every 6 hours, Dihydrocodeine.","['Clozapine', 'Dihydrocodeine']",1,2,metabolism,"patient: 60f. drugs: clozapine 25mg every 6 hours, dihydrocodeine.","['patient', '60f', 'drugs', 'clozapine', '25', 'mg', '6', 'hours', 'dihydrocodeine']",9
"Patient: 68M. Drugs: Estazolam, Trazodone 25mg as needed, Atracurium besylate, Dihydroergotamine 25mg twice daily.","['Estazolam', 'Trazodone', 'Atracurium besylate', 'Dihydroergotamine']",1,3,risk or severity of adverse effects,"patient: 68m. drugs: estazolam, trazodone 25mg as needed, atracurium besylate, dihydroergotamine 25mg twice daily.","['patient', '68', 'm.', 'drugs', 'estazolam', 'trazodone', '25', 'mg', 'needed', 'atracurium', 'besylate', 'dihydroergotamine', '25', 'mg', 'twice', 'daily']",16
"Patient: 58M. Drugs: Indapamide 200mg three times daily, Dalfopristin 100mg after meals, Abacavir 50mg as needed, Levorphanol 500mg once daily.","['Indapamide', 'Dalfopristin', 'Abacavir', 'Levorphanol']",1,3,risk or severity of adverse effects,"patient: 58m. drugs: indapamide 200mg three times daily, dalfopristin 100mg after meals, abacavir 50mg as needed, levorphanol 500mg once daily.","['patient', '58', 'm.', 'drugs', 'indapamide', '200', 'mg', 'times', 'daily', 'dalfopristin', '100', 'mg', 'meals', 'abacavir', '50', 'mg', 'needed', 'levorphanol', '500', 'mg', 'daily']",21
"Patient: 70F. Drugs: Dronabinol, Amobarbital, Olsalazine 100mg once daily.","['Dronabinol', 'Amobarbital', 'Olsalazine']",1,2,central nervous system depressant (CNS depressant) activities,"patient: 70f. drugs: dronabinol, amobarbital, olsalazine 100mg once daily.","['patient', '70f', 'drugs', 'dronabinol', 'amobarbital', 'olsalazine', '100', 'mg', 'daily']",9
"Patient: 40M. Drugs: Orciprenaline 100mg twice daily, Dextrothyroxine.","['Orciprenaline', 'Dextrothyroxine']",0,0,none,"patient: 40m. drugs: orciprenaline 100mg twice daily, dextrothyroxine.","['patient', '40', 'm.', 'drugs', 'orciprenaline', '100', 'mg', 'twice', 'daily', 'dextrothyroxine']",10
"Patient: 70F. Drugs: Sirolimus 75mg after meals, Ximelagatran 100mg after meals.","['Sirolimus', 'Ximelagatran']",0,0,none,"patient: 70f. drugs: sirolimus 75mg after meals, ximelagatran 100mg after meals.","['patient', '70f', 'drugs', 'sirolimus', '75', 'mg', 'meals', 'ximelagatran', '100', 'mg', 'meals']",11
"Patient: 40M. Drugs: Isotretinoin, Dienogest, Propofol 25mg every 12 hours.","['Isotretinoin', 'Dienogest', 'Propofol']",1,1,therapeutic efficacy,"patient: 40m. drugs: isotretinoin, dienogest, propofol 25mg every 12 hours.","['patient', '40', 'm.', 'drugs', 'isotretinoin', 'dienogest', 'propofol', '25', 'mg', '12', 'hours']",11
"Patient: 48F. Drugs: Tiaprofenic acid, Folic Acid 75mg twice daily.","['Tiaprofenic acid', 'Folic Acid']",1,1,therapeutic efficacy,"patient: 48f. drugs: tiaprofenic acid, folic acid 75mg twice daily.","['patient', '48f', 'drugs', 'tiaprofenic', 'acid', 'folic', 'acid', '75', 'mg', 'twice', 'daily']",11
"Patient: 60F. Drugs: Vinflunine 200mg once daily, Azidocillin 500mg once daily, Roxithromycin 500mg every 12 hours, Dabrafenib 25mg before meals.","['Vinflunine', 'Azidocillin', 'Roxithromycin', 'Dabrafenib']",1,2,serum concentration,"patient: 60f. drugs: vinflunine 200mg once daily, azidocillin 500mg once daily, roxithromycin 500mg every 12 hours, dabrafenib 25mg before meals.","['patient', '60f', 'drugs', 'vinflunine', '200', 'mg', 'daily', 'azidocillin', '500', 'mg', 'daily', 'roxithromycin', '500', 'mg', '12', 'hours', 'dabrafenib', '25', 'mg', 'meals']",20
"Patient: 52M. Drugs: Melatonin 50mg every 6 hours, Repaglinide 25mg every 12 hours, Vemurafenib, Tianeptine 200mg three times daily.","['Melatonin', 'Repaglinide', 'Vemurafenib', 'Tianeptine']",1,3,risk or severity of QTc prolongation,"patient: 52m. drugs: melatonin 50mg every 6 hours, repaglinide 25mg every 12 hours, vemurafenib, tianeptine 200mg three times daily.","['patient', '52', 'm.', 'drugs', 'melatonin', '50', 'mg', '6', 'hours', 'repaglinide', '25', 'mg', '12', 'hours', 'vemurafenib', 'tianeptine', '200', 'mg', 'times', 'daily']",20
"Patient: 52M. Drugs: Dydrogesterone 100mg every 12 hours, Phenprocoumon 200mg every 8 hours.","['Dydrogesterone', 'Phenprocoumon']",1,1,therapeutic efficacy,"patient: 52m. drugs: dydrogesterone 100mg every 12 hours, phenprocoumon 200mg every 8 hours.","['patient', '52', 'm.', 'drugs', 'dydrogesterone', '100', 'mg', '12', 'hours', 'phenprocoumon', '200', 'mg', '8', 'hours']",14
"Patient: 52M. Drugs: Telaprevir 75mg three times daily, Delamanid 75mg after meals, Acetylsalicylic acid 50mg after meals.","['Telaprevir', 'Delamanid', 'Acetylsalicylic acid']",1,2,QTc-prolonging activities,"patient: 52m. drugs: telaprevir 75mg three times daily, delamanid 75mg after meals, acetylsalicylic acid 50mg after meals.","['patient', '52', 'm.', 'drugs', 'telaprevir', '75', 'mg', 'times', 'daily', 'delamanid', '75', 'mg', 'meals', 'acetylsalicylic', 'acid', '50', 'mg', 'meals']",18
"Patient: 40M. Drugs: Polythiazide, Metamizole.","['Polythiazide', 'Metamizole']",1,1,therapeutic efficacy,"patient: 40m. drugs: polythiazide, metamizole.","['patient', '40', 'm.', 'drugs', 'polythiazide', 'metamizole']",6
"Patient: 75M. Drugs: Plicamycin 50mg before meals, Fluocortolone.","['Plicamycin', 'Fluocortolone']",0,0,none,"patient: 75m. drugs: plicamycin 50mg before meals, fluocortolone.","['patient', '75', 'm.', 'drugs', 'plicamycin', '50', 'mg', 'meals', 'fluocortolone']",9
"Patient: 40M. Drugs: Pentobarbital, Felbamate 75mg every 8 hours.","['Pentobarbital', 'Felbamate']",1,2,serum concentration,"patient: 40m. drugs: pentobarbital, felbamate 75mg every 8 hours.","['patient', '40', 'm.', 'drugs', 'pentobarbital', 'felbamate', '75', 'mg', '8', 'hours']",10
"Patient: 30M. Drugs: Olanzapine 100mg every 6 hours, Propiverine, Norgestrel.","['Olanzapine', 'Propiverine', 'Norgestrel']",1,2,antihypertensive activities,"patient: 30m. drugs: olanzapine 100mg every 6 hours, propiverine, norgestrel.","['patient', '30', 'm.', 'drugs', 'olanzapine', '100', 'mg', '6', 'hours', 'propiverine', 'norgestrel']",11
"Patient: 33M. Drugs: Loxapine, Diazepam, Levorphanol 500mg as needed.","['Loxapine', 'Diazepam', 'Levorphanol']",1,3,risk or severity of adverse effects,"patient: 33m. drugs: loxapine, diazepam, levorphanol 500mg as needed.","['patient', '33', 'm.', 'drugs', 'loxapine', 'diazepam', 'levorphanol', '500', 'mg', 'needed']",10
"Patient: 68M. Drugs: Gluconic Acid, Miconazole 200mg once daily, Pentoxyverine, Imipramine 50mg every 12 hours.","['Gluconic Acid', 'Miconazole', 'Pentoxyverine', 'Imipramine']",0,0,none,"patient: 68m. drugs: gluconic acid, miconazole 200mg once daily, pentoxyverine, imipramine 50mg every 12 hours.","['patient', '68', 'm.', 'drugs', 'gluconic', 'acid', 'miconazole', '200', 'mg', 'daily', 'pentoxyverine', 'imipramine', '50', 'mg', '12', 'hours']",16
"Patient: 28F. Drugs: Methdilazine, Carboprost Tromethamine, Sulfathiazole 100mg twice daily, Fosaprepitant 25mg every 8 hours.","['Methdilazine', 'Carboprost Tromethamine', 'Sulfathiazole', 'Fosaprepitant']",0,0,none,"patient: 28f. drugs: methdilazine, carboprost tromethamine, sulfathiazole 100mg twice daily, fosaprepitant 25mg every 8 hours.","['patient', '28f', 'drugs', 'methdilazine', 'carboprost', 'tromethamine', 'sulfathiazole', '100', 'mg', 'twice', 'daily', 'fosaprepitant', '25', 'mg', '8', 'hours']",16
"Patient: 75M. Drugs: Procarbazine 75mg once daily, Arformoterol 200mg every 6 hours.","['Procarbazine', 'Arformoterol']",1,3,risk or severity of adverse effects,"patient: 75m. drugs: procarbazine 75mg once daily, arformoterol 200mg every 6 hours.","['patient', '75', 'm.', 'drugs', 'procarbazine', '75', 'mg', 'daily', 'arformoterol', '200', 'mg', '6', 'hours']",13
"Patient: 33M. Drugs: Alogliptin, Triprolidine 100mg once daily, Pyrimethamine 75mg as needed.","['Alogliptin', 'Triprolidine', 'Pyrimethamine']",0,0,none,"patient: 33m. drugs: alogliptin, triprolidine 100mg once daily, pyrimethamine 75mg as needed.","['patient', '33', 'm.', 'drugs', 'alogliptin', 'triprolidine', '100', 'mg', 'daily', 'pyrimethamine', '75', 'mg', 'needed']",13
"Patient: 45F. Drugs: Benzphetamine 50mg three times daily, Methadyl Acetate 200mg once daily, Halothane.","['Benzphetamine', 'Methadyl Acetate', 'Halothane']",1,1,analgesic activities,"patient: 45f. drugs: benzphetamine 50mg three times daily, methadyl acetate 200mg once daily, halothane.","['patient', '45f', 'drugs', 'benzphetamine', '50', 'mg', 'times', 'daily', 'methadyl', 'acetate', '200', 'mg', 'daily', 'halothane']",14
"Patient: 40M. Drugs: Suprofen 100mg after meals, Misoprostol.","['Suprofen', 'Misoprostol']",1,1,therapeutic efficacy,"patient: 40m. drugs: suprofen 100mg after meals, misoprostol.","['patient', '40', 'm.', 'drugs', 'suprofen', '100', 'mg', 'meals', 'misoprostol']",9
"Patient: 35F. Drugs: Velpatasvir 75mg as needed, Terbutaline 200mg as needed, Gabapentin Enacarbil 200mg after meals, Dimetacrine 100mg three times daily.","['Velpatasvir', 'Terbutaline', 'Gabapentin Enacarbil', 'Dimetacrine']",1,3,risk or severity of adverse effects,"patient: 35f. drugs: velpatasvir 75mg as needed, terbutaline 200mg as needed, gabapentin enacarbil 200mg after meals, dimetacrine 100mg three times daily.","['patient', '35f', 'drugs', 'velpatasvir', '75', 'mg', 'needed', 'terbutaline', '200', 'mg', 'needed', 'gabapentin', 'enacarbil', '200', 'mg', 'meals', 'dimetacrine', '100', 'mg', 'times', 'daily']",21
"Patient: 68M. Drugs: Dextropropoxyphene, Baclofen 100mg as needed.","['Dextropropoxyphene', 'Baclofen']",1,3,risk or severity of adverse effects,"patient: 68m. drugs: dextropropoxyphene, baclofen 100mg as needed.","['patient', '68', 'm.', 'drugs', 'dextropropoxyphene', 'baclofen', '100', 'mg', 'needed']",9
"Patient: 45F. Drugs: Pergolide 50mg every 6 hours, Enzalutamide 25mg every 8 hours.","['Pergolide', 'Enzalutamide']",1,2,serum concentration,"patient: 45f. drugs: pergolide 50mg every 6 hours, enzalutamide 25mg every 8 hours.","['patient', '45f', 'drugs', 'pergolide', '50', 'mg', '6', 'hours', 'enzalutamide', '25', 'mg', '8', 'hours']",13
"Patient: 45F. Drugs: Amiloride 200mg every 6 hours, Ethylmorphine, Demegestone 50mg every 8 hours.","['Amiloride', 'Ethylmorphine', 'Demegestone']",1,3,risk or severity of adverse effects,"patient: 45f. drugs: amiloride 200mg every 6 hours, ethylmorphine, demegestone 50mg every 8 hours.","['patient', '45f', 'drugs', 'amiloride', '200', 'mg', '6', 'hours', 'ethylmorphine', 'demegestone', '50', 'mg', '8', 'hours']",14
"Patient: 35F. Drugs: Velpatasvir 75mg as needed, Terbutaline 200mg as needed, Gabapentin Enacarbil 200mg after meals, Dimetacrine 100mg three times daily.","['Velpatasvir', 'Terbutaline', 'Gabapentin Enacarbil', 'Dimetacrine']",1,3,risk or severity of adverse effects,"patient: 35f. drugs: velpatasvir 75mg as needed, terbutaline 200mg as needed, gabapentin enacarbil 200mg after meals, dimetacrine 100mg three times daily.","['patient', '35f', 'drugs', 'velpatasvir', '75', 'mg', 'needed', 'terbutaline', '200', 'mg', 'needed', 'gabapentin', 'enacarbil', '200', 'mg', 'meals', 'dimetacrine', '100', 'mg', 'times', 'daily']",21
"Patient: 25F. Drugs: Prazosin 25mg every 12 hours, Selegiline 200mg every 8 hours, Raltegravir.","['Prazosin', 'Selegiline', 'Raltegravir']",1,2,hypotensive activities,"patient: 25f. drugs: prazosin 25mg every 12 hours, selegiline 200mg every 8 hours, raltegravir.","['patient', '25f', 'drugs', 'prazosin', '25', 'mg', '12', 'hours', 'selegiline', '200', 'mg', '8', 'hours', 'raltegravir']",14
"Patient: 55F. Drugs: Bendroflumethiazide, Aceclofenac 50mg every 12 hours, Trimethadione.","['Bendroflumethiazide', 'Aceclofenac', 'Trimethadione']",1,1,therapeutic efficacy,"patient: 55f. drugs: bendroflumethiazide, aceclofenac 50mg every 12 hours, trimethadione.","['patient', '55f', 'drugs', 'bendroflumethiazide', 'aceclofenac', '50', 'mg', '12', 'hours', 'trimethadione']",10
"Patient: 35F. Drugs: Anidulafungin 50mg every 12 hours, Cinnarizine 25mg every 8 hours, Flibanserin 500mg every 12 hours.","['Anidulafungin', 'Cinnarizine', 'Flibanserin']",1,1,therapeutic efficacy,"patient: 35f. drugs: anidulafungin 50mg every 12 hours, cinnarizine 25mg every 8 hours, flibanserin 500mg every 12 hours.","['patient', '35f', 'drugs', 'anidulafungin', '50', 'mg', '12', 'hours', 'cinnarizine', '25', 'mg', '8', 'hours', 'flibanserin', '500', 'mg', '12', 'hours']",18
"Patient: 33M. Drugs: Pentoxyverine 100mg every 8 hours, Sufentanil 500mg every 12 hours, Propylthiouracil.","['Pentoxyverine', 'Sufentanil', 'Propylthiouracil']",0,0,none,"patient: 33m. drugs: pentoxyverine 100mg every 8 hours, sufentanil 500mg every 12 hours, propylthiouracil.","['patient', '33', 'm.', 'drugs', 'pentoxyverine', '100', 'mg', '8', 'hours', 'sufentanil', '500', 'mg', '12', 'hours', 'propylthiouracil']",15
"Patient: 58M. Drugs: Olopatadine, Hydroflumethiazide 200mg every 12 hours.","['Olopatadine', 'Hydroflumethiazide']",1,1,therapeutic efficacy,"patient: 58m. drugs: olopatadine, hydroflumethiazide 200mg every 12 hours.","['patient', '58', 'm.', 'drugs', 'olopatadine', 'hydroflumethiazide', '200', 'mg', '12', 'hours']",10
"Patient: 60F. Drugs: Mifepristone 25mg every 6 hours, Mephenytoin 75mg twice daily, Altretamine 500mg before meals.","['Mifepristone', 'Mephenytoin', 'Altretamine']",1,2,serum concentration,"patient: 60f. drugs: mifepristone 25mg every 6 hours, mephenytoin 75mg twice daily, altretamine 500mg before meals.","['patient', '60f', 'drugs', 'mifepristone', '25', 'mg', '6', 'hours', 'mephenytoin', '75', 'mg', 'twice', 'daily', 'altretamine', '500', 'mg', 'meals']",17
"Patient: 25F. Drugs: Dyphylline 50mg three times daily, Doxofylline 200mg every 6 hours.","['Dyphylline', 'Doxofylline']",1,3,risk or severity of adverse effects,"patient: 25f. drugs: dyphylline 50mg three times daily, doxofylline 200mg every 6 hours.","['patient', '25f', 'drugs', 'dyphylline', '50', 'mg', 'times', 'daily', 'doxofylline', '200', 'mg', '6', 'hours']",13
"Patient: 28F. Drugs: Clotrimazole 200mg every 8 hours, Doxazosin, Methylprednisolone 200mg once daily.","['Clotrimazole', 'Doxazosin', 'Methylprednisolone']",1,2,metabolism,"patient: 28f. drugs: clotrimazole 200mg every 8 hours, doxazosin, methylprednisolone 200mg once daily.","['patient', '28f', 'drugs', 'clotrimazole', '200', 'mg', '8', 'hours', 'doxazosin', 'methylprednisolone', '200', 'mg', 'daily']",13
"Patient: 58M. Drugs: Tipiracil 50mg as needed, Ticagrelor 100mg three times daily, Strontium ranelate.","['Tipiracil', 'Ticagrelor', 'Strontium ranelate']",0,0,none,"patient: 58m. drugs: tipiracil 50mg as needed, ticagrelor 100mg three times daily, strontium ranelate.","['patient', '58', 'm.', 'drugs', 'tipiracil', '50', 'mg', 'needed', 'ticagrelor', '100', 'mg', 'times', 'daily', 'strontium', 'ranelate']",15
"Patient: 28F. Drugs: Fosamprenavir, Chlorpropamide 200mg before meals.","['Fosamprenavir', 'Chlorpropamide']",1,1,therapeutic efficacy,"patient: 28f. drugs: fosamprenavir, chlorpropamide 200mg before meals.","['patient', '28f', 'drugs', 'fosamprenavir', 'chlorpropamide', '200', 'mg', 'meals']",8
"Patient: 52M. Drugs: Griseofulvin 500mg every 8 hours, Stanozolol.","['Griseofulvin', 'Stanozolol']",0,0,none,"patient: 52m. drugs: griseofulvin 500mg every 8 hours, stanozolol.","['patient', '52', 'm.', 'drugs', 'griseofulvin', '500', 'mg', '8', 'hours', 'stanozolol']",10
"Patient: 40M. Drugs: Suprofen 100mg after meals, Misoprostol.","['Suprofen', 'Misoprostol']",1,1,therapeutic efficacy,"patient: 40m. drugs: suprofen 100mg after meals, misoprostol.","['patient', '40', 'm.', 'drugs', 'suprofen', '100', 'mg', 'meals', 'misoprostol']",9
"Patient: 58M. Drugs: Protriptyline 75mg once daily, Lymecycline.","['Protriptyline', 'Lymecycline']",0,0,none,"patient: 58m. drugs: protriptyline 75mg once daily, lymecycline.","['patient', '58', 'm.', 'drugs', 'protriptyline', '75', 'mg', 'daily', 'lymecycline']",9
"Patient: 25F. Drugs: Prednisone 500mg every 6 hours, Tigecycline, Ethosuximide 500mg as needed, Guanethidine 200mg once daily.","['Prednisone', 'Tigecycline', 'Ethosuximide', 'Guanethidine']",0,0,none,"patient: 25f. drugs: prednisone 500mg every 6 hours, tigecycline, ethosuximide 500mg as needed, guanethidine 200mg once daily.","['patient', '25f', 'drugs', 'prednisone', '500', 'mg', '6', 'hours', 'tigecycline', 'ethosuximide', '500', 'mg', 'needed', 'guanethidine', '200', 'mg', 'daily']",17
"Patient: 52M. Drugs: Zaleplon 100mg every 12 hours, Ethyl chloride, L-Carnitine.","['Zaleplon', 'Ethyl chloride', 'L-Carnitine']",1,3,risk or severity of adverse effects,"patient: 52m. drugs: zaleplon 100mg every 12 hours, ethyl chloride, lcarnitine.","['patient', '52', 'm.', 'drugs', 'zaleplon', '100', 'mg', '12', 'hours', 'ethyl', 'chloride', 'lcarnitine']",12
"Patient: 35F. Drugs: Cinnarizine 100mg after meals, Benzylpenicilloyl Polylysine 500mg twice daily, Dexibuprofen 500mg every 6 hours.","['Cinnarizine', 'Benzylpenicilloyl Polylysine', 'Dexibuprofen']",1,1,diagnostic agent,"patient: 35f. drugs: cinnarizine 100mg after meals, benzylpenicilloyl polylysine 500mg twice daily, dexibuprofen 500mg every 6 hours.","['patient', '35f', 'drugs', 'cinnarizine', '100', 'mg', 'meals', 'benzylpenicilloyl', 'polylysine', '500', 'mg', 'twice', 'daily', 'dexibuprofen', '500', 'mg', '6', 'hours']",18
"Patient: 70F. Drugs: Amiodarone, Sertaconazole.","['Amiodarone', 'Sertaconazole']",1,1,therapeutic efficacy,"patient: 70f. drugs: amiodarone, sertaconazole.","['patient', '70f', 'drugs', 'amiodarone', 'sertaconazole']",5
"Patient: 35F. Drugs: Doxapram 200mg as needed, Benzoic Acid 100mg every 8 hours, Fluticasone.","['Doxapram', 'Benzoic Acid', 'Fluticasone']",1,1,therapeutic efficacy,"patient: 35f. drugs: doxapram 200mg as needed, benzoic acid 100mg every 8 hours, fluticasone.","['patient', '35f', 'drugs', 'doxapram', '200', 'mg', 'needed', 'benzoic', 'acid', '100', 'mg', '8', 'hours', 'fluticasone']",14
"Patient: 58M. Drugs: Olopatadine, Hydroflumethiazide 200mg every 12 hours.","['Olopatadine', 'Hydroflumethiazide']",1,1,therapeutic efficacy,"patient: 58m. drugs: olopatadine, hydroflumethiazide 200mg every 12 hours.","['patient', '58', 'm.', 'drugs', 'olopatadine', 'hydroflumethiazide', '200', 'mg', '12', 'hours']",10
"Patient: 55F. Drugs: Oxycodone, Ketoconazole 100mg every 8 hours, Lomitapide 50mg three times daily.","['Oxycodone', 'Ketoconazole', 'Lomitapide']",1,3,risk or severity of adverse effects,"patient: 55f. drugs: oxycodone, ketoconazole 100mg every 8 hours, lomitapide 50mg three times daily.","['patient', '55f', 'drugs', 'oxycodone', 'ketoconazole', '100', 'mg', '8', 'hours', 'lomitapide', '50', 'mg', 'times', 'daily']",14
"Patient: 58M. Drugs: Protriptyline 75mg once daily, Lymecycline.","['Protriptyline', 'Lymecycline']",0,0,none,"patient: 58m. drugs: protriptyline 75mg once daily, lymecycline.","['patient', '58', 'm.', 'drugs', 'protriptyline', '75', 'mg', 'daily', 'lymecycline']",9
"Patient: 58M. Drugs: Boceprevir 25mg every 8 hours, Fosnetupitant.","['Boceprevir', 'Fosnetupitant']",1,2,metabolism,"patient: 58m. drugs: boceprevir 25mg every 8 hours, fosnetupitant.","['patient', '58', 'm.', 'drugs', 'boceprevir', '25', 'mg', '8', 'hours', 'fosnetupitant']",10
"Patient: 68M. Drugs: Dexmethylphenidate 50mg as needed, Milrinone, Dimetindene 75mg every 6 hours, Doxacurium chloride 200mg after meals.","['Dexmethylphenidate', 'Milrinone', 'Dimetindene', 'Doxacurium chloride']",0,0,none,"patient: 68m. drugs: dexmethylphenidate 50mg as needed, milrinone, dimetindene 75mg every 6 hours, doxacurium chloride 200mg after meals.","['patient', '68', 'm.', 'drugs', 'dexmethylphenidate', '50', 'mg', 'needed', 'milrinone', 'dimetindene', '75', 'mg', '6', 'hours', 'doxacurium', 'chloride', '200', 'mg', 'meals']",19
"Patient: 48F. Drugs: Venetoclax 200mg three times daily, Isavuconazole 75mg before meals, Piperaquine 75mg twice daily.","['Venetoclax', 'Isavuconazole', 'Piperaquine']",1,2,serum concentration,"patient: 48f. drugs: venetoclax 200mg three times daily, isavuconazole 75mg before meals, piperaquine 75mg twice daily.","['patient', '48f', 'drugs', 'venetoclax', '200', 'mg', 'times', 'daily', 'isavuconazole', '75', 'mg', 'meals', 'piperaquine', '75', 'mg', 'twice', 'daily']",17
"Patient: 25F. Drugs: Guanethidine 500mg twice daily, Dihydroergotamine 25mg before meals.","['Guanethidine', 'Dihydroergotamine']",0,0,none,"patient: 25f. drugs: guanethidine 500mg twice daily, dihydroergotamine 25mg before meals.","['patient', '25f', 'drugs', 'guanethidine', '500', 'mg', 'twice', 'daily', 'dihydroergotamine', '25', 'mg', 'meals']",12
"Patient: 62M. Drugs: Famotidine, Menadione 500mg every 6 hours, Cholecalciferol.","['Famotidine', 'Menadione', 'Cholecalciferol']",1,2,metabolism,"patient: 62m. drugs: famotidine, menadione 500mg every 6 hours, cholecalciferol.","['patient', '62', 'm.', 'drugs', 'famotidine', 'menadione', '500', 'mg', '6', 'hours', 'cholecalciferol']",11
"Patient: 70F. Drugs: Carbachol 75mg before meals, Bevantolol 75mg every 8 hours.","['Carbachol', 'Bevantolol']",1,3,risk or severity of adverse effects,"patient: 70f. drugs: carbachol 75mg before meals, bevantolol 75mg every 8 hours.","['patient', '70f', 'drugs', 'carbachol', '75', 'mg', 'meals', 'bevantolol', '75', 'mg', '8', 'hours']",12
"Patient: 48F. Drugs: Protriptyline 75mg as needed, Nabilone 500mg three times daily.","['Protriptyline', 'Nabilone']",1,2,central nervous system depressant (CNS depressant) activities,"patient: 48f. drugs: protriptyline 75mg as needed, nabilone 500mg three times daily.","['patient', '48f', 'drugs', 'protriptyline', '75', 'mg', 'needed', 'nabilone', '500', 'mg', 'times', 'daily']",12
"Patient: 28F. Drugs: Fospropofol 50mg once daily, Perazine 200mg as needed.","['Fospropofol', 'Perazine']",1,3,risk or severity of adverse effects,"patient: 28f. drugs: fospropofol 50mg once daily, perazine 200mg as needed.","['patient', '28f', 'drugs', 'fospropofol', '50', 'mg', 'daily', 'perazine', '200', 'mg', 'needed']",11
"Patient: 28F. Drugs: Haloprogin 100mg after meals, Lumacaftor 75mg every 8 hours, Ixazomib 75mg twice daily.","['Haloprogin', 'Lumacaftor', 'Ixazomib']",1,2,serum concentration,"patient: 28f. drugs: haloprogin 100mg after meals, lumacaftor 75mg every 8 hours, ixazomib 75mg twice daily.","['patient', '28f', 'drugs', 'haloprogin', '100', 'mg', 'meals', 'lumacaftor', '75', 'mg', '8', 'hours', 'ixazomib', '75', 'mg', 'twice', 'daily']",17
"Patient: 70F. Drugs: Sorafenib 100mg after meals, Atazanavir 50mg three times daily.","['Sorafenib', 'Atazanavir']",1,2,serum concentration,"patient: 70f. drugs: sorafenib 100mg after meals, atazanavir 50mg three times daily.","['patient', '70f', 'drugs', 'sorafenib', '100', 'mg', 'meals', 'atazanavir', '50', 'mg', 'times', 'daily']",12
"Patient: 60F. Drugs: Mycophenolate mofetil 500mg every 12 hours, Trichlormethiazide 100mg before meals, Calcium lactate.","['Mycophenolate mofetil', 'Trichlormethiazide', 'Calcium lactate']",1,1,therapeutic efficacy,"patient: 60f. drugs: mycophenolate mofetil 500mg every 12 hours, trichlormethiazide 100mg before meals, calcium lactate.","['patient', '60f', 'drugs', 'mycophenolate', 'mofetil', '500', 'mg', '12', 'hours', 'trichlormethiazide', '100', 'mg', 'meals', 'calcium', 'lactate']",15
"Patient: 62M. Drugs: Lacidipine 500mg every 12 hours, Calcium lactate 25mg once daily, Pivmecillinam 75mg as needed.","['Lacidipine', 'Calcium lactate', 'Pivmecillinam']",1,1,therapeutic efficacy,"patient: 62m. drugs: lacidipine 500mg every 12 hours, calcium lactate 25mg once daily, pivmecillinam 75mg as needed.","['patient', '62', 'm.', 'drugs', 'lacidipine', '500', 'mg', '12', 'hours', 'calcium', 'lactate', '25', 'mg', 'daily', 'pivmecillinam', '75', 'mg', 'needed']",18
"Patient: 75M. Drugs: Doxylamine 50mg every 12 hours, Paritaprevir 200mg every 12 hours, Stavudine 100mg three times daily, Lumefantrine 25mg as needed.","['Doxylamine', 'Paritaprevir', 'Stavudine', 'Lumefantrine']",0,0,none,"patient: 75m. drugs: doxylamine 50mg every 12 hours, paritaprevir 200mg every 12 hours, stavudine 100mg three times daily, lumefantrine 25mg as needed.","['patient', '75', 'm.', 'drugs', 'doxylamine', '50', 'mg', '12', 'hours', 'paritaprevir', '200', 'mg', '12', 'hours', 'stavudine', '100', 'mg', 'times', 'daily', 'lumefantrine', '25', 'mg', 'needed']",23
"Patient: 30M. Drugs: Sufentanil 200mg once daily, Darunavir 25mg three times daily.","['Sufentanil', 'Darunavir']",1,2,metabolism,"patient: 30m. drugs: sufentanil 200mg once daily, darunavir 25mg three times daily.","['patient', '30', 'm.', 'drugs', 'sufentanil', '200', 'mg', 'daily', 'darunavir', '25', 'mg', 'times', 'daily']",13
"Patient: 33M. Drugs: Sitaxentan, Levothyroxine.","['Sitaxentan', 'Levothyroxine']",0,0,none,"patient: 33m. drugs: sitaxentan, levothyroxine.","['patient', '33', 'm.', 'drugs', 'sitaxentan', 'levothyroxine']",6
"Patient: 35F. Drugs: Cyclobenzaprine, Tiludronic acid.","['Cyclobenzaprine', 'Tiludronic acid']",0,0,none,"patient: 35f. drugs: cyclobenzaprine, tiludronic acid.","['patient', '35f', 'drugs', 'cyclobenzaprine', 'tiludronic', 'acid']",6
"Patient: 68M. Drugs: Metoprolol, Atorvastatin, Sulfamethizole 75mg every 8 hours.","['Metoprolol', 'Atorvastatin', 'Sulfamethizole']",1,2,serum concentration,"patient: 68m. drugs: metoprolol, atorvastatin, sulfamethizole 75mg every 8 hours.","['patient', '68', 'm.', 'drugs', 'metoprolol', 'atorvastatin', 'sulfamethizole', '75', 'mg', '8', 'hours']",11
"Patient: 30M. Drugs: Chlorpropamide, Tipranavir 200mg once daily.","['Chlorpropamide', 'Tipranavir']",1,1,therapeutic efficacy,"patient: 30m. drugs: chlorpropamide, tipranavir 200mg once daily.","['patient', '30', 'm.', 'drugs', 'chlorpropamide', 'tipranavir', '200', 'mg', 'daily']",9
"Patient: 48F. Drugs: Trimetrexate, Bepridil 200mg three times daily, Isosorbide Mononitrate 200mg every 6 hours.","['Trimetrexate', 'Bepridil', 'Isosorbide Mononitrate']",1,1,therapeutic efficacy,"patient: 48f. drugs: trimetrexate, bepridil 200mg three times daily, isosorbide mononitrate 200mg every 6 hours.","['patient', '48f', 'drugs', 'trimetrexate', 'bepridil', '200', 'mg', 'times', 'daily', 'isosorbide', 'mononitrate', '200', 'mg', '6', 'hours']",15
"Patient: 40M. Drugs: Etacrynic acid 25mg twice daily, Alogliptin 50mg twice daily, Fosfomycin.","['Etacrynic acid', 'Alogliptin', 'Fosfomycin']",1,1,therapeutic efficacy,"patient: 40m. drugs: etacrynic acid 25mg twice daily, alogliptin 50mg twice daily, fosfomycin.","['patient', '40', 'm.', 'drugs', 'etacrynic', 'acid', '25', 'mg', 'twice', 'daily', 'alogliptin', '50', 'mg', 'twice', 'daily', 'fosfomycin']",16
"Patient: 62M. Drugs: Hydroxyzine 25mg before meals, Ioflupane I-123 200mg after meals, Methyclothiazide 100mg once daily.","['Hydroxyzine', 'Ioflupane I-123', 'Methyclothiazide']",0,0,none,"patient: 62m. drugs: hydroxyzine 25mg before meals, ioflupane i123 200mg after meals, methyclothiazide 100mg once daily.","['patient', '62', 'm.', 'drugs', 'hydroxyzine', '25', 'mg', 'meals', 'ioflupane', 'i123', '200', 'mg', 'meals', 'methyclothiazide', '100', 'mg', 'daily']",17
"Patient: 45F. Drugs: Fluvoxamine 25mg twice daily, Methysergide, Telithromycin.","['Fluvoxamine', 'Methysergide', 'Telithromycin']",1,3,risk or severity of adverse effects,"patient: 45f. drugs: fluvoxamine 25mg twice daily, methysergide, telithromycin.","['patient', '45f', 'drugs', 'fluvoxamine', '25', 'mg', 'twice', 'daily', 'methysergide', 'telithromycin']",10
"Patient: 52M. Drugs: Ibrutinib 500mg every 6 hours, Hydrochlorothiazide, Phenindione 25mg three times daily, Amiodarone 100mg once daily.","['Ibrutinib', 'Hydrochlorothiazide', 'Phenindione', 'Amiodarone']",1,3,risk or severity of adverse effects,"patient: 52m. drugs: ibrutinib 500mg every 6 hours, hydrochlorothiazide, phenindione 25mg three times daily, amiodarone 100mg once daily.","['patient', '52', 'm.', 'drugs', 'ibrutinib', '500', 'mg', '6', 'hours', 'hydrochlorothiazide', 'phenindione', '25', 'mg', 'times', 'daily', 'amiodarone', '100', 'mg', 'daily']",19
"Patient: 45F. Drugs: Pivmecillinam 100mg three times daily, Cholecalciferol.","['Pivmecillinam', 'Cholecalciferol']",0,0,none,"patient: 45f. drugs: pivmecillinam 100mg three times daily, cholecalciferol.","['patient', '45f', 'drugs', 'pivmecillinam', '100', 'mg', 'times', 'daily', 'cholecalciferol']",9
"Patient: 40M. Drugs: Isotretinoin, Dienogest, Propofol 25mg every 12 hours.","['Isotretinoin', 'Dienogest', 'Propofol']",1,1,therapeutic efficacy,"patient: 40m. drugs: isotretinoin, dienogest, propofol 25mg every 12 hours.","['patient', '40', 'm.', 'drugs', 'isotretinoin', 'dienogest', 'propofol', '25', 'mg', '12', 'hours']",11
"Patient: 75M. Drugs: Niraparib 50mg once daily, Nateglinide 75mg as needed, L-Tryptophan 75mg three times daily, Quinagolide.","['Niraparib', 'Nateglinide', 'L-Tryptophan', 'Quinagolide']",0,0,none,"patient: 75m. drugs: niraparib 50mg once daily, nateglinide 75mg as needed, ltryptophan 75mg three times daily, quinagolide.","['patient', '75', 'm.', 'drugs', 'niraparib', '50', 'mg', 'daily', 'nateglinide', '75', 'mg', 'needed', 'ltryptophan', '75', 'mg', 'times', 'daily', 'quinagolide']",18
"Patient: 33M. Drugs: Ergotamine, Nabiximols 200mg before meals.","['Ergotamine', 'Nabiximols']",0,0,none,"patient: 33m. drugs: ergotamine, nabiximols 200mg before meals.","['patient', '33', 'm.', 'drugs', 'ergotamine', 'nabiximols', '200', 'mg', 'meals']",9
"Patient: 58M. Drugs: Bambuterol, Hydrotalcite 100mg after meals.","['Bambuterol', 'Hydrotalcite']",0,0,none,"patient: 58m. drugs: bambuterol, hydrotalcite 100mg after meals.","['patient', '58', 'm.', 'drugs', 'bambuterol', 'hydrotalcite', '100', 'mg', 'meals']",9
"Patient: 60F. Drugs: Tetracycline 500mg every 6 hours, Nylidrin 100mg twice daily, Pimecrolimus.","['Tetracycline', 'Nylidrin', 'Pimecrolimus']",0,0,none,"patient: 60f. drugs: tetracycline 500mg every 6 hours, nylidrin 100mg twice daily, pimecrolimus.","['patient', '60f', 'drugs', 'tetracycline', '500', 'mg', '6', 'hours', 'nylidrin', '100', 'mg', 'twice', 'daily', 'pimecrolimus']",14
"Patient: 33M. Drugs: Pazopanib 25mg after meals, Physostigmine 25mg before meals, Lenalidomide 50mg before meals.","['Pazopanib', 'Physostigmine', 'Lenalidomide']",0,0,none,"patient: 33m. drugs: pazopanib 25mg after meals, physostigmine 25mg before meals, lenalidomide 50mg before meals.","['patient', '33', 'm.', 'drugs', 'pazopanib', '25', 'mg', 'meals', 'physostigmine', '25', 'mg', 'meals', 'lenalidomide', '50', 'mg', 'meals']",16
"Patient: 62M. Drugs: Trolamine salicylate, Gabapentin, Arbekacin.","['Trolamine salicylate', 'Gabapentin', 'Arbekacin']",0,0,none,"patient: 62m. drugs: trolamine salicylate, gabapentin, arbekacin.","['patient', '62', 'm.', 'drugs', 'trolamine', 'salicylate', 'gabapentin', 'arbekacin']",8
"Patient: 25F. Drugs: Nilotinib 75mg before meals, Empagliflozin 75mg every 6 hours, Thiabendazole 200mg twice daily.","['Nilotinib', 'Empagliflozin', 'Thiabendazole']",1,1,therapeutic efficacy,"patient: 25f. drugs: nilotinib 75mg before meals, empagliflozin 75mg every 6 hours, thiabendazole 200mg twice daily.","['patient', '25f', 'drugs', 'nilotinib', '75', 'mg', 'meals', 'empagliflozin', '75', 'mg', '6', 'hours', 'thiabendazole', '200', 'mg', 'twice', 'daily']",17
"Patient: 62M. Drugs: Phensuximide 500mg after meals, Benzthiazide, Empagliflozin 50mg before meals.","['Phensuximide', 'Benzthiazide', 'Empagliflozin']",1,1,therapeutic efficacy,"patient: 62m. drugs: phensuximide 500mg after meals, benzthiazide, empagliflozin 50mg before meals.","['patient', '62', 'm.', 'drugs', 'phensuximide', '500', 'mg', 'meals', 'benzthiazide', 'empagliflozin', '50', 'mg', 'meals']",13
"Patient: 60F. Drugs: Etacrynic acid, Dexbrompheniramine, Trolamine salicylate 200mg three times daily, Temsirolimus 50mg once daily.","['Etacrynic acid', 'Dexbrompheniramine', 'Trolamine salicylate', 'Temsirolimus']",1,1,therapeutic efficacy,"patient: 60f. drugs: etacrynic acid, dexbrompheniramine, trolamine salicylate 200mg three times daily, temsirolimus 50mg once daily.","['patient', '60f', 'drugs', 'etacrynic', 'acid', 'dexbrompheniramine', 'trolamine', 'salicylate', '200', 'mg', 'times', 'daily', 'temsirolimus', '50', 'mg', 'daily']",16
"Patient: 62M. Drugs: Losartan 25mg as needed, Salsalate 50mg every 12 hours, Ziprasidone 50mg as needed.","['Losartan', 'Salsalate', 'Ziprasidone']",1,3,risk or severity of adverse effects,"patient: 62m. drugs: losartan 25mg as needed, salsalate 50mg every 12 hours, ziprasidone 50mg as needed.","['patient', '62', 'm.', 'drugs', 'losartan', '25', 'mg', 'needed', 'salsalate', '50', 'mg', '12', 'hours', 'ziprasidone', '50', 'mg', 'needed']",17
"Patient: 55F. Drugs: Sapropterin 200mg after meals, Rotigotine 500mg every 12 hours, Prazosin 75mg every 12 hours.","['Sapropterin', 'Rotigotine', 'Prazosin']",1,3,risk or severity of adverse effects,"patient: 55f. drugs: sapropterin 200mg after meals, rotigotine 500mg every 12 hours, prazosin 75mg every 12 hours.","['patient', '55f', 'drugs', 'sapropterin', '200', 'mg', 'meals', 'rotigotine', '500', 'mg', '12', 'hours', 'prazosin', '75', 'mg', '12', 'hours']",17
"Patient: 35F. Drugs: Gemifloxacin 50mg twice daily, Aloglutamol, Roxatidine acetate 75mg once daily, Rosoxacin 200mg before meals.","['Gemifloxacin', 'Aloglutamol', 'Roxatidine acetate', 'Rosoxacin']",1,1,absorption,"patient: 35f. drugs: gemifloxacin 50mg twice daily, aloglutamol, roxatidine acetate 75mg once daily, rosoxacin 200mg before meals.","['patient', '35f', 'drugs', 'gemifloxacin', '50', 'mg', 'twice', 'daily', 'aloglutamol', 'roxatidine', 'acetate', '75', 'mg', 'daily', 'rosoxacin', '200', 'mg', 'meals']",18
"Patient: 55F. Drugs: Clotrimazole 100mg as needed, Ivacaftor, Tioguanine.","['Clotrimazole', 'Ivacaftor', 'Tioguanine']",1,2,serum concentration,"patient: 55f. drugs: clotrimazole 100mg as needed, ivacaftor, tioguanine.","['patient', '55f', 'drugs', 'clotrimazole', '100', 'mg', 'needed', 'ivacaftor', 'tioguanine']",9
"Patient: 35F. Drugs: Anidulafungin 50mg every 12 hours, Cinnarizine 25mg every 8 hours, Flibanserin 500mg every 12 hours.","['Anidulafungin', 'Cinnarizine', 'Flibanserin']",1,1,therapeutic efficacy,"patient: 35f. drugs: anidulafungin 50mg every 12 hours, cinnarizine 25mg every 8 hours, flibanserin 500mg every 12 hours.","['patient', '35f', 'drugs', 'anidulafungin', '50', 'mg', '12', 'hours', 'cinnarizine', '25', 'mg', '8', 'hours', 'flibanserin', '500', 'mg', '12', 'hours']",18
"Patient: 30M. Drugs: Vigabatrin 50mg twice daily, Benperidol, Manidipine 25mg once daily.","['Vigabatrin', 'Benperidol', 'Manidipine']",1,3,risk or severity of adverse effects,"patient: 30m. drugs: vigabatrin 50mg twice daily, benperidol, manidipine 25mg once daily.","['patient', '30', 'm.', 'drugs', 'vigabatrin', '50', 'mg', 'twice', 'daily', 'benperidol', 'manidipine', '25', 'mg', 'daily']",14
"Patient: 70F. Drugs: Micafungin 200mg once daily, Efonidipine.","['Micafungin', 'Efonidipine']",1,1,therapeutic efficacy,"patient: 70f. drugs: micafungin 200mg once daily, efonidipine.","['patient', '70f', 'drugs', 'micafungin', '200', 'mg', 'daily', 'efonidipine']",8
"Patient: 75M. Drugs: Cholecalciferol 200mg three times daily, Mirtazapine.","['Cholecalciferol', 'Mirtazapine']",1,2,metabolism,"patient: 75m. drugs: cholecalciferol 200mg three times daily, mirtazapine.","['patient', '75', 'm.', 'drugs', 'cholecalciferol', '200', 'mg', 'times', 'daily', 'mirtazapine']",10
"Patient: 58M. Drugs: Lornoxicam 500mg once daily, Clotrimazole, Enasidenib, Glucosamine 200mg before meals.","['Lornoxicam', 'Clotrimazole', 'Enasidenib', 'Glucosamine']",1,2,metabolism,"patient: 58m. drugs: lornoxicam 500mg once daily, clotrimazole, enasidenib, glucosamine 200mg before meals.","['patient', '58', 'm.', 'drugs', 'lornoxicam', '500', 'mg', 'daily', 'clotrimazole', 'enasidenib', 'glucosamine', '200', 'mg', 'meals']",14
"Patient: 52M. Drugs: Dydrogesterone 100mg every 12 hours, Phenprocoumon 200mg every 8 hours.","['Dydrogesterone', 'Phenprocoumon']",1,1,therapeutic efficacy,"patient: 52m. drugs: dydrogesterone 100mg every 12 hours, phenprocoumon 200mg every 8 hours.","['patient', '52', 'm.', 'drugs', 'dydrogesterone', '100', 'mg', '12', 'hours', 'phenprocoumon', '200', 'mg', '8', 'hours']",14
"Patient: 40M. Drugs: Felbamate 75mg twice daily, Luliconazole 100mg after meals.","['Felbamate', 'Luliconazole']",1,2,serum concentration,"patient: 40m. drugs: felbamate 75mg twice daily, luliconazole 100mg after meals.","['patient', '40', 'm.', 'drugs', 'felbamate', '75', 'mg', 'twice', 'daily', 'luliconazole', '100', 'mg', 'meals']",13
"Patient: 62M. Drugs: Fosamprenavir 200mg before meals, Thiothixene, Almotriptan 50mg as needed.","['Fosamprenavir', 'Thiothixene', 'Almotriptan']",1,3,risk or severity of adverse effects,"patient: 62m. drugs: fosamprenavir 200mg before meals, thiothixene, almotriptan 50mg as needed.","['patient', '62', 'm.', 'drugs', 'fosamprenavir', '200', 'mg', 'meals', 'thiothixene', 'almotriptan', '50', 'mg', 'needed']",13
"Patient: 40M. Drugs: Nortriptyline 100mg before meals, Iobenguane 25mg as needed, Carbinoxamine.","['Nortriptyline', 'Iobenguane', 'Carbinoxamine']",1,1,therapeutic efficacy,"patient: 40m. drugs: nortriptyline 100mg before meals, iobenguane 25mg as needed, carbinoxamine.","['patient', '40', 'm.', 'drugs', 'nortriptyline', '100', 'mg', 'meals', 'iobenguane', '25', 'mg', 'needed', 'carbinoxamine']",13
"Patient: 62M. Drugs: Methdilazine 75mg after meals, Technetium Tc-99m mebrofenin, Equilin 25mg before meals, Nicotine.","['Methdilazine', 'Technetium Tc-99m mebrofenin', 'Equilin', 'Nicotine']",0,0,none,"patient: 62m. drugs: methdilazine 75mg after meals, technetium tc99m mebrofenin, equilin 25mg before meals, nicotine.","['patient', '62', 'm.', 'drugs', 'methdilazine', '75', 'mg', 'meals', 'technetium', 'tc99', 'm', 'mebrofenin', 'equilin', '25', 'mg', 'meals', 'nicotine']",17
"Patient: 70F. Drugs: Hydroflumethiazide 50mg once daily, Linagliptin 100mg once daily.","['Hydroflumethiazide', 'Linagliptin']",1,1,therapeutic efficacy,"patient: 70f. drugs: hydroflumethiazide 50mg once daily, linagliptin 100mg once daily.","['patient', '70f', 'drugs', 'hydroflumethiazide', '50', 'mg', 'daily', 'linagliptin', '100', 'mg', 'daily']",11
"Patient: 45F. Drugs: Edetic Acid 75mg every 8 hours, Gestodene 50mg twice daily, Kanamycin.","['Edetic Acid', 'Gestodene', 'Kanamycin']",1,1,therapeutic efficacy,"patient: 45f. drugs: edetic acid 75mg every 8 hours, gestodene 50mg twice daily, kanamycin.","['patient', '45f', 'drugs', 'edetic', 'acid', '75', 'mg', '8', 'hours', 'gestodene', '50', 'mg', 'twice', 'daily', 'kanamycin']",15
"Patient: 58M. Drugs: Yohimbine 25mg three times daily, Cinacalcet 25mg before meals.","['Yohimbine', 'Cinacalcet']",1,2,metabolism,"patient: 58m. drugs: yohimbine 25mg three times daily, cinacalcet 25mg before meals.","['patient', '58', 'm.', 'drugs', 'yohimbine', '25', 'mg', 'times', 'daily', 'cinacalcet', '25', 'mg', 'meals']",13
"Patient: 28F. Drugs: Methdilazine, Carboprost Tromethamine, Sulfathiazole 100mg twice daily, Fosaprepitant 25mg every 8 hours.","['Methdilazine', 'Carboprost Tromethamine', 'Sulfathiazole', 'Fosaprepitant']",0,0,none,"patient: 28f. drugs: methdilazine, carboprost tromethamine, sulfathiazole 100mg twice daily, fosaprepitant 25mg every 8 hours.","['patient', '28f', 'drugs', 'methdilazine', 'carboprost', 'tromethamine', 'sulfathiazole', '100', 'mg', 'twice', 'daily', 'fosaprepitant', '25', 'mg', '8', 'hours']",16
"Patient: 35F. Drugs: Nabumetone 100mg every 12 hours, Limaprost, Clozapine 500mg three times daily.","['Nabumetone', 'Limaprost', 'Clozapine']",1,1,therapeutic efficacy,"patient: 35f. drugs: nabumetone 100mg every 12 hours, limaprost, clozapine 500mg three times daily.","['patient', '35f', 'drugs', 'nabumetone', '100', 'mg', '12', 'hours', 'limaprost', 'clozapine', '500', 'mg', 'times', 'daily']",14
"Patient: 62M. Drugs: Chloroquine 75mg every 8 hours, Tranilast.","['Chloroquine', 'Tranilast']",1,3,risk or severity of adverse effects,"patient: 62m. drugs: chloroquine 75mg every 8 hours, tranilast.","['patient', '62', 'm.', 'drugs', 'chloroquine', '75', 'mg', '8', 'hours', 'tranilast']",10
"Patient: 35F. Drugs: Ketazolam 75mg before meals, Selexipag 25mg three times daily, Mefloquine 50mg once daily, Brivaracetam.","['Ketazolam', 'Selexipag', 'Mefloquine', 'Brivaracetam']",1,1,therapeutic efficacy,"patient: 35f. drugs: ketazolam 75mg before meals, selexipag 25mg three times daily, mefloquine 50mg once daily, brivaracetam.","['patient', '35f', 'drugs', 'ketazolam', '75', 'mg', 'meals', 'selexipag', '25', 'mg', 'times', 'daily', 'mefloquine', '50', 'mg', 'daily', 'brivaracetam']",17
"Patient: 60F. Drugs: Pentetic acid, Eribulin, Calcium Phosphate 50mg before meals, Allylestrenol 200mg twice daily.","['Pentetic acid', 'Eribulin', 'Calcium Phosphate', 'Allylestrenol']",0,0,none,"patient: 60f. drugs: pentetic acid, eribulin, calcium phosphate 50mg before meals, allylestrenol 200mg twice daily.","['patient', '60f', 'drugs', 'pentetic', 'acid', 'eribulin', 'calcium', 'phosphate', '50', 'mg', 'meals', 'allylestrenol', '200', 'mg', 'twice', 'daily']",16
"Patient: 52M. Drugs: Acetazolamide 50mg every 12 hours, Tiagabine 50mg after meals, Ritodrine 50mg once daily.","['Acetazolamide', 'Tiagabine', 'Ritodrine']",0,0,none,"patient: 52m. drugs: acetazolamide 50mg every 12 hours, tiagabine 50mg after meals, ritodrine 50mg once daily.","['patient', '52', 'm.', 'drugs', 'acetazolamide', '50', 'mg', '12', 'hours', 'tiagabine', '50', 'mg', 'meals', 'ritodrine', '50', 'mg', 'daily']",17
"Patient: 45F. Drugs: Technetium Tc-99m sestamibi 200mg three times daily, Lumacaftor 25mg three times daily.","['Technetium Tc-99m sestamibi', 'Lumacaftor']",1,2,serum concentration,"patient: 45f. drugs: technetium tc99m sestamibi 200mg three times daily, lumacaftor 25mg three times daily.","['patient', '45f', 'drugs', 'technetium', 'tc99', 'm', 'sestamibi', '200', 'mg', 'times', 'daily', 'lumacaftor', '25', 'mg', 'times', 'daily']",16
"Patient: 28F. Drugs: Tadalafil 50mg three times daily, Isosorbide Mononitrate 25mg after meals.","['Tadalafil', 'Isosorbide Mononitrate']",1,1,vasodilatory activities,"patient: 28f. drugs: tadalafil 50mg three times daily, isosorbide mononitrate 25mg after meals.","['patient', '28f', 'drugs', 'tadalafil', '50', 'mg', 'times', 'daily', 'isosorbide', 'mononitrate', '25', 'mg', 'meals']",13
"Patient: 55F. Drugs: Carbinoxamine 50mg three times daily, Tianeptine.","['Carbinoxamine', 'Tianeptine']",0,0,none,"patient: 55f. drugs: carbinoxamine 50mg three times daily, tianeptine.","['patient', '55f', 'drugs', 'carbinoxamine', '50', 'mg', 'times', 'daily', 'tianeptine']",9
"Patient: 30M. Drugs: Bromazepam 100mg every 12 hours, Zuclopenthixol 75mg after meals, Aminosalicylic Acid.","['Bromazepam', 'Zuclopenthixol', 'Aminosalicylic Acid']",1,3,risk or severity of adverse effects,"patient: 30m. drugs: bromazepam 100mg every 12 hours, zuclopenthixol 75mg after meals, aminosalicylic acid.","['patient', '30', 'm.', 'drugs', 'bromazepam', '100', 'mg', '12', 'hours', 'zuclopenthixol', '75', 'mg', 'meals', 'aminosalicylic', 'acid']",15
"Patient: 62M. Drugs: Gentamicin, Fidaxomicin 200mg before meals, Mesoridazine, Tromethamine 500mg twice daily.","['Gentamicin', 'Fidaxomicin', 'Mesoridazine', 'Tromethamine']",1,1,absorption,"patient: 62m. drugs: gentamicin, fidaxomicin 200mg before meals, mesoridazine, tromethamine 500mg twice daily.","['patient', '62', 'm.', 'drugs', 'gentamicin', 'fidaxomicin', '200', 'mg', 'meals', 'mesoridazine', 'tromethamine', '500', 'mg', 'twice', 'daily']",15
"Patient: 58M. Drugs: Iron saccharate 500mg as needed, Dabrafenib 75mg three times daily, Dimethyl sulfoxide 200mg three times daily.","['Iron saccharate', 'Dabrafenib', 'Dimethyl sulfoxide']",0,0,none,"patient: 58m. drugs: iron saccharate 500mg as needed, dabrafenib 75mg three times daily, dimethyl sulfoxide 200mg three times daily.","['patient', '58', 'm.', 'drugs', 'iron', 'saccharate', '500', 'mg', 'needed', 'dabrafenib', '75', 'mg', 'times', 'daily', 'dimethyl', 'sulfoxide', '200', 'mg', 'times', 'daily']",20
"Patient: 28F. Drugs: Nortriptyline 25mg twice daily, Cariprazine 25mg before meals.","['Nortriptyline', 'Cariprazine']",1,3,risk or severity of adverse effects,"patient: 28f. drugs: nortriptyline 25mg twice daily, cariprazine 25mg before meals.","['patient', '28f', 'drugs', 'nortriptyline', '25', 'mg', 'twice', 'daily', 'cariprazine', '25', 'mg', 'meals']",12
"Patient: 25F. Drugs: Voriconazole 50mg as needed, Flecainide 50mg every 8 hours.","['Voriconazole', 'Flecainide']",1,2,QTc-prolonging activities,"patient: 25f. drugs: voriconazole 50mg as needed, flecainide 50mg every 8 hours.","['patient', '25f', 'drugs', 'voriconazole', '50', 'mg', 'needed', 'flecainide', '50', 'mg', '8', 'hours']",12
"Patient: 55F. Drugs: Finafloxacin 200mg every 12 hours, Phentermine 25mg every 12 hours, Trandolapril, Sulfamoxole 100mg once daily.","['Finafloxacin', 'Phentermine', 'Trandolapril', 'Sulfamoxole']",0,0,none,"patient: 55f. drugs: finafloxacin 200mg every 12 hours, phentermine 25mg every 12 hours, trandolapril, sulfamoxole 100mg once daily.","['patient', '55f', 'drugs', 'finafloxacin', '200', 'mg', '12', 'hours', 'phentermine', '25', 'mg', '12', 'hours', 'trandolapril', 'sulfamoxole', '100', 'mg', 'daily']",18
"Patient: 60F. Drugs: Deslanoside 50mg every 6 hours, Oxprenolol 500mg every 12 hours.","['Deslanoside', 'Oxprenolol']",1,2,bradycardic activities,"patient: 60f. drugs: deslanoside 50mg every 6 hours, oxprenolol 500mg every 12 hours.","['patient', '60f', 'drugs', 'deslanoside', '50', 'mg', '6', 'hours', 'oxprenolol', '500', 'mg', '12', 'hours']",13
"Patient: 48F. Drugs: Tiaprofenic acid, Folic Acid 75mg twice daily.","['Tiaprofenic acid', 'Folic Acid']",1,1,therapeutic efficacy,"patient: 48f. drugs: tiaprofenic acid, folic acid 75mg twice daily.","['patient', '48f', 'drugs', 'tiaprofenic', 'acid', 'folic', 'acid', '75', 'mg', 'twice', 'daily']",11
"Patient: 33M. Drugs: Prazepam, Rucaparib 50mg three times daily.","['Prazepam', 'Rucaparib']",1,2,metabolism,"patient: 33m. drugs: prazepam, rucaparib 50mg three times daily.","['patient', '33', 'm.', 'drugs', 'prazepam', 'rucaparib', '50', 'mg', 'times', 'daily']",10
"Patient: 58M. Drugs: Ethyl chloride 100mg twice daily, Tizanidine 100mg as needed, Nizatidine 75mg every 8 hours, Artemether 75mg twice daily.","['Ethyl chloride', 'Tizanidine', 'Nizatidine', 'Artemether']",1,3,risk or severity of adverse effects,"patient: 58m. drugs: ethyl chloride 100mg twice daily, tizanidine 100mg as needed, nizatidine 75mg every 8 hours, artemether 75mg twice daily.","['patient', '58', 'm.', 'drugs', 'ethyl', 'chloride', '100', 'mg', 'twice', 'daily', 'tizanidine', '100', 'mg', 'needed', 'nizatidine', '75', 'mg', '8', 'hours', 'artemether', '75', 'mg', 'twice', 'daily']",24
"Patient: 70F. Drugs: Lapatinib 100mg every 12 hours, Methylnaltrexone 25mg three times daily.","['Lapatinib', 'Methylnaltrexone']",0,0,none,"patient: 70f. drugs: lapatinib 100mg every 12 hours, methylnaltrexone 25mg three times daily.","['patient', '70f', 'drugs', 'lapatinib', '100', 'mg', '12', 'hours', 'methylnaltrexone', '25', 'mg', 'times', 'daily']",13
"Patient: 70F. Drugs: Bosutinib 500mg every 6 hours, Magaldrate 75mg every 8 hours.","['Bosutinib', 'Magaldrate']",1,2,serum concentration,"patient: 70f. drugs: bosutinib 500mg every 6 hours, magaldrate 75mg every 8 hours.","['patient', '70f', 'drugs', 'bosutinib', '500', 'mg', '6', 'hours', 'magaldrate', '75', 'mg', '8', 'hours']",13
"Patient: 45F. Drugs: Bicalutamide 75mg once daily, Cerulenin 500mg every 12 hours, Lomefloxacin 200mg before meals.","['Bicalutamide', 'Cerulenin', 'Lomefloxacin']",0,0,none,"patient: 45f. drugs: bicalutamide 75mg once daily, cerulenin 500mg every 12 hours, lomefloxacin 200mg before meals.","['patient', '45f', 'drugs', 'bicalutamide', '75', 'mg', 'daily', 'cerulenin', '500', 'mg', '12', 'hours', 'lomefloxacin', '200', 'mg', 'meals']",16
"Patient: 68M. Drugs: Chlordiazepoxide 75mg as needed, Dexmedetomidine.","['Chlordiazepoxide', 'Dexmedetomidine']",1,3,risk or severity of adverse effects,"patient: 68m. drugs: chlordiazepoxide 75mg as needed, dexmedetomidine.","['patient', '68', 'm.', 'drugs', 'chlordiazepoxide', '75', 'mg', 'needed', 'dexmedetomidine']",9
"Patient: 40M. Drugs: Metixene, Sulfapyridine 25mg as needed.","['Metixene', 'Sulfapyridine']",0,0,none,"patient: 40m. drugs: metixene, sulfapyridine 25mg as needed.","['patient', '40', 'm.', 'drugs', 'metixene', 'sulfapyridine', '25', 'mg', 'needed']",9
"Patient: 68M. Drugs: Trandolapril 100mg once daily, Fluconazole 50mg once daily, Zidovudine 100mg after meals.","['Trandolapril', 'Fluconazole', 'Zidovudine']",1,2,serum concentration,"patient: 68m. drugs: trandolapril 100mg once daily, fluconazole 50mg once daily, zidovudine 100mg after meals.","['patient', '68', 'm.', 'drugs', 'trandolapril', '100', 'mg', 'daily', 'fluconazole', '50', 'mg', 'daily', 'zidovudine', '100', 'mg', 'meals']",16
"Patient: 45F. Drugs: Methohexital 25mg every 8 hours, Nitroxoline 25mg as needed, Calcium Acetate 75mg every 6 hours, Miglitol.","['Methohexital', 'Nitroxoline', 'Calcium Acetate', 'Miglitol']",0,0,none,"patient: 45f. drugs: methohexital 25mg every 8 hours, nitroxoline 25mg as needed, calcium acetate 75mg every 6 hours, miglitol.","['patient', '45f', 'drugs', 'methohexital', '25', 'mg', '8', 'hours', 'nitroxoline', '25', 'mg', 'needed', 'calcium', 'acetate', '75', 'mg', '6', 'hours', 'miglitol']",19
"Patient: 55F. Drugs: Fluvoxamine 200mg every 12 hours, Sirolimus 50mg every 12 hours.","['Fluvoxamine', 'Sirolimus']",1,2,metabolism,"patient: 55f. drugs: fluvoxamine 200mg every 12 hours, sirolimus 50mg every 12 hours.","['patient', '55f', 'drugs', 'fluvoxamine', '200', 'mg', '12', 'hours', 'sirolimus', '50', 'mg', '12', 'hours']",13
"Patient: 75M. Drugs: Buspirone 100mg three times daily, Sirolimus.","['Buspirone', 'Sirolimus']",1,2,metabolism,"patient: 75m. drugs: buspirone 100mg three times daily, sirolimus.","['patient', '75', 'm.', 'drugs', 'buspirone', '100', 'mg', 'times', 'daily', 'sirolimus']",10
"Patient: 58M. Drugs: Ambenonium 100mg twice daily, Pasireotide 75mg after meals, Nisoldipine 50mg every 8 hours, Isoconazole 75mg before meals.","['Ambenonium', 'Pasireotide', 'Nisoldipine', 'Isoconazole']",1,1,therapeutic efficacy,"patient: 58m. drugs: ambenonium 100mg twice daily, pasireotide 75mg after meals, nisoldipine 50mg every 8 hours, isoconazole 75mg before meals.","['patient', '58', 'm.', 'drugs', 'ambenonium', '100', 'mg', 'twice', 'daily', 'pasireotide', '75', 'mg', 'meals', 'nisoldipine', '50', 'mg', '8', 'hours', 'isoconazole', '75', 'mg', 'meals']",22
"Patient: 58M. Drugs: Topotecan 75mg as needed, Fenbufen 200mg every 8 hours, Magnesium hydroxide.","['Topotecan', 'Fenbufen', 'Magnesium hydroxide']",0,0,none,"patient: 58m. drugs: topotecan 75mg as needed, fenbufen 200mg every 8 hours, magnesium hydroxide.","['patient', '58', 'm.', 'drugs', 'topotecan', '75', 'mg', 'needed', 'fenbufen', '200', 'mg', '8', 'hours', 'magnesium', 'hydroxide']",15
"Patient: 55F. Drugs: Clobazam 500mg three times daily, Dezocine, Zolmitriptan.","['Clobazam', 'Dezocine', 'Zolmitriptan']",1,3,risk or severity of adverse effects,"patient: 55f. drugs: clobazam 500mg three times daily, dezocine, zolmitriptan.","['patient', '55f', 'drugs', 'clobazam', '500', 'mg', 'times', 'daily', 'dezocine', 'zolmitriptan']",10
"Patient: 25F. Drugs: Canagliflozin 75mg every 6 hours, Dabrafenib 200mg every 12 hours.","['Canagliflozin', 'Dabrafenib']",1,2,serum concentration,"patient: 25f. drugs: canagliflozin 75mg every 6 hours, dabrafenib 200mg every 12 hours.","['patient', '25f', 'drugs', 'canagliflozin', '75', 'mg', '6', 'hours', 'dabrafenib', '200', 'mg', '12', 'hours']",13
"Patient: 40M. Drugs: Protocatechualdehyde 25mg every 6 hours, Masoprocol 500mg every 8 hours.","['Protocatechualdehyde', 'Masoprocol']",1,2,anticoagulant activities,"patient: 40m. drugs: protocatechualdehyde 25mg every 6 hours, masoprocol 500mg every 8 hours.","['patient', '40', 'm.', 'drugs', 'protocatechualdehyde', '25', 'mg', '6', 'hours', 'masoprocol', '500', 'mg', '8', 'hours']",14
"Patient: 60F. Drugs: Trioxsalen 75mg before meals, Oxiconazole 500mg before meals.","['Trioxsalen', 'Oxiconazole']",0,0,none,"patient: 60f. drugs: trioxsalen 75mg before meals, oxiconazole 500mg before meals.","['patient', '60f', 'drugs', 'trioxsalen', '75', 'mg', 'meals', 'oxiconazole', '500', 'mg', 'meals']",11
"Patient: 58M. Drugs: Emedastine 50mg every 6 hours, Betahistine 50mg every 12 hours, Calcipotriol 25mg as needed.","['Emedastine', 'Betahistine', 'Calcipotriol']",1,1,therapeutic efficacy,"patient: 58m. drugs: emedastine 50mg every 6 hours, betahistine 50mg every 12 hours, calcipotriol 25mg as needed.","['patient', '58', 'm.', 'drugs', 'emedastine', '50', 'mg', '6', 'hours', 'betahistine', '50', 'mg', '12', 'hours', 'calcipotriol', '25', 'mg', 'needed']",18
"Patient: 55F. Drugs: Ofloxacin 100mg twice daily, Calcium gluconate 100mg before meals, Semaglutide 500mg every 6 hours.","['Ofloxacin', 'Calcium gluconate', 'Semaglutide']",1,1,absorption,"patient: 55f. drugs: ofloxacin 100mg twice daily, calcium gluconate 100mg before meals, semaglutide 500mg every 6 hours.","['patient', '55f', 'drugs', 'ofloxacin', '100', 'mg', 'twice', 'daily', 'calcium', 'gluconate', '100', 'mg', 'meals', 'semaglutide', '500', 'mg', '6', 'hours']",18
"Patient: 55F. Drugs: Ofloxacin 500mg before meals, Aloglutamol 200mg twice daily.","['Ofloxacin', 'Aloglutamol']",1,1,absorption,"patient: 55f. drugs: ofloxacin 500mg before meals, aloglutamol 200mg twice daily.","['patient', '55f', 'drugs', 'ofloxacin', '500', 'mg', 'meals', 'aloglutamol', '200', 'mg', 'twice', 'daily']",12
"Patient: 62M. Drugs: Dabrafenib 25mg twice daily, Quinidine, Piritramide, Norgestimate.","['Dabrafenib', 'Quinidine', 'Piritramide', 'Norgestimate']",1,3,risk or severity of adverse effects,"patient: 62m. drugs: dabrafenib 25mg twice daily, quinidine, piritramide, norgestimate.","['patient', '62', 'm.', 'drugs', 'dabrafenib', '25', 'mg', 'twice', 'daily', 'quinidine', 'piritramide', 'norgestimate']",12
"Patient: 25F. Drugs: Dyphylline 50mg three times daily, Doxofylline 200mg every 6 hours.","['Dyphylline', 'Doxofylline']",1,3,risk or severity of adverse effects,"patient: 25f. drugs: dyphylline 50mg three times daily, doxofylline 200mg every 6 hours.","['patient', '25f', 'drugs', 'dyphylline', '50', 'mg', 'times', 'daily', 'doxofylline', '200', 'mg', '6', 'hours']",13
"Patient: 48F. Drugs: Clevidipine, Calcium lactate 200mg three times daily, Gallamine Triethiodide 75mg as needed.","['Clevidipine', 'Calcium lactate', 'Gallamine Triethiodide']",1,1,therapeutic efficacy,"patient: 48f. drugs: clevidipine, calcium lactate 200mg three times daily, gallamine triethiodide 75mg as needed.","['patient', '48f', 'drugs', 'clevidipine', 'calcium', 'lactate', '200', 'mg', 'times', 'daily', 'gallamine', 'triethiodide', '75', 'mg', 'needed']",15
"Patient: 35F. Drugs: Fluoxetine 25mg every 6 hours, Clodronic Acid, Varenicline 75mg every 8 hours.","['Fluoxetine', 'Clodronic Acid', 'Varenicline']",1,1,antiplatelet activities,"patient: 35f. drugs: fluoxetine 25mg every 6 hours, clodronic acid, varenicline 75mg every 8 hours.","['patient', '35f', 'drugs', 'fluoxetine', '25', 'mg', '6', 'hours', 'clodronic', 'acid', 'varenicline', '75', 'mg', '8', 'hours']",15
"Patient: 60F. Drugs: Homatropine 25mg every 8 hours, Atenolol, Phenobarbital 50mg every 12 hours.","['Homatropine', 'Atenolol', 'Phenobarbital']",1,2,serum concentration,"patient: 60f. drugs: homatropine 25mg every 8 hours, atenolol, phenobarbital 50mg every 12 hours.","['patient', '60f', 'drugs', 'homatropine', '25', 'mg', '8', 'hours', 'atenolol', 'phenobarbital', '50', 'mg', '12', 'hours']",14
"Patient: 55F. Drugs: Terazosin, Methsuximide 200mg before meals, Tipiracil.","['Terazosin', 'Methsuximide', 'Tipiracil']",1,3,risk or severity of hypotension,"patient: 55f. drugs: terazosin, methsuximide 200mg before meals, tipiracil.","['patient', '55f', 'drugs', 'terazosin', 'methsuximide', '200', 'mg', 'meals', 'tipiracil']",9
"Patient: 25F. Drugs: Duloxetine 75mg every 12 hours, Bromfenac 500mg before meals, Rosiglitazone.","['Duloxetine', 'Bromfenac', 'Rosiglitazone']",1,1,antiplatelet activities,"patient: 25f. drugs: duloxetine 75mg every 12 hours, bromfenac 500mg before meals, rosiglitazone.","['patient', '25f', 'drugs', 'duloxetine', '75', 'mg', '12', 'hours', 'bromfenac', '500', 'mg', 'meals', 'rosiglitazone']",13
"Patient: 62M. Drugs: Nitroprusside 50mg every 12 hours, Moclobemide 500mg once daily.","['Nitroprusside', 'Moclobemide']",1,2,hypotensive activities,"patient: 62m. drugs: nitroprusside 50mg every 12 hours, moclobemide 500mg once daily.","['patient', '62', 'm.', 'drugs', 'nitroprusside', '50', 'mg', '12', 'hours', 'moclobemide', '500', 'mg', 'daily']",13
"Patient: 60F. Drugs: Clopidogrel, Prasugrel 75mg every 12 hours, Piperaquine 500mg before meals.","['Clopidogrel', 'Prasugrel', 'Piperaquine']",1,2,metabolism,"patient: 60f. drugs: clopidogrel, prasugrel 75mg every 12 hours, piperaquine 500mg before meals.","['patient', '60f', 'drugs', 'clopidogrel', 'prasugrel', '75', 'mg', '12', 'hours', 'piperaquine', '500', 'mg', 'meals']",13
"Patient: 55F. Drugs: Apraclonidine, Isocarboxazid 500mg before meals.","['Apraclonidine', 'Isocarboxazid']",1,3,risk or severity of adverse effects,"patient: 55f. drugs: apraclonidine, isocarboxazid 500mg before meals.","['patient', '55f', 'drugs', 'apraclonidine', 'isocarboxazid', '500', 'mg', 'meals']",8
"Patient: 33M. Drugs: Dyphylline, Camazepam, Roxatidine acetate 75mg once daily.","['Dyphylline', 'Camazepam', 'Roxatidine acetate']",1,1,therapeutic efficacy,"patient: 33m. drugs: dyphylline, camazepam, roxatidine acetate 75mg once daily.","['patient', '33', 'm.', 'drugs', 'dyphylline', 'camazepam', 'roxatidine', 'acetate', '75', 'mg', 'daily']",11
"Patient: 45F. Drugs: Bicalutamide, Dihydroergocristine 500mg as needed, Rosuvastatin 200mg before meals.","['Bicalutamide', 'Dihydroergocristine', 'Rosuvastatin']",1,3,risk or severity of adverse effects,"patient: 45f. drugs: bicalutamide, dihydroergocristine 500mg as needed, rosuvastatin 200mg before meals.","['patient', '45f', 'drugs', 'bicalutamide', 'dihydroergocristine', '500', 'mg', 'needed', 'rosuvastatin', '200', 'mg', 'meals']",12
"Patient: 35F. Drugs: Dinoprostone 75mg once daily, Vemurafenib 100mg every 12 hours.","['Dinoprostone', 'Vemurafenib']",1,2,serum concentration,"patient: 35f. drugs: dinoprostone 75mg once daily, vemurafenib 100mg every 12 hours.","['patient', '35f', 'drugs', 'dinoprostone', '75', 'mg', 'daily', 'vemurafenib', '100', 'mg', '12', 'hours']",12
"Patient: 48F. Drugs: Nilutamide 75mg three times daily, Tranylcypromine 50mg after meals.","['Nilutamide', 'Tranylcypromine']",1,2,metabolism,"patient: 48f. drugs: nilutamide 75mg three times daily, tranylcypromine 50mg after meals.","['patient', '48f', 'drugs', 'nilutamide', '75', 'mg', 'times', 'daily', 'tranylcypromine', '50', 'mg', 'meals']",12
"Patient: 40M. Drugs: Sufentanil, Dezocine 200mg every 12 hours, Tirofiban.","['Sufentanil', 'Dezocine', 'Tirofiban']",1,3,risk or severity of adverse effects,"patient: 40m. drugs: sufentanil, dezocine 200mg every 12 hours, tirofiban.","['patient', '40', 'm.', 'drugs', 'sufentanil', 'dezocine', '200', 'mg', '12', 'hours', 'tirofiban']",11
"Patient: 55F. Drugs: Fenbufen 500mg as needed, Alclofenac, Famciclovir 500mg as needed.","['Fenbufen', 'Alclofenac', 'Famciclovir']",1,3,risk or severity of adverse effects,"patient: 55f. drugs: fenbufen 500mg as needed, alclofenac, famciclovir 500mg as needed.","['patient', '55f', 'drugs', 'fenbufen', '500', 'mg', 'needed', 'alclofenac', 'famciclovir', '500', 'mg', 'needed']",12
"Patient: 75M. Drugs: Disopyramide, Trimipramine 100mg every 12 hours.","['Disopyramide', 'Trimipramine']",1,2,QTc-prolonging activities,"patient: 75m. drugs: disopyramide, trimipramine 100mg every 12 hours.","['patient', '75', 'm.', 'drugs', 'disopyramide', 'trimipramine', '100', 'mg', '12', 'hours']",10
"Patient: 45F. Drugs: Metyrapone 200mg as needed, Eluxadoline 50mg after meals, Bleomycin 100mg once daily.","['Metyrapone', 'Eluxadoline', 'Bleomycin']",0,0,none,"patient: 45f. drugs: metyrapone 200mg as needed, eluxadoline 50mg after meals, bleomycin 100mg once daily.","['patient', '45f', 'drugs', 'metyrapone', '200', 'mg', 'needed', 'eluxadoline', '50', 'mg', 'meals', 'bleomycin', '100', 'mg', 'daily']",15
"Patient: 40M. Drugs: Bosutinib 25mg every 12 hours, Nefazodone, Suvorexant, Fluticasone 50mg before meals.","['Bosutinib', 'Nefazodone', 'Suvorexant', 'Fluticasone']",1,2,serum concentration,"patient: 40m. drugs: bosutinib 25mg every 12 hours, nefazodone, suvorexant, fluticasone 50mg before meals.","['patient', '40', 'm.', 'drugs', 'bosutinib', '25', 'mg', '12', 'hours', 'nefazodone', 'suvorexant', 'fluticasone', '50', 'mg', 'meals']",15
"Patient: 45F. Drugs: Terbutaline 200mg once daily, Sertraline 25mg every 8 hours, Alogliptin 75mg three times daily.","['Terbutaline', 'Sertraline', 'Alogliptin']",1,2,serum concentration,"patient: 45f. drugs: terbutaline 200mg once daily, sertraline 25mg every 8 hours, alogliptin 75mg three times daily.","['patient', '45f', 'drugs', 'terbutaline', '200', 'mg', 'daily', 'sertraline', '25', 'mg', '8', 'hours', 'alogliptin', '75', 'mg', 'times', 'daily']",17
"Patient: 62M. Drugs: Lapatinib 100mg twice daily, Abiraterone.","['Lapatinib', 'Abiraterone']",1,2,serum concentration,"patient: 62m. drugs: lapatinib 100mg twice daily, abiraterone.","['patient', '62', 'm.', 'drugs', 'lapatinib', '100', 'mg', 'twice', 'daily', 'abiraterone']",10
"Patient: 75M. Drugs: Oritavancin 200mg every 6 hours, Methionine 200mg every 8 hours, Umeclidinium, Mexiletine.","['Oritavancin', 'Methionine', 'Umeclidinium', 'Mexiletine']",0,0,none,"patient: 75m. drugs: oritavancin 200mg every 6 hours, methionine 200mg every 8 hours, umeclidinium, mexiletine.","['patient', '75', 'm.', 'drugs', 'oritavancin', '200', 'mg', '6', 'hours', 'methionine', '200', 'mg', '8', 'hours', 'umeclidinium', 'mexiletine']",16
"Patient: 33M. Drugs: Chloroxine, Efonidipine 25mg three times daily.","['Chloroxine', 'Efonidipine']",1,1,therapeutic efficacy,"patient: 33m. drugs: chloroxine, efonidipine 25mg three times daily.","['patient', '33', 'm.', 'drugs', 'chloroxine', 'efonidipine', '25', 'mg', 'times', 'daily']",10
"Patient: 55F. Drugs: Bendroflumethiazide, Aceclofenac 50mg every 12 hours, Trimethadione.","['Bendroflumethiazide', 'Aceclofenac', 'Trimethadione']",1,1,therapeutic efficacy,"patient: 55f. drugs: bendroflumethiazide, aceclofenac 50mg every 12 hours, trimethadione.","['patient', '55f', 'drugs', 'bendroflumethiazide', 'aceclofenac', '50', 'mg', '12', 'hours', 'trimethadione']",10
"Patient: 68M. Drugs: Posaconazole 25mg twice daily, Azelnidipine 100mg every 8 hours.","['Posaconazole', 'Azelnidipine']",1,1,therapeutic efficacy,"patient: 68m. drugs: posaconazole 25mg twice daily, azelnidipine 100mg every 8 hours.","['patient', '68', 'm.', 'drugs', 'posaconazole', '25', 'mg', 'twice', 'daily', 'azelnidipine', '100', 'mg', '8', 'hours']",14
"Patient: 70F. Drugs: Hydroflumethiazide 50mg once daily, Linagliptin 100mg once daily.","['Hydroflumethiazide', 'Linagliptin']",1,1,therapeutic efficacy,"patient: 70f. drugs: hydroflumethiazide 50mg once daily, linagliptin 100mg once daily.","['patient', '70f', 'drugs', 'hydroflumethiazide', '50', 'mg', 'daily', 'linagliptin', '100', 'mg', 'daily']",11
"Patient: 28F. Drugs: Fospropofol 50mg once daily, Perazine 200mg as needed.","['Fospropofol', 'Perazine']",1,3,risk or severity of adverse effects,"patient: 28f. drugs: fospropofol 50mg once daily, perazine 200mg as needed.","['patient', '28f', 'drugs', 'fospropofol', '50', 'mg', 'daily', 'perazine', '200', 'mg', 'needed']",11
"Patient: 30M. Drugs: Ezetimibe 25mg every 6 hours, Icotinib, Fluticasone propionate 100mg every 8 hours, Imipramine 25mg after meals.","['Ezetimibe', 'Icotinib', 'Fluticasone propionate', 'Imipramine']",1,3,risk or severity of adverse effects,"patient: 30m. drugs: ezetimibe 25mg every 6 hours, icotinib, fluticasone propionate 100mg every 8 hours, imipramine 25mg after meals.","['patient', '30', 'm.', 'drugs', 'ezetimibe', '25', 'mg', '6', 'hours', 'icotinib', 'fluticasone', 'propionate', '100', 'mg', '8', 'hours', 'imipramine', '25', 'mg', 'meals']",20
"Patient: 45F. Drugs: Sulfamoxole, Lidocaine, Ergonovine, Phenmetrazine 75mg before meals.","['Sulfamoxole', 'Lidocaine', 'Ergonovine', 'Phenmetrazine']",1,3,risk or severity of adverse effects,"patient: 45f. drugs: sulfamoxole, lidocaine, ergonovine, phenmetrazine 75mg before meals.","['patient', '45f', 'drugs', 'sulfamoxole', 'lidocaine', 'ergonovine', 'phenmetrazine', '75', 'mg', 'meals']",10
"Patient: 48F. Drugs: Nefazodone 50mg after meals, Palbociclib 75mg once daily, Procarbazine 200mg three times daily.","['Nefazodone', 'Palbociclib', 'Procarbazine']",1,2,serum concentration,"patient: 48f. drugs: nefazodone 50mg after meals, palbociclib 75mg once daily, procarbazine 200mg three times daily.","['patient', '48f', 'drugs', 'nefazodone', '50', 'mg', 'meals', 'palbociclib', '75', 'mg', 'daily', 'procarbazine', '200', 'mg', 'times', 'daily']",16
"Patient: 75M. Drugs: Digoxin 75mg three times daily, Enalaprilat 100mg after meals, Adapalene 50mg three times daily.","['Digoxin', 'Enalaprilat', 'Adapalene']",1,2,serum concentration,"patient: 75m. drugs: digoxin 75mg three times daily, enalaprilat 100mg after meals, adapalene 50mg three times daily.","['patient', '75', 'm.', 'drugs', 'digoxin', '75', 'mg', 'times', 'daily', 'enalaprilat', '100', 'mg', 'meals', 'adapalene', '50', 'mg', 'times', 'daily']",18
"Patient: 55F. Drugs: Moexipril 500mg as needed, Epirizole 50mg after meals.","['Moexipril', 'Epirizole']",1,3,risk or severity of adverse effects,"patient: 55f. drugs: moexipril 500mg as needed, epirizole 50mg after meals.","['patient', '55f', 'drugs', 'moexipril', '500', 'mg', 'needed', 'epirizole', '50', 'mg', 'meals']",11
"Patient: 68M. Drugs: Pyrantel 200mg before meals, Aztreonam 75mg twice daily, Antazoline 200mg every 8 hours, Labetalol 100mg after meals.","['Pyrantel', 'Aztreonam', 'Antazoline', 'Labetalol']",0,0,none,"patient: 68m. drugs: pyrantel 200mg before meals, aztreonam 75mg twice daily, antazoline 200mg every 8 hours, labetalol 100mg after meals.","['patient', '68', 'm.', 'drugs', 'pyrantel', '200', 'mg', 'meals', 'aztreonam', '75', 'mg', 'twice', 'daily', 'antazoline', '200', 'mg', '8', 'hours', 'labetalol', '100', 'mg', 'meals']",22
"Patient: 60F. Drugs: Mycophenolic acid 500mg every 12 hours, Benzylpenicilloyl Polylysine 200mg after meals.","['Mycophenolic acid', 'Benzylpenicilloyl Polylysine']",1,2,serum concentration of active metabolites,"patient: 60f. drugs: mycophenolic acid 500mg every 12 hours, benzylpenicilloyl polylysine 200mg after meals.","['patient', '60f', 'drugs', 'mycophenolic', 'acid', '500', 'mg', '12', 'hours', 'benzylpenicilloyl', 'polylysine', '200', 'mg', 'meals']",14
"Patient: 35F. Drugs: Thiopental 200mg as needed, Phenoxyethanol 75mg as needed.","['Thiopental', 'Phenoxyethanol']",1,3,risk or severity of adverse effects,"patient: 35f. drugs: thiopental 200mg as needed, phenoxyethanol 75mg as needed.","['patient', '35f', 'drugs', 'thiopental', '200', 'mg', 'needed', 'phenoxyethanol', '75', 'mg', 'needed']",11
"Patient: 58M. Drugs: Carbocisteine, Cinchocaine 50mg as needed, Bepotastine 25mg three times daily, Chlordiazepoxide 25mg as needed.","['Carbocisteine', 'Cinchocaine', 'Bepotastine', 'Chlordiazepoxide']",1,3,risk or severity of adverse effects,"patient: 58m. drugs: carbocisteine, cinchocaine 50mg as needed, bepotastine 25mg three times daily, chlordiazepoxide 25mg as needed.","['patient', '58', 'm.', 'drugs', 'carbocisteine', 'cinchocaine', '50', 'mg', 'needed', 'bepotastine', '25', 'mg', 'times', 'daily', 'chlordiazepoxide', '25', 'mg', 'needed']",18
"Patient: 33M. Drugs: Pioglitazone 75mg as needed, Flecainide 50mg every 12 hours.","['Pioglitazone', 'Flecainide']",0,0,none,"patient: 33m. drugs: pioglitazone 75mg as needed, flecainide 50mg every 12 hours.","['patient', '33', 'm.', 'drugs', 'pioglitazone', '75', 'mg', 'needed', 'flecainide', '50', 'mg', '12', 'hours']",13
"Patient: 60F. Drugs: Vilazodone, Talniflumate 500mg once daily, Ursodeoxycholic acid 25mg after meals.","['Vilazodone', 'Talniflumate', 'Ursodeoxycholic acid']",0,0,none,"patient: 60f. drugs: vilazodone, talniflumate 500mg once daily, ursodeoxycholic acid 25mg after meals.","['patient', '60f', 'drugs', 'vilazodone', 'talniflumate', '500', 'mg', 'daily', 'ursodeoxycholic', 'acid', '25', 'mg', 'meals']",13
"Patient: 70F. Drugs: Indinavir, Paricalcitol 200mg once daily, Pethidine 500mg before meals.","['Indinavir', 'Paricalcitol', 'Pethidine']",1,2,serum concentration,"patient: 70f. drugs: indinavir, paricalcitol 200mg once daily, pethidine 500mg before meals.","['patient', '70f', 'drugs', 'indinavir', 'paricalcitol', '200', 'mg', 'daily', 'pethidine', '500', 'mg', 'meals']",12
"Patient: 60F. Drugs: Loratadine, Deferasirox 100mg as needed.","['Loratadine', 'Deferasirox']",1,2,serum concentration,"patient: 60f. drugs: loratadine, deferasirox 100mg as needed.","['patient', '60f', 'drugs', 'loratadine', 'deferasirox', '100', 'mg', 'needed']",8
"Patient: 55F. Drugs: Disopyramide 50mg every 6 hours, Arsenic trioxide 500mg every 6 hours, Niraparib 500mg every 6 hours.","['Disopyramide', 'Arsenic trioxide', 'Niraparib']",1,3,risk or severity of QTc prolongation,"patient: 55f. drugs: disopyramide 50mg every 6 hours, arsenic trioxide 500mg every 6 hours, niraparib 500mg every 6 hours.","['patient', '55f', 'drugs', 'disopyramide', '50', 'mg', '6', 'hours', 'arsenic', 'trioxide', '500', 'mg', '6', 'hours', 'niraparib', '500', 'mg', '6', 'hours']",19
"Patient: 55F. Drugs: Probucol, Methscopolamine, Nelarabine 500mg as needed, Desloratadine.","['Probucol', 'Methscopolamine', 'Nelarabine', 'Desloratadine']",1,3,risk or severity of adverse effects,"patient: 55f. drugs: probucol, methscopolamine, nelarabine 500mg as needed, desloratadine.","['patient', '55f', 'drugs', 'probucol', 'methscopolamine', 'nelarabine', '500', 'mg', 'needed', 'desloratadine']",10
"Patient: 33M. Drugs: Erlotinib, Simeprevir, Pethidine 500mg twice daily.","['Erlotinib', 'Simeprevir', 'Pethidine']",1,2,serum concentration,"patient: 33m. drugs: erlotinib, simeprevir, pethidine 500mg twice daily.","['patient', '33', 'm.', 'drugs', 'erlotinib', 'simeprevir', 'pethidine', '500', 'mg', 'twice', 'daily']",11
"Patient: 75M. Drugs: Thiopental 50mg as needed, Eplerenone 500mg before meals, Lucanthone.","['Thiopental', 'Eplerenone', 'Lucanthone']",1,2,hypotensive activities,"patient: 75m. drugs: thiopental 50mg as needed, eplerenone 500mg before meals, lucanthone.","['patient', '75', 'm.', 'drugs', 'thiopental', '50', 'mg', 'needed', 'eplerenone', '500', 'mg', 'meals', 'lucanthone']",13
"Patient: 62M. Drugs: Glycerol Phenylbutyrate 200mg after meals, Adefovir Dipivoxil 75mg three times daily, Nabilone, Cefotaxime 500mg once daily.","['Glycerol Phenylbutyrate', 'Adefovir Dipivoxil', 'Nabilone', 'Cefotaxime']",0,0,none,"patient: 62m. drugs: glycerol phenylbutyrate 200mg after meals, adefovir dipivoxil 75mg three times daily, nabilone, cefotaxime 500mg once daily.","['patient', '62', 'm.', 'drugs', 'glycerol', 'phenylbutyrate', '200', 'mg', 'meals', 'adefovir', 'dipivoxil', '75', 'mg', 'times', 'daily', 'nabilone', 'cefotaxime', '500', 'mg', 'daily']",20
"Patient: 75M. Drugs: Atenolol, Mesoridazine 75mg every 12 hours, Zileuton 75mg as needed, Oxprenolol 25mg before meals.","['Atenolol', 'Mesoridazine', 'Zileuton', 'Oxprenolol']",1,3,risk or severity of adverse effects,"patient: 75m. drugs: atenolol, mesoridazine 75mg every 12 hours, zileuton 75mg as needed, oxprenolol 25mg before meals.","['patient', '75', 'm.', 'drugs', 'atenolol', 'mesoridazine', '75', 'mg', '12', 'hours', 'zileuton', '75', 'mg', 'needed', 'oxprenolol', '25', 'mg', 'meals']",18
"Patient: 52M. Drugs: Megestrol acetate 25mg every 6 hours, Phenformin 200mg every 8 hours.","['Megestrol acetate', 'Phenformin']",1,1,therapeutic efficacy,"patient: 52m. drugs: megestrol acetate 25mg every 6 hours, phenformin 200mg every 8 hours.","['patient', '52', 'm.', 'drugs', 'megestrol', 'acetate', '25', 'mg', '6', 'hours', 'phenformin', '200', 'mg', '8', 'hours']",15
"Patient: 70F. Drugs: Naloxegol, Ethanol 75mg before meals.","['Naloxegol', 'Ethanol']",0,0,none,"patient: 70f. drugs: naloxegol, ethanol 75mg before meals.","['patient', '70f', 'drugs', 'naloxegol', 'ethanol', '75', 'mg', 'meals']",8
"Patient: 25F. Drugs: Pyrazinamide 50mg once daily, Picosulfuric acid 25mg before meals.","['Pyrazinamide', 'Picosulfuric acid']",1,1,therapeutic efficacy,"patient: 25f. drugs: pyrazinamide 50mg once daily, picosulfuric acid 25mg before meals.","['patient', '25f', 'drugs', 'pyrazinamide', '50', 'mg', 'daily', 'picosulfuric', 'acid', '25', 'mg', 'meals']",12
"Patient: 68M. Drugs: Levomethadyl Acetate, Flunitrazepam 75mg three times daily, Amisulpride 75mg every 8 hours.","['Levomethadyl Acetate', 'Flunitrazepam', 'Amisulpride']",1,3,risk or severity of adverse effects,"patient: 68m. drugs: levomethadyl acetate, flunitrazepam 75mg three times daily, amisulpride 75mg every 8 hours.","['patient', '68', 'm.', 'drugs', 'levomethadyl', 'acetate', 'flunitrazepam', '75', 'mg', 'times', 'daily', 'amisulpride', '75', 'mg', '8', 'hours']",16
"Patient: 60F. Drugs: Dihydroergotamine, Lisinopril, Meclizine.","['Dihydroergotamine', 'Lisinopril', 'Meclizine']",1,2,serum concentration,"patient: 60f. drugs: dihydroergotamine, lisinopril, meclizine.","['patient', '60f', 'drugs', 'dihydroergotamine', 'lisinopril', 'meclizine']",6
"Patient: 60F. Drugs: Latamoxef, Pentosan Polysulfate 75mg every 8 hours, Lodoxamide 25mg after meals.","['Latamoxef', 'Pentosan Polysulfate', 'Lodoxamide']",0,0,none,"patient: 60f. drugs: latamoxef, pentosan polysulfate 75mg every 8 hours, lodoxamide 25mg after meals.","['patient', '60f', 'drugs', 'latamoxef', 'pentosan', 'polysulfate', '75', 'mg', '8', 'hours', 'lodoxamide', '25', 'mg', 'meals']",14
"Patient: 55F. Drugs: Bimatoprost 25mg every 6 hours, Nepafenac 100mg twice daily, Nortriptyline 100mg as needed.","['Bimatoprost', 'Nepafenac', 'Nortriptyline']",1,1,therapeutic efficacy,"patient: 55f. drugs: bimatoprost 25mg every 6 hours, nepafenac 100mg twice daily, nortriptyline 100mg as needed.","['patient', '55f', 'drugs', 'bimatoprost', '25', 'mg', '6', 'hours', 'nepafenac', '100', 'mg', 'twice', 'daily', 'nortriptyline', '100', 'mg', 'needed']",17
"Patient: 55F. Drugs: Methylphenidate 25mg once daily, Bismuth Subcitrate, Alfentanil 50mg twice daily.","['Methylphenidate', 'Bismuth Subcitrate', 'Alfentanil']",1,1,absorption,"patient: 55f. drugs: methylphenidate 25mg once daily, bismuth subcitrate, alfentanil 50mg twice daily.","['patient', '55f', 'drugs', 'methylphenidate', '25', 'mg', 'daily', 'bismuth', 'subcitrate', 'alfentanil', '50', 'mg', 'twice', 'daily']",14
"Patient: 48F. Drugs: Sulconazole 200mg every 8 hours, Cefmenoxime 25mg every 6 hours, Folic Acid 200mg every 8 hours.","['Sulconazole', 'Cefmenoxime', 'Folic Acid']",0,0,none,"patient: 48f. drugs: sulconazole 200mg every 8 hours, cefmenoxime 25mg every 6 hours, folic acid 200mg every 8 hours.","['patient', '48f', 'drugs', 'sulconazole', '200', 'mg', '8', 'hours', 'cefmenoxime', '25', 'mg', '6', 'hours', 'folic', 'acid', '200', 'mg', '8', 'hours']",19
"Patient: 70F. Drugs: Micafungin 200mg once daily, Efonidipine.","['Micafungin', 'Efonidipine']",1,1,therapeutic efficacy,"patient: 70f. drugs: micafungin 200mg once daily, efonidipine.","['patient', '70f', 'drugs', 'micafungin', '200', 'mg', 'daily', 'efonidipine']",8
"Patient: 52M. Drugs: Quinine 75mg once daily, Cholecalciferol, Hydroxyprogesterone caproate 25mg every 6 hours.","['Quinine', 'Cholecalciferol', 'Hydroxyprogesterone caproate']",1,2,metabolism,"patient: 52m. drugs: quinine 75mg once daily, cholecalciferol, hydroxyprogesterone caproate 25mg every 6 hours.","['patient', '52', 'm.', 'drugs', 'quinine', '75', 'mg', 'daily', 'cholecalciferol', 'hydroxyprogesterone', 'caproate', '25', 'mg', '6', 'hours']",15
"Patient: 62M. Drugs: Lacidipine 500mg every 12 hours, Calcium lactate 25mg once daily, Pivmecillinam 75mg as needed.","['Lacidipine', 'Calcium lactate', 'Pivmecillinam']",1,1,therapeutic efficacy,"patient: 62m. drugs: lacidipine 500mg every 12 hours, calcium lactate 25mg once daily, pivmecillinam 75mg as needed.","['patient', '62', 'm.', 'drugs', 'lacidipine', '500', 'mg', '12', 'hours', 'calcium', 'lactate', '25', 'mg', 'daily', 'pivmecillinam', '75', 'mg', 'needed']",18
"Patient: 52M. Drugs: Oxcarbazepine 25mg as needed, Voxilaprevir 75mg after meals, Almotriptan.","['Oxcarbazepine', 'Voxilaprevir', 'Almotriptan']",0,0,none,"patient: 52m. drugs: oxcarbazepine 25mg as needed, voxilaprevir 75mg after meals, almotriptan.","['patient', '52', 'm.', 'drugs', 'oxcarbazepine', '25', 'mg', 'needed', 'voxilaprevir', '75', 'mg', 'meals', 'almotriptan']",13
"Patient: 33M. Drugs: Gemifloxacin 50mg before meals, Technetium Tc-99m sestamibi 75mg once daily, Ergonovine 75mg twice daily, Minocycline.","['Gemifloxacin', 'Technetium Tc-99m sestamibi', 'Ergonovine', 'Minocycline']",0,0,none,"patient: 33m. drugs: gemifloxacin 50mg before meals, technetium tc99m sestamibi 75mg once daily, ergonovine 75mg twice daily, minocycline.","['patient', '33', 'm.', 'drugs', 'gemifloxacin', '50', 'mg', 'meals', 'technetium', 'tc99', 'm', 'sestamibi', '75', 'mg', 'daily', 'ergonovine', '75', 'mg', 'twice', 'daily', 'minocycline']",21
"Patient: 30M. Drugs: Caspofungin 50mg before meals, Diltiazem, Atenolol, Potassium Iodide.","['Caspofungin', 'Diltiazem', 'Atenolol', 'Potassium Iodide']",1,2,hypotensive activities,"patient: 30m. drugs: caspofungin 50mg before meals, diltiazem, atenolol, potassium iodide.","['patient', '30', 'm.', 'drugs', 'caspofungin', '50', 'mg', 'meals', 'diltiazem', 'atenolol', 'potassium', 'iodide']",12
"Patient: 35F. Drugs: L-Glutamine 50mg before meals, Atracurium besylate 50mg as needed.","['L-Glutamine', 'Atracurium besylate']",0,0,none,"patient: 35f. drugs: lglutamine 50mg before meals, atracurium besylate 50mg as needed.","['patient', '35f', 'drugs', 'lglutamine', '50', 'mg', 'meals', 'atracurium', 'besylate', '50', 'mg', 'needed']",12
"Patient: 60F. Drugs: Etacrynic acid, Dexbrompheniramine, Trolamine salicylate 200mg three times daily, Temsirolimus 50mg once daily.","['Etacrynic acid', 'Dexbrompheniramine', 'Trolamine salicylate', 'Temsirolimus']",1,1,therapeutic efficacy,"patient: 60f. drugs: etacrynic acid, dexbrompheniramine, trolamine salicylate 200mg three times daily, temsirolimus 50mg once daily.","['patient', '60f', 'drugs', 'etacrynic', 'acid', 'dexbrompheniramine', 'trolamine', 'salicylate', '200', 'mg', 'times', 'daily', 'temsirolimus', '50', 'mg', 'daily']",16
"Patient: 48F. Drugs: Sulfamethazine 500mg three times daily, Methantheline, Alatrofloxacin.","['Sulfamethazine', 'Methantheline', 'Alatrofloxacin']",0,0,none,"patient: 48f. drugs: sulfamethazine 500mg three times daily, methantheline, alatrofloxacin.","['patient', '48f', 'drugs', 'sulfamethazine', '500', 'mg', 'times', 'daily', 'methantheline', 'alatrofloxacin']",10
"Patient: 30M. Drugs: Simvastatin, Alogliptin 200mg once daily.","['Simvastatin', 'Alogliptin']",1,2,serum concentration,"patient: 30m. drugs: simvastatin, alogliptin 200mg once daily.","['patient', '30', 'm.', 'drugs', 'simvastatin', 'alogliptin', '200', 'mg', 'daily']",9
"Patient: 30M. Drugs: Nafcillin, Mefloquine 50mg twice daily, DL-Methylephedrine 75mg before meals, Griseofulvin 100mg every 8 hours.","['Nafcillin', 'Mefloquine', 'DL-Methylephedrine', 'Griseofulvin']",0,0,none,"patient: 30m. drugs: nafcillin, mefloquine 50mg twice daily, dlmethylephedrine 75mg before meals, griseofulvin 100mg every 8 hours.","['patient', '30', 'm.', 'drugs', 'nafcillin', 'mefloquine', '50', 'mg', 'twice', 'daily', 'dlmethylephedrine', '75', 'mg', 'meals', 'griseofulvin', '100', 'mg', '8', 'hours']",19
"Patient: 40M. Drugs: Valproic Acid 200mg as needed, Zotepine 500mg every 12 hours, Dinoprostone 50mg after meals.","['Valproic Acid', 'Zotepine', 'Dinoprostone']",1,3,risk or severity of adverse effects,"patient: 40m. drugs: valproic acid 200mg as needed, zotepine 500mg every 12 hours, dinoprostone 50mg after meals.","['patient', '40', 'm.', 'drugs', 'valproic', 'acid', '200', 'mg', 'needed', 'zotepine', '500', 'mg', '12', 'hours', 'dinoprostone', '50', 'mg', 'meals']",18
"Patient: 35F. Drugs: Alprazolam 75mg before meals, Nortriptyline 200mg every 8 hours, Dalfampridine 50mg before meals.","['Alprazolam', 'Nortriptyline', 'Dalfampridine']",1,3,risk or severity of adverse effects,"patient: 35f. drugs: alprazolam 75mg before meals, nortriptyline 200mg every 8 hours, dalfampridine 50mg before meals.","['patient', '35f', 'drugs', 'alprazolam', '75', 'mg', 'meals', 'nortriptyline', '200', 'mg', '8', 'hours', 'dalfampridine', '50', 'mg', 'meals']",16
"Patient: 75M. Drugs: Sildenafil 100mg three times daily, Triamterene, Thalidomide 25mg every 8 hours.","['Sildenafil', 'Triamterene', 'Thalidomide']",1,3,risk or severity of adverse effects,"patient: 75m. drugs: sildenafil 100mg three times daily, triamterene, thalidomide 25mg every 8 hours.","['patient', '75', 'm.', 'drugs', 'sildenafil', '100', 'mg', 'times', 'daily', 'triamterene', 'thalidomide', '25', 'mg', '8', 'hours']",15
"Patient: 48F. Drugs: Metolazone 100mg after meals, Iron saccharate 25mg every 8 hours, Fludrocortisone, Hydrocortisone 75mg twice daily.","['Metolazone', 'Iron saccharate', 'Fludrocortisone', 'Hydrocortisone']",1,2,hypokalemic activities,"patient: 48f. drugs: metolazone 100mg after meals, iron saccharate 25mg every 8 hours, fludrocortisone, hydrocortisone 75mg twice daily.","['patient', '48f', 'drugs', 'metolazone', '100', 'mg', 'meals', 'iron', 'saccharate', '25', 'mg', '8', 'hours', 'fludrocortisone', 'hydrocortisone', '75', 'mg', 'twice', 'daily']",19
"Patient: 28F. Drugs: Arformoterol, Dabrafenib 25mg as needed.","['Arformoterol', 'Dabrafenib']",1,2,serum concentration,"patient: 28f. drugs: arformoterol, dabrafenib 25mg as needed.","['patient', '28f', 'drugs', 'arformoterol', 'dabrafenib', '25', 'mg', 'needed']",8
"Patient: 75M. Drugs: Pethidine 100mg twice daily, Tramadol 100mg as needed.","['Pethidine', 'Tramadol']",1,3,risk or severity of adverse effects,"patient: 75m. drugs: pethidine 100mg twice daily, tramadol 100mg as needed.","['patient', '75', 'm.', 'drugs', 'pethidine', '100', 'mg', 'twice', 'daily', 'tramadol', '100', 'mg', 'needed']",13
"Patient: 70F. Drugs: Furosemide, Etofenamate 200mg every 8 hours.","['Furosemide', 'Etofenamate']",1,1,therapeutic efficacy,"patient: 70f. drugs: furosemide, etofenamate 200mg every 8 hours.","['patient', '70f', 'drugs', 'furosemide', 'etofenamate', '200', 'mg', '8', 'hours']",9
"Patient: 35F. Drugs: Cinnarizine 100mg after meals, Benzylpenicilloyl Polylysine 500mg twice daily, Dexibuprofen 500mg every 6 hours.","['Cinnarizine', 'Benzylpenicilloyl Polylysine', 'Dexibuprofen']",1,1,diagnostic agent,"patient: 35f. drugs: cinnarizine 100mg after meals, benzylpenicilloyl polylysine 500mg twice daily, dexibuprofen 500mg every 6 hours.","['patient', '35f', 'drugs', 'cinnarizine', '100', 'mg', 'meals', 'benzylpenicilloyl', 'polylysine', '500', 'mg', 'twice', 'daily', 'dexibuprofen', '500', 'mg', '6', 'hours']",18
"Patient: 70F. Drugs: Hydroflumethiazide 50mg once daily, Linagliptin 100mg once daily.","['Hydroflumethiazide', 'Linagliptin']",1,1,therapeutic efficacy,"patient: 70f. drugs: hydroflumethiazide 50mg once daily, linagliptin 100mg once daily.","['patient', '70f', 'drugs', 'hydroflumethiazide', '50', 'mg', 'daily', 'linagliptin', '100', 'mg', 'daily']",11
"Patient: 75M. Drugs: Sibutramine 25mg before meals, Fostamatinib, Procarbazine 75mg three times daily, Zopiclone.","['Sibutramine', 'Fostamatinib', 'Procarbazine', 'Zopiclone']",0,0,none,"patient: 75m. drugs: sibutramine 25mg before meals, fostamatinib, procarbazine 75mg three times daily, zopiclone.","['patient', '75', 'm.', 'drugs', 'sibutramine', '25', 'mg', 'meals', 'fostamatinib', 'procarbazine', '75', 'mg', 'times', 'daily', 'zopiclone']",15
"Patient: 25F. Drugs: Vorapaxar 200mg twice daily, Ritodrine, Vapreotide, Phensuximide 500mg after meals.","['Vorapaxar', 'Ritodrine', 'Vapreotide', 'Phensuximide']",0,0,none,"patient: 25f. drugs: vorapaxar 200mg twice daily, ritodrine, vapreotide, phensuximide 500mg after meals.","['patient', '25f', 'drugs', 'vorapaxar', '200', 'mg', 'twice', 'daily', 'ritodrine', 'vapreotide', 'phensuximide', '500', 'mg', 'meals']",14
"Patient: 62M. Drugs: Hydroxyzine 25mg before meals, Ioflupane I-123 200mg after meals, Methyclothiazide 100mg once daily.","['Hydroxyzine', 'Ioflupane I-123', 'Methyclothiazide']",0,0,none,"patient: 62m. drugs: hydroxyzine 25mg before meals, ioflupane i123 200mg after meals, methyclothiazide 100mg once daily.","['patient', '62', 'm.', 'drugs', 'hydroxyzine', '25', 'mg', 'meals', 'ioflupane', 'i123', '200', 'mg', 'meals', 'methyclothiazide', '100', 'mg', 'daily']",17
"Patient: 55F. Drugs: Bimatoprost 25mg every 6 hours, Nepafenac 100mg twice daily, Nortriptyline 100mg as needed.","['Bimatoprost', 'Nepafenac', 'Nortriptyline']",1,1,therapeutic efficacy,"patient: 55f. drugs: bimatoprost 25mg every 6 hours, nepafenac 100mg twice daily, nortriptyline 100mg as needed.","['patient', '55f', 'drugs', 'bimatoprost', '25', 'mg', '6', 'hours', 'nepafenac', '100', 'mg', 'twice', 'daily', 'nortriptyline', '100', 'mg', 'needed']",17
"Patient: 62M. Drugs: Fosamprenavir 200mg before meals, Thiothixene, Almotriptan 50mg as needed.","['Fosamprenavir', 'Thiothixene', 'Almotriptan']",1,3,risk or severity of adverse effects,"patient: 62m. drugs: fosamprenavir 200mg before meals, thiothixene, almotriptan 50mg as needed.","['patient', '62', 'm.', 'drugs', 'fosamprenavir', '200', 'mg', 'meals', 'thiothixene', 'almotriptan', '50', 'mg', 'needed']",13
"Patient: 40M. Drugs: Furosemide 50mg once daily, Acetylsalicylic acid 75mg every 8 hours, Primaquine 200mg every 8 hours.","['Furosemide', 'Acetylsalicylic acid', 'Primaquine']",1,1,therapeutic efficacy,"patient: 40m. drugs: furosemide 50mg once daily, acetylsalicylic acid 75mg every 8 hours, primaquine 200mg every 8 hours.","['patient', '40', 'm.', 'drugs', 'furosemide', '50', 'mg', 'daily', 'acetylsalicylic', 'acid', '75', 'mg', '8', 'hours', 'primaquine', '200', 'mg', '8', 'hours']",19
"Patient: 70F. Drugs: Bretylium 25mg once daily, Phentermine.","['Bretylium', 'Phentermine']",0,0,none,"patient: 70f. drugs: bretylium 25mg once daily, phentermine.","['patient', '70f', 'drugs', 'bretylium', '25', 'mg', 'daily', 'phentermine']",8
"Patient: 48F. Drugs: Resveratrol 75mg every 6 hours, Trapidil 50mg twice daily, Sodium stibogluconate.","['Resveratrol', 'Trapidil', 'Sodium stibogluconate']",1,1,antiplatelet activities,"patient: 48f. drugs: resveratrol 75mg every 6 hours, trapidil 50mg twice daily, sodium stibogluconate.","['patient', '48f', 'drugs', 'resveratrol', '75', 'mg', '6', 'hours', 'trapidil', '50', 'mg', 'twice', 'daily', 'sodium', 'stibogluconate']",15
"Patient: 40M. Drugs: Alfuzosin, Flupentixol 200mg twice daily.","['Alfuzosin', 'Flupentixol']",1,2,antihypertensive activities,"patient: 40m. drugs: alfuzosin, flupentixol 200mg twice daily.","['patient', '40', 'm.', 'drugs', 'alfuzosin', 'flupentixol', '200', 'mg', 'twice', 'daily']",10
"Patient: 52M. Drugs: Bepridil 500mg twice daily, Acemetacin 25mg once daily, Hydrocortamate 75mg as needed.","['Bepridil', 'Acemetacin', 'Hydrocortamate']",1,1,therapeutic efficacy,"patient: 52m. drugs: bepridil 500mg twice daily, acemetacin 25mg once daily, hydrocortamate 75mg as needed.","['patient', '52', 'm.', 'drugs', 'bepridil', '500', 'mg', 'twice', 'daily', 'acemetacin', '25', 'mg', 'daily', 'hydrocortamate', '75', 'mg', 'needed']",17
"Patient: 35F. Drugs: Dextropropoxyphene 25mg every 6 hours, Pimozide, L-Tryptophan.","['Dextropropoxyphene', 'Pimozide', 'L-Tryptophan']",1,3,risk or severity of adverse effects,"patient: 35f. drugs: dextropropoxyphene 25mg every 6 hours, pimozide, ltryptophan.","['patient', '35f', 'drugs', 'dextropropoxyphene', '25', 'mg', '6', 'hours', 'pimozide', 'ltryptophan']",10
"Patient: 60F. Drugs: Pizotifen 50mg before meals, Stiripentol.","['Pizotifen', 'Stiripentol']",1,3,risk or severity of adverse effects,"patient: 60f. drugs: pizotifen 50mg before meals, stiripentol.","['patient', '60f', 'drugs', 'pizotifen', '50', 'mg', 'meals', 'stiripentol']",8
"Patient: 68M. Drugs: Fluvoxamine 75mg before meals, Pipamperone 25mg every 6 hours.","['Fluvoxamine', 'Pipamperone']",1,3,risk or severity of adverse effects,"patient: 68m. drugs: fluvoxamine 75mg before meals, pipamperone 25mg every 6 hours.","['patient', '68', 'm.', 'drugs', 'fluvoxamine', '75', 'mg', 'meals', 'pipamperone', '25', 'mg', '6', 'hours']",13
"Patient: 45F. Drugs: Lymecycline 200mg twice daily, Acebutolol, Artemotil 200mg every 8 hours, Anidulafungin 500mg as needed.","['Lymecycline', 'Acebutolol', 'Artemotil', 'Anidulafungin']",0,0,none,"patient: 45f. drugs: lymecycline 200mg twice daily, acebutolol, artemotil 200mg every 8 hours, anidulafungin 500mg as needed.","['patient', '45f', 'drugs', 'lymecycline', '200', 'mg', 'twice', 'daily', 'acebutolol', 'artemotil', '200', 'mg', '8', 'hours', 'anidulafungin', '500', 'mg', 'needed']",18
"Patient: 35F. Drugs: Anidulafungin 50mg every 12 hours, Cinnarizine 25mg every 8 hours, Flibanserin 500mg every 12 hours.","['Anidulafungin', 'Cinnarizine', 'Flibanserin']",1,1,therapeutic efficacy,"patient: 35f. drugs: anidulafungin 50mg every 12 hours, cinnarizine 25mg every 8 hours, flibanserin 500mg every 12 hours.","['patient', '35f', 'drugs', 'anidulafungin', '50', 'mg', '12', 'hours', 'cinnarizine', '25', 'mg', '8', 'hours', 'flibanserin', '500', 'mg', '12', 'hours']",18
"Patient: 35F. Drugs: Cinnarizine 100mg after meals, Benzylpenicilloyl Polylysine 500mg twice daily, Dexibuprofen 500mg every 6 hours.","['Cinnarizine', 'Benzylpenicilloyl Polylysine', 'Dexibuprofen']",1,1,diagnostic agent,"patient: 35f. drugs: cinnarizine 100mg after meals, benzylpenicilloyl polylysine 500mg twice daily, dexibuprofen 500mg every 6 hours.","['patient', '35f', 'drugs', 'cinnarizine', '100', 'mg', 'meals', 'benzylpenicilloyl', 'polylysine', '500', 'mg', 'twice', 'daily', 'dexibuprofen', '500', 'mg', '6', 'hours']",18
"Patient: 55F. Drugs: Ofloxacin 500mg before meals, Aloglutamol 200mg twice daily.","['Ofloxacin', 'Aloglutamol']",1,1,absorption,"patient: 55f. drugs: ofloxacin 500mg before meals, aloglutamol 200mg twice daily.","['patient', '55f', 'drugs', 'ofloxacin', '500', 'mg', 'meals', 'aloglutamol', '200', 'mg', 'twice', 'daily']",12
"Patient: 28F. Drugs: Fosamprenavir, Chlorpropamide 200mg before meals.","['Fosamprenavir', 'Chlorpropamide']",1,1,therapeutic efficacy,"patient: 28f. drugs: fosamprenavir, chlorpropamide 200mg before meals.","['patient', '28f', 'drugs', 'fosamprenavir', 'chlorpropamide', '200', 'mg', 'meals']",8
"Patient: 28F. Drugs: Tasosartan 50mg twice daily, Flunisolide 25mg before meals, Edoxaban 50mg every 8 hours, Thalidomide 50mg after meals.","['Tasosartan', 'Flunisolide', 'Edoxaban', 'Thalidomide']",0,0,none,"patient: 28f. drugs: tasosartan 50mg twice daily, flunisolide 25mg before meals, edoxaban 50mg every 8 hours, thalidomide 50mg after meals.","['patient', '28f', 'drugs', 'tasosartan', '50', 'mg', 'twice', 'daily', 'flunisolide', '25', 'mg', 'meals', 'edoxaban', '50', 'mg', '8', 'hours', 'thalidomide', '50', 'mg', 'meals']",21
"Patient: 68M. Drugs: Pethidine, Nortriptyline 500mg every 8 hours, Fludrocortisone.","['Pethidine', 'Nortriptyline', 'Fludrocortisone']",1,3,risk or severity of adverse effects,"patient: 68m. drugs: pethidine, nortriptyline 500mg every 8 hours, fludrocortisone.","['patient', '68', 'm.', 'drugs', 'pethidine', 'nortriptyline', '500', 'mg', '8', 'hours', 'fludrocortisone']",11
"Patient: 30M. Drugs: Tubocurarine 500mg before meals, Thioproperazine 100mg three times daily, Esomeprazole 500mg as needed, Afatinib 25mg every 12 hours.","['Tubocurarine', 'Thioproperazine', 'Esomeprazole', 'Afatinib']",0,0,none,"patient: 30m. drugs: tubocurarine 500mg before meals, thioproperazine 100mg three times daily, esomeprazole 500mg as needed, afatinib 25mg every 12 hours.","['patient', '30', 'm.', 'drugs', 'tubocurarine', '500', 'mg', 'meals', 'thioproperazine', '100', 'mg', 'times', 'daily', 'esomeprazole', '500', 'mg', 'needed', 'afatinib', '25', 'mg', '12', 'hours']",22
"Patient: 48F. Drugs: Isotretinoin 500mg three times daily, Tazarotene, Carmustine 50mg twice daily.","['Isotretinoin', 'Tazarotene', 'Carmustine']",0,0,none,"patient: 48f. drugs: isotretinoin 500mg three times daily, tazarotene, carmustine 50mg twice daily.","['patient', '48f', 'drugs', 'isotretinoin', '500', 'mg', 'times', 'daily', 'tazarotene', 'carmustine', '50', 'mg', 'twice', 'daily']",14
"Patient: 25F. Drugs: Epinephrine, Tolvaptan 500mg as needed, Clofazimine 75mg three times daily.","['Epinephrine', 'Tolvaptan', 'Clofazimine']",1,2,serum concentration,"patient: 25f. drugs: epinephrine, tolvaptan 500mg as needed, clofazimine 75mg three times daily.","['patient', '25f', 'drugs', 'epinephrine', 'tolvaptan', '500', 'mg', 'needed', 'clofazimine', '75', 'mg', 'times', 'daily']",13
"Patient: 68M. Drugs: Duloxetine 25mg every 6 hours, Levothyroxine, Verapamil 50mg as needed, Mipomersen.","['Duloxetine', 'Levothyroxine', 'Verapamil', 'Mipomersen']",1,2,orthostatic hypotensive activities,"patient: 68m. drugs: duloxetine 25mg every 6 hours, levothyroxine, verapamil 50mg as needed, mipomersen.","['patient', '68', 'm.', 'drugs', 'duloxetine', '25', 'mg', '6', 'hours', 'levothyroxine', 'verapamil', '50', 'mg', 'needed', 'mipomersen']",15
"Patient: 28F. Drugs: Brimonidine 100mg every 6 hours, Gestodene 500mg once daily.","['Brimonidine', 'Gestodene']",0,0,none,"patient: 28f. drugs: brimonidine 100mg every 6 hours, gestodene 500mg once daily.","['patient', '28f', 'drugs', 'brimonidine', '100', 'mg', '6', 'hours', 'gestodene', '500', 'mg', 'daily']",12
"Patient: 45F. Drugs: Benzphetamine 50mg three times daily, Methadyl Acetate 200mg once daily, Halothane.","['Benzphetamine', 'Methadyl Acetate', 'Halothane']",1,1,analgesic activities,"patient: 45f. drugs: benzphetamine 50mg three times daily, methadyl acetate 200mg once daily, halothane.","['patient', '45f', 'drugs', 'benzphetamine', '50', 'mg', 'times', 'daily', 'methadyl', 'acetate', '200', 'mg', 'daily', 'halothane']",14
"Patient: 28F. Drugs: Quinapril 25mg every 6 hours, Parecoxib.","['Quinapril', 'Parecoxib']",1,3,risk or severity of adverse effects,"patient: 28f. drugs: quinapril 25mg every 6 hours, parecoxib.","['patient', '28f', 'drugs', 'quinapril', '25', 'mg', '6', 'hours', 'parecoxib']",9
"Patient: 52M. Drugs: Pirfenidone 25mg every 6 hours, Unoprostone 75mg every 6 hours, Iron 100mg twice daily.","['Pirfenidone', 'Unoprostone', 'Iron']",1,1,therapeutic efficacy,"patient: 52m. drugs: pirfenidone 25mg every 6 hours, unoprostone 75mg every 6 hours, iron 100mg twice daily.","['patient', '52', 'm.', 'drugs', 'pirfenidone', '25', 'mg', '6', 'hours', 'unoprostone', '75', 'mg', '6', 'hours', 'iron', '100', 'mg', 'twice', 'daily']",19
"Patient: 58M. Drugs: Procaterol, Diphenhydramine 500mg after meals, Maraviroc.","['Procaterol', 'Diphenhydramine', 'Maraviroc']",0,0,none,"patient: 58m. drugs: procaterol, diphenhydramine 500mg after meals, maraviroc.","['patient', '58', 'm.', 'drugs', 'procaterol', 'diphenhydramine', '500', 'mg', 'meals', 'maraviroc']",10
"Patient: 58M. Drugs: Olopatadine, Hydroflumethiazide 200mg every 12 hours.","['Olopatadine', 'Hydroflumethiazide']",1,1,therapeutic efficacy,"patient: 58m. drugs: olopatadine, hydroflumethiazide 200mg every 12 hours.","['patient', '58', 'm.', 'drugs', 'olopatadine', 'hydroflumethiazide', '200', 'mg', '12', 'hours']",10
"Patient: 35F. Drugs: Ceritinib 100mg twice daily, Tiludronic acid 50mg every 8 hours, Ombitasvir 100mg three times daily, Salsalate 200mg three times daily.","['Ceritinib', 'Tiludronic acid', 'Ombitasvir', 'Salsalate']",1,3,risk or severity of adverse effects,"patient: 35f. drugs: ceritinib 100mg twice daily, tiludronic acid 50mg every 8 hours, ombitasvir 100mg three times daily, salsalate 200mg three times daily.","['patient', '35f', 'drugs', 'ceritinib', '100', 'mg', 'twice', 'daily', 'tiludronic', 'acid', '50', 'mg', '8', 'hours', 'ombitasvir', '100', 'mg', 'times', 'daily', 'salsalate', '200', 'mg', 'times', 'daily']",24
"Patient: 33M. Drugs: Esmolol 100mg once daily, Rescinnamine 500mg three times daily, Pizotifen 100mg after meals.","['Esmolol', 'Rescinnamine', 'Pizotifen']",1,2,orthostatic hypotensive activities,"patient: 33m. drugs: esmolol 100mg once daily, rescinnamine 500mg three times daily, pizotifen 100mg after meals.","['patient', '33', 'm.', 'drugs', 'esmolol', '100', 'mg', 'daily', 'rescinnamine', '500', 'mg', 'times', 'daily', 'pizotifen', '100', 'mg', 'meals']",17
"Patient: 68M. Drugs: Levomethadyl Acetate, Flunitrazepam 75mg three times daily, Amisulpride 75mg every 8 hours.","['Levomethadyl Acetate', 'Flunitrazepam', 'Amisulpride']",1,3,risk or severity of adverse effects,"patient: 68m. drugs: levomethadyl acetate, flunitrazepam 75mg three times daily, amisulpride 75mg every 8 hours.","['patient', '68', 'm.', 'drugs', 'levomethadyl', 'acetate', 'flunitrazepam', '75', 'mg', 'times', 'daily', 'amisulpride', '75', 'mg', '8', 'hours']",16
"Patient: 35F. Drugs: Ropinirole 25mg every 8 hours, Procainamide 500mg every 6 hours.","['Ropinirole', 'Procainamide']",1,2,metabolism,"patient: 35f. drugs: ropinirole 25mg every 8 hours, procainamide 500mg every 6 hours.","['patient', '35f', 'drugs', 'ropinirole', '25', 'mg', '8', 'hours', 'procainamide', '500', 'mg', '6', 'hours']",13
"Patient: 52M. Drugs: Bepridil 500mg twice daily, Acemetacin 25mg once daily, Hydrocortamate 75mg as needed.","['Bepridil', 'Acemetacin', 'Hydrocortamate']",1,1,therapeutic efficacy,"patient: 52m. drugs: bepridil 500mg twice daily, acemetacin 25mg once daily, hydrocortamate 75mg as needed.","['patient', '52', 'm.', 'drugs', 'bepridil', '500', 'mg', 'twice', 'daily', 'acemetacin', '25', 'mg', 'daily', 'hydrocortamate', '75', 'mg', 'needed']",17
"Patient: 48F. Drugs: Oxaprozin, Quinestrol 75mg twice daily, Ferrous sulfate.","['Oxaprozin', 'Quinestrol', 'Ferrous sulfate']",1,2,thrombogenic activities,"patient: 48f. drugs: oxaprozin, quinestrol 75mg twice daily, ferrous sulfate.","['patient', '48f', 'drugs', 'oxaprozin', 'quinestrol', '75', 'mg', 'twice', 'daily', 'ferrous', 'sulfate']",11
"Patient: 45F. Drugs: Pivmecillinam 100mg three times daily, Cholecalciferol.","['Pivmecillinam', 'Cholecalciferol']",0,0,none,"patient: 45f. drugs: pivmecillinam 100mg three times daily, cholecalciferol.","['patient', '45f', 'drugs', 'pivmecillinam', '100', 'mg', 'times', 'daily', 'cholecalciferol']",9
"Patient: 28F. Drugs: Ceforanide 75mg every 8 hours, Estrone sulfate, Ranitidine 25mg twice daily.","['Ceforanide', 'Estrone sulfate', 'Ranitidine']",0,0,none,"patient: 28f. drugs: ceforanide 75mg every 8 hours, estrone sulfate, ranitidine 25mg twice daily.","['patient', '28f', 'drugs', 'ceforanide', '75', 'mg', '8', 'hours', 'estrone', 'sulfate', 'ranitidine', '25', 'mg', 'twice', 'daily']",15
"Patient: 62M. Drugs: Rifampicin 500mg twice daily, Pimecrolimus 25mg after meals.","['Rifampicin', 'Pimecrolimus']",1,2,metabolism,"patient: 62m. drugs: rifampicin 500mg twice daily, pimecrolimus 25mg after meals.","['patient', '62', 'm.', 'drugs', 'rifampicin', '500', 'mg', 'twice', 'daily', 'pimecrolimus', '25', 'mg', 'meals']",13
"Patient: 68M. Drugs: Benperidol 50mg three times daily, Lorazepam 50mg as needed, Lamivudine 500mg before meals.","['Benperidol', 'Lorazepam', 'Lamivudine']",1,3,risk or severity of adverse effects,"patient: 68m. drugs: benperidol 50mg three times daily, lorazepam 50mg as needed, lamivudine 500mg before meals.","['patient', '68', 'm.', 'drugs', 'benperidol', '50', 'mg', 'times', 'daily', 'lorazepam', '50', 'mg', 'needed', 'lamivudine', '500', 'mg', 'meals']",17
"Patient: 33M. Drugs: Citalopram 200mg every 6 hours, Thiamylal 50mg as needed.","['Citalopram', 'Thiamylal']",1,3,risk or severity of adverse effects,"patient: 33m. drugs: citalopram 200mg every 6 hours, thiamylal 50mg as needed.","['patient', '33', 'm.', 'drugs', 'citalopram', '200', 'mg', '6', 'hours', 'thiamylal', '50', 'mg', 'needed']",13
"Patient: 62M. Drugs: Mebendazole 100mg twice daily, Anidulafungin 500mg every 6 hours, Levomefolic acid 75mg every 6 hours.","['Mebendazole', 'Anidulafungin', 'Levomefolic acid']",0,0,none,"patient: 62m. drugs: mebendazole 100mg twice daily, anidulafungin 500mg every 6 hours, levomefolic acid 75mg every 6 hours.","['patient', '62', 'm.', 'drugs', 'mebendazole', '100', 'mg', 'twice', 'daily', 'anidulafungin', '500', 'mg', '6', 'hours', 'levomefolic', 'acid', '75', 'mg', '6', 'hours']",20
"Patient: 55F. Drugs: Metolazone 50mg as needed, Fenbufen 100mg once daily.","['Metolazone', 'Fenbufen']",1,1,therapeutic efficacy,"patient: 55f. drugs: metolazone 50mg as needed, fenbufen 100mg once daily.","['patient', '55f', 'drugs', 'metolazone', '50', 'mg', 'needed', 'fenbufen', '100', 'mg', 'daily']",11
"Patient: 48F. Drugs: Trimetrexate, Bepridil 200mg three times daily, Isosorbide Mononitrate 200mg every 6 hours.","['Trimetrexate', 'Bepridil', 'Isosorbide Mononitrate']",1,1,therapeutic efficacy,"patient: 48f. drugs: trimetrexate, bepridil 200mg three times daily, isosorbide mononitrate 200mg every 6 hours.","['patient', '48f', 'drugs', 'trimetrexate', 'bepridil', '200', 'mg', 'times', 'daily', 'isosorbide', 'mononitrate', '200', 'mg', '6', 'hours']",15
"Patient: 62M. Drugs: Seratrodast 500mg every 6 hours, Unoprostone 25mg every 12 hours, Formoterol.","['Seratrodast', 'Unoprostone', 'Formoterol']",1,1,therapeutic efficacy,"patient: 62m. drugs: seratrodast 500mg every 6 hours, unoprostone 25mg every 12 hours, formoterol.","['patient', '62', 'm.', 'drugs', 'seratrodast', '500', 'mg', '6', 'hours', 'unoprostone', '25', 'mg', '12', 'hours', 'formoterol']",15
"Patient: 55F. Drugs: Bendroflumethiazide, Aceclofenac 50mg every 12 hours, Trimethadione.","['Bendroflumethiazide', 'Aceclofenac', 'Trimethadione']",1,1,therapeutic efficacy,"patient: 55f. drugs: bendroflumethiazide, aceclofenac 50mg every 12 hours, trimethadione.","['patient', '55f', 'drugs', 'bendroflumethiazide', 'aceclofenac', '50', 'mg', '12', 'hours', 'trimethadione']",10
"Patient: 28F. Drugs: Fosamprenavir, Chlorpropamide 200mg before meals.","['Fosamprenavir', 'Chlorpropamide']",1,1,therapeutic efficacy,"patient: 28f. drugs: fosamprenavir, chlorpropamide 200mg before meals.","['patient', '28f', 'drugs', 'fosamprenavir', 'chlorpropamide', '200', 'mg', 'meals']",8
"Patient: 25F. Drugs: Nilotinib 75mg before meals, Empagliflozin 75mg every 6 hours, Thiabendazole 200mg twice daily.","['Nilotinib', 'Empagliflozin', 'Thiabendazole']",1,1,therapeutic efficacy,"patient: 25f. drugs: nilotinib 75mg before meals, empagliflozin 75mg every 6 hours, thiabendazole 200mg twice daily.","['patient', '25f', 'drugs', 'nilotinib', '75', 'mg', 'meals', 'empagliflozin', '75', 'mg', '6', 'hours', 'thiabendazole', '200', 'mg', 'twice', 'daily']",17
"Patient: 30M. Drugs: Tramadol, Lisdexamfetamine, Piperaquine 75mg every 12 hours, Diethylpropion.","['Tramadol', 'Lisdexamfetamine', 'Piperaquine', 'Diethylpropion']",1,1,analgesic activities,"patient: 30m. drugs: tramadol, lisdexamfetamine, piperaquine 75mg every 12 hours, diethylpropion.","['patient', '30', 'm.', 'drugs', 'tramadol', 'lisdexamfetamine', 'piperaquine', '75', 'mg', '12', 'hours', 'diethylpropion']",12
"Patient: 75M. Drugs: Triprolidine, Prilocaine 200mg every 8 hours.","['Triprolidine', 'Prilocaine']",1,3,risk or severity of adverse effects,"patient: 75m. drugs: triprolidine, prilocaine 200mg every 8 hours.","['patient', '75', 'm.', 'drugs', 'triprolidine', 'prilocaine', '200', 'mg', '8', 'hours']",10
"Patient: 45F. Drugs: Dihydrocodeine, Piretanide 75mg twice daily.","['Dihydrocodeine', 'Piretanide']",1,3,risk or severity of adverse effects,"patient: 45f. drugs: dihydrocodeine, piretanide 75mg twice daily.","['patient', '45f', 'drugs', 'dihydrocodeine', 'piretanide', '75', 'mg', 'twice', 'daily']",9
"Patient: 62M. Drugs: Ertugliflozin 50mg three times daily, Calcium lactate 100mg every 12 hours, Propiomazine 50mg three times daily.","['Ertugliflozin', 'Calcium lactate', 'Propiomazine']",0,0,none,"patient: 62m. drugs: ertugliflozin 50mg three times daily, calcium lactate 100mg every 12 hours, propiomazine 50mg three times daily.","['patient', '62', 'm.', 'drugs', 'ertugliflozin', '50', 'mg', 'times', 'daily', 'calcium', 'lactate', '100', 'mg', '12', 'hours', 'propiomazine', '50', 'mg', 'times', 'daily']",20
"Patient: 55F. Drugs: Budesonide 200mg every 8 hours, Acemetacin 50mg every 6 hours.","['Budesonide', 'Acemetacin']",1,3,risk or severity of adverse effects,"patient: 55f. drugs: budesonide 200mg every 8 hours, acemetacin 50mg every 6 hours.","['patient', '55f', 'drugs', 'budesonide', '200', 'mg', '8', 'hours', 'acemetacin', '50', 'mg', '6', 'hours']",13
"Patient: 58M. Drugs: Hydrocodone 200mg every 8 hours, Vigabatrin 50mg as needed.","['Hydrocodone', 'Vigabatrin']",1,2,central nervous system depressant (CNS depressant) activities,"patient: 58m. drugs: hydrocodone 200mg every 8 hours, vigabatrin 50mg as needed.","['patient', '58', 'm.', 'drugs', 'hydrocodone', '200', 'mg', '8', 'hours', 'vigabatrin', '50', 'mg', 'needed']",13
"Patient: 35F. Drugs: Anidulafungin 50mg every 12 hours, Cinnarizine 25mg every 8 hours, Flibanserin 500mg every 12 hours.","['Anidulafungin', 'Cinnarizine', 'Flibanserin']",1,1,therapeutic efficacy,"patient: 35f. drugs: anidulafungin 50mg every 12 hours, cinnarizine 25mg every 8 hours, flibanserin 500mg every 12 hours.","['patient', '35f', 'drugs', 'anidulafungin', '50', 'mg', '12', 'hours', 'cinnarizine', '25', 'mg', '8', 'hours', 'flibanserin', '500', 'mg', '12', 'hours']",18
"Patient: 45F. Drugs: Prednisolone 500mg before meals, Cefdinir 50mg twice daily, Mepivacaine.","['Prednisolone', 'Cefdinir', 'Mepivacaine']",0,0,none,"patient: 45f. drugs: prednisolone 500mg before meals, cefdinir 50mg twice daily, mepivacaine.","['patient', '45f', 'drugs', 'prednisolone', '500', 'mg', 'meals', 'cefdinir', '50', 'mg', 'twice', 'daily', 'mepivacaine']",13
"Patient: 28F. Drugs: Palonosetron 500mg every 12 hours, Tolfenamic Acid 500mg as needed.","['Palonosetron', 'Tolfenamic Acid']",0,0,none,"patient: 28f. drugs: palonosetron 500mg every 12 hours, tolfenamic acid 500mg as needed.","['patient', '28f', 'drugs', 'palonosetron', '500', 'mg', '12', 'hours', 'tolfenamic', 'acid', '500', 'mg', 'needed']",13
"Patient: 70F. Drugs: Cisatracurium, Norethisterone 100mg as needed, Cefepime 50mg once daily.","['Cisatracurium', 'Norethisterone', 'Cefepime']",0,0,none,"patient: 70f. drugs: cisatracurium, norethisterone 100mg as needed, cefepime 50mg once daily.","['patient', '70f', 'drugs', 'cisatracurium', 'norethisterone', '100', 'mg', 'needed', 'cefepime', '50', 'mg', 'daily']",12
"Patient: 33M. Drugs: Magnesium silicate 500mg every 8 hours, Calcidiol 100mg once daily, Pivmecillinam 100mg as needed.","['Magnesium silicate', 'Calcidiol', 'Pivmecillinam']",0,0,none,"patient: 33m. drugs: magnesium silicate 500mg every 8 hours, calcidiol 100mg once daily, pivmecillinam 100mg as needed.","['patient', '33', 'm.', 'drugs', 'magnesium', 'silicate', '500', 'mg', '8', 'hours', 'calcidiol', '100', 'mg', 'daily', 'pivmecillinam', '100', 'mg', 'needed']",18
"Patient: 48F. Drugs: Clevidipine, Calcium lactate 200mg three times daily, Gallamine Triethiodide 75mg as needed.","['Clevidipine', 'Calcium lactate', 'Gallamine Triethiodide']",1,1,therapeutic efficacy,"patient: 48f. drugs: clevidipine, calcium lactate 200mg three times daily, gallamine triethiodide 75mg as needed.","['patient', '48f', 'drugs', 'clevidipine', 'calcium', 'lactate', '200', 'mg', 'times', 'daily', 'gallamine', 'triethiodide', '75', 'mg', 'needed']",15
"Patient: 58M. Drugs: Tenoxicam, Fluvastatin 200mg as needed, Vindesine 200mg once daily.","['Tenoxicam', 'Fluvastatin', 'Vindesine']",1,2,metabolism,"patient: 58m. drugs: tenoxicam, fluvastatin 200mg as needed, vindesine 200mg once daily.","['patient', '58', 'm.', 'drugs', 'tenoxicam', 'fluvastatin', '200', 'mg', 'needed', 'vindesine', '200', 'mg', 'daily']",13
"Patient: 30M. Drugs: Chlorpropamide, Tipranavir 200mg once daily.","['Chlorpropamide', 'Tipranavir']",1,1,therapeutic efficacy,"patient: 30m. drugs: chlorpropamide, tipranavir 200mg once daily.","['patient', '30', 'm.', 'drugs', 'chlorpropamide', 'tipranavir', '200', 'mg', 'daily']",9
"Patient: 55F. Drugs: Desonide 100mg before meals, Selexipag 50mg three times daily, Alimemazine, Methoxamine 500mg before meals.","['Desonide', 'Selexipag', 'Alimemazine', 'Methoxamine']",0,0,none,"patient: 55f. drugs: desonide 100mg before meals, selexipag 50mg three times daily, alimemazine, methoxamine 500mg before meals.","['patient', '55f', 'drugs', 'desonide', '100', 'mg', 'meals', 'selexipag', '50', 'mg', 'times', 'daily', 'alimemazine', 'methoxamine', '500', 'mg', 'meals']",17
"Patient: 55F. Drugs: Alfuzosin 75mg once daily, Atosiban 500mg after meals, Butoconazole 100mg three times daily, Pibrentasvir 25mg twice daily.","['Alfuzosin', 'Atosiban', 'Butoconazole', 'Pibrentasvir']",0,0,none,"patient: 55f. drugs: alfuzosin 75mg once daily, atosiban 500mg after meals, butoconazole 100mg three times daily, pibrentasvir 25mg twice daily.","['patient', '55f', 'drugs', 'alfuzosin', '75', 'mg', 'daily', 'atosiban', '500', 'mg', 'meals', 'butoconazole', '100', 'mg', 'times', 'daily', 'pibrentasvir', '25', 'mg', 'twice', 'daily']",21
"Patient: 45F. Drugs: Perphenazine 50mg every 6 hours, Fencamfamine.","['Perphenazine', 'Fencamfamine']",1,3,risk or severity of adverse effects,"patient: 45f. drugs: perphenazine 50mg every 6 hours, fencamfamine.","['patient', '45f', 'drugs', 'perphenazine', '50', 'mg', '6', 'hours', 'fencamfamine']",9
"Patient: 58M. Drugs: Pentaerythritol Tetranitrate 500mg twice daily, Testosterone cypionate 25mg every 8 hours.","['Pentaerythritol Tetranitrate', 'Testosterone cypionate']",1,1,therapeutic efficacy,"patient: 58m. drugs: pentaerythritol tetranitrate 500mg twice daily, testosterone cypionate 25mg every 8 hours.","['patient', '58', 'm.', 'drugs', 'pentaerythritol', 'tetranitrate', '500', 'mg', 'twice', 'daily', 'testosterone', 'cypionate', '25', 'mg', '8', 'hours']",16
"Patient: 40M. Drugs: Tiludronic acid 75mg three times daily, Metamizole, Nystatin 25mg before meals.","['Tiludronic acid', 'Metamizole', 'Nystatin']",1,3,risk or severity of adverse effects,"patient: 40m. drugs: tiludronic acid 75mg three times daily, metamizole, nystatin 25mg before meals.","['patient', '40', 'm.', 'drugs', 'tiludronic', 'acid', '75', 'mg', 'times', 'daily', 'metamizole', 'nystatin', '25', 'mg', 'meals']",15
"Patient: 35F. Drugs: Hydrocortisone, Mifamurtide.","['Hydrocortisone', 'Mifamurtide']",1,1,therapeutic efficacy,"patient: 35f. drugs: hydrocortisone, mifamurtide.","['patient', '35f', 'drugs', 'hydrocortisone', 'mifamurtide']",5
"Patient: 62M. Drugs: Seratrodast 500mg every 6 hours, Unoprostone 25mg every 12 hours, Formoterol.","['Seratrodast', 'Unoprostone', 'Formoterol']",1,1,therapeutic efficacy,"patient: 62m. drugs: seratrodast 500mg every 6 hours, unoprostone 25mg every 12 hours, formoterol.","['patient', '62', 'm.', 'drugs', 'seratrodast', '500', 'mg', '6', 'hours', 'unoprostone', '25', 'mg', '12', 'hours', 'formoterol']",15
"Patient: 45F. Drugs: Pentosan Polysulfate, Acetaminophen, Acrivastine.","['Pentosan Polysulfate', 'Acetaminophen', 'Acrivastine']",0,0,none,"patient: 45f. drugs: pentosan polysulfate, acetaminophen, acrivastine.","['patient', '45f', 'drugs', 'pentosan', 'polysulfate', 'acetaminophen', 'acrivastine']",7
"Patient: 52M. Drugs: Miglitol 200mg as needed, Zolmitriptan 500mg once daily, Mephenesin 50mg every 12 hours, Thiamylal 25mg before meals.","['Miglitol', 'Zolmitriptan', 'Mephenesin', 'Thiamylal']",0,0,none,"patient: 52m. drugs: miglitol 200mg as needed, zolmitriptan 500mg once daily, mephenesin 50mg every 12 hours, thiamylal 25mg before meals.","['patient', '52', 'm.', 'drugs', 'miglitol', '200', 'mg', 'needed', 'zolmitriptan', '500', 'mg', 'daily', 'mephenesin', '50', 'mg', '12', 'hours', 'thiamylal', '25', 'mg', 'meals']",21
"Patient: 35F. Drugs: Ziprasidone 200mg every 8 hours, Methadyl Acetate.","['Ziprasidone', 'Methadyl Acetate']",1,3,risk or severity of adverse effects,"patient: 35f. drugs: ziprasidone 200mg every 8 hours, methadyl acetate.","['patient', '35f', 'drugs', 'ziprasidone', '200', 'mg', '8', 'hours', 'methadyl', 'acetate']",10
"Patient: 62M. Drugs: Celecoxib, Bromocriptine 50mg three times daily, Telithromycin 100mg before meals, Raltitrexed.","['Celecoxib', 'Bromocriptine', 'Telithromycin', 'Raltitrexed']",1,3,risk or severity of adverse effects,"patient: 62m. drugs: celecoxib, bromocriptine 50mg three times daily, telithromycin 100mg before meals, raltitrexed.","['patient', '62', 'm.', 'drugs', 'celecoxib', 'bromocriptine', '50', 'mg', 'times', 'daily', 'telithromycin', '100', 'mg', 'meals', 'raltitrexed']",15
"Patient: 45F. Drugs: Irbesartan 25mg three times daily, Abiraterone 50mg every 8 hours, Griseofulvin 50mg every 8 hours.","['Irbesartan', 'Abiraterone', 'Griseofulvin']",1,2,serum concentration,"patient: 45f. drugs: irbesartan 25mg three times daily, abiraterone 50mg every 8 hours, griseofulvin 50mg every 8 hours.","['patient', '45f', 'drugs', 'irbesartan', '25', 'mg', 'times', 'daily', 'abiraterone', '50', 'mg', '8', 'hours', 'griseofulvin', '50', 'mg', '8', 'hours']",18
"Patient: 28F. Drugs: Cyclandelate 200mg every 8 hours, Capsaicin 200mg every 12 hours, Chloroquine 100mg every 8 hours.","['Cyclandelate', 'Capsaicin', 'Chloroquine']",1,3,risk or severity of adverse effects,"patient: 28f. drugs: cyclandelate 200mg every 8 hours, capsaicin 200mg every 12 hours, chloroquine 100mg every 8 hours.","['patient', '28f', 'drugs', 'cyclandelate', '200', 'mg', '8', 'hours', 'capsaicin', '200', 'mg', '12', 'hours', 'chloroquine', '100', 'mg', '8', 'hours']",18
"Patient: 35F. Drugs: Mestranol 25mg every 12 hours, Fosphenytoin 200mg before meals, Mebutamate 25mg after meals, Chloroquine.","['Mestranol', 'Fosphenytoin', 'Mebutamate', 'Chloroquine']",1,2,metabolism,"patient: 35f. drugs: mestranol 25mg every 12 hours, fosphenytoin 200mg before meals, mebutamate 25mg after meals, chloroquine.","['patient', '35f', 'drugs', 'mestranol', '25', 'mg', '12', 'hours', 'fosphenytoin', '200', 'mg', 'meals', 'mebutamate', '25', 'mg', 'meals', 'chloroquine']",17
"Patient: 52M. Drugs: Zolpidem 50mg as needed, Medrogestone 75mg every 8 hours, Orlistat 75mg every 8 hours.","['Zolpidem', 'Medrogestone', 'Orlistat']",0,0,none,"patient: 52m. drugs: zolpidem 50mg as needed, medrogestone 75mg every 8 hours, orlistat 75mg every 8 hours.","['patient', '52', 'm.', 'drugs', 'zolpidem', '50', 'mg', 'needed', 'medrogestone', '75', 'mg', '8', 'hours', 'orlistat', '75', 'mg', '8', 'hours']",18
"Patient: 40M. Drugs: Nicotine, Cocaine.","['Nicotine', 'Cocaine']",1,2,metabolism,"patient: 40m. drugs: nicotine, cocaine.","['patient', '40', 'm.', 'drugs', 'nicotine', 'cocaine']",6
"Patient: 52M. Drugs: Ospemifene, Lasofoxifene 500mg as needed.","['Ospemifene', 'Lasofoxifene']",1,3,risk or severity of adverse effects,"patient: 52m. drugs: ospemifene, lasofoxifene 500mg as needed.","['patient', '52', 'm.', 'drugs', 'ospemifene', 'lasofoxifene', '500', 'mg', 'needed']",9
"Patient: 33M. Drugs: Asenapine 100mg before meals, Radium Ra 223 Dichloride 75mg once daily, Tacrolimus.","['Asenapine', 'Radium Ra 223 Dichloride', 'Tacrolimus']",0,0,none,"patient: 33m. drugs: asenapine 100mg before meals, radium ra 223 dichloride 75mg once daily, tacrolimus.","['patient', '33', 'm.', 'drugs', 'asenapine', '100', 'mg', 'meals', 'radium', 'ra', '223', 'dichloride', '75', 'mg', 'daily', 'tacrolimus']",16
"Patient: 48F. Drugs: Meclizine 100mg once daily, Hydrocodone 100mg as needed.","['Meclizine', 'Hydrocodone']",1,2,central nervous system depressant (CNS depressant) activities,"patient: 48f. drugs: meclizine 100mg once daily, hydrocodone 100mg as needed.","['patient', '48f', 'drugs', 'meclizine', '100', 'mg', 'daily', 'hydrocodone', '100', 'mg', 'needed']",11
"Patient: 28F. Drugs: Pyridostigmine 200mg every 6 hours, Flavoxate 25mg three times daily.","['Pyridostigmine', 'Flavoxate']",1,1,therapeutic efficacy,"patient: 28f. drugs: pyridostigmine 200mg every 6 hours, flavoxate 25mg three times daily.","['patient', '28f', 'drugs', 'pyridostigmine', '200', 'mg', '6', 'hours', 'flavoxate', '25', 'mg', 'times', 'daily']",13
"Patient: 45F. Drugs: Bortezomib 200mg twice daily, Nitrous acid 75mg three times daily, Ferumoxytol 500mg every 8 hours.","['Bortezomib', 'Nitrous acid', 'Ferumoxytol']",1,3,risk or severity of adverse effects,"patient: 45f. drugs: bortezomib 200mg twice daily, nitrous acid 75mg three times daily, ferumoxytol 500mg every 8 hours.","['patient', '45f', 'drugs', 'bortezomib', '200', 'mg', 'twice', 'daily', 'nitrous', 'acid', '75', 'mg', 'times', 'daily', 'ferumoxytol', '500', 'mg', '8', 'hours']",19
"Patient: 25F. Drugs: Dimenhydrinate 500mg every 12 hours, Melperone 50mg every 8 hours, Dimenhydrinate 200mg every 6 hours.","['Dimenhydrinate', 'Melperone', 'Dimenhydrinate']",1,3,risk or severity of adverse effects,"patient: 25f. drugs: dimenhydrinate 500mg every 12 hours, melperone 50mg every 8 hours, dimenhydrinate 200mg every 6 hours.","['patient', '25f', 'drugs', 'dimenhydrinate', '500', 'mg', '12', 'hours', 'melperone', '50', 'mg', '8', 'hours', 'dimenhydrinate', '200', 'mg', '6', 'hours']",18
"Patient: 58M. Drugs: Olopatadine, Hydroflumethiazide 200mg every 12 hours.","['Olopatadine', 'Hydroflumethiazide']",1,1,therapeutic efficacy,"patient: 58m. drugs: olopatadine, hydroflumethiazide 200mg every 12 hours.","['patient', '58', 'm.', 'drugs', 'olopatadine', 'hydroflumethiazide', '200', 'mg', '12', 'hours']",10
"Patient: 55F. Drugs: Carbenicillin indanyl 100mg twice daily, Tacrolimus.","['Carbenicillin indanyl', 'Tacrolimus']",0,0,none,"patient: 55f. drugs: carbenicillin indanyl 100mg twice daily, tacrolimus.","['patient', '55f', 'drugs', 'carbenicillin', 'indanyl', '100', 'mg', 'twice', 'daily', 'tacrolimus']",10
"Patient: 35F. Drugs: Methoxsalen 50mg as needed, Imatinib 50mg every 12 hours.","['Methoxsalen', 'Imatinib']",1,2,metabolism,"patient: 35f. drugs: methoxsalen 50mg as needed, imatinib 50mg every 12 hours.","['patient', '35f', 'drugs', 'methoxsalen', '50', 'mg', 'needed', 'imatinib', '50', 'mg', '12', 'hours']",12
"Patient: 25F. Drugs: Lomefloxacin, Aloglutamol.","['Lomefloxacin', 'Aloglutamol']",1,1,absorption,"patient: 25f. drugs: lomefloxacin, aloglutamol.","['patient', '25f', 'drugs', 'lomefloxacin', 'aloglutamol']",5
"Patient: 70F. Drugs: Carbamazepine 200mg before meals, Maraviroc 50mg three times daily.","['Carbamazepine', 'Maraviroc']",1,2,serum concentration,"patient: 70f. drugs: carbamazepine 200mg before meals, maraviroc 50mg three times daily.","['patient', '70f', 'drugs', 'carbamazepine', '200', 'mg', 'meals', 'maraviroc', '50', 'mg', 'times', 'daily']",12
"Patient: 52M. Drugs: Megestrol acetate 25mg every 6 hours, Phenformin 200mg every 8 hours.","['Megestrol acetate', 'Phenformin']",1,1,therapeutic efficacy,"patient: 52m. drugs: megestrol acetate 25mg every 6 hours, phenformin 200mg every 8 hours.","['patient', '52', 'm.', 'drugs', 'megestrol', 'acetate', '25', 'mg', '6', 'hours', 'phenformin', '200', 'mg', '8', 'hours']",15
"Patient: 60F. Drugs: Desipramine 100mg every 12 hours, Vilazodone.","['Desipramine', 'Vilazodone']",1,3,risk or severity of adverse effects,"patient: 60f. drugs: desipramine 100mg every 12 hours, vilazodone.","['patient', '60f', 'drugs', 'desipramine', '100', 'mg', '12', 'hours', 'vilazodone']",9
"Patient: 33M. Drugs: Zaleplon 75mg after meals, Dezocine 100mg after meals.","['Zaleplon', 'Dezocine']",1,3,risk or severity of adverse effects,"patient: 33m. drugs: zaleplon 75mg after meals, dezocine 100mg after meals.","['patient', '33', 'm.', 'drugs', 'zaleplon', '75', 'mg', 'meals', 'dezocine', '100', 'mg', 'meals']",12
"Patient: 58M. Drugs: Pentaerythritol Tetranitrate 500mg twice daily, Testosterone cypionate 25mg every 8 hours.","['Pentaerythritol Tetranitrate', 'Testosterone cypionate']",1,1,therapeutic efficacy,"patient: 58m. drugs: pentaerythritol tetranitrate 500mg twice daily, testosterone cypionate 25mg every 8 hours.","['patient', '58', 'm.', 'drugs', 'pentaerythritol', 'tetranitrate', '500', 'mg', 'twice', 'daily', 'testosterone', 'cypionate', '25', 'mg', '8', 'hours']",16
"Patient: 52M. Drugs: Phenylpropanolamine 100mg before meals, Technetium Tc-99m oxidronate, Olopatadine, Tolmetin.","['Phenylpropanolamine', 'Technetium Tc-99m oxidronate', 'Olopatadine', 'Tolmetin']",1,3,risk or severity of adverse effects,"patient: 52m. drugs: phenylpropanolamine 100mg before meals, technetium tc99m oxidronate, olopatadine, tolmetin.","['patient', '52', 'm.', 'drugs', 'phenylpropanolamine', '100', 'mg', 'meals', 'technetium', 'tc99', 'm', 'oxidronate', 'olopatadine', 'tolmetin']",14
"Patient: 30M. Drugs: Tramadol, Lisdexamfetamine, Piperaquine 75mg every 12 hours, Diethylpropion.","['Tramadol', 'Lisdexamfetamine', 'Piperaquine', 'Diethylpropion']",1,1,analgesic activities,"patient: 30m. drugs: tramadol, lisdexamfetamine, piperaquine 75mg every 12 hours, diethylpropion.","['patient', '30', 'm.', 'drugs', 'tramadol', 'lisdexamfetamine', 'piperaquine', '75', 'mg', '12', 'hours', 'diethylpropion']",12
"Patient: 55F. Drugs: Desonide 100mg before meals, Selexipag 50mg three times daily, Alimemazine, Methoxamine 500mg before meals.","['Desonide', 'Selexipag', 'Alimemazine', 'Methoxamine']",0,0,none,"patient: 55f. drugs: desonide 100mg before meals, selexipag 50mg three times daily, alimemazine, methoxamine 500mg before meals.","['patient', '55f', 'drugs', 'desonide', '100', 'mg', 'meals', 'selexipag', '50', 'mg', 'times', 'daily', 'alimemazine', 'methoxamine', '500', 'mg', 'meals']",17
"Patient: 62M. Drugs: Dyclonine 75mg every 8 hours, Felbamate 50mg as needed.","['Dyclonine', 'Felbamate']",1,3,risk or severity of adverse effects,"patient: 62m. drugs: dyclonine 75mg every 8 hours, felbamate 50mg as needed.","['patient', '62', 'm.', 'drugs', 'dyclonine', '75', 'mg', '8', 'hours', 'felbamate', '50', 'mg', 'needed']",13
"Patient: 52M. Drugs: Opicapone 25mg twice daily, Sonidegib.","['Opicapone', 'Sonidegib']",0,0,none,"patient: 52m. drugs: opicapone 25mg twice daily, sonidegib.","['patient', '52', 'm.', 'drugs', 'opicapone', '25', 'mg', 'twice', 'daily', 'sonidegib']",10
"Patient: 28F. Drugs: Terconazole 500mg three times daily, Efonidipine 75mg three times daily, Methdilazine 200mg every 6 hours.","['Terconazole', 'Efonidipine', 'Methdilazine']",1,1,therapeutic efficacy,"patient: 28f. drugs: terconazole 500mg three times daily, efonidipine 75mg three times daily, methdilazine 200mg every 6 hours.","['patient', '28f', 'drugs', 'terconazole', '500', 'mg', 'times', 'daily', 'efonidipine', '75', 'mg', 'times', 'daily', 'methdilazine', '200', 'mg', '6', 'hours']",18
"Patient: 25F. Drugs: Quazepam, Tasimelteon.","['Quazepam', 'Tasimelteon']",1,3,risk or severity of adverse effects,"patient: 25f. drugs: quazepam, tasimelteon.","['patient', '25f', 'drugs', 'quazepam', 'tasimelteon']",5
"Patient: 58M. Drugs: Tipiracil 50mg as needed, Ticagrelor 100mg three times daily, Strontium ranelate.","['Tipiracil', 'Ticagrelor', 'Strontium ranelate']",0,0,none,"patient: 58m. drugs: tipiracil 50mg as needed, ticagrelor 100mg three times daily, strontium ranelate.","['patient', '58', 'm.', 'drugs', 'tipiracil', '50', 'mg', 'needed', 'ticagrelor', '100', 'mg', 'times', 'daily', 'strontium', 'ranelate']",15
"Patient: 35F. Drugs: Phenylacetic acid, Diltiazem, Molsidomine 100mg once daily.","['Phenylacetic acid', 'Diltiazem', 'Molsidomine']",1,2,hypotensive activities,"patient: 35f. drugs: phenylacetic acid, diltiazem, molsidomine 100mg once daily.","['patient', '35f', 'drugs', 'phenylacetic', 'acid', 'diltiazem', 'molsidomine', '100', 'mg', 'daily']",10
"Patient: 55F. Drugs: Procaterol 25mg before meals, Desoxycorticosterone acetate 50mg every 8 hours, Phenformin 100mg twice daily, Eflornithine.","['Procaterol', 'Desoxycorticosterone acetate', 'Phenformin', 'Eflornithine']",0,0,none,"patient: 55f. drugs: procaterol 25mg before meals, desoxycorticosterone acetate 50mg every 8 hours, phenformin 100mg twice daily, eflornithine.","['patient', '55f', 'drugs', 'procaterol', '25', 'mg', 'meals', 'desoxycorticosterone', 'acetate', '50', 'mg', '8', 'hours', 'phenformin', '100', 'mg', 'twice', 'daily', 'eflornithine']",19
"Patient: 25F. Drugs: Glipizide 100mg after meals, Ivacaftor 500mg once daily, Isoflurophate.","['Glipizide', 'Ivacaftor', 'Isoflurophate']",1,2,serum concentration,"patient: 25f. drugs: glipizide 100mg after meals, ivacaftor 500mg once daily, isoflurophate.","['patient', '25f', 'drugs', 'glipizide', '100', 'mg', 'meals', 'ivacaftor', '500', 'mg', 'daily', 'isoflurophate']",12
"Patient: 70F. Drugs: Mefloquine 75mg as needed, Methylscopolamine bromide 50mg every 12 hours.","['Mefloquine', 'Methylscopolamine bromide']",1,1,therapeutic efficacy,"patient: 70f. drugs: mefloquine 75mg as needed, methylscopolamine bromide 50mg every 12 hours.","['patient', '70f', 'drugs', 'mefloquine', '75', 'mg', 'needed', 'methylscopolamine', 'bromide', '50', 'mg', '12', 'hours']",13
"Patient: 62M. Drugs: Salicylic acid, Tafenoquine 50mg before meals, Bumetanide 100mg as needed.","['Salicylic acid', 'Tafenoquine', 'Bumetanide']",1,1,therapeutic efficacy,"patient: 62m. drugs: salicylic acid, tafenoquine 50mg before meals, bumetanide 100mg as needed.","['patient', '62', 'm.', 'drugs', 'salicylic', 'acid', 'tafenoquine', '50', 'mg', 'meals', 'bumetanide', '100', 'mg', 'needed']",14
"Patient: 25F. Drugs: Nilotinib 75mg before meals, Empagliflozin 75mg every 6 hours, Thiabendazole 200mg twice daily.","['Nilotinib', 'Empagliflozin', 'Thiabendazole']",1,1,therapeutic efficacy,"patient: 25f. drugs: nilotinib 75mg before meals, empagliflozin 75mg every 6 hours, thiabendazole 200mg twice daily.","['patient', '25f', 'drugs', 'nilotinib', '75', 'mg', 'meals', 'empagliflozin', '75', 'mg', '6', 'hours', 'thiabendazole', '200', 'mg', 'twice', 'daily']",17
"Patient: 48F. Drugs: Vandetanib, Eluxadoline 100mg every 12 hours.","['Vandetanib', 'Eluxadoline']",0,0,none,"patient: 48f. drugs: vandetanib, eluxadoline 100mg every 12 hours.","['patient', '48f', 'drugs', 'vandetanib', 'eluxadoline', '100', 'mg', '12', 'hours']",9
"Patient: 75M. Drugs: Articaine, Brimonidine 100mg before meals, Clevidipine 75mg every 12 hours, Clavulanate.","['Articaine', 'Brimonidine', 'Clevidipine', 'Clavulanate']",1,3,risk or severity of adverse effects,"patient: 75m. drugs: articaine, brimonidine 100mg before meals, clevidipine 75mg every 12 hours, clavulanate.","['patient', '75', 'm.', 'drugs', 'articaine', 'brimonidine', '100', 'mg', 'meals', 'clevidipine', '75', 'mg', '12', 'hours', 'clavulanate']",15
"Patient: 33M. Drugs: Trapidil, Dyclonine 50mg every 8 hours, Sulfaphenazole 200mg every 6 hours, Chlorothiazide 100mg every 12 hours.","['Trapidil', 'Dyclonine', 'Sulfaphenazole', 'Chlorothiazide']",0,0,none,"patient: 33m. drugs: trapidil, dyclonine 50mg every 8 hours, sulfaphenazole 200mg every 6 hours, chlorothiazide 100mg every 12 hours.","['patient', '33', 'm.', 'drugs', 'trapidil', 'dyclonine', '50', 'mg', '8', 'hours', 'sulfaphenazole', '200', 'mg', '6', 'hours', 'chlorothiazide', '100', 'mg', '12', 'hours']",20
"Patient: 45F. Drugs: Bortezomib 200mg twice daily, Nitrous acid 75mg three times daily, Ferumoxytol 500mg every 8 hours.","['Bortezomib', 'Nitrous acid', 'Ferumoxytol']",1,3,risk or severity of adverse effects,"patient: 45f. drugs: bortezomib 200mg twice daily, nitrous acid 75mg three times daily, ferumoxytol 500mg every 8 hours.","['patient', '45f', 'drugs', 'bortezomib', '200', 'mg', 'twice', 'daily', 'nitrous', 'acid', '75', 'mg', 'times', 'daily', 'ferumoxytol', '500', 'mg', '8', 'hours']",19
"Patient: 28F. Drugs: Sodium feredetate 25mg every 12 hours, Cholic Acid 50mg before meals.","['Sodium feredetate', 'Cholic Acid']",0,0,none,"patient: 28f. drugs: sodium feredetate 25mg every 12 hours, cholic acid 50mg before meals.","['patient', '28f', 'drugs', 'sodium', 'feredetate', '25', 'mg', '12', 'hours', 'cholic', 'acid', '50', 'mg', 'meals']",14
"Patient: 58M. Drugs: Olopatadine, Hydroflumethiazide 200mg every 12 hours.","['Olopatadine', 'Hydroflumethiazide']",1,1,therapeutic efficacy,"patient: 58m. drugs: olopatadine, hydroflumethiazide 200mg every 12 hours.","['patient', '58', 'm.', 'drugs', 'olopatadine', 'hydroflumethiazide', '200', 'mg', '12', 'hours']",10
"Patient: 35F. Drugs: Anagrelide 25mg once daily, Citric Acid 100mg every 6 hours.","['Anagrelide', 'Citric Acid']",1,2,anticoagulant activities,"patient: 35f. drugs: anagrelide 25mg once daily, citric acid 100mg every 6 hours.","['patient', '35f', 'drugs', 'anagrelide', '25', 'mg', 'daily', 'citric', 'acid', '100', 'mg', '6', 'hours']",13
"Patient: 58M. Drugs: Olopatadine, Hydroflumethiazide 200mg every 12 hours.","['Olopatadine', 'Hydroflumethiazide']",1,1,therapeutic efficacy,"patient: 58m. drugs: olopatadine, hydroflumethiazide 200mg every 12 hours.","['patient', '58', 'm.', 'drugs', 'olopatadine', 'hydroflumethiazide', '200', 'mg', '12', 'hours']",10
"Patient: 75M. Drugs: Clorazepate 50mg every 6 hours, Fluciclovine (18F).","['Clorazepate', 'Fluciclovine (18F)']",0,0,none,"patient: 75m. drugs: clorazepate 50mg every 6 hours, fluciclovine 18f.","['patient', '75', 'm.', 'drugs', 'clorazepate', '50', 'mg', '6', 'hours', 'fluciclovine', '18f']",11
"Patient: 33M. Drugs: Chloramphenicol 75mg once daily, Haloperidol 200mg every 8 hours, Argatroban 100mg before meals.","['Chloramphenicol', 'Haloperidol', 'Argatroban']",1,2,metabolism,"patient: 33m. drugs: chloramphenicol 75mg once daily, haloperidol 200mg every 8 hours, argatroban 100mg before meals.","['patient', '33', 'm.', 'drugs', 'chloramphenicol', '75', 'mg', 'daily', 'haloperidol', '200', 'mg', '8', 'hours', 'argatroban', '100', 'mg', 'meals']",17
"Patient: 40M. Drugs: Methylphenobarbital 50mg every 8 hours, Dienogest 75mg every 8 hours, Meticillin 25mg every 6 hours.","['Methylphenobarbital', 'Dienogest', 'Meticillin']",1,1,therapeutic efficacy,"patient: 40m. drugs: methylphenobarbital 50mg every 8 hours, dienogest 75mg every 8 hours, meticillin 25mg every 6 hours.","['patient', '40', 'm.', 'drugs', 'methylphenobarbital', '50', 'mg', '8', 'hours', 'dienogest', '75', 'mg', '8', 'hours', 'meticillin', '25', 'mg', '6', 'hours']",19
"Patient: 62M. Drugs: Calcitriol, Betamethasone 500mg as needed, Buclizine.","['Calcitriol', 'Betamethasone', 'Buclizine']",1,1,therapeutic efficacy,"patient: 62m. drugs: calcitriol, betamethasone 500mg as needed, buclizine.","['patient', '62', 'm.', 'drugs', 'calcitriol', 'betamethasone', '500', 'mg', 'needed', 'buclizine']",10
"Patient: 33M. Drugs: Metocurine 25mg as needed, Leflunomide 75mg as needed, Amisulpride, Metformin 75mg before meals.","['Metocurine', 'Leflunomide', 'Amisulpride', 'Metformin']",0,0,none,"patient: 33m. drugs: metocurine 25mg as needed, leflunomide 75mg as needed, amisulpride, metformin 75mg before meals.","['patient', '33', 'm.', 'drugs', 'metocurine', '25', 'mg', 'needed', 'leflunomide', '75', 'mg', 'needed', 'amisulpride', 'metformin', '75', 'mg', 'meals']",17
"Patient: 28F. Drugs: Metolazone 200mg once daily, Guanethidine 75mg twice daily, Prednisone 200mg after meals.","['Metolazone', 'Guanethidine', 'Prednisone']",1,2,hypotensive activities,"patient: 28f. drugs: metolazone 200mg once daily, guanethidine 75mg twice daily, prednisone 200mg after meals.","['patient', '28f', 'drugs', 'metolazone', '200', 'mg', 'daily', 'guanethidine', '75', 'mg', 'twice', 'daily', 'prednisone', '200', 'mg', 'meals']",16
"Patient: 33M. Drugs: Mitomycin 200mg three times daily, Topotecan, Salicylic acid.","['Mitomycin', 'Topotecan', 'Salicylic acid']",1,2,serum concentration,"patient: 33m. drugs: mitomycin 200mg three times daily, topotecan, salicylic acid.","['patient', '33', 'm.', 'drugs', 'mitomycin', '200', 'mg', 'times', 'daily', 'topotecan', 'salicylic', 'acid']",12
"Patient: 48F. Drugs: Stavudine, Chenodeoxycholic acid 200mg every 12 hours, Azidocillin 25mg every 12 hours.","['Stavudine', 'Chenodeoxycholic acid', 'Azidocillin']",0,0,none,"patient: 48f. drugs: stavudine, chenodeoxycholic acid 200mg every 12 hours, azidocillin 25mg every 12 hours.","['patient', '48f', 'drugs', 'stavudine', 'chenodeoxycholic', 'acid', '200', 'mg', '12', 'hours', 'azidocillin', '25', 'mg', '12', 'hours']",15
"Patient: 30M. Drugs: Tasimelteon 100mg before meals, Betahistine 50mg twice daily, Chloral hydrate 500mg after meals.","['Tasimelteon', 'Betahistine', 'Chloral hydrate']",1,3,risk or severity of adverse effects,"patient: 30m. drugs: tasimelteon 100mg before meals, betahistine 50mg twice daily, chloral hydrate 500mg after meals.","['patient', '30', 'm.', 'drugs', 'tasimelteon', '100', 'mg', 'meals', 'betahistine', '50', 'mg', 'twice', 'daily', 'chloral', 'hydrate', '500', 'mg', 'meals']",18
"Patient: 45F. Drugs: Norepinephrine 500mg twice daily, Cefmetazole 200mg every 12 hours.","['Norepinephrine', 'Cefmetazole']",0,0,none,"patient: 45f. drugs: norepinephrine 500mg twice daily, cefmetazole 200mg every 12 hours.","['patient', '45f', 'drugs', 'norepinephrine', '500', 'mg', 'twice', 'daily', 'cefmetazole', '200', 'mg', '12', 'hours']",13
"Patient: 33M. Drugs: Valproic Acid 50mg every 12 hours, Ethanol 200mg twice daily, Azithromycin.","['Valproic Acid', 'Ethanol', 'Azithromycin']",1,2,central nervous system depressant (CNS depressant) activities,"patient: 33m. drugs: valproic acid 50mg every 12 hours, ethanol 200mg twice daily, azithromycin.","['patient', '33', 'm.', 'drugs', 'valproic', 'acid', '50', 'mg', '12', 'hours', 'ethanol', '200', 'mg', 'twice', 'daily', 'azithromycin']",16
"Patient: 55F. Drugs: Cortisone acetate 500mg once daily, Nimesulide 100mg once daily, Isoxsuprine 200mg every 6 hours.","['Cortisone acetate', 'Nimesulide', 'Isoxsuprine']",1,3,risk or severity of adverse effects,"patient: 55f. drugs: cortisone acetate 500mg once daily, nimesulide 100mg once daily, isoxsuprine 200mg every 6 hours.","['patient', '55f', 'drugs', 'cortisone', 'acetate', '500', 'mg', 'daily', 'nimesulide', '100', 'mg', 'daily', 'isoxsuprine', '200', 'mg', '6', 'hours']",17
"Patient: 58M. Drugs: Alclofenac 75mg as needed, Meticillin 50mg every 8 hours, Erythromycin.","['Alclofenac', 'Meticillin', 'Erythromycin']",0,0,none,"patient: 58m. drugs: alclofenac 75mg as needed, meticillin 50mg every 8 hours, erythromycin.","['patient', '58', 'm.', 'drugs', 'alclofenac', '75', 'mg', 'needed', 'meticillin', '50', 'mg', '8', 'hours', 'erythromycin']",14
"Patient: 35F. Drugs: Nabumetone 100mg every 12 hours, Limaprost, Clozapine 500mg three times daily.","['Nabumetone', 'Limaprost', 'Clozapine']",1,1,therapeutic efficacy,"patient: 35f. drugs: nabumetone 100mg every 12 hours, limaprost, clozapine 500mg three times daily.","['patient', '35f', 'drugs', 'nabumetone', '100', 'mg', '12', 'hours', 'limaprost', 'clozapine', '500', 'mg', 'times', 'daily']",14
"Patient: 35F. Drugs: Fluvoxamine 100mg every 6 hours, Procainamide 75mg as needed, Choline.","['Fluvoxamine', 'Procainamide', 'Choline']",1,2,metabolism,"patient: 35f. drugs: fluvoxamine 100mg every 6 hours, procainamide 75mg as needed, choline.","['patient', '35f', 'drugs', 'fluvoxamine', '100', 'mg', '6', 'hours', 'procainamide', '75', 'mg', 'needed', 'choline']",13
"Patient: 55F. Drugs: Carbenicillin indanyl 100mg twice daily, Tacrolimus.","['Carbenicillin indanyl', 'Tacrolimus']",0,0,none,"patient: 55f. drugs: carbenicillin indanyl 100mg twice daily, tacrolimus.","['patient', '55f', 'drugs', 'carbenicillin', 'indanyl', '100', 'mg', 'twice', 'daily', 'tacrolimus']",10
"Patient: 30M. Drugs: Oxyphenbutazone 50mg every 12 hours, Hydrocodone 100mg three times daily.","['Oxyphenbutazone', 'Hydrocodone']",0,0,none,"patient: 30m. drugs: oxyphenbutazone 50mg every 12 hours, hydrocodone 100mg three times daily.","['patient', '30', 'm.', 'drugs', 'oxyphenbutazone', '50', 'mg', '12', 'hours', 'hydrocodone', '100', 'mg', 'times', 'daily']",14
"Patient: 33M. Drugs: Tramadol 500mg every 8 hours, Loratadine 500mg before meals, Pamidronate.","['Tramadol', 'Loratadine', 'Pamidronate']",1,3,risk or severity of adverse effects,"patient: 33m. drugs: tramadol 500mg every 8 hours, loratadine 500mg before meals, pamidronate.","['patient', '33', 'm.', 'drugs', 'tramadol', '500', 'mg', '8', 'hours', 'loratadine', '500', 'mg', 'meals', 'pamidronate']",14
"Patient: 70F. Drugs: Secobarbital 100mg every 8 hours, Medroxyprogesterone acetate 100mg before meals.","['Secobarbital', 'Medroxyprogesterone acetate']",1,1,therapeutic efficacy,"patient: 70f. drugs: secobarbital 100mg every 8 hours, medroxyprogesterone acetate 100mg before meals.","['patient', '70f', 'drugs', 'secobarbital', '100', 'mg', '8', 'hours', 'medroxyprogesterone', 'acetate', '100', 'mg', 'meals']",13
"Patient: 70F. Drugs: Thymol, Chlorpromazine 500mg once daily, Ulobetasol 100mg every 6 hours.","['Thymol', 'Chlorpromazine', 'Ulobetasol']",0,0,none,"patient: 70f. drugs: thymol, chlorpromazine 500mg once daily, ulobetasol 100mg every 6 hours.","['patient', '70f', 'drugs', 'thymol', 'chlorpromazine', '500', 'mg', 'daily', 'ulobetasol', '100', 'mg', '6', 'hours']",13
"Patient: 45F. Drugs: Benzphetamine 50mg three times daily, Methadyl Acetate 200mg once daily, Halothane.","['Benzphetamine', 'Methadyl Acetate', 'Halothane']",1,1,analgesic activities,"patient: 45f. drugs: benzphetamine 50mg three times daily, methadyl acetate 200mg once daily, halothane.","['patient', '45f', 'drugs', 'benzphetamine', '50', 'mg', 'times', 'daily', 'methadyl', 'acetate', '200', 'mg', 'daily', 'halothane']",14
"Patient: 70F. Drugs: Pirenzepine, Vitamin E, Atracurium besylate, Pentamidine 75mg once daily.","['Pirenzepine', 'Vitamin E', 'Atracurium besylate', 'Pentamidine']",1,3,risk or severity of adverse effects,"patient: 70f. drugs: pirenzepine, vitamin e, atracurium besylate, pentamidine 75mg once daily.","['patient', '70f', 'drugs', 'pirenzepine', 'vitamin', 'e', 'atracurium', 'besylate', 'pentamidine', '75', 'mg', 'daily']",12
"Patient: 48F. Drugs: Fluoxetine 50mg every 8 hours, Sertraline 50mg once daily, Butalbital 25mg three times daily.","['Fluoxetine', 'Sertraline', 'Butalbital']",1,2,metabolism,"patient: 48f. drugs: fluoxetine 50mg every 8 hours, sertraline 50mg once daily, butalbital 25mg three times daily.","['patient', '48f', 'drugs', 'fluoxetine', '50', 'mg', '8', 'hours', 'sertraline', '50', 'mg', 'daily', 'butalbital', '25', 'mg', 'times', 'daily']",17
"Patient: 25F. Drugs: Eltrombopag 100mg as needed, Gemifloxacin.","['Eltrombopag', 'Gemifloxacin']",0,0,none,"patient: 25f. drugs: eltrombopag 100mg as needed, gemifloxacin.","['patient', '25f', 'drugs', 'eltrombopag', '100', 'mg', 'needed', 'gemifloxacin']",8
"Patient: 68M. Drugs: Secobarbital 50mg as needed, Levetiracetam 500mg every 12 hours.","['Secobarbital', 'Levetiracetam']",1,3,risk or severity of adverse effects,"patient: 68m. drugs: secobarbital 50mg as needed, levetiracetam 500mg every 12 hours.","['patient', '68', 'm.', 'drugs', 'secobarbital', '50', 'mg', 'needed', 'levetiracetam', '500', 'mg', '12', 'hours']",13
"Patient: 35F. Drugs: Nabumetone 100mg every 12 hours, Limaprost, Clozapine 500mg three times daily.","['Nabumetone', 'Limaprost', 'Clozapine']",1,1,therapeutic efficacy,"patient: 35f. drugs: nabumetone 100mg every 12 hours, limaprost, clozapine 500mg three times daily.","['patient', '35f', 'drugs', 'nabumetone', '100', 'mg', '12', 'hours', 'limaprost', 'clozapine', '500', 'mg', 'times', 'daily']",14
"Patient: 55F. Drugs: Posaconazole 50mg after meals, Ethylmorphine 75mg twice daily, Desoxycorticosterone acetate.","['Posaconazole', 'Ethylmorphine', 'Desoxycorticosterone acetate']",1,2,metabolism,"patient: 55f. drugs: posaconazole 50mg after meals, ethylmorphine 75mg twice daily, desoxycorticosterone acetate.","['patient', '55f', 'drugs', 'posaconazole', '50', 'mg', 'meals', 'ethylmorphine', '75', 'mg', 'twice', 'daily', 'desoxycorticosterone', 'acetate']",14
"Patient: 33M. Drugs: Dyphylline, Camazepam, Roxatidine acetate 75mg once daily.","['Dyphylline', 'Camazepam', 'Roxatidine acetate']",1,1,therapeutic efficacy,"patient: 33m. drugs: dyphylline, camazepam, roxatidine acetate 75mg once daily.","['patient', '33', 'm.', 'drugs', 'dyphylline', 'camazepam', 'roxatidine', 'acetate', '75', 'mg', 'daily']",11
"Patient: 70F. Drugs: Emtricitabine 200mg every 12 hours, Lanreotide, Orlistat, Sertraline 100mg three times daily.","['Emtricitabine', 'Lanreotide', 'Orlistat', 'Sertraline']",0,0,none,"patient: 70f. drugs: emtricitabine 200mg every 12 hours, lanreotide, orlistat, sertraline 100mg three times daily.","['patient', '70f', 'drugs', 'emtricitabine', '200', 'mg', '12', 'hours', 'lanreotide', 'orlistat', 'sertraline', '100', 'mg', 'times', 'daily']",15
"Patient: 55F. Drugs: Vincristine, Ergotamine 200mg once daily, Phenylbutazone.","['Vincristine', 'Ergotamine', 'Phenylbutazone']",1,2,excretion,"patient: 55f. drugs: vincristine, ergotamine 200mg once daily, phenylbutazone.","['patient', '55f', 'drugs', 'vincristine', 'ergotamine', '200', 'mg', 'daily', 'phenylbutazone']",9
"Patient: 75M. Drugs: Niraparib 50mg once daily, Nateglinide 75mg as needed, L-Tryptophan 75mg three times daily, Quinagolide.","['Niraparib', 'Nateglinide', 'L-Tryptophan', 'Quinagolide']",0,0,none,"patient: 75m. drugs: niraparib 50mg once daily, nateglinide 75mg as needed, ltryptophan 75mg three times daily, quinagolide.","['patient', '75', 'm.', 'drugs', 'niraparib', '50', 'mg', 'daily', 'nateglinide', '75', 'mg', 'needed', 'ltryptophan', '75', 'mg', 'times', 'daily', 'quinagolide']",18
"Patient: 48F. Drugs: Amyl Nitrite 200mg after meals, Metaxalone 50mg three times daily.","['Amyl Nitrite', 'Metaxalone']",0,0,none,"patient: 48f. drugs: amyl nitrite 200mg after meals, metaxalone 50mg three times daily.","['patient', '48f', 'drugs', 'amyl', 'nitrite', '200', 'mg', 'meals', 'metaxalone', '50', 'mg', 'times', 'daily']",13
"Patient: 25F. Drugs: Nilotinib 75mg before meals, Empagliflozin 75mg every 6 hours, Thiabendazole 200mg twice daily.","['Nilotinib', 'Empagliflozin', 'Thiabendazole']",1,1,therapeutic efficacy,"patient: 25f. drugs: nilotinib 75mg before meals, empagliflozin 75mg every 6 hours, thiabendazole 200mg twice daily.","['patient', '25f', 'drugs', 'nilotinib', '75', 'mg', 'meals', 'empagliflozin', '75', 'mg', '6', 'hours', 'thiabendazole', '200', 'mg', 'twice', 'daily']",17
"Patient: 30M. Drugs: Bortezomib 25mg as needed, Flibanserin 50mg before meals.","['Bortezomib', 'Flibanserin']",1,3,risk or severity of adverse effects,"patient: 30m. drugs: bortezomib 25mg as needed, flibanserin 50mg before meals.","['patient', '30', 'm.', 'drugs', 'bortezomib', '25', 'mg', 'needed', 'flibanserin', '50', 'mg', 'meals']",12
"Patient: 45F. Drugs: Ketoprofen 500mg every 8 hours, Trichlormethiazide.","['Ketoprofen', 'Trichlormethiazide']",1,1,therapeutic efficacy,"patient: 45f. drugs: ketoprofen 500mg every 8 hours, trichlormethiazide.","['patient', '45f', 'drugs', 'ketoprofen', '500', 'mg', '8', 'hours', 'trichlormethiazide']",9
"Patient: 58M. Drugs: Tenoxicam 100mg every 8 hours, Tranilast, Hydroxyamphetamine 75mg once daily.","['Tenoxicam', 'Tranilast', 'Hydroxyamphetamine']",1,3,risk or severity of adverse effects,"patient: 58m. drugs: tenoxicam 100mg every 8 hours, tranilast, hydroxyamphetamine 75mg once daily.","['patient', '58', 'm.', 'drugs', 'tenoxicam', '100', 'mg', '8', 'hours', 'tranilast', 'hydroxyamphetamine', '75', 'mg', 'daily']",14
"Patient: 68M. Drugs: Mesalazine 500mg every 6 hours, Ouabain.","['Mesalazine', 'Ouabain']",1,2,serum concentration,"patient: 68m. drugs: mesalazine 500mg every 6 hours, ouabain.","['patient', '68', 'm.', 'drugs', 'mesalazine', '500', 'mg', '6', 'hours', 'ouabain']",10
"Patient: 45F. Drugs: Benzphetamine 50mg three times daily, Methadyl Acetate 200mg once daily, Halothane.","['Benzphetamine', 'Methadyl Acetate', 'Halothane']",1,1,analgesic activities,"patient: 45f. drugs: benzphetamine 50mg three times daily, methadyl acetate 200mg once daily, halothane.","['patient', '45f', 'drugs', 'benzphetamine', '50', 'mg', 'times', 'daily', 'methadyl', 'acetate', '200', 'mg', 'daily', 'halothane']",14
"Patient: 68M. Drugs: Doxofylline, Phenacemide, Salbutamol 25mg after meals, Risedronate 50mg once daily.","['Doxofylline', 'Phenacemide', 'Salbutamol', 'Risedronate']",1,3,risk or severity of adverse effects,"patient: 68m. drugs: doxofylline, phenacemide, salbutamol 25mg after meals, risedronate 50mg once daily.","['patient', '68', 'm.', 'drugs', 'doxofylline', 'phenacemide', 'salbutamol', '25', 'mg', 'meals', 'risedronate', '50', 'mg', 'daily']",14
"Patient: 28F. Drugs: Phentolamine 75mg before meals, Conivaptan.","['Phentolamine', 'Conivaptan']",1,3,risk or severity of adverse effects,"patient: 28f. drugs: phentolamine 75mg before meals, conivaptan.","['patient', '28f', 'drugs', 'phentolamine', '75', 'mg', 'meals', 'conivaptan']",8
"Patient: 58M. Drugs: Testosterone 50mg three times daily, Sulfisoxazole 500mg twice daily, Famciclovir, Hydroxyprogesterone caproate 200mg every 12 hours.","['Testosterone', 'Sulfisoxazole', 'Famciclovir', 'Hydroxyprogesterone caproate']",1,2,metabolism,"patient: 58m. drugs: testosterone 50mg three times daily, sulfisoxazole 500mg twice daily, famciclovir, hydroxyprogesterone caproate 200mg every 12 hours.","['patient', '58', 'm.', 'drugs', 'testosterone', '50', 'mg', 'times', 'daily', 'sulfisoxazole', '500', 'mg', 'twice', 'daily', 'famciclovir', 'hydroxyprogesterone', 'caproate', '200', 'mg', '12', 'hours']",21
"Patient: 45F. Drugs: Edetic Acid 75mg every 8 hours, Gestodene 50mg twice daily, Kanamycin.","['Edetic Acid', 'Gestodene', 'Kanamycin']",1,1,therapeutic efficacy,"patient: 45f. drugs: edetic acid 75mg every 8 hours, gestodene 50mg twice daily, kanamycin.","['patient', '45f', 'drugs', 'edetic', 'acid', '75', 'mg', '8', 'hours', 'gestodene', '50', 'mg', 'twice', 'daily', 'kanamycin']",15
"Patient: 68M. Drugs: Mebendazole, Stiripentol 200mg before meals.","['Mebendazole', 'Stiripentol']",1,2,serum concentration,"patient: 68m. drugs: mebendazole, stiripentol 200mg before meals.","['patient', '68', 'm.', 'drugs', 'mebendazole', 'stiripentol', '200', 'mg', 'meals']",9
"Patient: 35F. Drugs: Doxapram 200mg as needed, Benzoic Acid 100mg every 8 hours, Fluticasone.","['Doxapram', 'Benzoic Acid', 'Fluticasone']",1,1,therapeutic efficacy,"patient: 35f. drugs: doxapram 200mg as needed, benzoic acid 100mg every 8 hours, fluticasone.","['patient', '35f', 'drugs', 'doxapram', '200', 'mg', 'needed', 'benzoic', 'acid', '100', 'mg', '8', 'hours', 'fluticasone']",14
"Patient: 68M. Drugs: Benperidol 50mg three times daily, Lorazepam 50mg as needed, Lamivudine 500mg before meals.","['Benperidol', 'Lorazepam', 'Lamivudine']",1,3,risk or severity of adverse effects,"patient: 68m. drugs: benperidol 50mg three times daily, lorazepam 50mg as needed, lamivudine 500mg before meals.","['patient', '68', 'm.', 'drugs', 'benperidol', '50', 'mg', 'times', 'daily', 'lorazepam', '50', 'mg', 'needed', 'lamivudine', '500', 'mg', 'meals']",17
"Patient: 62M. Drugs: Promazine, Methotrimeprazine 50mg once daily, Vilanterol.","['Promazine', 'Methotrimeprazine', 'Vilanterol']",1,2,central nervous system depressant (CNS depressant) activities,"patient: 62m. drugs: promazine, methotrimeprazine 50mg once daily, vilanterol.","['patient', '62', 'm.', 'drugs', 'promazine', 'methotrimeprazine', '50', 'mg', 'daily', 'vilanterol']",10
"Patient: 52M. Drugs: Dexketoprofen, Fluorouracil 500mg before meals, Zinc oxide 75mg every 8 hours.","['Dexketoprofen', 'Fluorouracil', 'Zinc oxide']",0,0,none,"patient: 52m. drugs: dexketoprofen, fluorouracil 500mg before meals, zinc oxide 75mg every 8 hours.","['patient', '52', 'm.', 'drugs', 'dexketoprofen', 'fluorouracil', '500', 'mg', 'meals', 'zinc', 'oxide', '75', 'mg', '8', 'hours']",15
"Patient: 30M. Drugs: Diclofenac 50mg every 12 hours, Diltiazem 25mg after meals, Cyproterone acetate 50mg three times daily, Deutetrabenazine 75mg once daily.","['Diclofenac', 'Diltiazem', 'Cyproterone acetate', 'Deutetrabenazine']",1,2,metabolism,"patient: 30m. drugs: diclofenac 50mg every 12 hours, diltiazem 25mg after meals, cyproterone acetate 50mg three times daily, deutetrabenazine 75mg once daily.","['patient', '30', 'm.', 'drugs', 'diclofenac', '50', 'mg', '12', 'hours', 'diltiazem', '25', 'mg', 'meals', 'cyproterone', 'acetate', '50', 'mg', 'times', 'daily', 'deutetrabenazine', '75', 'mg', 'daily']",23
"Patient: 40M. Drugs: Betaxolol 100mg before meals, Tapentadol 25mg three times daily.","['Betaxolol', 'Tapentadol']",1,2,metabolism,"patient: 40m. drugs: betaxolol 100mg before meals, tapentadol 25mg three times daily.","['patient', '40', 'm.', 'drugs', 'betaxolol', '100', 'mg', 'meals', 'tapentadol', '25', 'mg', 'times', 'daily']",13
"Patient: 60F. Drugs: Magnesium sulfate 200mg as needed, Tioconazole.","['Magnesium sulfate', 'Tioconazole']",1,1,therapeutic efficacy,"patient: 60f. drugs: magnesium sulfate 200mg as needed, tioconazole.","['patient', '60f', 'drugs', 'magnesium', 'sulfate', '200', 'mg', 'needed', 'tioconazole']",9
"Patient: 45F. Drugs: Cinoxacin 500mg before meals, Acenocoumarol.","['Cinoxacin', 'Acenocoumarol']",1,2,anticoagulant activities,"patient: 45f. drugs: cinoxacin 500mg before meals, acenocoumarol.","['patient', '45f', 'drugs', 'cinoxacin', '500', 'mg', 'meals', 'acenocoumarol']",8
"Patient: 55F. Drugs: Bendroflumethiazide, Aceclofenac 50mg every 12 hours, Trimethadione.","['Bendroflumethiazide', 'Aceclofenac', 'Trimethadione']",1,1,therapeutic efficacy,"patient: 55f. drugs: bendroflumethiazide, aceclofenac 50mg every 12 hours, trimethadione.","['patient', '55f', 'drugs', 'bendroflumethiazide', 'aceclofenac', '50', 'mg', '12', 'hours', 'trimethadione']",10
"Patient: 70F. Drugs: Mannitol 25mg as needed, Bismuth Subsalicylate.","['Mannitol', 'Bismuth Subsalicylate']",0,0,none,"patient: 70f. drugs: mannitol 25mg as needed, bismuth subsalicylate.","['patient', '70f', 'drugs', 'mannitol', '25', 'mg', 'needed', 'bismuth', 'subsalicylate']",9
"Patient: 45F. Drugs: Clobazam 200mg after meals, Spectinomycin 200mg as needed, Sulfapyridine 75mg before meals.","['Clobazam', 'Spectinomycin', 'Sulfapyridine']",0,0,none,"patient: 45f. drugs: clobazam 200mg after meals, spectinomycin 200mg as needed, sulfapyridine 75mg before meals.","['patient', '45f', 'drugs', 'clobazam', '200', 'mg', 'meals', 'spectinomycin', '200', 'mg', 'needed', 'sulfapyridine', '75', 'mg', 'meals']",15
"Patient: 52M. Drugs: Losartan 75mg once daily, Tranilast 25mg every 8 hours, Lenalidomide 75mg after meals.","['Losartan', 'Tranilast', 'Lenalidomide']",1,3,risk or severity of adverse effects,"patient: 52m. drugs: losartan 75mg once daily, tranilast 25mg every 8 hours, lenalidomide 75mg after meals.","['patient', '52', 'm.', 'drugs', 'losartan', '75', 'mg', 'daily', 'tranilast', '25', 'mg', '8', 'hours', 'lenalidomide', '75', 'mg', 'meals']",17
"Patient: 52M. Drugs: Ezogabine, Stiripentol 50mg once daily, Ledipasvir.","['Ezogabine', 'Stiripentol', 'Ledipasvir']",1,3,risk or severity of adverse effects,"patient: 52m. drugs: ezogabine, stiripentol 50mg once daily, ledipasvir.","['patient', '52', 'm.', 'drugs', 'ezogabine', 'stiripentol', '50', 'mg', 'daily', 'ledipasvir']",10
"Patient: 33M. Drugs: Chloroxine, Efonidipine 25mg three times daily.","['Chloroxine', 'Efonidipine']",1,1,therapeutic efficacy,"patient: 33m. drugs: chloroxine, efonidipine 25mg three times daily.","['patient', '33', 'm.', 'drugs', 'chloroxine', 'efonidipine', '25', 'mg', 'times', 'daily']",10
"Patient: 70F. Drugs: Antrafenine 25mg twice daily, Icatibant 200mg after meals.","['Antrafenine', 'Icatibant']",1,3,risk or severity of adverse effects,"patient: 70f. drugs: antrafenine 25mg twice daily, icatibant 200mg after meals.","['patient', '70f', 'drugs', 'antrafenine', '25', 'mg', 'twice', 'daily', 'icatibant', '200', 'mg', 'meals']",12
"Patient: 70F. Drugs: Thioridazine 500mg once daily, Telithromycin.","['Thioridazine', 'Telithromycin']",1,2,serum concentration,"patient: 70f. drugs: thioridazine 500mg once daily, telithromycin.","['patient', '70f', 'drugs', 'thioridazine', '500', 'mg', 'daily', 'telithromycin']",8
"Patient: 60F. Drugs: Trovafloxacin 500mg every 6 hours, Sulfamethoxazole 200mg every 8 hours.","['Trovafloxacin', 'Sulfamethoxazole']",1,2,hypoglycemic activities,"patient: 60f. drugs: trovafloxacin 500mg every 6 hours, sulfamethoxazole 200mg every 8 hours.","['patient', '60f', 'drugs', 'trovafloxacin', '500', 'mg', '6', 'hours', 'sulfamethoxazole', '200', 'mg', '8', 'hours']",13
"Patient: 75M. Drugs: Tramadol, Paraldehyde 75mg every 8 hours.","['Tramadol', 'Paraldehyde']",1,2,central nervous system depressant (CNS depressant) activities,"patient: 75m. drugs: tramadol, paraldehyde 75mg every 8 hours.","['patient', '75', 'm.', 'drugs', 'tramadol', 'paraldehyde', '75', 'mg', '8', 'hours']",10
"Patient: 60F. Drugs: Mycophenolate mofetil 500mg every 12 hours, Trichlormethiazide 100mg before meals, Calcium lactate.","['Mycophenolate mofetil', 'Trichlormethiazide', 'Calcium lactate']",1,1,therapeutic efficacy,"patient: 60f. drugs: mycophenolate mofetil 500mg every 12 hours, trichlormethiazide 100mg before meals, calcium lactate.","['patient', '60f', 'drugs', 'mycophenolate', 'mofetil', '500', 'mg', '12', 'hours', 'trichlormethiazide', '100', 'mg', 'meals', 'calcium', 'lactate']",15
"Patient: 75M. Drugs: Pentoxyverine 200mg three times daily, Paraldehyde.","['Pentoxyverine', 'Paraldehyde']",0,0,none,"patient: 75m. drugs: pentoxyverine 200mg three times daily, paraldehyde.","['patient', '75', 'm.', 'drugs', 'pentoxyverine', '200', 'mg', 'times', 'daily', 'paraldehyde']",10
"Patient: 28F. Drugs: Polymyxin B Sulfate 50mg twice daily, Tolbutamide.","['Polymyxin B Sulfate', 'Tolbutamide']",0,0,none,"patient: 28f. drugs: polymyxin b sulfate 50mg twice daily, tolbutamide.","['patient', '28f', 'drugs', 'polymyxin', 'b', 'sulfate', '50', 'mg', 'twice', 'daily', 'tolbutamide']",11
"Patient: 55F. Drugs: Guanabenz 25mg once daily, Selegiline.","['Guanabenz', 'Selegiline']",1,2,hypotensive activities,"patient: 55f. drugs: guanabenz 25mg once daily, selegiline.","['patient', '55f', 'drugs', 'guanabenz', '25', 'mg', 'daily', 'selegiline']",8
"Patient: 58M. Drugs: Carbamazepine, Doxorubicin 25mg three times daily, Eplerenone 25mg once daily.","['Carbamazepine', 'Doxorubicin', 'Eplerenone']",1,2,metabolism,"patient: 58m. drugs: carbamazepine, doxorubicin 25mg three times daily, eplerenone 25mg once daily.","['patient', '58', 'm.', 'drugs', 'carbamazepine', 'doxorubicin', '25', 'mg', 'times', 'daily', 'eplerenone', '25', 'mg', 'daily']",14
"Patient: 45F. Drugs: Itraconazole 200mg three times daily, Lumefantrine 100mg after meals.","['Itraconazole', 'Lumefantrine']",1,2,serum concentration,"patient: 45f. drugs: itraconazole 200mg three times daily, lumefantrine 100mg after meals.","['patient', '45f', 'drugs', 'itraconazole', '200', 'mg', 'times', 'daily', 'lumefantrine', '100', 'mg', 'meals']",12
"Patient: 62M. Drugs: Lobeglitazone, Bismuth Subsalicylate 500mg three times daily.","['Lobeglitazone', 'Bismuth Subsalicylate']",0,0,none,"patient: 62m. drugs: lobeglitazone, bismuth subsalicylate 500mg three times daily.","['patient', '62', 'm.', 'drugs', 'lobeglitazone', 'bismuth', 'subsalicylate', '500', 'mg', 'times', 'daily']",11
"Patient: 70F. Drugs: Bretylium 25mg once daily, Phentermine.","['Bretylium', 'Phentermine']",0,0,none,"patient: 70f. drugs: bretylium 25mg once daily, phentermine.","['patient', '70f', 'drugs', 'bretylium', '25', 'mg', 'daily', 'phentermine']",8
"Patient: 45F. Drugs: Zolmitriptan, Abiraterone.","['Zolmitriptan', 'Abiraterone']",1,2,serum concentration,"patient: 45f. drugs: zolmitriptan, abiraterone.","['patient', '45f', 'drugs', 'zolmitriptan', 'abiraterone']",5
"Patient: 28F. Drugs: Ambenonium 100mg every 8 hours, Tenoxicam, Trimethobenzamide 100mg twice daily, Tobramycin 200mg after meals.","['Ambenonium', 'Tenoxicam', 'Trimethobenzamide', 'Tobramycin']",1,2,excretion rate of higher serum level,"patient: 28f. drugs: ambenonium 100mg every 8 hours, tenoxicam, trimethobenzamide 100mg twice daily, tobramycin 200mg after meals.","['patient', '28f', 'drugs', 'ambenonium', '100', 'mg', '8', 'hours', 'tenoxicam', 'trimethobenzamide', '100', 'mg', 'twice', 'daily', 'tobramycin', '200', 'mg', 'meals']",18
"Patient: 48F. Drugs: Pyrantel, Bosentan 75mg every 12 hours, Iron saccharate 500mg three times daily.","['Pyrantel', 'Bosentan', 'Iron saccharate']",0,0,none,"patient: 48f. drugs: pyrantel, bosentan 75mg every 12 hours, iron saccharate 500mg three times daily.","['patient', '48f', 'drugs', 'pyrantel', 'bosentan', '75', 'mg', '12', 'hours', 'iron', 'saccharate', '500', 'mg', 'times', 'daily']",15
"Patient: 28F. Drugs: Risedronate 25mg every 6 hours, Famotidine 200mg every 8 hours, Histrelin 500mg before meals.","['Risedronate', 'Famotidine', 'Histrelin']",1,1,absorption,"patient: 28f. drugs: risedronate 25mg every 6 hours, famotidine 200mg every 8 hours, histrelin 500mg before meals.","['patient', '28f', 'drugs', 'risedronate', '25', 'mg', '6', 'hours', 'famotidine', '200', 'mg', '8', 'hours', 'histrelin', '500', 'mg', 'meals']",17
"Patient: 28F. Drugs: Proparacaine 25mg after meals, Cyclizine 100mg after meals, Palmitic Acid 100mg three times daily.","['Proparacaine', 'Cyclizine', 'Palmitic Acid']",1,3,risk or severity of adverse effects,"patient: 28f. drugs: proparacaine 25mg after meals, cyclizine 100mg after meals, palmitic acid 100mg three times daily.","['patient', '28f', 'drugs', 'proparacaine', '25', 'mg', 'meals', 'cyclizine', '100', 'mg', 'meals', 'palmitic', 'acid', '100', 'mg', 'times', 'daily']",17
"Patient: 68M. Drugs: Alprazolam, Hexobarbital, Activated charcoal 100mg before meals.","['Alprazolam', 'Hexobarbital', 'Activated charcoal']",1,3,risk or severity of adverse effects,"patient: 68m. drugs: alprazolam, hexobarbital, activated charcoal 100mg before meals.","['patient', '68', 'm.', 'drugs', 'alprazolam', 'hexobarbital', 'activated', 'charcoal', '100', 'mg', 'meals']",11
"Patient: 40M. Drugs: Lercanidipine 75mg as needed, Amphotericin B 75mg after meals.","['Lercanidipine', 'Amphotericin B']",1,3,risk or severity of adverse effects,"patient: 40m. drugs: lercanidipine 75mg as needed, amphotericin b 75mg after meals.","['patient', '40', 'm.', 'drugs', 'lercanidipine', '75', 'mg', 'needed', 'amphotericin', 'b', '75', 'mg', 'meals']",13
"Patient: 25F. Drugs: Ketorolac, Captopril.","['Ketorolac', 'Captopril']",1,3,risk or severity of adverse effects,"patient: 25f. drugs: ketorolac, captopril.","['patient', '25f', 'drugs', 'ketorolac', 'captopril']",5
"Patient: 28F. Drugs: Dinoprostone 100mg three times daily, Bromfenac 100mg after meals.","['Dinoprostone', 'Bromfenac']",1,1,therapeutic efficacy,"patient: 28f. drugs: dinoprostone 100mg three times daily, bromfenac 100mg after meals.","['patient', '28f', 'drugs', 'dinoprostone', '100', 'mg', 'times', 'daily', 'bromfenac', '100', 'mg', 'meals']",12
"Patient: 40M. Drugs: Deferoxamine, Gabapentin Enacarbil 75mg after meals.","['Deferoxamine', 'Gabapentin Enacarbil']",0,0,none,"patient: 40m. drugs: deferoxamine, gabapentin enacarbil 75mg after meals.","['patient', '40', 'm.', 'drugs', 'deferoxamine', 'gabapentin', 'enacarbil', '75', 'mg', 'meals']",10
"Patient: 28F. Drugs: Risedronate 25mg every 6 hours, Famotidine 200mg every 8 hours, Histrelin 500mg before meals.","['Risedronate', 'Famotidine', 'Histrelin']",1,1,absorption,"patient: 28f. drugs: risedronate 25mg every 6 hours, famotidine 200mg every 8 hours, histrelin 500mg before meals.","['patient', '28f', 'drugs', 'risedronate', '25', 'mg', '6', 'hours', 'famotidine', '200', 'mg', '8', 'hours', 'histrelin', '500', 'mg', 'meals']",17
"Patient: 70F. Drugs: Rofecoxib 25mg every 12 hours, Bazedoxifene, Tetrabenazine 50mg twice daily.","['Rofecoxib', 'Bazedoxifene', 'Tetrabenazine']",1,2,thrombogenic activities,"patient: 70f. drugs: rofecoxib 25mg every 12 hours, bazedoxifene, tetrabenazine 50mg twice daily.","['patient', '70f', 'drugs', 'rofecoxib', '25', 'mg', '12', 'hours', 'bazedoxifene', 'tetrabenazine', '50', 'mg', 'twice', 'daily']",14
"Patient: 58M. Drugs: Scopolamine, Rotigotine 200mg before meals, Tapentadol 200mg as needed.","['Scopolamine', 'Rotigotine', 'Tapentadol']",1,2,sedative activities,"patient: 58m. drugs: scopolamine, rotigotine 200mg before meals, tapentadol 200mg as needed.","['patient', '58', 'm.', 'drugs', 'scopolamine', 'rotigotine', '200', 'mg', 'meals', 'tapentadol', '200', 'mg', 'needed']",13
"Patient: 25F. Drugs: Phendimetrazine, Desvenlafaxine 500mg every 8 hours, Selenium 100mg every 6 hours, Ketorolac 500mg after meals.","['Phendimetrazine', 'Desvenlafaxine', 'Selenium', 'Ketorolac']",1,2,tachycardic activities,"patient: 25f. drugs: phendimetrazine, desvenlafaxine 500mg every 8 hours, selenium 100mg every 6 hours, ketorolac 500mg after meals.","['patient', '25f', 'drugs', 'phendimetrazine', 'desvenlafaxine', '500', 'mg', '8', 'hours', 'selenium', '100', 'mg', '6', 'hours', 'ketorolac', '500', 'mg', 'meals']",18
"Patient: 68M. Drugs: Ivacaftor, Testosterone cypionate.","['Ivacaftor', 'Testosterone cypionate']",1,2,serum concentration,"patient: 68m. drugs: ivacaftor, testosterone cypionate.","['patient', '68', 'm.', 'drugs', 'ivacaftor', 'testosterone', 'cypionate']",7
"Patient: 75M. Drugs: Manidipine 200mg once daily, Rolitetracycline, Phenytoin 25mg after meals, Benzphetamine 50mg three times daily.","['Manidipine', 'Rolitetracycline', 'Phenytoin', 'Benzphetamine']",1,2,metabolism,"patient: 75m. drugs: manidipine 200mg once daily, rolitetracycline, phenytoin 25mg after meals, benzphetamine 50mg three times daily.","['patient', '75', 'm.', 'drugs', 'manidipine', '200', 'mg', 'daily', 'rolitetracycline', 'phenytoin', '25', 'mg', 'meals', 'benzphetamine', '50', 'mg', 'times', 'daily']",18
"Patient: 40M. Drugs: Clofarabine, Primidone 200mg every 8 hours, Ganciclovir 50mg after meals.","['Clofarabine', 'Primidone', 'Ganciclovir']",1,2,hypotensive activities,"patient: 40m. drugs: clofarabine, primidone 200mg every 8 hours, ganciclovir 50mg after meals.","['patient', '40', 'm.', 'drugs', 'clofarabine', 'primidone', '200', 'mg', '8', 'hours', 'ganciclovir', '50', 'mg', 'meals']",14
"Patient: 25F. Drugs: Almotriptan 200mg every 12 hours, Tropisetron, Hexafluronium 75mg before meals.","['Almotriptan', 'Tropisetron', 'Hexafluronium']",1,2,serotonergic activities,"patient: 25f. drugs: almotriptan 200mg every 12 hours, tropisetron, hexafluronium 75mg before meals.","['patient', '25f', 'drugs', 'almotriptan', '200', 'mg', '12', 'hours', 'tropisetron', 'hexafluronium', '75', 'mg', 'meals']",13
"Patient: 62M. Drugs: Escitalopram, Meticillin 100mg after meals, Methionine 100mg after meals.","['Escitalopram', 'Meticillin', 'Methionine']",0,0,none,"patient: 62m. drugs: escitalopram, meticillin 100mg after meals, methionine 100mg after meals.","['patient', '62', 'm.', 'drugs', 'escitalopram', 'meticillin', '100', 'mg', 'meals', 'methionine', '100', 'mg', 'meals']",13
"Patient: 75M. Drugs: Fluphenazine 50mg twice daily, Rotigotine 200mg twice daily.","['Fluphenazine', 'Rotigotine']",1,2,sedative activities,"patient: 75m. drugs: fluphenazine 50mg twice daily, rotigotine 200mg twice daily.","['patient', '75', 'm.', 'drugs', 'fluphenazine', '50', 'mg', 'twice', 'daily', 'rotigotine', '200', 'mg', 'twice', 'daily']",14
"Patient: 52M. Drugs: Procarbazine 200mg every 12 hours, Mivacurium 75mg every 8 hours, Amikacin 25mg once daily.","['Procarbazine', 'Mivacurium', 'Amikacin']",1,3,respiratory depressant activities,"patient: 52m. drugs: procarbazine 200mg every 12 hours, mivacurium 75mg every 8 hours, amikacin 25mg once daily.","['patient', '52', 'm.', 'drugs', 'procarbazine', '200', 'mg', '12', 'hours', 'mivacurium', '75', 'mg', '8', 'hours', 'amikacin', '25', 'mg', 'daily']",18
"Patient: 28F. Drugs: Tolvaptan, Amorolfine 100mg before meals, Estazolam 500mg every 8 hours, Promazine 500mg three times daily.","['Tolvaptan', 'Amorolfine', 'Estazolam', 'Promazine']",1,3,risk or severity of adverse effects,"patient: 28f. drugs: tolvaptan, amorolfine 100mg before meals, estazolam 500mg every 8 hours, promazine 500mg three times daily.","['patient', '28f', 'drugs', 'tolvaptan', 'amorolfine', '100', 'mg', 'meals', 'estazolam', '500', 'mg', '8', 'hours', 'promazine', '500', 'mg', 'times', 'daily']",18
"Patient: 48F. Drugs: Fencamfamine 75mg before meals, Thiotepa 100mg every 12 hours, Pemirolast 75mg twice daily, Mexiletine 500mg every 6 hours.","['Fencamfamine', 'Thiotepa', 'Pemirolast', 'Mexiletine']",1,2,metabolism,"patient: 48f. drugs: fencamfamine 75mg before meals, thiotepa 100mg every 12 hours, pemirolast 75mg twice daily, mexiletine 500mg every 6 hours.","['patient', '48f', 'drugs', 'fencamfamine', '75', 'mg', 'meals', 'thiotepa', '100', 'mg', '12', 'hours', 'pemirolast', '75', 'mg', 'twice', 'daily', 'mexiletine', '500', 'mg', '6', 'hours']",22
"Patient: 62M. Drugs: Dabrafenib 25mg twice daily, Quinidine, Piritramide, Norgestimate.","['Dabrafenib', 'Quinidine', 'Piritramide', 'Norgestimate']",1,3,risk or severity of adverse effects,"patient: 62m. drugs: dabrafenib 25mg twice daily, quinidine, piritramide, norgestimate.","['patient', '62', 'm.', 'drugs', 'dabrafenib', '25', 'mg', 'twice', 'daily', 'quinidine', 'piritramide', 'norgestimate']",12
"Patient: 30M. Drugs: Escitalopram 25mg as needed, Tetryzoline 100mg twice daily.","['Escitalopram', 'Tetryzoline']",1,2,vasoconstricting activities,"patient: 30m. drugs: escitalopram 25mg as needed, tetryzoline 100mg twice daily.","['patient', '30', 'm.', 'drugs', 'escitalopram', '25', 'mg', 'needed', 'tetryzoline', '100', 'mg', 'twice', 'daily']",13
"Patient: 33M. Drugs: Loxapine, Diazepam, Levorphanol 500mg as needed.","['Loxapine', 'Diazepam', 'Levorphanol']",1,3,risk or severity of adverse effects,"patient: 33m. drugs: loxapine, diazepam, levorphanol 500mg as needed.","['patient', '33', 'm.', 'drugs', 'loxapine', 'diazepam', 'levorphanol', '500', 'mg', 'needed']",10
"Patient: 40M. Drugs: Sodium feredetate, Perampanel 200mg every 12 hours.","['Sodium feredetate', 'Perampanel']",0,0,none,"patient: 40m. drugs: sodium feredetate, perampanel 200mg every 12 hours.","['patient', '40', 'm.', 'drugs', 'sodium', 'feredetate', 'perampanel', '200', 'mg', '12', 'hours']",11
"Patient: 60F. Drugs: Mestranol 200mg every 8 hours, Droxidopa, Apixaban 50mg three times daily, Cefoperazone 75mg three times daily.","['Mestranol', 'Droxidopa', 'Apixaban', 'Cefoperazone']",1,2,serum concentration,"patient: 60f. drugs: mestranol 200mg every 8 hours, droxidopa, apixaban 50mg three times daily, cefoperazone 75mg three times daily.","['patient', '60f', 'drugs', 'mestranol', '200', 'mg', '8', 'hours', 'droxidopa', 'apixaban', '50', 'mg', 'times', 'daily', 'cefoperazone', '75', 'mg', 'times', 'daily']",19
"Patient: 40M. Drugs: Amantadine 25mg every 8 hours, Masoprocol 100mg every 6 hours, Ulipristal 50mg before meals, Tiotropium.","['Amantadine', 'Masoprocol', 'Ulipristal', 'Tiotropium']",0,0,none,"patient: 40m. drugs: amantadine 25mg every 8 hours, masoprocol 100mg every 6 hours, ulipristal 50mg before meals, tiotropium.","['patient', '40', 'm.', 'drugs', 'amantadine', '25', 'mg', '8', 'hours', 'masoprocol', '100', 'mg', '6', 'hours', 'ulipristal', '50', 'mg', 'meals', 'tiotropium']",19
"Patient: 68M. Drugs: Dezocine, Aclidinium 200mg twice daily, Terlipressin.","['Dezocine', 'Aclidinium', 'Terlipressin']",1,3,risk or severity of adverse effects,"patient: 68m. drugs: dezocine, aclidinium 200mg twice daily, terlipressin.","['patient', '68', 'm.', 'drugs', 'dezocine', 'aclidinium', '200', 'mg', 'twice', 'daily', 'terlipressin']",11
"Patient: 70F. Drugs: Cyclophosphamide, Pralatrexate, Streptozocin 500mg every 12 hours.","['Cyclophosphamide', 'Pralatrexate', 'Streptozocin']",1,2,cardiotoxic activities,"patient: 70f. drugs: cyclophosphamide, pralatrexate, streptozocin 500mg every 12 hours.","['patient', '70f', 'drugs', 'cyclophosphamide', 'pralatrexate', 'streptozocin', '500', 'mg', '12', 'hours']",10
"Patient: 60F. Drugs: Ziprasidone 75mg every 6 hours, Fenoterol 100mg every 8 hours.","['Ziprasidone', 'Fenoterol']",1,2,vasoconstricting activities,"patient: 60f. drugs: ziprasidone 75mg every 6 hours, fenoterol 100mg every 8 hours.","['patient', '60f', 'drugs', 'ziprasidone', '75', 'mg', '6', 'hours', 'fenoterol', '100', 'mg', '8', 'hours']",13
"Patient: 25F. Drugs: Carteolol, Trichlormethiazide 200mg once daily, Busulfan.","['Carteolol', 'Trichlormethiazide', 'Busulfan']",1,2,hypotensive activities,"patient: 25f. drugs: carteolol, trichlormethiazide 200mg once daily, busulfan.","['patient', '25f', 'drugs', 'carteolol', 'trichlormethiazide', '200', 'mg', 'daily', 'busulfan']",9
"Patient: 40M. Drugs: Dimenhydrinate 50mg every 12 hours, Rofecoxib 500mg every 8 hours.","['Dimenhydrinate', 'Rofecoxib']",0,0,none,"patient: 40m. drugs: dimenhydrinate 50mg every 12 hours, rofecoxib 500mg every 8 hours.","['patient', '40', 'm.', 'drugs', 'dimenhydrinate', '50', 'mg', '12', 'hours', 'rofecoxib', '500', 'mg', '8', 'hours']",14
"Patient: 75M. Drugs: Temazepam, Cefalotin 200mg before meals.","['Temazepam', 'Cefalotin']",0,0,none,"patient: 75m. drugs: temazepam, cefalotin 200mg before meals.","['patient', '75', 'm.', 'drugs', 'temazepam', 'cefalotin', '200', 'mg', 'meals']",9
"Patient: 70F. Drugs: Droperidol, Rotigotine, Tartaric acid.","['Droperidol', 'Rotigotine', 'Tartaric acid']",1,2,sedative activities,"patient: 70f. drugs: droperidol, rotigotine, tartaric acid.","['patient', '70f', 'drugs', 'droperidol', 'rotigotine', 'tartaric', 'acid']",7
"Patient: 25F. Drugs: Tramadol 75mg every 12 hours, Pseudoephedrine, Sodium oxybate.","['Tramadol', 'Pseudoephedrine', 'Sodium oxybate']",1,1,analgesic activities,"patient: 25f. drugs: tramadol 75mg every 12 hours, pseudoephedrine, sodium oxybate.","['patient', '25f', 'drugs', 'tramadol', '75', 'mg', '12', 'hours', 'pseudoephedrine', 'sodium', 'oxybate']",11
"Patient: 33M. Drugs: Chloroxine, Efonidipine 25mg three times daily.","['Chloroxine', 'Efonidipine']",1,1,therapeutic efficacy,"patient: 33m. drugs: chloroxine, efonidipine 25mg three times daily.","['patient', '33', 'm.', 'drugs', 'chloroxine', 'efonidipine', '25', 'mg', 'times', 'daily']",10
"Patient: 68M. Drugs: Iloprost 50mg twice daily, Acepromazine 200mg every 6 hours, Tirofiban 50mg before meals.","['Iloprost', 'Acepromazine', 'Tirofiban']",1,2,anticoagulant activities,"patient: 68m. drugs: iloprost 50mg twice daily, acepromazine 200mg every 6 hours, tirofiban 50mg before meals.","['patient', '68', 'm.', 'drugs', 'iloprost', '50', 'mg', 'twice', 'daily', 'acepromazine', '200', 'mg', '6', 'hours', 'tirofiban', '50', 'mg', 'meals']",18
"Patient: 30M. Drugs: Imatinib, Cytarabine.","['Imatinib', 'Cytarabine']",1,2,metabolism,"patient: 30m. drugs: imatinib, cytarabine.","['patient', '30', 'm.', 'drugs', 'imatinib', 'cytarabine']",6
"Patient: 60F. Drugs: Magnesium sulfate 200mg as needed, Tioconazole.","['Magnesium sulfate', 'Tioconazole']",1,1,therapeutic efficacy,"patient: 60f. drugs: magnesium sulfate 200mg as needed, tioconazole.","['patient', '60f', 'drugs', 'magnesium', 'sulfate', '200', 'mg', 'needed', 'tioconazole']",9
"Patient: 35F. Drugs: Mifepristone, Escitalopram.","['Mifepristone', 'Escitalopram']",1,2,QTc-prolonging activities,"patient: 35f. drugs: mifepristone, escitalopram.","['patient', '35f', 'drugs', 'mifepristone', 'escitalopram']",5
"Patient: 70F. Drugs: Tirofiban 500mg twice daily, Fluindione 75mg every 12 hours.","['Tirofiban', 'Fluindione']",1,2,anticoagulant activities,"patient: 70f. drugs: tirofiban 500mg twice daily, fluindione 75mg every 12 hours.","['patient', '70f', 'drugs', 'tirofiban', '500', 'mg', 'twice', 'daily', 'fluindione', '75', 'mg', '12', 'hours']",13
"Patient: 60F. Drugs: Theophylline, Pemetrexed 200mg before meals.","['Theophylline', 'Pemetrexed']",0,0,none,"patient: 60f. drugs: theophylline, pemetrexed 200mg before meals.","['patient', '60f', 'drugs', 'theophylline', 'pemetrexed', '200', 'mg', 'meals']",8
"Patient: 75M. Drugs: Oritavancin 200mg every 6 hours, Methionine 200mg every 8 hours, Umeclidinium, Mexiletine.","['Oritavancin', 'Methionine', 'Umeclidinium', 'Mexiletine']",0,0,none,"patient: 75m. drugs: oritavancin 200mg every 6 hours, methionine 200mg every 8 hours, umeclidinium, mexiletine.","['patient', '75', 'm.', 'drugs', 'oritavancin', '200', 'mg', '6', 'hours', 'methionine', '200', 'mg', '8', 'hours', 'umeclidinium', 'mexiletine']",16
"Patient: 48F. Drugs: Bromfenac 500mg twice daily, Nepafenac 50mg before meals.","['Bromfenac', 'Nepafenac']",1,3,risk or severity of adverse effects,"patient: 48f. drugs: bromfenac 500mg twice daily, nepafenac 50mg before meals.","['patient', '48f', 'drugs', 'bromfenac', '500', 'mg', 'twice', 'daily', 'nepafenac', '50', 'mg', 'meals']",12
"Patient: 60F. Drugs: Mercaptopurine, Deslanoside, Hydroxyamphetamine, Amlodipine 75mg three times daily.","['Mercaptopurine', 'Deslanoside', 'Hydroxyamphetamine', 'Amlodipine']",1,2,cardiotoxic activities,"patient: 60f. drugs: mercaptopurine, deslanoside, hydroxyamphetamine, amlodipine 75mg three times daily.","['patient', '60f', 'drugs', 'mercaptopurine', 'deslanoside', 'hydroxyamphetamine', 'amlodipine', '75', 'mg', 'times', 'daily']",11
"Patient: 62M. Drugs: Voriconazole 25mg every 12 hours, Trimethaphan 25mg before meals, Cobicistat 200mg once daily.","['Voriconazole', 'Trimethaphan', 'Cobicistat']",1,2,serum concentration,"patient: 62m. drugs: voriconazole 25mg every 12 hours, trimethaphan 25mg before meals, cobicistat 200mg once daily.","['patient', '62', 'm.', 'drugs', 'voriconazole', '25', 'mg', '12', 'hours', 'trimethaphan', '25', 'mg', 'meals', 'cobicistat', '200', 'mg', 'daily']",17
"Patient: 55F. Drugs: Moexipril 500mg as needed, Epirizole 50mg after meals.","['Moexipril', 'Epirizole']",1,3,risk or severity of adverse effects,"patient: 55f. drugs: moexipril 500mg as needed, epirizole 50mg after meals.","['patient', '55f', 'drugs', 'moexipril', '500', 'mg', 'needed', 'epirizole', '50', 'mg', 'meals']",11
"Patient: 33M. Drugs: Nabumetone 75mg as needed, Tolfenamic Acid 75mg every 6 hours.","['Nabumetone', 'Tolfenamic Acid']",1,3,risk or severity of adverse effects,"patient: 33m. drugs: nabumetone 75mg as needed, tolfenamic acid 75mg every 6 hours.","['patient', '33', 'm.', 'drugs', 'nabumetone', '75', 'mg', 'needed', 'tolfenamic', 'acid', '75', 'mg', '6', 'hours']",14
"Patient: 55F. Drugs: Oxymetholone, Pargyline.","['Oxymetholone', 'Pargyline']",0,0,none,"patient: 55f. drugs: oxymetholone, pargyline.","['patient', '55f', 'drugs', 'oxymetholone', 'pargyline']",5
"Patient: 35F. Drugs: Hydrocortisone, Mifamurtide.","['Hydrocortisone', 'Mifamurtide']",1,1,therapeutic efficacy,"patient: 35f. drugs: hydrocortisone, mifamurtide.","['patient', '35f', 'drugs', 'hydrocortisone', 'mifamurtide']",5
"Patient: 30M. Drugs: Ethopropazine 500mg after meals, Fluvoxamine 50mg as needed, Ethylmorphine 25mg every 8 hours.","['Ethopropazine', 'Fluvoxamine', 'Ethylmorphine']",1,3,risk or severity of adverse effects,"patient: 30m. drugs: ethopropazine 500mg after meals, fluvoxamine 50mg as needed, ethylmorphine 25mg every 8 hours.","['patient', '30', 'm.', 'drugs', 'ethopropazine', '500', 'mg', 'meals', 'fluvoxamine', '50', 'mg', 'needed', 'ethylmorphine', '25', 'mg', '8', 'hours']",17
"Patient: 25F. Drugs: Adenine 50mg every 6 hours, Abemaciclib 500mg after meals, Netilmicin 25mg as needed, Flupentixol.","['Adenine', 'Abemaciclib', 'Netilmicin', 'Flupentixol']",0,0,none,"patient: 25f. drugs: adenine 50mg every 6 hours, abemaciclib 500mg after meals, netilmicin 25mg as needed, flupentixol.","['patient', '25f', 'drugs', 'adenine', '50', 'mg', '6', 'hours', 'abemaciclib', '500', 'mg', 'meals', 'netilmicin', '25', 'mg', 'needed', 'flupentixol']",17
"Patient: 70F. Drugs: Tenoxicam 75mg twice daily, Zaltoprofen 500mg after meals.","['Tenoxicam', 'Zaltoprofen']",1,3,risk or severity of adverse effects,"patient: 70f. drugs: tenoxicam 75mg twice daily, zaltoprofen 500mg after meals.","['patient', '70f', 'drugs', 'tenoxicam', '75', 'mg', 'twice', 'daily', 'zaltoprofen', '500', 'mg', 'meals']",12
"Patient: 48F. Drugs: Droperidol, Olopatadine, Roxithromycin 200mg every 8 hours.","['Droperidol', 'Olopatadine', 'Roxithromycin']",1,2,central nervous system depressant (CNS depressant) activities,"patient: 48f. drugs: droperidol, olopatadine, roxithromycin 200mg every 8 hours.","['patient', '48f', 'drugs', 'droperidol', 'olopatadine', 'roxithromycin', '200', 'mg', '8', 'hours']",10
"Patient: 45F. Drugs: Benzphetamine 50mg three times daily, Methadyl Acetate 200mg once daily, Halothane.","['Benzphetamine', 'Methadyl Acetate', 'Halothane']",1,1,analgesic activities,"patient: 45f. drugs: benzphetamine 50mg three times daily, methadyl acetate 200mg once daily, halothane.","['patient', '45f', 'drugs', 'benzphetamine', '50', 'mg', 'times', 'daily', 'methadyl', 'acetate', '200', 'mg', 'daily', 'halothane']",14
"Patient: 75M. Drugs: Degarelix 200mg after meals, Procainamide 200mg every 6 hours, Medrogestone.","['Degarelix', 'Procainamide', 'Medrogestone']",1,2,QTc-prolonging activities,"patient: 75m. drugs: degarelix 200mg after meals, procainamide 200mg every 6 hours, medrogestone.","['patient', '75', 'm.', 'drugs', 'degarelix', '200', 'mg', 'meals', 'procainamide', '200', 'mg', '6', 'hours', 'medrogestone']",14
"Patient: 60F. Drugs: Phenylbutazone 25mg after meals, Paramethasone 500mg every 8 hours, Ximelagatran 50mg as needed.","['Phenylbutazone', 'Paramethasone', 'Ximelagatran']",1,3,risk or severity of adverse effects,"patient: 60f. drugs: phenylbutazone 25mg after meals, paramethasone 500mg every 8 hours, ximelagatran 50mg as needed.","['patient', '60f', 'drugs', 'phenylbutazone', '25', 'mg', 'meals', 'paramethasone', '500', 'mg', '8', 'hours', 'ximelagatran', '50', 'mg', 'needed']",16
"Patient: 35F. Drugs: Atropine 25mg after meals, Pirenzepine 75mg once daily.","['Atropine', 'Pirenzepine']",1,3,risk or severity of adverse effects,"patient: 35f. drugs: atropine 25mg after meals, pirenzepine 75mg once daily.","['patient', '35f', 'drugs', 'atropine', '25', 'mg', 'meals', 'pirenzepine', '75', 'mg', 'daily']",11
"Patient: 62M. Drugs: Tinidazole 75mg three times daily, Enzalutamide, Midazolam.","['Tinidazole', 'Enzalutamide', 'Midazolam']",1,2,serum concentration,"patient: 62m. drugs: tinidazole 75mg three times daily, enzalutamide, midazolam.","['patient', '62', 'm.', 'drugs', 'tinidazole', '75', 'mg', 'times', 'daily', 'enzalutamide', 'midazolam']",11
"Patient: 45F. Drugs: Iodipamide, Methenamine 25mg once daily, Dronabinol 25mg every 12 hours, Angiotensin II 200mg after meals.","['Iodipamide', 'Methenamine', 'Dronabinol', 'Angiotensin II']",0,0,none,"patient: 45f. drugs: iodipamide, methenamine 25mg once daily, dronabinol 25mg every 12 hours, angiotensin ii 200mg after meals.","['patient', '45f', 'drugs', 'iodipamide', 'methenamine', '25', 'mg', 'daily', 'dronabinol', '25', 'mg', '12', 'hours', 'angiotensin', 'ii', '200', 'mg', 'meals']",18
"Patient: 25F. Drugs: Amiodarone, Oxyphenbutazone 100mg after meals.","['Amiodarone', 'Oxyphenbutazone']",1,2,antihypertensive activities,"patient: 25f. drugs: amiodarone, oxyphenbutazone 100mg after meals.","['patient', '25f', 'drugs', 'amiodarone', 'oxyphenbutazone', '100', 'mg', 'meals']",8
"Patient: 60F. Drugs: Crisaborole 100mg as needed, Alectinib, Nandrolone decanoate 500mg every 8 hours.","['Crisaborole', 'Alectinib', 'Nandrolone decanoate']",0,0,none,"patient: 60f. drugs: crisaborole 100mg as needed, alectinib, nandrolone decanoate 500mg every 8 hours.","['patient', '60f', 'drugs', 'crisaborole', '100', 'mg', 'needed', 'alectinib', 'nandrolone', 'decanoate', '500', 'mg', '8', 'hours']",14
"Patient: 68M. Drugs: Imatinib 75mg after meals, Vemurafenib 500mg every 12 hours, Nimodipine 100mg every 6 hours.","['Imatinib', 'Vemurafenib', 'Nimodipine']",1,2,serum concentration,"patient: 68m. drugs: imatinib 75mg after meals, vemurafenib 500mg every 12 hours, nimodipine 100mg every 6 hours.","['patient', '68', 'm.', 'drugs', 'imatinib', '75', 'mg', 'meals', 'vemurafenib', '500', 'mg', '12', 'hours', 'nimodipine', '100', 'mg', '6', 'hours']",18
"Patient: 28F. Drugs: Fosamprenavir, Chlorpropamide 200mg before meals.","['Fosamprenavir', 'Chlorpropamide']",1,1,therapeutic efficacy,"patient: 28f. drugs: fosamprenavir, chlorpropamide 200mg before meals.","['patient', '28f', 'drugs', 'fosamprenavir', 'chlorpropamide', '200', 'mg', 'meals']",8
"Patient: 62M. Drugs: Efavirenz 100mg after meals, Bosutinib 25mg after meals.","['Efavirenz', 'Bosutinib']",1,2,serum concentration,"patient: 62m. drugs: efavirenz 100mg after meals, bosutinib 25mg after meals.","['patient', '62', 'm.', 'drugs', 'efavirenz', '100', 'mg', 'meals', 'bosutinib', '25', 'mg', 'meals']",12
"Patient: 55F. Drugs: Ofloxacin 100mg twice daily, Calcium gluconate 100mg before meals, Semaglutide 500mg every 6 hours.","['Ofloxacin', 'Calcium gluconate', 'Semaglutide']",1,1,absorption,"patient: 55f. drugs: ofloxacin 100mg twice daily, calcium gluconate 100mg before meals, semaglutide 500mg every 6 hours.","['patient', '55f', 'drugs', 'ofloxacin', '100', 'mg', 'twice', 'daily', 'calcium', 'gluconate', '100', 'mg', 'meals', 'semaglutide', '500', 'mg', '6', 'hours']",18
"Patient: 30M. Drugs: Midostaurin 100mg three times daily, Cholic Acid 50mg before meals, Ertapenem 200mg every 12 hours, Ulobetasol 75mg after meals.","['Midostaurin', 'Cholic Acid', 'Ertapenem', 'Ulobetasol']",0,0,none,"patient: 30m. drugs: midostaurin 100mg three times daily, cholic acid 50mg before meals, ertapenem 200mg every 12 hours, ulobetasol 75mg after meals.","['patient', '30', 'm.', 'drugs', 'midostaurin', '100', 'mg', 'times', 'daily', 'cholic', 'acid', '50', 'mg', 'meals', 'ertapenem', '200', 'mg', '12', 'hours', 'ulobetasol', '75', 'mg', 'meals']",23
"Patient: 60F. Drugs: Pinacidil 25mg twice daily, Miltefosine 200mg every 8 hours, Pregabalin 100mg once daily, Levocetirizine 50mg after meals.","['Pinacidil', 'Miltefosine', 'Pregabalin', 'Levocetirizine']",1,1,therapeutic efficacy,"patient: 60f. drugs: pinacidil 25mg twice daily, miltefosine 200mg every 8 hours, pregabalin 100mg once daily, levocetirizine 50mg after meals.","['patient', '60f', 'drugs', 'pinacidil', '25', 'mg', 'twice', 'daily', 'miltefosine', '200', 'mg', '8', 'hours', 'pregabalin', '100', 'mg', 'daily', 'levocetirizine', '50', 'mg', 'meals']",21
"Patient: 55F. Drugs: Tegafur 500mg every 6 hours, Calcium levulinate 25mg three times daily, Clobetasol propionate 50mg every 6 hours, Felodipine.","['Tegafur', 'Calcium levulinate', 'Clobetasol propionate', 'Felodipine']",1,1,therapeutic efficacy,"patient: 55f. drugs: tegafur 500mg every 6 hours, calcium levulinate 25mg three times daily, clobetasol propionate 50mg every 6 hours, felodipine.","['patient', '55f', 'drugs', 'tegafur', '500', 'mg', '6', 'hours', 'calcium', 'levulinate', '25', 'mg', 'times', 'daily', 'clobetasol', 'propionate', '50', 'mg', '6', 'hours', 'felodipine']",21
"Patient: 40M. Drugs: Duloxetine, Tamoxifen.","['Duloxetine', 'Tamoxifen']",1,2,serum concentration,"patient: 40m. drugs: duloxetine, tamoxifen.","['patient', '40', 'm.', 'drugs', 'duloxetine', 'tamoxifen']",6
"Patient: 30M. Drugs: Isosorbide 200mg after meals, Menadione 50mg once daily, Tobramycin 50mg three times daily, Trifluoperazine 25mg twice daily.","['Isosorbide', 'Menadione', 'Tobramycin', 'Trifluoperazine']",0,0,none,"patient: 30m. drugs: isosorbide 200mg after meals, menadione 50mg once daily, tobramycin 50mg three times daily, trifluoperazine 25mg twice daily.","['patient', '30', 'm.', 'drugs', 'isosorbide', '200', 'mg', 'meals', 'menadione', '50', 'mg', 'daily', 'tobramycin', '50', 'mg', 'times', 'daily', 'trifluoperazine', '25', 'mg', 'twice', 'daily']",22
"Patient: 58M. Drugs: Losartan 50mg as needed, Benzydamine 50mg every 8 hours, Thiabendazole.","['Losartan', 'Benzydamine', 'Thiabendazole']",1,3,risk or severity of adverse effects,"patient: 58m. drugs: losartan 50mg as needed, benzydamine 50mg every 8 hours, thiabendazole.","['patient', '58', 'm.', 'drugs', 'losartan', '50', 'mg', 'needed', 'benzydamine', '50', 'mg', '8', 'hours', 'thiabendazole']",14
"Patient: 33M. Drugs: Sitaxentan, Levothyroxine.","['Sitaxentan', 'Levothyroxine']",0,0,none,"patient: 33m. drugs: sitaxentan, levothyroxine.","['patient', '33', 'm.', 'drugs', 'sitaxentan', 'levothyroxine']",6
"Patient: 75M. Drugs: Triprolidine, Prilocaine 200mg every 8 hours.","['Triprolidine', 'Prilocaine']",1,3,risk or severity of adverse effects,"patient: 75m. drugs: triprolidine, prilocaine 200mg every 8 hours.","['patient', '75', 'm.', 'drugs', 'triprolidine', 'prilocaine', '200', 'mg', '8', 'hours']",10
"Patient: 35F. Drugs: Rosoxacin 25mg as needed, Calcium lactate 500mg three times daily.","['Rosoxacin', 'Calcium lactate']",1,1,absorption,"patient: 35f. drugs: rosoxacin 25mg as needed, calcium lactate 500mg three times daily.","['patient', '35f', 'drugs', 'rosoxacin', '25', 'mg', 'needed', 'calcium', 'lactate', '500', 'mg', 'times', 'daily']",13
"Patient: 62M. Drugs: Tavaborole 500mg as needed, Sunitinib 75mg every 6 hours.","['Tavaborole', 'Sunitinib']",1,2,metabolism,"patient: 62m. drugs: tavaborole 500mg as needed, sunitinib 75mg every 6 hours.","['patient', '62', 'm.', 'drugs', 'tavaborole', '500', 'mg', 'needed', 'sunitinib', '75', 'mg', '6', 'hours']",13
"Patient: 48F. Drugs: Propericiazine 100mg three times daily, Artemotil, Dydrogesterone.","['Propericiazine', 'Artemotil', 'Dydrogesterone']",1,2,serum concentration,"patient: 48f. drugs: propericiazine 100mg three times daily, artemotil, dydrogesterone.","['patient', '48f', 'drugs', 'propericiazine', '100', 'mg', 'times', 'daily', 'artemotil', 'dydrogesterone']",10
"Patient: 25F. Drugs: Tramadol 75mg every 12 hours, Pseudoephedrine, Sodium oxybate.","['Tramadol', 'Pseudoephedrine', 'Sodium oxybate']",1,1,analgesic activities,"patient: 25f. drugs: tramadol 75mg every 12 hours, pseudoephedrine, sodium oxybate.","['patient', '25f', 'drugs', 'tramadol', '75', 'mg', '12', 'hours', 'pseudoephedrine', 'sodium', 'oxybate']",11
"Patient: 48F. Drugs: Dapagliflozin, Sodium stibogluconate 25mg three times daily, Dopamine 500mg after meals, Methotrimeprazine 100mg as needed.","['Dapagliflozin', 'Sodium stibogluconate', 'Dopamine', 'Methotrimeprazine']",1,2,metabolism,"patient: 48f. drugs: dapagliflozin, sodium stibogluconate 25mg three times daily, dopamine 500mg after meals, methotrimeprazine 100mg as needed.","['patient', '48f', 'drugs', 'dapagliflozin', 'sodium', 'stibogluconate', '25', 'mg', 'times', 'daily', 'dopamine', '500', 'mg', 'meals', 'methotrimeprazine', '100', 'mg', 'needed']",18
"Patient: 28F. Drugs: Risedronate 25mg every 6 hours, Famotidine 200mg every 8 hours, Histrelin 500mg before meals.","['Risedronate', 'Famotidine', 'Histrelin']",1,1,absorption,"patient: 28f. drugs: risedronate 25mg every 6 hours, famotidine 200mg every 8 hours, histrelin 500mg before meals.","['patient', '28f', 'drugs', 'risedronate', '25', 'mg', '6', 'hours', 'famotidine', '200', 'mg', '8', 'hours', 'histrelin', '500', 'mg', 'meals']",17
"Patient: 75M. Drugs: Valsartan, Acetyl sulfisoxazole.","['Valsartan', 'Acetyl sulfisoxazole']",1,2,metabolism,"patient: 75m. drugs: valsartan, acetyl sulfisoxazole.","['patient', '75', 'm.', 'drugs', 'valsartan', 'acetyl', 'sulfisoxazole']",7
"Patient: 35F. Drugs: Chlorothiazide 100mg three times daily, Choline magnesium trisalicylate, Nitroglycerin 75mg every 12 hours.","['Chlorothiazide', 'Choline magnesium trisalicylate', 'Nitroglycerin']",1,1,therapeutic efficacy,"patient: 35f. drugs: chlorothiazide 100mg three times daily, choline magnesium trisalicylate, nitroglycerin 75mg every 12 hours.","['patient', '35f', 'drugs', 'chlorothiazide', '100', 'mg', 'times', 'daily', 'choline', 'magnesium', 'trisalicylate', 'nitroglycerin', '75', 'mg', '12', 'hours']",16
"Patient: 62M. Drugs: Sofosbuvir, Alectinib 25mg every 8 hours, Cortisone acetate 50mg every 6 hours, Ampicillin 25mg before meals.","['Sofosbuvir', 'Alectinib', 'Cortisone acetate', 'Ampicillin']",0,0,none,"patient: 62m. drugs: sofosbuvir, alectinib 25mg every 8 hours, cortisone acetate 50mg every 6 hours, ampicillin 25mg before meals.","['patient', '62', 'm.', 'drugs', 'sofosbuvir', 'alectinib', '25', 'mg', '8', 'hours', 'cortisone', 'acetate', '50', 'mg', '6', 'hours', 'ampicillin', '25', 'mg', 'meals']",20
"Patient: 62M. Drugs: Losartan 25mg as needed, Salsalate 50mg every 12 hours, Ziprasidone 50mg as needed.","['Losartan', 'Salsalate', 'Ziprasidone']",1,3,risk or severity of adverse effects,"patient: 62m. drugs: losartan 25mg as needed, salsalate 50mg every 12 hours, ziprasidone 50mg as needed.","['patient', '62', 'm.', 'drugs', 'losartan', '25', 'mg', 'needed', 'salsalate', '50', 'mg', '12', 'hours', 'ziprasidone', '50', 'mg', 'needed']",17
"Patient: 58M. Drugs: Procyclidine 50mg twice daily, Huperzine A, Ceftriaxone.","['Procyclidine', 'Huperzine A', 'Ceftriaxone']",1,1,therapeutic efficacy,"patient: 58m. drugs: procyclidine 50mg twice daily, huperzine a, ceftriaxone.","['patient', '58', 'm.', 'drugs', 'procyclidine', '50', 'mg', 'twice', 'daily', 'huperzine', 'ceftriaxone']",11
"Patient: 30M. Drugs: Dexmedetomidine 50mg once daily, Cilazapril 500mg after meals.","['Dexmedetomidine', 'Cilazapril']",1,3,risk or severity of adverse effects,"patient: 30m. drugs: dexmedetomidine 50mg once daily, cilazapril 500mg after meals.","['patient', '30', 'm.', 'drugs', 'dexmedetomidine', '50', 'mg', 'daily', 'cilazapril', '500', 'mg', 'meals']",12
"Patient: 75M. Drugs: Erythromycin, Montelukast.","['Erythromycin', 'Montelukast']",1,2,metabolism,"patient: 75m. drugs: erythromycin, montelukast.","['patient', '75', 'm.', 'drugs', 'erythromycin', 'montelukast']",6
"Patient: 55F. Drugs: Bendroflumethiazide, Aceclofenac 50mg every 12 hours, Trimethadione.","['Bendroflumethiazide', 'Aceclofenac', 'Trimethadione']",1,1,therapeutic efficacy,"patient: 55f. drugs: bendroflumethiazide, aceclofenac 50mg every 12 hours, trimethadione.","['patient', '55f', 'drugs', 'bendroflumethiazide', 'aceclofenac', '50', 'mg', '12', 'hours', 'trimethadione']",10
"Patient: 48F. Drugs: Leflunomide 100mg every 8 hours, Butenafine 25mg as needed, Quinethazone.","['Leflunomide', 'Butenafine', 'Quinethazone']",1,1,therapeutic efficacy,"patient: 48f. drugs: leflunomide 100mg every 8 hours, butenafine 25mg as needed, quinethazone.","['patient', '48f', 'drugs', 'leflunomide', '100', 'mg', '8', 'hours', 'butenafine', '25', 'mg', 'needed', 'quinethazone']",13
"Patient: 28F. Drugs: Tolvaptan, Amorolfine 100mg before meals, Estazolam 500mg every 8 hours, Promazine 500mg three times daily.","['Tolvaptan', 'Amorolfine', 'Estazolam', 'Promazine']",1,3,risk or severity of adverse effects,"patient: 28f. drugs: tolvaptan, amorolfine 100mg before meals, estazolam 500mg every 8 hours, promazine 500mg three times daily.","['patient', '28f', 'drugs', 'tolvaptan', 'amorolfine', '100', 'mg', 'meals', 'estazolam', '500', 'mg', '8', 'hours', 'promazine', '500', 'mg', 'times', 'daily']",18
"Patient: 45F. Drugs: Floxuridine, Piroxicam 50mg every 12 hours, Ciprofibrate 500mg before meals.","['Floxuridine', 'Piroxicam', 'Ciprofibrate']",1,2,metabolism,"patient: 45f. drugs: floxuridine, piroxicam 50mg every 12 hours, ciprofibrate 500mg before meals.","['patient', '45f', 'drugs', 'floxuridine', 'piroxicam', '50', 'mg', '12', 'hours', 'ciprofibrate', '500', 'mg', 'meals']",13
"Patient: 75M. Drugs: Timolol, Tolbutamide, Niclosamide 25mg every 8 hours.","['Timolol', 'Tolbutamide', 'Niclosamide']",1,2,hypoglycemic activities,"patient: 75m. drugs: timolol, tolbutamide, niclosamide 25mg every 8 hours.","['patient', '75', 'm.', 'drugs', 'timolol', 'tolbutamide', 'niclosamide', '25', 'mg', '8', 'hours']",11
"Patient: 35F. Drugs: Telaprevir 100mg as needed, Tolfenamic Acid 200mg every 12 hours, Norgestrel 75mg every 12 hours, Levobetaxolol 500mg three times daily.","['Telaprevir', 'Tolfenamic Acid', 'Norgestrel', 'Levobetaxolol']",1,2,serum concentration,"patient: 35f. drugs: telaprevir 100mg as needed, tolfenamic acid 200mg every 12 hours, norgestrel 75mg every 12 hours, levobetaxolol 500mg three times daily.","['patient', '35f', 'drugs', 'telaprevir', '100', 'mg', 'needed', 'tolfenamic', 'acid', '200', 'mg', '12', 'hours', 'norgestrel', '75', 'mg', '12', 'hours', 'levobetaxolol', '500', 'mg', 'times', 'daily']",23
"Patient: 25F. Drugs: Glipizide 200mg as needed, Rucaparib, Haloperidol 50mg as needed.","['Glipizide', 'Rucaparib', 'Haloperidol']",1,2,metabolism,"patient: 25f. drugs: glipizide 200mg as needed, rucaparib, haloperidol 50mg as needed.","['patient', '25f', 'drugs', 'glipizide', '200', 'mg', 'needed', 'rucaparib', 'haloperidol', '50', 'mg', 'needed']",12
"Patient: 48F. Drugs: Dimethyl sulfoxide 50mg every 8 hours, Fluvastatin.","['Dimethyl sulfoxide', 'Fluvastatin']",1,2,serum concentration,"patient: 48f. drugs: dimethyl sulfoxide 50mg every 8 hours, fluvastatin.","['patient', '48f', 'drugs', 'dimethyl', 'sulfoxide', '50', 'mg', '8', 'hours', 'fluvastatin']",10
"Patient: 25F. Drugs: Labetalol 200mg three times daily, Butabarbital, Hexafluronium 100mg three times daily.","['Labetalol', 'Butabarbital', 'Hexafluronium']",0,0,none,"patient: 25f. drugs: labetalol 200mg three times daily, butabarbital, hexafluronium 100mg three times daily.","['patient', '25f', 'drugs', 'labetalol', '200', 'mg', 'times', 'daily', 'butabarbital', 'hexafluronium', '100', 'mg', 'times', 'daily']",14
"Patient: 75M. Drugs: Vildagliptin 75mg every 6 hours, Pinacidil 75mg three times daily, Baclofen 100mg three times daily, Rufinamide 100mg as needed.","['Vildagliptin', 'Pinacidil', 'Baclofen', 'Rufinamide']",1,3,risk or severity of adverse effects,"patient: 75m. drugs: vildagliptin 75mg every 6 hours, pinacidil 75mg three times daily, baclofen 100mg three times daily, rufinamide 100mg as needed.","['patient', '75', 'm.', 'drugs', 'vildagliptin', '75', 'mg', '6', 'hours', 'pinacidil', '75', 'mg', 'times', 'daily', 'baclofen', '100', 'mg', 'times', 'daily', 'rufinamide', '100', 'mg', 'needed']",23
"Patient: 52M. Drugs: Fluciclovine (18F) 25mg twice daily, Gadoxetic acid 25mg twice daily.","['Fluciclovine (18F)', 'Gadoxetic acid']",0,0,none,"patient: 52m. drugs: fluciclovine 18f 25mg twice daily, gadoxetic acid 25mg twice daily.","['patient', '52', 'm.', 'drugs', 'fluciclovine', '18f', '25', 'mg', 'twice', 'daily', 'gadoxetic', 'acid', '25', 'mg', 'twice', 'daily']",16
"Patient: 60F. Drugs: Brigatinib, Technetium Tc-99m mebrofenin 100mg every 12 hours.","['Brigatinib', 'Technetium Tc-99m mebrofenin']",0,0,none,"patient: 60f. drugs: brigatinib, technetium tc99m mebrofenin 100mg every 12 hours.","['patient', '60f', 'drugs', 'brigatinib', 'technetium', 'tc99', 'm', 'mebrofenin', '100', 'mg', '12', 'hours']",12
"Patient: 40M. Drugs: Timolol, Phenylpropanolamine 75mg every 6 hours.","['Timolol', 'Phenylpropanolamine']",1,1,bronchodilatory activities,"patient: 40m. drugs: timolol, phenylpropanolamine 75mg every 6 hours.","['patient', '40', 'm.', 'drugs', 'timolol', 'phenylpropanolamine', '75', 'mg', '6', 'hours']",10
"Patient: 48F. Drugs: Domperidone, Lorpiprazole 200mg three times daily, Gramicidin D 50mg before meals.","['Domperidone', 'Lorpiprazole', 'Gramicidin D']",1,2,serum concentration,"patient: 48f. drugs: domperidone, lorpiprazole 200mg three times daily, gramicidin d 50mg before meals.","['patient', '48f', 'drugs', 'domperidone', 'lorpiprazole', '200', 'mg', 'times', 'daily', 'gramicidin', 'd', '50', 'mg', 'meals']",14
"Patient: 55F. Drugs: Tenofovir disoproxil, Lofexidine, Moxidectin 75mg as needed.","['Tenofovir disoproxil', 'Lofexidine', 'Moxidectin']",1,2,metabolism,"patient: 55f. drugs: tenofovir disoproxil, lofexidine, moxidectin 75mg as needed.","['patient', '55f', 'drugs', 'tenofovir', 'disoproxil', 'lofexidine', 'moxidectin', '75', 'mg', 'needed']",10
"Patient: 58M. Drugs: Enzalutamide 50mg three times daily, Mycophenolic acid 500mg once daily, Metronidazole 200mg every 12 hours, Opicapone 25mg every 12 hours.","['Enzalutamide', 'Mycophenolic acid', 'Metronidazole', 'Opicapone']",1,2,serum concentration,"patient: 58m. drugs: enzalutamide 50mg three times daily, mycophenolic acid 500mg once daily, metronidazole 200mg every 12 hours, opicapone 25mg every 12 hours.","['patient', '58', 'm.', 'drugs', 'enzalutamide', '50', 'mg', 'times', 'daily', 'mycophenolic', 'acid', '500', 'mg', 'daily', 'metronidazole', '200', 'mg', '12', 'hours', 'opicapone', '25', 'mg', '12', 'hours']",24
"Patient: 28F. Drugs: Bortezomib, Pramipexole.","['Bortezomib', 'Pramipexole']",1,3,risk or severity of adverse effects,"patient: 28f. drugs: bortezomib, pramipexole.","['patient', '28f', 'drugs', 'bortezomib', 'pramipexole']",5
"Patient: 55F. Drugs: Irinotecan 50mg after meals, Fusidic Acid 100mg as needed.","['Irinotecan', 'Fusidic Acid']",1,2,serum concentration,"patient: 55f. drugs: irinotecan 50mg after meals, fusidic acid 100mg as needed.","['patient', '55f', 'drugs', 'irinotecan', '50', 'mg', 'meals', 'fusidic', 'acid', '100', 'mg', 'needed']",12
"Patient: 25F. Drugs: Pancuronium 500mg every 6 hours, Alendronic acid 100mg every 6 hours, Physostigmine 75mg twice daily.","['Pancuronium', 'Alendronic acid', 'Physostigmine']",1,1,therapeutic efficacy,"patient: 25f. drugs: pancuronium 500mg every 6 hours, alendronic acid 100mg every 6 hours, physostigmine 75mg twice daily.","['patient', '25f', 'drugs', 'pancuronium', '500', 'mg', '6', 'hours', 'alendronic', 'acid', '100', 'mg', '6', 'hours', 'physostigmine', '75', 'mg', 'twice', 'daily']",19
"Patient: 33M. Drugs: Dyphylline, Camazepam, Roxatidine acetate 75mg once daily.","['Dyphylline', 'Camazepam', 'Roxatidine acetate']",1,1,therapeutic efficacy,"patient: 33m. drugs: dyphylline, camazepam, roxatidine acetate 75mg once daily.","['patient', '33', 'm.', 'drugs', 'dyphylline', 'camazepam', 'roxatidine', 'acetate', '75', 'mg', 'daily']",11
"Patient: 68M. Drugs: Lisdexamfetamine 200mg every 6 hours, Metyrosine 75mg every 12 hours, Bambuterol, Alclofenac 50mg three times daily.","['Lisdexamfetamine', 'Metyrosine', 'Bambuterol', 'Alclofenac']",1,2,vasoconstricting activities,"patient: 68m. drugs: lisdexamfetamine 200mg every 6 hours, metyrosine 75mg every 12 hours, bambuterol, alclofenac 50mg three times daily.","['patient', '68', 'm.', 'drugs', 'lisdexamfetamine', '200', 'mg', '6', 'hours', 'metyrosine', '75', 'mg', '12', 'hours', 'bambuterol', 'alclofenac', '50', 'mg', 'times', 'daily']",20
"Patient: 60F. Drugs: Etacrynic acid, Dexbrompheniramine, Trolamine salicylate 200mg three times daily, Temsirolimus 50mg once daily.","['Etacrynic acid', 'Dexbrompheniramine', 'Trolamine salicylate', 'Temsirolimus']",1,1,therapeutic efficacy,"patient: 60f. drugs: etacrynic acid, dexbrompheniramine, trolamine salicylate 200mg three times daily, temsirolimus 50mg once daily.","['patient', '60f', 'drugs', 'etacrynic', 'acid', 'dexbrompheniramine', 'trolamine', 'salicylate', '200', 'mg', 'times', 'daily', 'temsirolimus', '50', 'mg', 'daily']",16
"Patient: 62M. Drugs: Pilocarpine 25mg three times daily, Saquinavir 200mg every 12 hours.","['Pilocarpine', 'Saquinavir']",1,2,metabolism,"patient: 62m. drugs: pilocarpine 25mg three times daily, saquinavir 200mg every 12 hours.","['patient', '62', 'm.', 'drugs', 'pilocarpine', '25', 'mg', 'times', 'daily', 'saquinavir', '200', 'mg', '12', 'hours']",14
"Patient: 40M. Drugs: Methylnaltrexone 200mg every 8 hours, Atosiban 25mg twice daily.","['Methylnaltrexone', 'Atosiban']",0,0,none,"patient: 40m. drugs: methylnaltrexone 200mg every 8 hours, atosiban 25mg twice daily.","['patient', '40', 'm.', 'drugs', 'methylnaltrexone', '200', 'mg', '8', 'hours', 'atosiban', '25', 'mg', 'twice', 'daily']",14
"Patient: 30M. Drugs: Indomethacin, Ropivacaine, Ketoprofen 25mg as needed, Dipyridamole 500mg every 6 hours.","['Indomethacin', 'Ropivacaine', 'Ketoprofen', 'Dipyridamole']",1,3,risk or severity of adverse effects,"patient: 30m. drugs: indomethacin, ropivacaine, ketoprofen 25mg as needed, dipyridamole 500mg every 6 hours.","['patient', '30', 'm.', 'drugs', 'indomethacin', 'ropivacaine', 'ketoprofen', '25', 'mg', 'needed', 'dipyridamole', '500', 'mg', '6', 'hours']",15
"Patient: 40M. Drugs: Isotretinoin, Dienogest, Propofol 25mg every 12 hours.","['Isotretinoin', 'Dienogest', 'Propofol']",1,1,therapeutic efficacy,"patient: 40m. drugs: isotretinoin, dienogest, propofol 25mg every 12 hours.","['patient', '40', 'm.', 'drugs', 'isotretinoin', 'dienogest', 'propofol', '25', 'mg', '12', 'hours']",11
"Patient: 35F. Drugs: Medroxyprogesterone acetate 100mg after meals, Lactic Acid 500mg after meals.","['Medroxyprogesterone acetate', 'Lactic Acid']",0,0,none,"patient: 35f. drugs: medroxyprogesterone acetate 100mg after meals, lactic acid 500mg after meals.","['patient', '35f', 'drugs', 'medroxyprogesterone', 'acetate', '100', 'mg', 'meals', 'lactic', 'acid', '500', 'mg', 'meals']",13
"Patient: 68M. Drugs: Griseofulvin, Magnesium sulfate, Pralatrexate.","['Griseofulvin', 'Magnesium sulfate', 'Pralatrexate']",1,1,therapeutic efficacy,"patient: 68m. drugs: griseofulvin, magnesium sulfate, pralatrexate.","['patient', '68', 'm.', 'drugs', 'griseofulvin', 'magnesium', 'sulfate', 'pralatrexate']",8
"Patient: 35F. Drugs: Ketazolam 75mg before meals, Selexipag 25mg three times daily, Mefloquine 50mg once daily, Brivaracetam.","['Ketazolam', 'Selexipag', 'Mefloquine', 'Brivaracetam']",1,1,therapeutic efficacy,"patient: 35f. drugs: ketazolam 75mg before meals, selexipag 25mg three times daily, mefloquine 50mg once daily, brivaracetam.","['patient', '35f', 'drugs', 'ketazolam', '75', 'mg', 'meals', 'selexipag', '25', 'mg', 'times', 'daily', 'mefloquine', '50', 'mg', 'daily', 'brivaracetam']",17
"Patient: 62M. Drugs: Orphenadrine 500mg every 12 hours, Eprosartan 100mg as needed.","['Orphenadrine', 'Eprosartan']",0,0,none,"patient: 62m. drugs: orphenadrine 500mg every 12 hours, eprosartan 100mg as needed.","['patient', '62', 'm.', 'drugs', 'orphenadrine', '500', 'mg', '12', 'hours', 'eprosartan', '100', 'mg', 'needed']",13
"Patient: 33M. Drugs: Mesalazine 500mg every 12 hours, Ibudilast 500mg after meals, Clarithromycin 25mg twice daily.","['Mesalazine', 'Ibudilast', 'Clarithromycin']",1,3,risk or severity of adverse effects,"patient: 33m. drugs: mesalazine 500mg every 12 hours, ibudilast 500mg after meals, clarithromycin 25mg twice daily.","['patient', '33', 'm.', 'drugs', 'mesalazine', '500', 'mg', '12', 'hours', 'ibudilast', '500', 'mg', 'meals', 'clarithromycin', '25', 'mg', 'twice', 'daily']",18
"Patient: 28F. Drugs: Vecuronium 75mg every 12 hours, Naratriptan 50mg every 12 hours, Pergolide 50mg three times daily, Vildagliptin 200mg every 12 hours.","['Vecuronium', 'Naratriptan', 'Pergolide', 'Vildagliptin']",0,0,none,"patient: 28f. drugs: vecuronium 75mg every 12 hours, naratriptan 50mg every 12 hours, pergolide 50mg three times daily, vildagliptin 200mg every 12 hours.","['patient', '28f', 'drugs', 'vecuronium', '75', 'mg', '12', 'hours', 'naratriptan', '50', 'mg', '12', 'hours', 'pergolide', '50', 'mg', 'times', 'daily', 'vildagliptin', '200', 'mg', '12', 'hours']",23
"Patient: 48F. Drugs: Indapamide 50mg twice daily, Dezocine 50mg every 6 hours, Pralatrexate 200mg once daily.","['Indapamide', 'Dezocine', 'Pralatrexate']",1,3,risk or severity of adverse effects,"patient: 48f. drugs: indapamide 50mg twice daily, dezocine 50mg every 6 hours, pralatrexate 200mg once daily.","['patient', '48f', 'drugs', 'indapamide', '50', 'mg', 'twice', 'daily', 'dezocine', '50', 'mg', '6', 'hours', 'pralatrexate', '200', 'mg', 'daily']",17
"Patient: 55F. Drugs: Papaverine 25mg every 12 hours, Enalaprilat, Fosphenytoin 75mg before meals.","['Papaverine', 'Enalaprilat', 'Fosphenytoin']",1,3,risk or severity of adverse effects,"patient: 55f. drugs: papaverine 25mg every 12 hours, enalaprilat, fosphenytoin 75mg before meals.","['patient', '55f', 'drugs', 'papaverine', '25', 'mg', '12', 'hours', 'enalaprilat', 'fosphenytoin', '75', 'mg', 'meals']",13
"Patient: 25F. Drugs: Pancuronium 500mg every 6 hours, Alendronic acid 100mg every 6 hours, Physostigmine 75mg twice daily.","['Pancuronium', 'Alendronic acid', 'Physostigmine']",1,1,therapeutic efficacy,"patient: 25f. drugs: pancuronium 500mg every 6 hours, alendronic acid 100mg every 6 hours, physostigmine 75mg twice daily.","['patient', '25f', 'drugs', 'pancuronium', '500', 'mg', '6', 'hours', 'alendronic', 'acid', '100', 'mg', '6', 'hours', 'physostigmine', '75', 'mg', 'twice', 'daily']",19
"Patient: 25F. Drugs: Semaglutide, Cilostazol 50mg every 8 hours, Danazol 500mg three times daily, Salbutamol.","['Semaglutide', 'Cilostazol', 'Danazol', 'Salbutamol']",0,0,none,"patient: 25f. drugs: semaglutide, cilostazol 50mg every 8 hours, danazol 500mg three times daily, salbutamol.","['patient', '25f', 'drugs', 'semaglutide', 'cilostazol', '50', 'mg', '8', 'hours', 'danazol', '500', 'mg', 'times', 'daily', 'salbutamol']",15
"Patient: 25F. Drugs: Cyclosporine 100mg every 6 hours, Dihydroergocornine 200mg every 12 hours.","['Cyclosporine', 'Dihydroergocornine']",1,3,risk or severity of adverse effects,"patient: 25f. drugs: cyclosporine 100mg every 6 hours, dihydroergocornine 200mg every 12 hours.","['patient', '25f', 'drugs', 'cyclosporine', '100', 'mg', '6', 'hours', 'dihydroergocornine', '200', 'mg', '12', 'hours']",13
"Patient: 68M. Drugs: Thioridazine 25mg every 12 hours, Cobicistat 50mg as needed.","['Thioridazine', 'Cobicistat']",1,2,serum concentration,"patient: 68m. drugs: thioridazine 25mg every 12 hours, cobicistat 50mg as needed.","['patient', '68', 'm.', 'drugs', 'thioridazine', '25', 'mg', '12', 'hours', 'cobicistat', '50', 'mg', 'needed']",13
"Patient: 52M. Drugs: Oxacillin 200mg every 12 hours, Chloroxine 100mg three times daily, Tolbutamide 100mg twice daily, Cetirizine 25mg as needed.","['Oxacillin', 'Chloroxine', 'Tolbutamide', 'Cetirizine']",0,0,none,"patient: 52m. drugs: oxacillin 200mg every 12 hours, chloroxine 100mg three times daily, tolbutamide 100mg twice daily, cetirizine 25mg as needed.","['patient', '52', 'm.', 'drugs', 'oxacillin', '200', 'mg', '12', 'hours', 'chloroxine', '100', 'mg', 'times', 'daily', 'tolbutamide', '100', 'mg', 'twice', 'daily', 'cetirizine', '25', 'mg', 'needed']",23
"Patient: 48F. Drugs: Dolasetron 500mg every 8 hours, Posaconazole, Fosaprepitant 200mg after meals.","['Dolasetron', 'Posaconazole', 'Fosaprepitant']",1,2,metabolism,"patient: 48f. drugs: dolasetron 500mg every 8 hours, posaconazole, fosaprepitant 200mg after meals.","['patient', '48f', 'drugs', 'dolasetron', '500', 'mg', '8', 'hours', 'posaconazole', 'fosaprepitant', '200', 'mg', 'meals']",13
"Patient: 28F. Drugs: Latanoprostene Bunod 500mg every 12 hours, Grazoprevir 100mg three times daily, Palbociclib 75mg every 8 hours.","['Latanoprostene Bunod', 'Grazoprevir', 'Palbociclib']",1,2,serum concentration,"patient: 28f. drugs: latanoprostene bunod 500mg every 12 hours, grazoprevir 100mg three times daily, palbociclib 75mg every 8 hours.","['patient', '28f', 'drugs', 'latanoprostene', 'bunod', '500', 'mg', '12', 'hours', 'grazoprevir', '100', 'mg', 'times', 'daily', 'palbociclib', '75', 'mg', '8', 'hours']",19
"Patient: 35F. Drugs: Fluindione 500mg once daily, Testosterone undecanoate 50mg as needed.","['Fluindione', 'Testosterone undecanoate']",1,1,therapeutic efficacy,"patient: 35f. drugs: fluindione 500mg once daily, testosterone undecanoate 50mg as needed.","['patient', '35f', 'drugs', 'fluindione', '500', 'mg', 'daily', 'testosterone', 'undecanoate', '50', 'mg', 'needed']",12
"Patient: 62M. Drugs: Lacidipine 500mg every 12 hours, Calcium lactate 25mg once daily, Pivmecillinam 75mg as needed.","['Lacidipine', 'Calcium lactate', 'Pivmecillinam']",1,1,therapeutic efficacy,"patient: 62m. drugs: lacidipine 500mg every 12 hours, calcium lactate 25mg once daily, pivmecillinam 75mg as needed.","['patient', '62', 'm.', 'drugs', 'lacidipine', '500', 'mg', '12', 'hours', 'calcium', 'lactate', '25', 'mg', 'daily', 'pivmecillinam', '75', 'mg', 'needed']",18
"Patient: 62M. Drugs: Propericiazine 500mg twice daily, Gramicidin D 75mg every 6 hours, Dihydroergocornine 25mg twice daily.","['Propericiazine', 'Gramicidin D', 'Dihydroergocornine']",0,0,none,"patient: 62m. drugs: propericiazine 500mg twice daily, gramicidin d 75mg every 6 hours, dihydroergocornine 25mg twice daily.","['patient', '62', 'm.', 'drugs', 'propericiazine', '500', 'mg', 'twice', 'daily', 'gramicidin', 'd', '75', 'mg', '6', 'hours', 'dihydroergocornine', '25', 'mg', 'twice', 'daily']",20
"Patient: 35F. Drugs: Arsenic trioxide 25mg as needed, Clevidipine.","['Arsenic trioxide', 'Clevidipine']",1,3,risk or severity of adverse effects,"patient: 35f. drugs: arsenic trioxide 25mg as needed, clevidipine.","['patient', '35f', 'drugs', 'arsenic', 'trioxide', '25', 'mg', 'needed', 'clevidipine']",9
"Patient: 60F. Drugs: Lidocaine, Naloxegol 200mg every 12 hours.","['Lidocaine', 'Naloxegol']",1,2,serum concentration,"patient: 60f. drugs: lidocaine, naloxegol 200mg every 12 hours.","['patient', '60f', 'drugs', 'lidocaine', 'naloxegol', '200', 'mg', '12', 'hours']",9
"Patient: 62M. Drugs: Curcumin 500mg three times daily, Dienestrol 200mg twice daily.","['Curcumin', 'Dienestrol']",0,0,none,"patient: 62m. drugs: curcumin 500mg three times daily, dienestrol 200mg twice daily.","['patient', '62', 'm.', 'drugs', 'curcumin', '500', 'mg', 'times', 'daily', 'dienestrol', '200', 'mg', 'twice', 'daily']",14
"Patient: 58M. Drugs: Boceprevir 200mg every 6 hours, Hydroxychloroquine.","['Boceprevir', 'Hydroxychloroquine']",0,0,none,"patient: 58m. drugs: boceprevir 200mg every 6 hours, hydroxychloroquine.","['patient', '58', 'm.', 'drugs', 'boceprevir', '200', 'mg', '6', 'hours', 'hydroxychloroquine']",10
"Patient: 40M. Drugs: Desipramine 500mg every 8 hours, Pixantrone 500mg before meals.","['Desipramine', 'Pixantrone']",0,0,none,"patient: 40m. drugs: desipramine 500mg every 8 hours, pixantrone 500mg before meals.","['patient', '40', 'm.', 'drugs', 'desipramine', '500', 'mg', '8', 'hours', 'pixantrone', '500', 'mg', 'meals']",13
"Patient: 40M. Drugs: Valproic Acid 200mg as needed, Zotepine 500mg every 12 hours, Dinoprostone 50mg after meals.","['Valproic Acid', 'Zotepine', 'Dinoprostone']",1,3,risk or severity of adverse effects,"patient: 40m. drugs: valproic acid 200mg as needed, zotepine 500mg every 12 hours, dinoprostone 50mg after meals.","['patient', '40', 'm.', 'drugs', 'valproic', 'acid', '200', 'mg', 'needed', 'zotepine', '500', 'mg', '12', 'hours', 'dinoprostone', '50', 'mg', 'meals']",18
"Patient: 35F. Drugs: Tretinoin, Penbutolol.","['Tretinoin', 'Penbutolol']",1,3,risk or severity of adverse effects,"patient: 35f. drugs: tretinoin, penbutolol.","['patient', '35f', 'drugs', 'tretinoin', 'penbutolol']",5
"Patient: 35F. Drugs: Doxapram 200mg as needed, Benzoic Acid 100mg every 8 hours, Fluticasone.","['Doxapram', 'Benzoic Acid', 'Fluticasone']",1,1,therapeutic efficacy,"patient: 35f. drugs: doxapram 200mg as needed, benzoic acid 100mg every 8 hours, fluticasone.","['patient', '35f', 'drugs', 'doxapram', '200', 'mg', 'needed', 'benzoic', 'acid', '100', 'mg', '8', 'hours', 'fluticasone']",14
"Patient: 40M. Drugs: Celecoxib 500mg every 12 hours, Tamoxifen 200mg once daily.","['Celecoxib', 'Tamoxifen']",1,2,serum concentration,"patient: 40m. drugs: celecoxib 500mg every 12 hours, tamoxifen 200mg once daily.","['patient', '40', 'm.', 'drugs', 'celecoxib', '500', 'mg', '12', 'hours', 'tamoxifen', '200', 'mg', 'daily']",13
"Patient: 40M. Drugs: Suprofen 100mg after meals, Misoprostol.","['Suprofen', 'Misoprostol']",1,1,therapeutic efficacy,"patient: 40m. drugs: suprofen 100mg after meals, misoprostol.","['patient', '40', 'm.', 'drugs', 'suprofen', '100', 'mg', 'meals', 'misoprostol']",9
"Patient: 75M. Drugs: Aranidipine 25mg twice daily, Thiocolchicoside, Cobicistat 50mg every 8 hours, Ticlopidine 200mg twice daily.","['Aranidipine', 'Thiocolchicoside', 'Cobicistat', 'Ticlopidine']",1,2,serum concentration,"patient: 75m. drugs: aranidipine 25mg twice daily, thiocolchicoside, cobicistat 50mg every 8 hours, ticlopidine 200mg twice daily.","['patient', '75', 'm.', 'drugs', 'aranidipine', '25', 'mg', 'twice', 'daily', 'thiocolchicoside', 'cobicistat', '50', 'mg', '8', 'hours', 'ticlopidine', '200', 'mg', 'twice', 'daily']",20
"Patient: 30M. Drugs: Phenylephrine 200mg every 8 hours, Norfloxacin 500mg once daily, Cyclobenzaprine.","['Phenylephrine', 'Norfloxacin', 'Cyclobenzaprine']",0,0,none,"patient: 30m. drugs: phenylephrine 200mg every 8 hours, norfloxacin 500mg once daily, cyclobenzaprine.","['patient', '30', 'm.', 'drugs', 'phenylephrine', '200', 'mg', '8', 'hours', 'norfloxacin', '500', 'mg', 'daily', 'cyclobenzaprine']",14
"Patient: 62M. Drugs: Phensuximide 500mg after meals, Benzthiazide, Empagliflozin 50mg before meals.","['Phensuximide', 'Benzthiazide', 'Empagliflozin']",1,1,therapeutic efficacy,"patient: 62m. drugs: phensuximide 500mg after meals, benzthiazide, empagliflozin 50mg before meals.","['patient', '62', 'm.', 'drugs', 'phensuximide', '500', 'mg', 'meals', 'benzthiazide', 'empagliflozin', '50', 'mg', 'meals']",13
"Patient: 68M. Drugs: Gallium nitrate, Ethchlorvynol 50mg once daily, Brexpiprazole 75mg twice daily.","['Gallium nitrate', 'Ethchlorvynol', 'Brexpiprazole']",1,3,risk or severity of adverse effects,"patient: 68m. drugs: gallium nitrate, ethchlorvynol 50mg once daily, brexpiprazole 75mg twice daily.","['patient', '68', 'm.', 'drugs', 'gallium', 'nitrate', 'ethchlorvynol', '50', 'mg', 'daily', 'brexpiprazole', '75', 'mg', 'twice', 'daily']",15
"Patient: 40M. Drugs: Alprazolam 200mg as needed, Ethyl chloride 100mg before meals, Pramocaine 25mg twice daily.","['Alprazolam', 'Ethyl chloride', 'Pramocaine']",1,3,risk or severity of adverse effects,"patient: 40m. drugs: alprazolam 200mg as needed, ethyl chloride 100mg before meals, pramocaine 25mg twice daily.","['patient', '40', 'm.', 'drugs', 'alprazolam', '200', 'mg', 'needed', 'ethyl', 'chloride', '100', 'mg', 'meals', 'pramocaine', '25', 'mg', 'twice', 'daily']",18
"Patient: 60F. Drugs: Magnesium sulfate 200mg as needed, Tioconazole.","['Magnesium sulfate', 'Tioconazole']",1,1,therapeutic efficacy,"patient: 60f. drugs: magnesium sulfate 200mg as needed, tioconazole.","['patient', '60f', 'drugs', 'magnesium', 'sulfate', '200', 'mg', 'needed', 'tioconazole']",9
"Patient: 33M. Drugs: Rivastigmine 25mg three times daily, Pasireotide.","['Rivastigmine', 'Pasireotide']",1,2,bradycardic activities,"patient: 33m. drugs: rivastigmine 25mg three times daily, pasireotide.","['patient', '33', 'm.', 'drugs', 'rivastigmine', '25', 'mg', 'times', 'daily', 'pasireotide']",10
"Patient: 40M. Drugs: Nortriptyline 100mg before meals, Iobenguane 25mg as needed, Carbinoxamine.","['Nortriptyline', 'Iobenguane', 'Carbinoxamine']",1,1,therapeutic efficacy,"patient: 40m. drugs: nortriptyline 100mg before meals, iobenguane 25mg as needed, carbinoxamine.","['patient', '40', 'm.', 'drugs', 'nortriptyline', '100', 'mg', 'meals', 'iobenguane', '25', 'mg', 'needed', 'carbinoxamine']",13
"Patient: 28F. Drugs: Dopexamine 75mg every 8 hours, Raltitrexed 200mg once daily, Diethylcarbamazine 50mg once daily.","['Dopexamine', 'Raltitrexed', 'Diethylcarbamazine']",0,0,none,"patient: 28f. drugs: dopexamine 75mg every 8 hours, raltitrexed 200mg once daily, diethylcarbamazine 50mg once daily.","['patient', '28f', 'drugs', 'dopexamine', '75', 'mg', '8', 'hours', 'raltitrexed', '200', 'mg', 'daily', 'diethylcarbamazine', '50', 'mg', 'daily']",16
"Patient: 40M. Drugs: Acarbose 100mg every 12 hours, Rivaroxaban 25mg before meals, Cyclosporine, Fluoxymesterone 500mg once daily.","['Acarbose', 'Rivaroxaban', 'Cyclosporine', 'Fluoxymesterone']",1,3,hepatotoxic activities,"patient: 40m. drugs: acarbose 100mg every 12 hours, rivaroxaban 25mg before meals, cyclosporine, fluoxymesterone 500mg once daily.","['patient', '40', 'm.', 'drugs', 'acarbose', '100', 'mg', '12', 'hours', 'rivaroxaban', '25', 'mg', 'meals', 'cyclosporine', 'fluoxymesterone', '500', 'mg', 'daily']",18
"Patient: 33M. Drugs: Chloroxine, Efonidipine 25mg three times daily.","['Chloroxine', 'Efonidipine']",1,1,therapeutic efficacy,"patient: 33m. drugs: chloroxine, efonidipine 25mg three times daily.","['patient', '33', 'm.', 'drugs', 'chloroxine', 'efonidipine', '25', 'mg', 'times', 'daily']",10
"Patient: 62M. Drugs: Cyanocobalamin 500mg twice daily, Calcium carbimide 75mg three times daily, Ferric sulfate.","['Cyanocobalamin', 'Calcium carbimide', 'Ferric sulfate']",0,0,none,"patient: 62m. drugs: cyanocobalamin 500mg twice daily, calcium carbimide 75mg three times daily, ferric sulfate.","['patient', '62', 'm.', 'drugs', 'cyanocobalamin', '500', 'mg', 'twice', 'daily', 'calcium', 'carbimide', '75', 'mg', 'times', 'daily', 'ferric', 'sulfate']",17
"Patient: 28F. Drugs: Gonadorelin, Carbocisteine 100mg three times daily, Tioconazole.","['Gonadorelin', 'Carbocisteine', 'Tioconazole']",0,0,none,"patient: 28f. drugs: gonadorelin, carbocisteine 100mg three times daily, tioconazole.","['patient', '28f', 'drugs', 'gonadorelin', 'carbocisteine', '100', 'mg', 'times', 'daily', 'tioconazole']",10
"Patient: 33M. Drugs: Naftifine 25mg every 12 hours, Efonidipine 75mg as needed, Flumethasone 25mg every 12 hours.","['Naftifine', 'Efonidipine', 'Flumethasone']",1,1,therapeutic efficacy,"patient: 33m. drugs: naftifine 25mg every 12 hours, efonidipine 75mg as needed, flumethasone 25mg every 12 hours.","['patient', '33', 'm.', 'drugs', 'naftifine', '25', 'mg', '12', 'hours', 'efonidipine', '75', 'mg', 'needed', 'flumethasone', '25', 'mg', '12', 'hours']",18
"Patient: 28F. Drugs: Trifluoperazine 25mg after meals, Clomipramine 75mg once daily.","['Trifluoperazine', 'Clomipramine']",1,3,risk or severity of adverse effects,"patient: 28f. drugs: trifluoperazine 25mg after meals, clomipramine 75mg once daily.","['patient', '28f', 'drugs', 'trifluoperazine', '25', 'mg', 'meals', 'clomipramine', '75', 'mg', 'daily']",11
"Patient: 30M. Drugs: Paramethasone 200mg twice daily, Rolitetracycline 500mg after meals, Succimer, Etravirine.","['Paramethasone', 'Rolitetracycline', 'Succimer', 'Etravirine']",0,0,none,"patient: 30m. drugs: paramethasone 200mg twice daily, rolitetracycline 500mg after meals, succimer, etravirine.","['patient', '30', 'm.', 'drugs', 'paramethasone', '200', 'mg', 'twice', 'daily', 'rolitetracycline', '500', 'mg', 'meals', 'succimer', 'etravirine']",15
"Patient: 40M. Drugs: Levamisole, Methacycline 500mg before meals, Yohimbine, Cyproheptadine 500mg every 12 hours.","['Levamisole', 'Methacycline', 'Yohimbine', 'Cyproheptadine']",0,0,none,"patient: 40m. drugs: levamisole, methacycline 500mg before meals, yohimbine, cyproheptadine 500mg every 12 hours.","['patient', '40', 'm.', 'drugs', 'levamisole', 'methacycline', '500', 'mg', 'meals', 'yohimbine', 'cyproheptadine', '500', 'mg', '12', 'hours']",15
"Patient: 28F. Drugs: Fostamatinib 50mg three times daily, Dihydrocodeine 50mg three times daily.","['Fostamatinib', 'Dihydrocodeine']",0,0,none,"patient: 28f. drugs: fostamatinib 50mg three times daily, dihydrocodeine 50mg three times daily.","['patient', '28f', 'drugs', 'fostamatinib', '50', 'mg', 'times', 'daily', 'dihydrocodeine', '50', 'mg', 'times', 'daily']",13
"Patient: 58M. Drugs: Perampanel, Fusidic Acid 200mg every 6 hours, Verteporfin, Zotepine 75mg three times daily.","['Perampanel', 'Fusidic Acid', 'Verteporfin', 'Zotepine']",1,2,serum concentration,"patient: 58m. drugs: perampanel, fusidic acid 200mg every 6 hours, verteporfin, zotepine 75mg three times daily.","['patient', '58', 'm.', 'drugs', 'perampanel', 'fusidic', 'acid', '200', 'mg', '6', 'hours', 'verteporfin', 'zotepine', '75', 'mg', 'times', 'daily']",17
"Patient: 33M. Drugs: Caffeine, Pyrimethamine 100mg after meals.","['Caffeine', 'Pyrimethamine']",1,2,metabolism,"patient: 33m. drugs: caffeine, pyrimethamine 100mg after meals.","['patient', '33', 'm.', 'drugs', 'caffeine', 'pyrimethamine', '100', 'mg', 'meals']",9
"Patient: 35F. Drugs: Chlorothiazide 100mg three times daily, Choline magnesium trisalicylate, Nitroglycerin 75mg every 12 hours.","['Chlorothiazide', 'Choline magnesium trisalicylate', 'Nitroglycerin']",1,1,therapeutic efficacy,"patient: 35f. drugs: chlorothiazide 100mg three times daily, choline magnesium trisalicylate, nitroglycerin 75mg every 12 hours.","['patient', '35f', 'drugs', 'chlorothiazide', '100', 'mg', 'times', 'daily', 'choline', 'magnesium', 'trisalicylate', 'nitroglycerin', '75', 'mg', '12', 'hours']",16
"Patient: 35F. Drugs: Tafluprost 25mg after meals, Prednisolone, Nicotinamide.","['Tafluprost', 'Prednisolone', 'Nicotinamide']",0,0,none,"patient: 35f. drugs: tafluprost 25mg after meals, prednisolone, nicotinamide.","['patient', '35f', 'drugs', 'tafluprost', '25', 'mg', 'meals', 'prednisolone', 'nicotinamide']",9
"Patient: 58M. Drugs: Procyclidine, Gallamine Triethiodide 500mg every 6 hours, Amodiaquine 500mg every 6 hours.","['Procyclidine', 'Gallamine Triethiodide', 'Amodiaquine']",1,3,risk or severity of adverse effects,"patient: 58m. drugs: procyclidine, gallamine triethiodide 500mg every 6 hours, amodiaquine 500mg every 6 hours.","['patient', '58', 'm.', 'drugs', 'procyclidine', 'gallamine', 'triethiodide', '500', 'mg', '6', 'hours', 'amodiaquine', '500', 'mg', '6', 'hours']",16
"Patient: 40M. Drugs: Clobetasol 200mg twice daily, Doripenem 25mg every 12 hours, L-Phenylalanine, Pentolinium.","['Clobetasol', 'Doripenem', 'L-Phenylalanine', 'Pentolinium']",0,0,none,"patient: 40m. drugs: clobetasol 200mg twice daily, doripenem 25mg every 12 hours, lphenylalanine, pentolinium.","['patient', '40', 'm.', 'drugs', 'clobetasol', '200', 'mg', 'twice', 'daily', 'doripenem', '25', 'mg', '12', 'hours', 'lphenylalanine', 'pentolinium']",16
"Patient: 25F. Drugs: Pyrazinamide 50mg once daily, Picosulfuric acid 25mg before meals.","['Pyrazinamide', 'Picosulfuric acid']",1,1,therapeutic efficacy,"patient: 25f. drugs: pyrazinamide 50mg once daily, picosulfuric acid 25mg before meals.","['patient', '25f', 'drugs', 'pyrazinamide', '50', 'mg', 'daily', 'picosulfuric', 'acid', '25', 'mg', 'meals']",12
"Patient: 45F. Drugs: Edetic Acid 75mg every 8 hours, Gestodene 50mg twice daily, Kanamycin.","['Edetic Acid', 'Gestodene', 'Kanamycin']",1,1,therapeutic efficacy,"patient: 45f. drugs: edetic acid 75mg every 8 hours, gestodene 50mg twice daily, kanamycin.","['patient', '45f', 'drugs', 'edetic', 'acid', '75', 'mg', '8', 'hours', 'gestodene', '50', 'mg', 'twice', 'daily', 'kanamycin']",15
"Patient: 40M. Drugs: Isotretinoin, Dienogest, Propofol 25mg every 12 hours.","['Isotretinoin', 'Dienogest', 'Propofol']",1,1,therapeutic efficacy,"patient: 40m. drugs: isotretinoin, dienogest, propofol 25mg every 12 hours.","['patient', '40', 'm.', 'drugs', 'isotretinoin', 'dienogest', 'propofol', '25', 'mg', '12', 'hours']",11
"Patient: 33M. Drugs: Citalopram 200mg every 6 hours, Thiamylal 50mg as needed.","['Citalopram', 'Thiamylal']",1,3,risk or severity of adverse effects,"patient: 33m. drugs: citalopram 200mg every 6 hours, thiamylal 50mg as needed.","['patient', '33', 'm.', 'drugs', 'citalopram', '200', 'mg', '6', 'hours', 'thiamylal', '50', 'mg', 'needed']",13
"Patient: 75M. Drugs: Tegafur-uracil 100mg every 12 hours, Mitomycin, Naldemedine 50mg every 8 hours, Ambenonium 75mg twice daily.","['Tegafur-uracil', 'Mitomycin', 'Naldemedine', 'Ambenonium']",0,0,none,"patient: 75m. drugs: tegafururacil 100mg every 12 hours, mitomycin, naldemedine 50mg every 8 hours, ambenonium 75mg twice daily.","['patient', '75', 'm.', 'drugs', 'tegafururacil', '100', 'mg', '12', 'hours', 'mitomycin', 'naldemedine', '50', 'mg', '8', 'hours', 'ambenonium', '75', 'mg', 'twice', 'daily']",20
"Patient: 40M. Drugs: Isotretinoin, Dienogest, Propofol 25mg every 12 hours.","['Isotretinoin', 'Dienogest', 'Propofol']",1,1,therapeutic efficacy,"patient: 40m. drugs: isotretinoin, dienogest, propofol 25mg every 12 hours.","['patient', '40', 'm.', 'drugs', 'isotretinoin', 'dienogest', 'propofol', '25', 'mg', '12', 'hours']",11
"Patient: 48F. Drugs: Etoricoxib 50mg before meals, Piretanide 50mg after meals, Potassium Iodide 500mg every 6 hours.","['Etoricoxib', 'Piretanide', 'Potassium Iodide']",1,1,therapeutic efficacy,"patient: 48f. drugs: etoricoxib 50mg before meals, piretanide 50mg after meals, potassium iodide 500mg every 6 hours.","['patient', '48f', 'drugs', 'etoricoxib', '50', 'mg', 'meals', 'piretanide', '50', 'mg', 'meals', 'potassium', 'iodide', '500', 'mg', '6', 'hours']",17
"Patient: 40M. Drugs: Idarubicin, Buclizine 50mg as needed.","['Idarubicin', 'Buclizine']",0,0,none,"patient: 40m. drugs: idarubicin, buclizine 50mg as needed.","['patient', '40', 'm.', 'drugs', 'idarubicin', 'buclizine', '50', 'mg', 'needed']",9
"Patient: 68M. Drugs: Nicardipine 50mg three times daily, Unoprostone, Tolvaptan 25mg every 12 hours.","['Nicardipine', 'Unoprostone', 'Tolvaptan']",1,2,hypotensive activities,"patient: 68m. drugs: nicardipine 50mg three times daily, unoprostone, tolvaptan 25mg every 12 hours.","['patient', '68', 'm.', 'drugs', 'nicardipine', '50', 'mg', 'times', 'daily', 'unoprostone', 'tolvaptan', '25', 'mg', '12', 'hours']",15
"Patient: 62M. Drugs: Tamsulosin, Fluocinolone Acetonide 200mg as needed, Almasilate, Iobenguane 50mg three times daily.","['Tamsulosin', 'Fluocinolone Acetonide', 'Almasilate', 'Iobenguane']",1,2,bioavailability,"patient: 62m. drugs: tamsulosin, fluocinolone acetonide 200mg as needed, almasilate, iobenguane 50mg three times daily.","['patient', '62', 'm.', 'drugs', 'tamsulosin', 'fluocinolone', 'acetonide', '200', 'mg', 'needed', 'almasilate', 'iobenguane', '50', 'mg', 'times', 'daily']",16
"Patient: 30M. Drugs: Nevirapine 50mg every 8 hours, Isoniazid, Doconexent.","['Nevirapine', 'Isoniazid', 'Doconexent']",1,2,metabolism,"patient: 30m. drugs: nevirapine 50mg every 8 hours, isoniazid, doconexent.","['patient', '30', 'm.', 'drugs', 'nevirapine', '50', 'mg', '8', 'hours', 'isoniazid', 'doconexent']",11
"Patient: 28F. Drugs: Betamethasone 25mg every 6 hours, Phenylbutyric acid 50mg every 6 hours.","['Betamethasone', 'Phenylbutyric acid']",1,1,therapeutic efficacy,"patient: 28f. drugs: betamethasone 25mg every 6 hours, phenylbutyric acid 50mg every 6 hours.","['patient', '28f', 'drugs', 'betamethasone', '25', 'mg', '6', 'hours', 'phenylbutyric', 'acid', '50', 'mg', '6', 'hours']",14
"Patient: 52M. Drugs: Amitriptylinoxide 50mg after meals, Antrafenine 25mg before meals, Ramelteon 50mg as needed.","['Amitriptylinoxide', 'Antrafenine', 'Ramelteon']",0,0,none,"patient: 52m. drugs: amitriptylinoxide 50mg after meals, antrafenine 25mg before meals, ramelteon 50mg as needed.","['patient', '52', 'm.', 'drugs', 'amitriptylinoxide', '50', 'mg', 'meals', 'antrafenine', '25', 'mg', 'meals', 'ramelteon', '50', 'mg', 'needed']",16
"Patient: 45F. Drugs: Etoposide 100mg before meals, Cinacalcet 25mg every 8 hours.","['Etoposide', 'Cinacalcet']",0,0,none,"patient: 45f. drugs: etoposide 100mg before meals, cinacalcet 25mg every 8 hours.","['patient', '45f', 'drugs', 'etoposide', '100', 'mg', 'meals', 'cinacalcet', '25', 'mg', '8', 'hours']",12
"Patient: 60F. Drugs: Naldemedine 75mg before meals, Furazolidone 500mg every 8 hours, Deslanoside, Trichlormethiazide 50mg as needed.","['Naldemedine', 'Furazolidone', 'Deslanoside', 'Trichlormethiazide']",1,3,risk or severity of adverse effects,"patient: 60f. drugs: naldemedine 75mg before meals, furazolidone 500mg every 8 hours, deslanoside, trichlormethiazide 50mg as needed.","['patient', '60f', 'drugs', 'naldemedine', '75', 'mg', 'meals', 'furazolidone', '500', 'mg', '8', 'hours', 'deslanoside', 'trichlormethiazide', '50', 'mg', 'needed']",17
"Patient: 75M. Drugs: Penbutolol 25mg after meals, Procaterol 25mg before meals, Procaine 500mg before meals.","['Penbutolol', 'Procaterol', 'Procaine']",1,1,bronchodilatory activities,"patient: 75m. drugs: penbutolol 25mg after meals, procaterol 25mg before meals, procaine 500mg before meals.","['patient', '75', 'm.', 'drugs', 'penbutolol', '25', 'mg', 'meals', 'procaterol', '25', 'mg', 'meals', 'procaine', '500', 'mg', 'meals']",16
"Patient: 48F. Drugs: Fospropofol 500mg as needed, Perampanel, Bromotheophylline 200mg before meals.","['Fospropofol', 'Perampanel', 'Bromotheophylline']",1,2,central nervous system depressant (CNS depressant) activities,"patient: 48f. drugs: fospropofol 500mg as needed, perampanel, bromotheophylline 200mg before meals.","['patient', '48f', 'drugs', 'fospropofol', '500', 'mg', 'needed', 'perampanel', 'bromotheophylline', '200', 'mg', 'meals']",12
"Patient: 60F. Drugs: Fusidic Acid, Indacaterol 200mg as needed, Dextrothyroxine 25mg after meals.","['Fusidic Acid', 'Indacaterol', 'Dextrothyroxine']",1,2,serum concentration,"patient: 60f. drugs: fusidic acid, indacaterol 200mg as needed, dextrothyroxine 25mg after meals.","['patient', '60f', 'drugs', 'fusidic', 'acid', 'indacaterol', '200', 'mg', 'needed', 'dextrothyroxine', '25', 'mg', 'meals']",13
"Patient: 40M. Drugs: Haloperidol 200mg every 8 hours, Salsalate, Azilsartan medoxomil 25mg every 6 hours, Mecamylamine 25mg every 6 hours.","['Haloperidol', 'Salsalate', 'Azilsartan medoxomil', 'Mecamylamine']",1,3,risk or severity of adverse effects,"patient: 40m. drugs: haloperidol 200mg every 8 hours, salsalate, azilsartan medoxomil 25mg every 6 hours, mecamylamine 25mg every 6 hours.","['patient', '40', 'm.', 'drugs', 'haloperidol', '200', 'mg', '8', 'hours', 'salsalate', 'azilsartan', 'medoxomil', '25', 'mg', '6', 'hours', 'mecamylamine', '25', 'mg', '6', 'hours']",21
"Patient: 28F. Drugs: Clomipramine 50mg once daily, Stiripentol 200mg every 12 hours.","['Clomipramine', 'Stiripentol']",1,2,serum concentration,"patient: 28f. drugs: clomipramine 50mg once daily, stiripentol 200mg every 12 hours.","['patient', '28f', 'drugs', 'clomipramine', '50', 'mg', 'daily', 'stiripentol', '200', 'mg', '12', 'hours']",12
"Patient: 35F. Drugs: Lidocaine 100mg after meals, Darifenacin 500mg after meals, Valsartan 25mg once daily.","['Lidocaine', 'Darifenacin', 'Valsartan']",1,2,metabolism,"patient: 35f. drugs: lidocaine 100mg after meals, darifenacin 500mg after meals, valsartan 25mg once daily.","['patient', '35f', 'drugs', 'lidocaine', '100', 'mg', 'meals', 'darifenacin', '500', 'mg', 'meals', 'valsartan', '25', 'mg', 'daily']",15
"Patient: 48F. Drugs: Leflunomide 100mg every 8 hours, Butenafine 25mg as needed, Quinethazone.","['Leflunomide', 'Butenafine', 'Quinethazone']",1,1,therapeutic efficacy,"patient: 48f. drugs: leflunomide 100mg every 8 hours, butenafine 25mg as needed, quinethazone.","['patient', '48f', 'drugs', 'leflunomide', '100', 'mg', '8', 'hours', 'butenafine', '25', 'mg', 'needed', 'quinethazone']",13
"Patient: 75M. Drugs: Levothyroxine 25mg every 8 hours, Trimebutine, Tafluprost.","['Levothyroxine', 'Trimebutine', 'Tafluprost']",0,0,none,"patient: 75m. drugs: levothyroxine 25mg every 8 hours, trimebutine, tafluprost.","['patient', '75', 'm.', 'drugs', 'levothyroxine', '25', 'mg', '8', 'hours', 'trimebutine', 'tafluprost']",11
"Patient: 55F. Drugs: Nicardipine 75mg twice daily, Mephenytoin.","['Nicardipine', 'Mephenytoin']",1,2,metabolism,"patient: 55f. drugs: nicardipine 75mg twice daily, mephenytoin.","['patient', '55f', 'drugs', 'nicardipine', '75', 'mg', 'twice', 'daily', 'mephenytoin']",9
"Patient: 75M. Drugs: Miconazole, Oxazepam, Carbachol 75mg as needed.","['Miconazole', 'Oxazepam', 'Carbachol']",0,0,none,"patient: 75m. drugs: miconazole, oxazepam, carbachol 75mg as needed.","['patient', '75', 'm.', 'drugs', 'miconazole', 'oxazepam', 'carbachol', '75', 'mg', 'needed']",10
"Patient: 35F. Drugs: Gemifloxacin 50mg twice daily, Aloglutamol, Roxatidine acetate 75mg once daily, Rosoxacin 200mg before meals.","['Gemifloxacin', 'Aloglutamol', 'Roxatidine acetate', 'Rosoxacin']",1,1,absorption,"patient: 35f. drugs: gemifloxacin 50mg twice daily, aloglutamol, roxatidine acetate 75mg once daily, rosoxacin 200mg before meals.","['patient', '35f', 'drugs', 'gemifloxacin', '50', 'mg', 'twice', 'daily', 'aloglutamol', 'roxatidine', 'acetate', '75', 'mg', 'daily', 'rosoxacin', '200', 'mg', 'meals']",18
"Patient: 33M. Drugs: Tasosartan 500mg every 6 hours, Aloglutamol, Salbutamol, Cyclopenthiazide 100mg every 6 hours.","['Tasosartan', 'Aloglutamol', 'Salbutamol', 'Cyclopenthiazide']",1,2,hypokalemic activities,"patient: 33m. drugs: tasosartan 500mg every 6 hours, aloglutamol, salbutamol, cyclopenthiazide 100mg every 6 hours.","['patient', '33', 'm.', 'drugs', 'tasosartan', '500', 'mg', '6', 'hours', 'aloglutamol', 'salbutamol', 'cyclopenthiazide', '100', 'mg', '6', 'hours']",16
"Patient: 33M. Drugs: Gatifloxacin 500mg as needed, Fluticasone furoate.","['Gatifloxacin', 'Fluticasone furoate']",1,3,risk or severity of adverse effects,"patient: 33m. drugs: gatifloxacin 500mg as needed, fluticasone furoate.","['patient', '33', 'm.', 'drugs', 'gatifloxacin', '500', 'mg', 'needed', 'fluticasone', 'furoate']",10
"Patient: 25F. Drugs: Fluspirilene, Netupitant 50mg as needed, Halothane 25mg every 6 hours, Zonisamide.","['Fluspirilene', 'Netupitant', 'Halothane', 'Zonisamide']",1,3,risk or severity of adverse effects,"patient: 25f. drugs: fluspirilene, netupitant 50mg as needed, halothane 25mg every 6 hours, zonisamide.","['patient', '25f', 'drugs', 'fluspirilene', 'netupitant', '50', 'mg', 'needed', 'halothane', '25', 'mg', '6', 'hours', 'zonisamide']",14
"Patient: 33M. Drugs: Ziprasidone, Epinephrine 75mg every 8 hours.","['Ziprasidone', 'Epinephrine']",1,2,antihypertensive activities,"patient: 33m. drugs: ziprasidone, epinephrine 75mg every 8 hours.","['patient', '33', 'm.', 'drugs', 'ziprasidone', 'epinephrine', '75', 'mg', '8', 'hours']",10
"Patient: 52M. Drugs: Ospemifene, Lasofoxifene 500mg as needed.","['Ospemifene', 'Lasofoxifene']",1,3,risk or severity of adverse effects,"patient: 52m. drugs: ospemifene, lasofoxifene 500mg as needed.","['patient', '52', 'm.', 'drugs', 'ospemifene', 'lasofoxifene', '500', 'mg', 'needed']",9
"Patient: 25F. Drugs: Cefepime 500mg twice daily, Fluprednisolone 500mg as needed.","['Cefepime', 'Fluprednisolone']",0,0,none,"patient: 25f. drugs: cefepime 500mg twice daily, fluprednisolone 500mg as needed.","['patient', '25f', 'drugs', 'cefepime', '500', 'mg', 'twice', 'daily', 'fluprednisolone', '500', 'mg', 'needed']",12
"Patient: 25F. Drugs: Phentolamine, Ombitasvir 500mg before meals.","['Phentolamine', 'Ombitasvir']",0,0,none,"patient: 25f. drugs: phentolamine, ombitasvir 500mg before meals.","['patient', '25f', 'drugs', 'phentolamine', 'ombitasvir', '500', 'mg', 'meals']",8
"Patient: 25F. Drugs: Sulfasalazine 50mg every 6 hours, Thioproperazine 50mg once daily, Testosterone cypionate 100mg before meals, Clonazepam 75mg twice daily.","['Sulfasalazine', 'Thioproperazine', 'Testosterone cypionate', 'Clonazepam']",0,0,none,"patient: 25f. drugs: sulfasalazine 50mg every 6 hours, thioproperazine 50mg once daily, testosterone cypionate 100mg before meals, clonazepam 75mg twice daily.","['patient', '25f', 'drugs', 'sulfasalazine', '50', 'mg', '6', 'hours', 'thioproperazine', '50', 'mg', 'daily', 'testosterone', 'cypionate', '100', 'mg', 'meals', 'clonazepam', '75', 'mg', 'twice', 'daily']",22
"Patient: 75M. Drugs: Amifostine, Terlipressin 25mg every 6 hours, Trimetrexate.","['Amifostine', 'Terlipressin', 'Trimetrexate']",1,2,hypotensive activities,"patient: 75m. drugs: amifostine, terlipressin 25mg every 6 hours, trimetrexate.","['patient', '75', 'm.', 'drugs', 'amifostine', 'terlipressin', '25', 'mg', '6', 'hours', 'trimetrexate']",11
"Patient: 45F. Drugs: Framycetin 25mg every 8 hours, Carboplatin 25mg before meals.","['Framycetin', 'Carboplatin']",1,2,ototoxic activities,"patient: 45f. drugs: framycetin 25mg every 8 hours, carboplatin 25mg before meals.","['patient', '45f', 'drugs', 'framycetin', '25', 'mg', '8', 'hours', 'carboplatin', '25', 'mg', 'meals']",12
"Patient: 70F. Drugs: Levomilnacipran, Vitamin A 25mg every 6 hours, Memantine 200mg twice daily.","['Levomilnacipran', 'Vitamin A', 'Memantine']",0,0,none,"patient: 70f. drugs: levomilnacipran, vitamin a 25mg every 6 hours, memantine 200mg twice daily.","['patient', '70f', 'drugs', 'levomilnacipran', 'vitamin', '25', 'mg', '6', 'hours', 'memantine', '200', 'mg', 'twice', 'daily']",14
"Patient: 68M. Drugs: Technetium Tc-99m mebrofenin 75mg every 12 hours, Papaverine.","['Technetium Tc-99m mebrofenin', 'Papaverine']",0,0,none,"patient: 68m. drugs: technetium tc99m mebrofenin 75mg every 12 hours, papaverine.","['patient', '68', 'm.', 'drugs', 'technetium', 'tc99', 'm', 'mebrofenin', '75', 'mg', '12', 'hours', 'papaverine']",13
"Patient: 48F. Drugs: Tiaprofenic acid, Folic Acid 75mg twice daily.","['Tiaprofenic acid', 'Folic Acid']",1,1,therapeutic efficacy,"patient: 48f. drugs: tiaprofenic acid, folic acid 75mg twice daily.","['patient', '48f', 'drugs', 'tiaprofenic', 'acid', 'folic', 'acid', '75', 'mg', 'twice', 'daily']",11
"Patient: 75M. Drugs: Triprolidine, Prilocaine 200mg every 8 hours.","['Triprolidine', 'Prilocaine']",1,3,risk or severity of adverse effects,"patient: 75m. drugs: triprolidine, prilocaine 200mg every 8 hours.","['patient', '75', 'm.', 'drugs', 'triprolidine', 'prilocaine', '200', 'mg', '8', 'hours']",10
"Patient: 25F. Drugs: Cyclosporine 100mg every 6 hours, Dihydroergocornine 200mg every 12 hours.","['Cyclosporine', 'Dihydroergocornine']",1,3,risk or severity of adverse effects,"patient: 25f. drugs: cyclosporine 100mg every 6 hours, dihydroergocornine 200mg every 12 hours.","['patient', '25f', 'drugs', 'cyclosporine', '100', 'mg', '6', 'hours', 'dihydroergocornine', '200', 'mg', '12', 'hours']",13
"Patient: 45F. Drugs: Nabilone 75mg as needed, Clenbuterol, Chlorambucil 50mg every 6 hours.","['Nabilone', 'Clenbuterol', 'Chlorambucil']",1,2,tachycardic activities,"patient: 45f. drugs: nabilone 75mg as needed, clenbuterol, chlorambucil 50mg every 6 hours.","['patient', '45f', 'drugs', 'nabilone', '75', 'mg', 'needed', 'clenbuterol', 'chlorambucil', '50', 'mg', '6', 'hours']",13
"Patient: 45F. Drugs: Methdilazine 25mg before meals, Artesunate.","['Methdilazine', 'Artesunate']",0,0,none,"patient: 45f. drugs: methdilazine 25mg before meals, artesunate.","['patient', '45f', 'drugs', 'methdilazine', '25', 'mg', 'meals', 'artesunate']",8
"Patient: 40M. Drugs: Furosemide 50mg once daily, Acetylsalicylic acid 75mg every 8 hours, Primaquine 200mg every 8 hours.","['Furosemide', 'Acetylsalicylic acid', 'Primaquine']",1,1,therapeutic efficacy,"patient: 40m. drugs: furosemide 50mg once daily, acetylsalicylic acid 75mg every 8 hours, primaquine 200mg every 8 hours.","['patient', '40', 'm.', 'drugs', 'furosemide', '50', 'mg', 'daily', 'acetylsalicylic', 'acid', '75', 'mg', '8', 'hours', 'primaquine', '200', 'mg', '8', 'hours']",19
"Patient: 25F. Drugs: Buspirone 200mg twice daily, Isavuconazonium 75mg as needed.","['Buspirone', 'Isavuconazonium']",1,2,metabolism,"patient: 25f. drugs: buspirone 200mg twice daily, isavuconazonium 75mg as needed.","['patient', '25f', 'drugs', 'buspirone', '200', 'mg', 'twice', 'daily', 'isavuconazonium', '75', 'mg', 'needed']",12
"Patient: 45F. Drugs: Cephaloridine 500mg every 12 hours, Phenylbutyric acid 200mg twice daily, Benzylpenicilloyl Polylysine.","['Cephaloridine', 'Phenylbutyric acid', 'Benzylpenicilloyl Polylysine']",0,0,none,"patient: 45f. drugs: cephaloridine 500mg every 12 hours, phenylbutyric acid 200mg twice daily, benzylpenicilloyl polylysine.","['patient', '45f', 'drugs', 'cephaloridine', '500', 'mg', '12', 'hours', 'phenylbutyric', 'acid', '200', 'mg', 'twice', 'daily', 'benzylpenicilloyl', 'polylysine']",16
"Patient: 60F. Drugs: Abiraterone 25mg every 8 hours, Simeprevir.","['Abiraterone', 'Simeprevir']",1,2,serum concentration,"patient: 60f. drugs: abiraterone 25mg every 8 hours, simeprevir.","['patient', '60f', 'drugs', 'abiraterone', '25', 'mg', '8', 'hours', 'simeprevir']",9
"Patient: 35F. Drugs: Delavirdine 500mg three times daily, Mequitazine.","['Delavirdine', 'Mequitazine']",1,2,serum concentration,"patient: 35f. drugs: delavirdine 500mg three times daily, mequitazine.","['patient', '35f', 'drugs', 'delavirdine', '500', 'mg', 'times', 'daily', 'mequitazine']",9
"Patient: 33M. Drugs: Masoprocol 100mg as needed, Probenecid.","['Masoprocol', 'Probenecid']",1,2,serum concentration,"patient: 33m. drugs: masoprocol 100mg as needed, probenecid.","['patient', '33', 'm.', 'drugs', 'masoprocol', '100', 'mg', 'needed', 'probenecid']",9
"Patient: 40M. Drugs: Levamisole, Methacycline 500mg before meals, Yohimbine, Cyproheptadine 500mg every 12 hours.","['Levamisole', 'Methacycline', 'Yohimbine', 'Cyproheptadine']",0,0,none,"patient: 40m. drugs: levamisole, methacycline 500mg before meals, yohimbine, cyproheptadine 500mg every 12 hours.","['patient', '40', 'm.', 'drugs', 'levamisole', 'methacycline', '500', 'mg', 'meals', 'yohimbine', 'cyproheptadine', '500', 'mg', '12', 'hours']",15
"Patient: 33M. Drugs: Rosuvastatin 50mg every 8 hours, Ibrutinib, Etonogestrel 200mg before meals.","['Rosuvastatin', 'Ibrutinib', 'Etonogestrel']",1,2,serum concentration,"patient: 33m. drugs: rosuvastatin 50mg every 8 hours, ibrutinib, etonogestrel 200mg before meals.","['patient', '33', 'm.', 'drugs', 'rosuvastatin', '50', 'mg', '8', 'hours', 'ibrutinib', 'etonogestrel', '200', 'mg', 'meals']",14
"Patient: 62M. Drugs: Calcitriol, Betamethasone 500mg as needed, Buclizine.","['Calcitriol', 'Betamethasone', 'Buclizine']",1,1,therapeutic efficacy,"patient: 62m. drugs: calcitriol, betamethasone 500mg as needed, buclizine.","['patient', '62', 'm.', 'drugs', 'calcitriol', 'betamethasone', '500', 'mg', 'needed', 'buclizine']",10
"Patient: 70F. Drugs: Hydroflumethiazide 50mg once daily, Linagliptin 100mg once daily.","['Hydroflumethiazide', 'Linagliptin']",1,1,therapeutic efficacy,"patient: 70f. drugs: hydroflumethiazide 50mg once daily, linagliptin 100mg once daily.","['patient', '70f', 'drugs', 'hydroflumethiazide', '50', 'mg', 'daily', 'linagliptin', '100', 'mg', 'daily']",11
"Patient: 58M. Drugs: Ethylmorphine, Artemether 200mg every 6 hours, Lycopene 100mg every 8 hours.","['Ethylmorphine', 'Artemether', 'Lycopene']",1,2,metabolism,"patient: 58m. drugs: ethylmorphine, artemether 200mg every 6 hours, lycopene 100mg every 8 hours.","['patient', '58', 'm.', 'drugs', 'ethylmorphine', 'artemether', '200', 'mg', '6', 'hours', 'lycopene', '100', 'mg', '8', 'hours']",15
"Patient: 58M. Drugs: Dipotassium phosphate 25mg twice daily, Lamivudine 50mg once daily, Articaine, Febuxostat 75mg every 6 hours.","['Dipotassium phosphate', 'Lamivudine', 'Articaine', 'Febuxostat']",0,0,none,"patient: 58m. drugs: dipotassium phosphate 25mg twice daily, lamivudine 50mg once daily, articaine, febuxostat 75mg every 6 hours.","['patient', '58', 'm.', 'drugs', 'dipotassium', 'phosphate', '25', 'mg', 'twice', 'daily', 'lamivudine', '50', 'mg', 'daily', 'articaine', 'febuxostat', '75', 'mg', '6', 'hours']",20
"Patient: 55F. Drugs: Doxepin, Heroin.","['Doxepin', 'Heroin']",1,3,risk or severity of adverse effects,"patient: 55f. drugs: doxepin, heroin.","['patient', '55f', 'drugs', 'doxepin', 'heroin']",5
"Patient: 40M. Drugs: Valproic Acid 200mg as needed, Zotepine 500mg every 12 hours, Dinoprostone 50mg after meals.","['Valproic Acid', 'Zotepine', 'Dinoprostone']",1,3,risk or severity of adverse effects,"patient: 40m. drugs: valproic acid 200mg as needed, zotepine 500mg every 12 hours, dinoprostone 50mg after meals.","['patient', '40', 'm.', 'drugs', 'valproic', 'acid', '200', 'mg', 'needed', 'zotepine', '500', 'mg', '12', 'hours', 'dinoprostone', '50', 'mg', 'meals']",18
"Patient: 62M. Drugs: Cocaine, Sodium oxybate 100mg every 8 hours.","['Cocaine', 'Sodium oxybate']",1,2,central nervous system depressant (CNS depressant) activities,"patient: 62m. drugs: cocaine, sodium oxybate 100mg every 8 hours.","['patient', '62', 'm.', 'drugs', 'cocaine', 'sodium', 'oxybate', '100', 'mg', '8', 'hours']",11
"Patient: 40M. Drugs: Isotretinoin, Dienogest, Propofol 25mg every 12 hours.","['Isotretinoin', 'Dienogest', 'Propofol']",1,1,therapeutic efficacy,"patient: 40m. drugs: isotretinoin, dienogest, propofol 25mg every 12 hours.","['patient', '40', 'm.', 'drugs', 'isotretinoin', 'dienogest', 'propofol', '25', 'mg', '12', 'hours']",11
"Patient: 58M. Drugs: Mefenamic acid 200mg once daily, Tasimelteon 25mg three times daily, Prazosin 25mg before meals, Maprotiline.","['Mefenamic acid', 'Tasimelteon', 'Prazosin', 'Maprotiline']",1,3,risk or severity of adverse effects,"patient: 58m. drugs: mefenamic acid 200mg once daily, tasimelteon 25mg three times daily, prazosin 25mg before meals, maprotiline.","['patient', '58', 'm.', 'drugs', 'mefenamic', 'acid', '200', 'mg', 'daily', 'tasimelteon', '25', 'mg', 'times', 'daily', 'prazosin', '25', 'mg', 'meals', 'maprotiline']",19
"Patient: 33M. Drugs: Trapidil, Dyclonine 50mg every 8 hours, Sulfaphenazole 200mg every 6 hours, Chlorothiazide 100mg every 12 hours.","['Trapidil', 'Dyclonine', 'Sulfaphenazole', 'Chlorothiazide']",0,0,none,"patient: 33m. drugs: trapidil, dyclonine 50mg every 8 hours, sulfaphenazole 200mg every 6 hours, chlorothiazide 100mg every 12 hours.","['patient', '33', 'm.', 'drugs', 'trapidil', 'dyclonine', '50', 'mg', '8', 'hours', 'sulfaphenazole', '200', 'mg', '6', 'hours', 'chlorothiazide', '100', 'mg', '12', 'hours']",20
"Patient: 55F. Drugs: Tegafur 500mg every 6 hours, Calcium levulinate 25mg three times daily, Clobetasol propionate 50mg every 6 hours, Felodipine.","['Tegafur', 'Calcium levulinate', 'Clobetasol propionate', 'Felodipine']",1,1,therapeutic efficacy,"patient: 55f. drugs: tegafur 500mg every 6 hours, calcium levulinate 25mg three times daily, clobetasol propionate 50mg every 6 hours, felodipine.","['patient', '55f', 'drugs', 'tegafur', '500', 'mg', '6', 'hours', 'calcium', 'levulinate', '25', 'mg', 'times', 'daily', 'clobetasol', 'propionate', '50', 'mg', '6', 'hours', 'felodipine']",21
"Patient: 30M. Drugs: Ixabepilone 50mg once daily, Cabazitaxel 25mg every 12 hours, Aprindine 75mg every 12 hours.","['Ixabepilone', 'Cabazitaxel', 'Aprindine']",1,3,risk or severity of adverse effects,"patient: 30m. drugs: ixabepilone 50mg once daily, cabazitaxel 25mg every 12 hours, aprindine 75mg every 12 hours.","['patient', '30', 'm.', 'drugs', 'ixabepilone', '50', 'mg', 'daily', 'cabazitaxel', '25', 'mg', '12', 'hours', 'aprindine', '75', 'mg', '12', 'hours']",18
"Patient: 58M. Drugs: Prilocaine 25mg three times daily, Olopatadine, Balsalazide.","['Prilocaine', 'Olopatadine', 'Balsalazide']",1,3,risk or severity of adverse effects,"patient: 58m. drugs: prilocaine 25mg three times daily, olopatadine, balsalazide.","['patient', '58', 'm.', 'drugs', 'prilocaine', '25', 'mg', 'times', 'daily', 'olopatadine', 'balsalazide']",11
"Patient: 58M. Drugs: Iron saccharate 500mg as needed, Dabrafenib 75mg three times daily, Dimethyl sulfoxide 200mg three times daily.","['Iron saccharate', 'Dabrafenib', 'Dimethyl sulfoxide']",0,0,none,"patient: 58m. drugs: iron saccharate 500mg as needed, dabrafenib 75mg three times daily, dimethyl sulfoxide 200mg three times daily.","['patient', '58', 'm.', 'drugs', 'iron', 'saccharate', '500', 'mg', 'needed', 'dabrafenib', '75', 'mg', 'times', 'daily', 'dimethyl', 'sulfoxide', '200', 'mg', 'times', 'daily']",20
"Patient: 33M. Drugs: Clotrimazole 200mg as needed, Ipratropium bromide 100mg every 12 hours, Sacubitril 100mg before meals.","['Clotrimazole', 'Ipratropium bromide', 'Sacubitril']",1,2,metabolism,"patient: 33m. drugs: clotrimazole 200mg as needed, ipratropium bromide 100mg every 12 hours, sacubitril 100mg before meals.","['patient', '33', 'm.', 'drugs', 'clotrimazole', '200', 'mg', 'needed', 'ipratropium', 'bromide', '100', 'mg', '12', 'hours', 'sacubitril', '100', 'mg', 'meals']",18
"Patient: 35F. Drugs: Fluindione 500mg once daily, Testosterone undecanoate 50mg as needed.","['Fluindione', 'Testosterone undecanoate']",1,1,therapeutic efficacy,"patient: 35f. drugs: fluindione 500mg once daily, testosterone undecanoate 50mg as needed.","['patient', '35f', 'drugs', 'fluindione', '500', 'mg', 'daily', 'testosterone', 'undecanoate', '50', 'mg', 'needed']",12
"Patient: 52M. Drugs: Bepridil 500mg twice daily, Acemetacin 25mg once daily, Hydrocortamate 75mg as needed.","['Bepridil', 'Acemetacin', 'Hydrocortamate']",1,1,therapeutic efficacy,"patient: 52m. drugs: bepridil 500mg twice daily, acemetacin 25mg once daily, hydrocortamate 75mg as needed.","['patient', '52', 'm.', 'drugs', 'bepridil', '500', 'mg', 'twice', 'daily', 'acemetacin', '25', 'mg', 'daily', 'hydrocortamate', '75', 'mg', 'needed']",17
"Patient: 58M. Drugs: Iron saccharate 500mg as needed, Dabrafenib 75mg three times daily, Dimethyl sulfoxide 200mg three times daily.","['Iron saccharate', 'Dabrafenib', 'Dimethyl sulfoxide']",0,0,none,"patient: 58m. drugs: iron saccharate 500mg as needed, dabrafenib 75mg three times daily, dimethyl sulfoxide 200mg three times daily.","['patient', '58', 'm.', 'drugs', 'iron', 'saccharate', '500', 'mg', 'needed', 'dabrafenib', '75', 'mg', 'times', 'daily', 'dimethyl', 'sulfoxide', '200', 'mg', 'times', 'daily']",20
"Patient: 70F. Drugs: Nevirapine 25mg twice daily, Dapagliflozin 75mg every 6 hours.","['Nevirapine', 'Dapagliflozin']",1,2,metabolism,"patient: 70f. drugs: nevirapine 25mg twice daily, dapagliflozin 75mg every 6 hours.","['patient', '70f', 'drugs', 'nevirapine', '25', 'mg', 'twice', 'daily', 'dapagliflozin', '75', 'mg', '6', 'hours']",13
"Patient: 33M. Drugs: Atazanavir 50mg every 8 hours, Gliclazide 50mg as needed, Alitretinoin.","['Atazanavir', 'Gliclazide', 'Alitretinoin']",1,1,therapeutic efficacy,"patient: 33m. drugs: atazanavir 50mg every 8 hours, gliclazide 50mg as needed, alitretinoin.","['patient', '33', 'm.', 'drugs', 'atazanavir', '50', 'mg', '8', 'hours', 'gliclazide', '50', 'mg', 'needed', 'alitretinoin']",14
"Patient: 48F. Drugs: Isotretinoin 500mg three times daily, Tazarotene, Carmustine 50mg twice daily.","['Isotretinoin', 'Tazarotene', 'Carmustine']",0,0,none,"patient: 48f. drugs: isotretinoin 500mg three times daily, tazarotene, carmustine 50mg twice daily.","['patient', '48f', 'drugs', 'isotretinoin', '500', 'mg', 'times', 'daily', 'tazarotene', 'carmustine', '50', 'mg', 'twice', 'daily']",14
"Patient: 35F. Drugs: Alprazolam 75mg before meals, Nortriptyline 200mg every 8 hours, Dalfampridine 50mg before meals.","['Alprazolam', 'Nortriptyline', 'Dalfampridine']",1,3,risk or severity of adverse effects,"patient: 35f. drugs: alprazolam 75mg before meals, nortriptyline 200mg every 8 hours, dalfampridine 50mg before meals.","['patient', '35f', 'drugs', 'alprazolam', '75', 'mg', 'meals', 'nortriptyline', '200', 'mg', '8', 'hours', 'dalfampridine', '50', 'mg', 'meals']",16
"Patient: 52M. Drugs: Indinavir 200mg before meals, Linagliptin 100mg as needed, Mercaptopurine.","['Indinavir', 'Linagliptin', 'Mercaptopurine']",1,2,serum concentration,"patient: 52m. drugs: indinavir 200mg before meals, linagliptin 100mg as needed, mercaptopurine.","['patient', '52', 'm.', 'drugs', 'indinavir', '200', 'mg', 'meals', 'linagliptin', '100', 'mg', 'needed', 'mercaptopurine']",13
"Patient: 58M. Drugs: Bortezomib, Oxprenolol 500mg after meals, Testosterone 75mg twice daily.","['Bortezomib', 'Oxprenolol', 'Testosterone']",1,3,risk or severity of adverse effects,"patient: 58m. drugs: bortezomib, oxprenolol 500mg after meals, testosterone 75mg twice daily.","['patient', '58', 'm.', 'drugs', 'bortezomib', 'oxprenolol', '500', 'mg', 'meals', 'testosterone', '75', 'mg', 'twice', 'daily']",14
"Patient: 55F. Drugs: Bendroflumethiazide, Aceclofenac 50mg every 12 hours, Trimethadione.","['Bendroflumethiazide', 'Aceclofenac', 'Trimethadione']",1,1,therapeutic efficacy,"patient: 55f. drugs: bendroflumethiazide, aceclofenac 50mg every 12 hours, trimethadione.","['patient', '55f', 'drugs', 'bendroflumethiazide', 'aceclofenac', '50', 'mg', '12', 'hours', 'trimethadione']",10
"Patient: 28F. Drugs: Cefixime 500mg once daily, Benidipine 500mg before meals, Rifampicin 25mg every 8 hours.","['Cefixime', 'Benidipine', 'Rifampicin']",1,3,risk or severity of hypotension,"patient: 28f. drugs: cefixime 500mg once daily, benidipine 500mg before meals, rifampicin 25mg every 8 hours.","['patient', '28f', 'drugs', 'cefixime', '500', 'mg', 'daily', 'benidipine', '500', 'mg', 'meals', 'rifampicin', '25', 'mg', '8', 'hours']",16
"Patient: 25F. Drugs: Alfuzosin 50mg after meals, Gramicidin D.","['Alfuzosin', 'Gramicidin D']",0,0,none,"patient: 25f. drugs: alfuzosin 50mg after meals, gramicidin d.","['patient', '25f', 'drugs', 'alfuzosin', '50', 'mg', 'meals', 'gramicidin', 'd.']",9
"Patient: 28F. Drugs: Methoxyflurane, Phenoxyethanol.","['Methoxyflurane', 'Phenoxyethanol']",1,3,risk or severity of adverse effects,"patient: 28f. drugs: methoxyflurane, phenoxyethanol.","['patient', '28f', 'drugs', 'methoxyflurane', 'phenoxyethanol']",5
"Patient: 58M. Drugs: Boceprevir 200mg every 6 hours, Hydroxychloroquine.","['Boceprevir', 'Hydroxychloroquine']",0,0,none,"patient: 58m. drugs: boceprevir 200mg every 6 hours, hydroxychloroquine.","['patient', '58', 'm.', 'drugs', 'boceprevir', '200', 'mg', '6', 'hours', 'hydroxychloroquine']",10
"Patient: 68M. Drugs: Fluvoxamine 75mg before meals, Pipamperone 25mg every 6 hours.","['Fluvoxamine', 'Pipamperone']",1,3,risk or severity of adverse effects,"patient: 68m. drugs: fluvoxamine 75mg before meals, pipamperone 25mg every 6 hours.","['patient', '68', 'm.', 'drugs', 'fluvoxamine', '75', 'mg', 'meals', 'pipamperone', '25', 'mg', '6', 'hours']",13
"Patient: 33M. Drugs: Gallamine Triethiodide, Artesunate, Paramethasone 75mg every 8 hours, Butorphanol 50mg before meals.","['Gallamine Triethiodide', 'Artesunate', 'Paramethasone', 'Butorphanol']",1,3,risk or severity of adverse effects,"patient: 33m. drugs: gallamine triethiodide, artesunate, paramethasone 75mg every 8 hours, butorphanol 50mg before meals.","['patient', '33', 'm.', 'drugs', 'gallamine', 'triethiodide', 'artesunate', 'paramethasone', '75', 'mg', '8', 'hours', 'butorphanol', '50', 'mg', 'meals']",16
"Patient: 75M. Drugs: Ethotoin 50mg every 8 hours, Halazepam 25mg as needed, Sevelamer 100mg three times daily.","['Ethotoin', 'Halazepam', 'Sevelamer']",1,3,risk or severity of adverse effects,"patient: 75m. drugs: ethotoin 50mg every 8 hours, halazepam 25mg as needed, sevelamer 100mg three times daily.","['patient', '75', 'm.', 'drugs', 'ethotoin', '50', 'mg', '8', 'hours', 'halazepam', '25', 'mg', 'needed', 'sevelamer', '100', 'mg', 'times', 'daily']",18
"Patient: 70F. Drugs: Pirenzepine, Vitamin E, Atracurium besylate, Pentamidine 75mg once daily.","['Pirenzepine', 'Vitamin E', 'Atracurium besylate', 'Pentamidine']",1,3,risk or severity of adverse effects,"patient: 70f. drugs: pirenzepine, vitamin e, atracurium besylate, pentamidine 75mg once daily.","['patient', '70f', 'drugs', 'pirenzepine', 'vitamin', 'e', 'atracurium', 'besylate', 'pentamidine', '75', 'mg', 'daily']",12
"Patient: 62M. Drugs: Methadone, Losartan 200mg three times daily, Arbekacin 50mg every 8 hours.","['Methadone', 'Losartan', 'Arbekacin']",1,2,metabolism,"patient: 62m. drugs: methadone, losartan 200mg three times daily, arbekacin 50mg every 8 hours.","['patient', '62', 'm.', 'drugs', 'methadone', 'losartan', '200', 'mg', 'times', 'daily', 'arbekacin', '50', 'mg', '8', 'hours']",15
"Patient: 58M. Drugs: Mecamylamine, Lacidipine 500mg as needed, Ticarcillin, Delavirdine 500mg three times daily.","['Mecamylamine', 'Lacidipine', 'Ticarcillin', 'Delavirdine']",1,2,hypotensive activities,"patient: 58m. drugs: mecamylamine, lacidipine 500mg as needed, ticarcillin, delavirdine 500mg three times daily.","['patient', '58', 'm.', 'drugs', 'mecamylamine', 'lacidipine', '500', 'mg', 'needed', 'ticarcillin', 'delavirdine', '500', 'mg', 'times', 'daily']",15
"Patient: 45F. Drugs: Bupivacaine, Loxapine 500mg three times daily.","['Bupivacaine', 'Loxapine']",1,3,risk or severity of adverse effects,"patient: 45f. drugs: bupivacaine, loxapine 500mg three times daily.","['patient', '45f', 'drugs', 'bupivacaine', 'loxapine', '500', 'mg', 'times', 'daily']",9
"Patient: 25F. Drugs: Levosimendan 25mg after meals, Azilsartan medoxomil.","['Levosimendan', 'Azilsartan medoxomil']",1,3,risk or severity of adverse effects,"patient: 25f. drugs: levosimendan 25mg after meals, azilsartan medoxomil.","['patient', '25f', 'drugs', 'levosimendan', '25', 'mg', 'meals', 'azilsartan', 'medoxomil']",9
"Patient: 55F. Drugs: Ergotamine 100mg as needed, Pitavastatin 200mg after meals.","['Ergotamine', 'Pitavastatin']",1,2,serum concentration,"patient: 55f. drugs: ergotamine 100mg as needed, pitavastatin 200mg after meals.","['patient', '55f', 'drugs', 'ergotamine', '100', 'mg', 'needed', 'pitavastatin', '200', 'mg', 'meals']",11
"Patient: 40M. Drugs: Suprofen 100mg after meals, Misoprostol.","['Suprofen', 'Misoprostol']",1,1,therapeutic efficacy,"patient: 40m. drugs: suprofen 100mg after meals, misoprostol.","['patient', '40', 'm.', 'drugs', 'suprofen', '100', 'mg', 'meals', 'misoprostol']",9
"Patient: 35F. Drugs: Phenylbutazone 25mg once daily, Ketoprofen 200mg before meals, Amifostine 500mg after meals.","['Phenylbutazone', 'Ketoprofen', 'Amifostine']",1,3,risk or severity of adverse effects,"patient: 35f. drugs: phenylbutazone 25mg once daily, ketoprofen 200mg before meals, amifostine 500mg after meals.","['patient', '35f', 'drugs', 'phenylbutazone', '25', 'mg', 'daily', 'ketoprofen', '200', 'mg', 'meals', 'amifostine', '500', 'mg', 'meals']",15
"Patient: 35F. Drugs: Triazolam 100mg twice daily, Alfacalcidol 200mg twice daily, Pentazocine 25mg after meals.","['Triazolam', 'Alfacalcidol', 'Pentazocine']",1,3,risk or severity of adverse effects,"patient: 35f. drugs: triazolam 100mg twice daily, alfacalcidol 200mg twice daily, pentazocine 25mg after meals.","['patient', '35f', 'drugs', 'triazolam', '100', 'mg', 'twice', 'daily', 'alfacalcidol', '200', 'mg', 'twice', 'daily', 'pentazocine', '25', 'mg', 'meals']",17
"Patient: 60F. Drugs: Tafenoquine 100mg as needed, Levodopa 75mg after meals.","['Tafenoquine', 'Levodopa']",0,0,none,"patient: 60f. drugs: tafenoquine 100mg as needed, levodopa 75mg after meals.","['patient', '60f', 'drugs', 'tafenoquine', '100', 'mg', 'needed', 'levodopa', '75', 'mg', 'meals']",11
"Patient: 25F. Drugs: Cyclosporine 100mg every 6 hours, Dihydroergocornine 200mg every 12 hours.","['Cyclosporine', 'Dihydroergocornine']",1,3,risk or severity of adverse effects,"patient: 25f. drugs: cyclosporine 100mg every 6 hours, dihydroergocornine 200mg every 12 hours.","['patient', '25f', 'drugs', 'cyclosporine', '100', 'mg', '6', 'hours', 'dihydroergocornine', '200', 'mg', '12', 'hours']",13
"Patient: 55F. Drugs: Ethopropazine, Quinethazone 100mg every 8 hours, Sibutramine.","['Ethopropazine', 'Quinethazone', 'Sibutramine']",1,2,serum concentration,"patient: 55f. drugs: ethopropazine, quinethazone 100mg every 8 hours, sibutramine.","['patient', '55f', 'drugs', 'ethopropazine', 'quinethazone', '100', 'mg', '8', 'hours', 'sibutramine']",10
"Patient: 70F. Drugs: Carbachol 75mg before meals, Bevantolol 75mg every 8 hours.","['Carbachol', 'Bevantolol']",1,3,risk or severity of adverse effects,"patient: 70f. drugs: carbachol 75mg before meals, bevantolol 75mg every 8 hours.","['patient', '70f', 'drugs', 'carbachol', '75', 'mg', 'meals', 'bevantolol', '75', 'mg', '8', 'hours']",12
"Patient: 28F. Drugs: Ergocalciferol, Isotretinoin.","['Ergocalciferol', 'Isotretinoin']",0,0,none,"patient: 28f. drugs: ergocalciferol, isotretinoin.","['patient', '28f', 'drugs', 'ergocalciferol', 'isotretinoin']",5
"Patient: 58M. Drugs: Pentoxyverine 50mg every 12 hours, Lobeglitazone 50mg before meals.","['Pentoxyverine', 'Lobeglitazone']",0,0,none,"patient: 58m. drugs: pentoxyverine 50mg every 12 hours, lobeglitazone 50mg before meals.","['patient', '58', 'm.', 'drugs', 'pentoxyverine', '50', 'mg', '12', 'hours', 'lobeglitazone', '50', 'mg', 'meals']",13
"Patient: 35F. Drugs: Dapiprazole 50mg after meals, Diflorasone 25mg twice daily, Dofetilide, Iopromide 500mg every 12 hours.","['Dapiprazole', 'Diflorasone', 'Dofetilide', 'Iopromide']",0,0,none,"patient: 35f. drugs: dapiprazole 50mg after meals, diflorasone 25mg twice daily, dofetilide, iopromide 500mg every 12 hours.","['patient', '35f', 'drugs', 'dapiprazole', '50', 'mg', 'meals', 'diflorasone', '25', 'mg', 'twice', 'daily', 'dofetilide', 'iopromide', '500', 'mg', '12', 'hours']",18
"Patient: 40M. Drugs: Voriconazole 50mg once daily, Moclobemide, Clofedanol 200mg every 12 hours.","['Voriconazole', 'Moclobemide', 'Clofedanol']",1,2,metabolism,"patient: 40m. drugs: voriconazole 50mg once daily, moclobemide, clofedanol 200mg every 12 hours.","['patient', '40', 'm.', 'drugs', 'voriconazole', '50', 'mg', 'daily', 'moclobemide', 'clofedanol', '200', 'mg', '12', 'hours']",14
"Patient: 75M. Drugs: Clorazepate 50mg every 6 hours, Fluciclovine (18F).","['Clorazepate', 'Fluciclovine (18F)']",0,0,none,"patient: 75m. drugs: clorazepate 50mg every 6 hours, fluciclovine 18f.","['patient', '75', 'm.', 'drugs', 'clorazepate', '50', 'mg', '6', 'hours', 'fluciclovine', '18f']",11
"Patient: 25F. Drugs: Fimasartan, Floctafenine.","['Fimasartan', 'Floctafenine']",1,3,risk or severity of adverse effects,"patient: 25f. drugs: fimasartan, floctafenine.","['patient', '25f', 'drugs', 'fimasartan', 'floctafenine']",5
"Patient: 25F. Drugs: Thiamylal 25mg before meals, Iloperidone 100mg after meals, Magnesium oxide.","['Thiamylal', 'Iloperidone', 'Magnesium oxide']",1,3,risk or severity of adverse effects,"patient: 25f. drugs: thiamylal 25mg before meals, iloperidone 100mg after meals, magnesium oxide.","['patient', '25f', 'drugs', 'thiamylal', '25', 'mg', 'meals', 'iloperidone', '100', 'mg', 'meals', 'magnesium', 'oxide']",13
"Patient: 25F. Drugs: Alprenolol 200mg twice daily, Bazedoxifene 75mg twice daily.","['Alprenolol', 'Bazedoxifene']",0,0,none,"patient: 25f. drugs: alprenolol 200mg twice daily, bazedoxifene 75mg twice daily.","['patient', '25f', 'drugs', 'alprenolol', '200', 'mg', 'twice', 'daily', 'bazedoxifene', '75', 'mg', 'twice', 'daily']",13
"Patient: 30M. Drugs: Ivacaftor 25mg once daily, Valbenazine 500mg once daily, Cilostazol 75mg before meals.","['Ivacaftor', 'Valbenazine', 'Cilostazol']",1,2,serum concentration,"patient: 30m. drugs: ivacaftor 25mg once daily, valbenazine 500mg once daily, cilostazol 75mg before meals.","['patient', '30', 'm.', 'drugs', 'ivacaftor', '25', 'mg', 'daily', 'valbenazine', '500', 'mg', 'daily', 'cilostazol', '75', 'mg', 'meals']",16
"Patient: 55F. Drugs: Zuclopenthixol, Desvenlafaxine 25mg once daily, Valrubicin.","['Zuclopenthixol', 'Desvenlafaxine', 'Valrubicin']",1,3,risk or severity of adverse effects,"patient: 55f. drugs: zuclopenthixol, desvenlafaxine 25mg once daily, valrubicin.","['patient', '55f', 'drugs', 'zuclopenthixol', 'desvenlafaxine', '25', 'mg', 'daily', 'valrubicin']",9
"Patient: 33M. Drugs: Hydrocortisone 75mg three times daily, Ergonovine 75mg after meals.","['Hydrocortisone', 'Ergonovine']",1,3,risk or severity of adverse effects,"patient: 33m. drugs: hydrocortisone 75mg three times daily, ergonovine 75mg after meals.","['patient', '33', 'm.', 'drugs', 'hydrocortisone', '75', 'mg', 'times', 'daily', 'ergonovine', '75', 'mg', 'meals']",13
"Patient: 58M. Drugs: Pentaerythritol Tetranitrate 500mg twice daily, Testosterone cypionate 25mg every 8 hours.","['Pentaerythritol Tetranitrate', 'Testosterone cypionate']",1,1,therapeutic efficacy,"patient: 58m. drugs: pentaerythritol tetranitrate 500mg twice daily, testosterone cypionate 25mg every 8 hours.","['patient', '58', 'm.', 'drugs', 'pentaerythritol', 'tetranitrate', '500', 'mg', 'twice', 'daily', 'testosterone', 'cypionate', '25', 'mg', '8', 'hours']",16
"Patient: 70F. Drugs: Promazine, Triazolam, Rescinnamine 50mg after meals.","['Promazine', 'Triazolam', 'Rescinnamine']",1,3,risk or severity of adverse effects,"patient: 70f. drugs: promazine, triazolam, rescinnamine 50mg after meals.","['patient', '70f', 'drugs', 'promazine', 'triazolam', 'rescinnamine', '50', 'mg', 'meals']",9
"Patient: 52M. Drugs: Salmeterol 25mg once daily, Etidronic acid.","['Salmeterol', 'Etidronic acid']",0,0,none,"patient: 52m. drugs: salmeterol 25mg once daily, etidronic acid.","['patient', '52', 'm.', 'drugs', 'salmeterol', '25', 'mg', 'daily', 'etidronic', 'acid']",10
"Patient: 30M. Drugs: Chlorpropamide, Tipranavir 200mg once daily.","['Chlorpropamide', 'Tipranavir']",1,1,therapeutic efficacy,"patient: 30m. drugs: chlorpropamide, tipranavir 200mg once daily.","['patient', '30', 'm.', 'drugs', 'chlorpropamide', 'tipranavir', '200', 'mg', 'daily']",9
"Patient: 70F. Drugs: Ulobetasol, Aloglutamol.","['Ulobetasol', 'Aloglutamol']",1,2,bioavailability,"patient: 70f. drugs: ulobetasol, aloglutamol.","['patient', '70f', 'drugs', 'ulobetasol', 'aloglutamol']",5
"Patient: 70F. Drugs: Finafloxacin 100mg after meals, Progesterone 50mg three times daily, Diethylcarbamazine 200mg every 12 hours, Cyproterone acetate 500mg three times daily.","['Finafloxacin', 'Progesterone', 'Diethylcarbamazine', 'Cyproterone acetate']",1,2,serum concentration,"patient: 70f. drugs: finafloxacin 100mg after meals, progesterone 50mg three times daily, diethylcarbamazine 200mg every 12 hours, cyproterone acetate 500mg three times daily.","['patient', '70f', 'drugs', 'finafloxacin', '100', 'mg', 'meals', 'progesterone', '50', 'mg', 'times', 'daily', 'diethylcarbamazine', '200', 'mg', '12', 'hours', 'cyproterone', 'acetate', '500', 'mg', 'times', 'daily']",23
"Patient: 30M. Drugs: Flurbiprofen 25mg after meals, Iopromide.","['Flurbiprofen', 'Iopromide']",0,0,none,"patient: 30m. drugs: flurbiprofen 25mg after meals, iopromide.","['patient', '30', 'm.', 'drugs', 'flurbiprofen', '25', 'mg', 'meals', 'iopromide']",9
"Patient: 58M. Drugs: Emedastine 50mg every 6 hours, Betahistine 50mg every 12 hours, Calcipotriol 25mg as needed.","['Emedastine', 'Betahistine', 'Calcipotriol']",1,1,therapeutic efficacy,"patient: 58m. drugs: emedastine 50mg every 6 hours, betahistine 50mg every 12 hours, calcipotriol 25mg as needed.","['patient', '58', 'm.', 'drugs', 'emedastine', '50', 'mg', '6', 'hours', 'betahistine', '50', 'mg', '12', 'hours', 'calcipotriol', '25', 'mg', 'needed']",18
"Patient: 70F. Drugs: Cevimeline 50mg after meals, Atomoxetine 50mg after meals.","['Cevimeline', 'Atomoxetine']",1,2,metabolism,"patient: 70f. drugs: cevimeline 50mg after meals, atomoxetine 50mg after meals.","['patient', '70f', 'drugs', 'cevimeline', '50', 'mg', 'meals', 'atomoxetine', '50', 'mg', 'meals']",11
"Patient: 55F. Drugs: Vardenafil, Cevimeline.","['Vardenafil', 'Cevimeline']",0,0,none,"patient: 55f. drugs: vardenafil, cevimeline.","['patient', '55f', 'drugs', 'vardenafil', 'cevimeline']",5
"Patient: 52M. Drugs: Sotalol 50mg every 12 hours, Levosimendan, Protokylol.","['Sotalol', 'Levosimendan', 'Protokylol']",1,3,risk or severity of adverse effects,"patient: 52m. drugs: sotalol 50mg every 12 hours, levosimendan, protokylol.","['patient', '52', 'm.', 'drugs', 'sotalol', '50', 'mg', '12', 'hours', 'levosimendan', 'protokylol']",11
"Patient: 58M. Drugs: Emedastine 50mg every 6 hours, Betahistine 50mg every 12 hours, Calcipotriol 25mg as needed.","['Emedastine', 'Betahistine', 'Calcipotriol']",1,1,therapeutic efficacy,"patient: 58m. drugs: emedastine 50mg every 6 hours, betahistine 50mg every 12 hours, calcipotriol 25mg as needed.","['patient', '58', 'm.', 'drugs', 'emedastine', '50', 'mg', '6', 'hours', 'betahistine', '50', 'mg', '12', 'hours', 'calcipotriol', '25', 'mg', 'needed']",18
"Patient: 70F. Drugs: Dirithromycin 200mg three times daily, Pilocarpine.","['Dirithromycin', 'Pilocarpine']",0,0,none,"patient: 70f. drugs: dirithromycin 200mg three times daily, pilocarpine.","['patient', '70f', 'drugs', 'dirithromycin', '200', 'mg', 'times', 'daily', 'pilocarpine']",9
"Patient: 60F. Drugs: Fluvastatin, Halothane.","['Fluvastatin', 'Halothane']",1,2,metabolism,"patient: 60f. drugs: fluvastatin, halothane.","['patient', '60f', 'drugs', 'fluvastatin', 'halothane']",5
"Patient: 48F. Drugs: Ritonavir, Vemurafenib 500mg three times daily.","['Ritonavir', 'Vemurafenib']",1,2,serum concentration,"patient: 48f. drugs: ritonavir, vemurafenib 500mg three times daily.","['patient', '48f', 'drugs', 'ritonavir', 'vemurafenib', '500', 'mg', 'times', 'daily']",9
"Patient: 40M. Drugs: Metixene 50mg twice daily, Ethylmorphine 500mg as needed.","['Metixene', 'Ethylmorphine']",1,3,risk or severity of adverse effects,"patient: 40m. drugs: metixene 50mg twice daily, ethylmorphine 500mg as needed.","['patient', '40', 'm.', 'drugs', 'metixene', '50', 'mg', 'twice', 'daily', 'ethylmorphine', '500', 'mg', 'needed']",13
"Patient: 70F. Drugs: Thymol, Chlorpromazine 500mg once daily, Ulobetasol 100mg every 6 hours.","['Thymol', 'Chlorpromazine', 'Ulobetasol']",0,0,none,"patient: 70f. drugs: thymol, chlorpromazine 500mg once daily, ulobetasol 100mg every 6 hours.","['patient', '70f', 'drugs', 'thymol', 'chlorpromazine', '500', 'mg', 'daily', 'ulobetasol', '100', 'mg', '6', 'hours']",13
"Patient: 35F. Drugs: Doxapram 200mg as needed, Benzoic Acid 100mg every 8 hours, Fluticasone.","['Doxapram', 'Benzoic Acid', 'Fluticasone']",1,1,therapeutic efficacy,"patient: 35f. drugs: doxapram 200mg as needed, benzoic acid 100mg every 8 hours, fluticasone.","['patient', '35f', 'drugs', 'doxapram', '200', 'mg', 'needed', 'benzoic', 'acid', '100', 'mg', '8', 'hours', 'fluticasone']",14
"Patient: 25F. Drugs: Piritramide 500mg three times daily, Demeclocycline 25mg every 12 hours, Rizatriptan, Vancomycin.","['Piritramide', 'Demeclocycline', 'Rizatriptan', 'Vancomycin']",0,0,none,"patient: 25f. drugs: piritramide 500mg three times daily, demeclocycline 25mg every 12 hours, rizatriptan, vancomycin.","['patient', '25f', 'drugs', 'piritramide', '500', 'mg', 'times', 'daily', 'demeclocycline', '25', 'mg', '12', 'hours', 'rizatriptan', 'vancomycin']",15
"Patient: 55F. Drugs: Brompheniramine 500mg every 6 hours, Prednisolone 75mg twice daily.","['Brompheniramine', 'Prednisolone']",0,0,none,"patient: 55f. drugs: brompheniramine 500mg every 6 hours, prednisolone 75mg twice daily.","['patient', '55f', 'drugs', 'brompheniramine', '500', 'mg', '6', 'hours', 'prednisolone', '75', 'mg', 'twice', 'daily']",13
"Patient: 28F. Drugs: Risedronate 25mg every 6 hours, Famotidine 200mg every 8 hours, Histrelin 500mg before meals.","['Risedronate', 'Famotidine', 'Histrelin']",1,1,absorption,"patient: 28f. drugs: risedronate 25mg every 6 hours, famotidine 200mg every 8 hours, histrelin 500mg before meals.","['patient', '28f', 'drugs', 'risedronate', '25', 'mg', '6', 'hours', 'famotidine', '200', 'mg', '8', 'hours', 'histrelin', '500', 'mg', 'meals']",17
"Patient: 52M. Drugs: Clotrimazole 25mg every 12 hours, Dihydroergocristine, Morphine 500mg every 8 hours.","['Clotrimazole', 'Dihydroergocristine', 'Morphine']",1,3,risk or severity of adverse effects,"patient: 52m. drugs: clotrimazole 25mg every 12 hours, dihydroergocristine, morphine 500mg every 8 hours.","['patient', '52', 'm.', 'drugs', 'clotrimazole', '25', 'mg', '12', 'hours', 'dihydroergocristine', 'morphine', '500', 'mg', '8', 'hours']",15
"Patient: 55F. Drugs: Glycopyrronium 100mg every 12 hours, Decamethonium 100mg twice daily, Calcium Citrate 75mg before meals.","['Glycopyrronium', 'Decamethonium', 'Calcium Citrate']",1,1,therapeutic efficacy,"patient: 55f. drugs: glycopyrronium 100mg every 12 hours, decamethonium 100mg twice daily, calcium citrate 75mg before meals.","['patient', '55f', 'drugs', 'glycopyrronium', '100', 'mg', '12', 'hours', 'decamethonium', '100', 'mg', 'twice', 'daily', 'calcium', 'citrate', '75', 'mg', 'meals']",18
"Patient: 28F. Drugs: Fospropofol 50mg once daily, Perazine 200mg as needed.","['Fospropofol', 'Perazine']",1,3,risk or severity of adverse effects,"patient: 28f. drugs: fospropofol 50mg once daily, perazine 200mg as needed.","['patient', '28f', 'drugs', 'fospropofol', '50', 'mg', 'daily', 'perazine', '200', 'mg', 'needed']",11
"Patient: 35F. Drugs: Pentazocine 25mg before meals, Fenfluramine 50mg twice daily, Medrogestone.","['Pentazocine', 'Fenfluramine', 'Medrogestone']",0,0,none,"patient: 35f. drugs: pentazocine 25mg before meals, fenfluramine 50mg twice daily, medrogestone.","['patient', '35f', 'drugs', 'pentazocine', '25', 'mg', 'meals', 'fenfluramine', '50', 'mg', 'twice', 'daily', 'medrogestone']",13
"Patient: 33M. Drugs: Seratrodast, Apalutamide 100mg three times daily, Sulfacytine.","['Seratrodast', 'Apalutamide', 'Sulfacytine']",1,2,serum concentration,"patient: 33m. drugs: seratrodast, apalutamide 100mg three times daily, sulfacytine.","['patient', '33', 'm.', 'drugs', 'seratrodast', 'apalutamide', '100', 'mg', 'times', 'daily', 'sulfacytine']",11
"Patient: 75M. Drugs: Brimonidine 200mg twice daily, Pomalidomide 200mg every 6 hours.","['Brimonidine', 'Pomalidomide']",1,2,central nervous system depressant (CNS depressant) activities,"patient: 75m. drugs: brimonidine 200mg twice daily, pomalidomide 200mg every 6 hours.","['patient', '75', 'm.', 'drugs', 'brimonidine', '200', 'mg', 'twice', 'daily', 'pomalidomide', '200', 'mg', '6', 'hours']",14
"Patient: 33M. Drugs: Gentamicin 200mg twice daily, Technetium Tc-99m medronate.","['Gentamicin', 'Technetium Tc-99m medronate']",1,2,hypocalcemic activities,"patient: 33m. drugs: gentamicin 200mg twice daily, technetium tc99m medronate.","['patient', '33', 'm.', 'drugs', 'gentamicin', '200', 'mg', 'twice', 'daily', 'technetium', 'tc99', 'm', 'medronate']",13
"Patient: 75M. Drugs: Miconazole, Oxazepam, Carbachol 75mg as needed.","['Miconazole', 'Oxazepam', 'Carbachol']",0,0,none,"patient: 75m. drugs: miconazole, oxazepam, carbachol 75mg as needed.","['patient', '75', 'm.', 'drugs', 'miconazole', 'oxazepam', 'carbachol', '75', 'mg', 'needed']",10
"Patient: 55F. Drugs: Nabilone 200mg after meals, Moclobemide 100mg every 8 hours, Bepridil 75mg after meals.","['Nabilone', 'Moclobemide', 'Bepridil']",1,2,metabolism,"patient: 55f. drugs: nabilone 200mg after meals, moclobemide 100mg every 8 hours, bepridil 75mg after meals.","['patient', '55f', 'drugs', 'nabilone', '200', 'mg', 'meals', 'moclobemide', '100', 'mg', '8', 'hours', 'bepridil', '75', 'mg', 'meals']",16
"Patient: 30M. Drugs: Desoximetasone, Trolamine salicylate 75mg as needed, Quinagolide 25mg twice daily.","['Desoximetasone', 'Trolamine salicylate', 'Quinagolide']",1,3,risk or severity of adverse effects,"patient: 30m. drugs: desoximetasone, trolamine salicylate 75mg as needed, quinagolide 25mg twice daily.","['patient', '30', 'm.', 'drugs', 'desoximetasone', 'trolamine', 'salicylate', '75', 'mg', 'needed', 'quinagolide', '25', 'mg', 'twice', 'daily']",15
"Patient: 28F. Drugs: Palonosetron 500mg every 12 hours, Tolfenamic Acid 500mg as needed.","['Palonosetron', 'Tolfenamic Acid']",0,0,none,"patient: 28f. drugs: palonosetron 500mg every 12 hours, tolfenamic acid 500mg as needed.","['patient', '28f', 'drugs', 'palonosetron', '500', 'mg', '12', 'hours', 'tolfenamic', 'acid', '500', 'mg', 'needed']",13
"Patient: 30M. Drugs: Vemurafenib 500mg three times daily, Melperone 200mg every 8 hours, Gemfibrozil 50mg every 8 hours.","['Vemurafenib', 'Melperone', 'Gemfibrozil']",1,3,risk or severity of QTc prolongation,"patient: 30m. drugs: vemurafenib 500mg three times daily, melperone 200mg every 8 hours, gemfibrozil 50mg every 8 hours.","['patient', '30', 'm.', 'drugs', 'vemurafenib', '500', 'mg', 'times', 'daily', 'melperone', '200', 'mg', '8', 'hours', 'gemfibrozil', '50', 'mg', '8', 'hours']",19
"Patient: 45F. Drugs: Fosinopril, Carteolol 50mg as needed, Flubendazole.","['Fosinopril', 'Carteolol', 'Flubendazole']",1,2,hypotensive activities,"patient: 45f. drugs: fosinopril, carteolol 50mg as needed, flubendazole.","['patient', '45f', 'drugs', 'fosinopril', 'carteolol', '50', 'mg', 'needed', 'flubendazole']",9
"Patient: 30M. Drugs: Ixabepilone 50mg once daily, Cabazitaxel 25mg every 12 hours, Aprindine 75mg every 12 hours.","['Ixabepilone', 'Cabazitaxel', 'Aprindine']",1,3,risk or severity of adverse effects,"patient: 30m. drugs: ixabepilone 50mg once daily, cabazitaxel 25mg every 12 hours, aprindine 75mg every 12 hours.","['patient', '30', 'm.', 'drugs', 'ixabepilone', '50', 'mg', 'daily', 'cabazitaxel', '25', 'mg', '12', 'hours', 'aprindine', '75', 'mg', '12', 'hours']",18
"Patient: 52M. Drugs: Sotalol 50mg every 12 hours, Levosimendan, Protokylol.","['Sotalol', 'Levosimendan', 'Protokylol']",1,3,risk or severity of adverse effects,"patient: 52m. drugs: sotalol 50mg every 12 hours, levosimendan, protokylol.","['patient', '52', 'm.', 'drugs', 'sotalol', '50', 'mg', '12', 'hours', 'levosimendan', 'protokylol']",11
"Patient: 58M. Drugs: Diflunisal 25mg after meals, Dinoprost 500mg before meals.","['Diflunisal', 'Dinoprost']",1,1,therapeutic efficacy,"patient: 58m. drugs: diflunisal 25mg after meals, dinoprost 500mg before meals.","['patient', '58', 'm.', 'drugs', 'diflunisal', '25', 'mg', 'meals', 'dinoprost', '500', 'mg', 'meals']",12
"Patient: 55F. Drugs: Fondaparinux sodium 25mg every 6 hours, Amiloride 100mg three times daily.","['Fondaparinux sodium', 'Amiloride']",0,0,none,"patient: 55f. drugs: fondaparinux sodium 25mg every 6 hours, amiloride 100mg three times daily.","['patient', '55f', 'drugs', 'fondaparinux', 'sodium', '25', 'mg', '6', 'hours', 'amiloride', '100', 'mg', 'times', 'daily']",14
"Patient: 25F. Drugs: Duloxetine 75mg every 12 hours, Bromfenac 500mg before meals, Rosiglitazone.","['Duloxetine', 'Bromfenac', 'Rosiglitazone']",1,1,antiplatelet activities,"patient: 25f. drugs: duloxetine 75mg every 12 hours, bromfenac 500mg before meals, rosiglitazone.","['patient', '25f', 'drugs', 'duloxetine', '75', 'mg', '12', 'hours', 'bromfenac', '500', 'mg', 'meals', 'rosiglitazone']",13
"Patient: 30M. Drugs: Grepafloxacin 200mg every 6 hours, Bosentan 500mg before meals, Nedaplatin 25mg after meals.","['Grepafloxacin', 'Bosentan', 'Nedaplatin']",1,2,serum concentration,"patient: 30m. drugs: grepafloxacin 200mg every 6 hours, bosentan 500mg before meals, nedaplatin 25mg after meals.","['patient', '30', 'm.', 'drugs', 'grepafloxacin', '200', 'mg', '6', 'hours', 'bosentan', '500', 'mg', 'meals', 'nedaplatin', '25', 'mg', 'meals']",17
"Patient: 30M. Drugs: Levothyroxine, Dienestrol 100mg three times daily.","['Levothyroxine', 'Dienestrol']",1,1,therapeutic efficacy,"patient: 30m. drugs: levothyroxine, dienestrol 100mg three times daily.","['patient', '30', 'm.', 'drugs', 'levothyroxine', 'dienestrol', '100', 'mg', 'times', 'daily']",10
"Patient: 75M. Drugs: Levothyroxine 25mg every 8 hours, Trimebutine, Tafluprost.","['Levothyroxine', 'Trimebutine', 'Tafluprost']",0,0,none,"patient: 75m. drugs: levothyroxine 25mg every 8 hours, trimebutine, tafluprost.","['patient', '75', 'm.', 'drugs', 'levothyroxine', '25', 'mg', '8', 'hours', 'trimebutine', 'tafluprost']",11
"Patient: 68M. Drugs: Doxycycline 25mg every 8 hours, Macitentan.","['Doxycycline', 'Macitentan']",1,2,metabolism,"patient: 68m. drugs: doxycycline 25mg every 8 hours, macitentan.","['patient', '68', 'm.', 'drugs', 'doxycycline', '25', 'mg', '8', 'hours', 'macitentan']",10
"Patient: 75M. Drugs: Vildagliptin, Valsartan, Spectinomycin.","['Vildagliptin', 'Valsartan', 'Spectinomycin']",0,0,none,"patient: 75m. drugs: vildagliptin, valsartan, spectinomycin.","['patient', '75', 'm.', 'drugs', 'vildagliptin', 'valsartan', 'spectinomycin']",7
"Patient: 60F. Drugs: Desipramine 100mg every 12 hours, Vilazodone.","['Desipramine', 'Vilazodone']",1,3,risk or severity of adverse effects,"patient: 60f. drugs: desipramine 100mg every 12 hours, vilazodone.","['patient', '60f', 'drugs', 'desipramine', '100', 'mg', '12', 'hours', 'vilazodone']",9
"Patient: 40M. Drugs: Methylphenobarbital 50mg every 8 hours, Dienogest 75mg every 8 hours, Meticillin 25mg every 6 hours.","['Methylphenobarbital', 'Dienogest', 'Meticillin']",1,1,therapeutic efficacy,"patient: 40m. drugs: methylphenobarbital 50mg every 8 hours, dienogest 75mg every 8 hours, meticillin 25mg every 6 hours.","['patient', '40', 'm.', 'drugs', 'methylphenobarbital', '50', 'mg', '8', 'hours', 'dienogest', '75', 'mg', '8', 'hours', 'meticillin', '25', 'mg', '6', 'hours']",19
"Patient: 55F. Drugs: Papaverine 25mg every 12 hours, Enalaprilat, Fosphenytoin 75mg before meals.","['Papaverine', 'Enalaprilat', 'Fosphenytoin']",1,3,risk or severity of adverse effects,"patient: 55f. drugs: papaverine 25mg every 12 hours, enalaprilat, fosphenytoin 75mg before meals.","['patient', '55f', 'drugs', 'papaverine', '25', 'mg', '12', 'hours', 'enalaprilat', 'fosphenytoin', '75', 'mg', 'meals']",13
"Patient: 33M. Drugs: Cholecalciferol, Levobunolol.","['Cholecalciferol', 'Levobunolol']",0,0,none,"patient: 33m. drugs: cholecalciferol, levobunolol.","['patient', '33', 'm.', 'drugs', 'cholecalciferol', 'levobunolol']",6
"Patient: 75M. Drugs: Mesalazine 500mg before meals, Estradiol 200mg every 12 hours, Kaolin.","['Mesalazine', 'Estradiol', 'Kaolin']",1,2,thrombogenic activities,"patient: 75m. drugs: mesalazine 500mg before meals, estradiol 200mg every 12 hours, kaolin.","['patient', '75', 'm.', 'drugs', 'mesalazine', '500', 'mg', 'meals', 'estradiol', '200', 'mg', '12', 'hours', 'kaolin']",14
"Patient: 35F. Drugs: Sodium oxybate 25mg once daily, Beclomethasone dipropionate, Ergonovine 25mg twice daily, Mesalazine 75mg every 8 hours.","['Sodium oxybate', 'Beclomethasone dipropionate', 'Ergonovine', 'Mesalazine']",1,3,risk or severity of adverse effects,"patient: 35f. drugs: sodium oxybate 25mg once daily, beclomethasone dipropionate, ergonovine 25mg twice daily, mesalazine 75mg every 8 hours.","['patient', '35f', 'drugs', 'sodium', 'oxybate', '25', 'mg', 'daily', 'beclomethasone', 'dipropionate', 'ergonovine', '25', 'mg', 'twice', 'daily', 'mesalazine', '75', 'mg', '8', 'hours']",20
"Patient: 35F. Drugs: Oxtriphylline, Naloxone 100mg twice daily.","['Oxtriphylline', 'Naloxone']",0,0,none,"patient: 35f. drugs: oxtriphylline, naloxone 100mg twice daily.","['patient', '35f', 'drugs', 'oxtriphylline', 'naloxone', '100', 'mg', 'twice', 'daily']",9
"Patient: 48F. Drugs: Hexobarbital 100mg every 12 hours, Ulipristal 100mg every 6 hours, Mesoridazine 500mg every 6 hours.","['Hexobarbital', 'Ulipristal', 'Mesoridazine']",1,2,serum concentration,"patient: 48f. drugs: hexobarbital 100mg every 12 hours, ulipristal 100mg every 6 hours, mesoridazine 500mg every 6 hours.","['patient', '48f', 'drugs', 'hexobarbital', '100', 'mg', '12', 'hours', 'ulipristal', '100', 'mg', '6', 'hours', 'mesoridazine', '500', 'mg', '6', 'hours']",18
"Patient: 75M. Drugs: Procarbazine 75mg once daily, Arformoterol 200mg every 6 hours.","['Procarbazine', 'Arformoterol']",1,3,risk or severity of adverse effects,"patient: 75m. drugs: procarbazine 75mg once daily, arformoterol 200mg every 6 hours.","['patient', '75', 'm.', 'drugs', 'procarbazine', '75', 'mg', 'daily', 'arformoterol', '200', 'mg', '6', 'hours']",13
"Patient: 52M. Drugs: Trospium 75mg as needed, Hydrocodone.","['Trospium', 'Hydrocodone']",1,3,risk or severity of adverse effects,"patient: 52m. drugs: trospium 75mg as needed, hydrocodone.","['patient', '52', 'm.', 'drugs', 'trospium', '75', 'mg', 'needed', 'hydrocodone']",9
"Patient: 35F. Drugs: Sildenafil 100mg every 12 hours, Hydrocodone 200mg three times daily.","['Sildenafil', 'Hydrocodone']",1,2,serum concentration,"patient: 35f. drugs: sildenafil 100mg every 12 hours, hydrocodone 200mg three times daily.","['patient', '35f', 'drugs', 'sildenafil', '100', 'mg', '12', 'hours', 'hydrocodone', '200', 'mg', 'times', 'daily']",13
"Patient: 28F. Drugs: Betamethasone 25mg every 6 hours, Phenylbutyric acid 50mg every 6 hours.","['Betamethasone', 'Phenylbutyric acid']",1,1,therapeutic efficacy,"patient: 28f. drugs: betamethasone 25mg every 6 hours, phenylbutyric acid 50mg every 6 hours.","['patient', '28f', 'drugs', 'betamethasone', '25', 'mg', '6', 'hours', 'phenylbutyric', 'acid', '50', 'mg', '6', 'hours']",14
"Patient: 60F. Drugs: Efonidipine, Pipamperone 75mg every 6 hours.","['Efonidipine', 'Pipamperone']",1,3,risk or severity of adverse effects,"patient: 60f. drugs: efonidipine, pipamperone 75mg every 6 hours.","['patient', '60f', 'drugs', 'efonidipine', 'pipamperone', '75', 'mg', '6', 'hours']",9
"Patient: 35F. Drugs: Anidulafungin 50mg every 12 hours, Cinnarizine 25mg every 8 hours, Flibanserin 500mg every 12 hours.","['Anidulafungin', 'Cinnarizine', 'Flibanserin']",1,1,therapeutic efficacy,"patient: 35f. drugs: anidulafungin 50mg every 12 hours, cinnarizine 25mg every 8 hours, flibanserin 500mg every 12 hours.","['patient', '35f', 'drugs', 'anidulafungin', '50', 'mg', '12', 'hours', 'cinnarizine', '25', 'mg', '8', 'hours', 'flibanserin', '500', 'mg', '12', 'hours']",18
"Patient: 48F. Drugs: Sulfanilamide 75mg after meals, Ergotamine, Lomustine 75mg before meals.","['Sulfanilamide', 'Ergotamine', 'Lomustine']",1,3,risk or severity of adverse effects,"patient: 48f. drugs: sulfanilamide 75mg after meals, ergotamine, lomustine 75mg before meals.","['patient', '48f', 'drugs', 'sulfanilamide', '75', 'mg', 'meals', 'ergotamine', 'lomustine', '75', 'mg', 'meals']",12
"Patient: 33M. Drugs: Atazanavir 50mg every 8 hours, Gliclazide 50mg as needed, Alitretinoin.","['Atazanavir', 'Gliclazide', 'Alitretinoin']",1,1,therapeutic efficacy,"patient: 33m. drugs: atazanavir 50mg every 8 hours, gliclazide 50mg as needed, alitretinoin.","['patient', '33', 'm.', 'drugs', 'atazanavir', '50', 'mg', '8', 'hours', 'gliclazide', '50', 'mg', 'needed', 'alitretinoin']",14
"Patient: 70F. Drugs: Mefloquine 75mg as needed, Methylscopolamine bromide 50mg every 12 hours.","['Mefloquine', 'Methylscopolamine bromide']",1,1,therapeutic efficacy,"patient: 70f. drugs: mefloquine 75mg as needed, methylscopolamine bromide 50mg every 12 hours.","['patient', '70f', 'drugs', 'mefloquine', '75', 'mg', 'needed', 'methylscopolamine', 'bromide', '50', 'mg', '12', 'hours']",13
"Patient: 45F. Drugs: Ketoprofen 500mg every 8 hours, Trichlormethiazide.","['Ketoprofen', 'Trichlormethiazide']",1,1,therapeutic efficacy,"patient: 45f. drugs: ketoprofen 500mg every 8 hours, trichlormethiazide.","['patient', '45f', 'drugs', 'ketoprofen', '500', 'mg', '8', 'hours', 'trichlormethiazide']",9
"Patient: 75M. Drugs: Cefpodoxime 50mg as needed, Vigabatrin 50mg before meals, Carbenicillin indanyl 25mg twice daily.","['Cefpodoxime', 'Vigabatrin', 'Carbenicillin indanyl']",0,0,none,"patient: 75m. drugs: cefpodoxime 50mg as needed, vigabatrin 50mg before meals, carbenicillin indanyl 25mg twice daily.","['patient', '75', 'm.', 'drugs', 'cefpodoxime', '50', 'mg', 'needed', 'vigabatrin', '50', 'mg', 'meals', 'carbenicillin', 'indanyl', '25', 'mg', 'twice', 'daily']",18
"Patient: 25F. Drugs: Pancuronium 500mg every 6 hours, Alendronic acid 100mg every 6 hours, Physostigmine 75mg twice daily.","['Pancuronium', 'Alendronic acid', 'Physostigmine']",1,1,therapeutic efficacy,"patient: 25f. drugs: pancuronium 500mg every 6 hours, alendronic acid 100mg every 6 hours, physostigmine 75mg twice daily.","['patient', '25f', 'drugs', 'pancuronium', '500', 'mg', '6', 'hours', 'alendronic', 'acid', '100', 'mg', '6', 'hours', 'physostigmine', '75', 'mg', 'twice', 'daily']",19
"Patient: 58M. Drugs: Methotrimeprazine 200mg before meals, Lurasidone, Tazobactam 50mg after meals.","['Methotrimeprazine', 'Lurasidone', 'Tazobactam']",1,2,central nervous system depressant (CNS depressant) activities,"patient: 58m. drugs: methotrimeprazine 200mg before meals, lurasidone, tazobactam 50mg after meals.","['patient', '58', 'm.', 'drugs', 'methotrimeprazine', '200', 'mg', 'meals', 'lurasidone', 'tazobactam', '50', 'mg', 'meals']",13
"Patient: 45F. Drugs: Medroxyprogesterone acetate 500mg three times daily, Levamisole 100mg as needed, Etoposide, Propericiazine 500mg as needed.","['Medroxyprogesterone acetate', 'Levamisole', 'Etoposide', 'Propericiazine']",0,0,none,"patient: 45f. drugs: medroxyprogesterone acetate 500mg three times daily, levamisole 100mg as needed, etoposide, propericiazine 500mg as needed.","['patient', '45f', 'drugs', 'medroxyprogesterone', 'acetate', '500', 'mg', 'times', 'daily', 'levamisole', '100', 'mg', 'needed', 'etoposide', 'propericiazine', '500', 'mg', 'needed']",18
"Patient: 75M. Drugs: Procarbazine 75mg once daily, Arformoterol 200mg every 6 hours.","['Procarbazine', 'Arformoterol']",1,3,risk or severity of adverse effects,"patient: 75m. drugs: procarbazine 75mg once daily, arformoterol 200mg every 6 hours.","['patient', '75', 'm.', 'drugs', 'procarbazine', '75', 'mg', 'daily', 'arformoterol', '200', 'mg', '6', 'hours']",13
"Patient: 55F. Drugs: Ketoconazole 75mg every 6 hours, Bromocriptine 100mg as needed.","['Ketoconazole', 'Bromocriptine']",1,3,risk or severity of adverse effects,"patient: 55f. drugs: ketoconazole 75mg every 6 hours, bromocriptine 100mg as needed.","['patient', '55f', 'drugs', 'ketoconazole', '75', 'mg', '6', 'hours', 'bromocriptine', '100', 'mg', 'needed']",12
"Patient: 70F. Drugs: Salmeterol 75mg once daily, Thioproperazine 500mg every 6 hours.","['Salmeterol', 'Thioproperazine']",1,2,vasoconstricting activities,"patient: 70f. drugs: salmeterol 75mg once daily, thioproperazine 500mg every 6 hours.","['patient', '70f', 'drugs', 'salmeterol', '75', 'mg', 'daily', 'thioproperazine', '500', 'mg', '6', 'hours']",12
"Patient: 55F. Drugs: Desflurane 500mg three times daily, Fludiazepam 200mg after meals, Oxiconazole 100mg once daily.","['Desflurane', 'Fludiazepam', 'Oxiconazole']",1,3,risk or severity of adverse effects,"patient: 55f. drugs: desflurane 500mg three times daily, fludiazepam 200mg after meals, oxiconazole 100mg once daily.","['patient', '55f', 'drugs', 'desflurane', '500', 'mg', 'times', 'daily', 'fludiazepam', '200', 'mg', 'meals', 'oxiconazole', '100', 'mg', 'daily']",16
"Patient: 58M. Drugs: Fluorouracil 500mg as needed, Leucovorin 50mg every 12 hours, Bleomycin 25mg every 8 hours.","['Fluorouracil', 'Leucovorin', 'Bleomycin']",1,3,risk or severity of adverse effects,"patient: 58m. drugs: fluorouracil 500mg as needed, leucovorin 50mg every 12 hours, bleomycin 25mg every 8 hours.","['patient', '58', 'm.', 'drugs', 'fluorouracil', '500', 'mg', 'needed', 'leucovorin', '50', 'mg', '12', 'hours', 'bleomycin', '25', 'mg', '8', 'hours']",18
"Patient: 70F. Drugs: Iloperidone 25mg as needed, Lormetazepam.","['Iloperidone', 'Lormetazepam']",1,3,risk or severity of adverse effects,"patient: 70f. drugs: iloperidone 25mg as needed, lormetazepam.","['patient', '70f', 'drugs', 'iloperidone', '25', 'mg', 'needed', 'lormetazepam']",8
"Patient: 45F. Drugs: Ixabepilone 500mg three times daily, Dactinomycin 25mg as needed, Dinoprost 75mg after meals.","['Ixabepilone', 'Dactinomycin', 'Dinoprost']",0,0,none,"patient: 45f. drugs: ixabepilone 500mg three times daily, dactinomycin 25mg as needed, dinoprost 75mg after meals.","['patient', '45f', 'drugs', 'ixabepilone', '500', 'mg', 'times', 'daily', 'dactinomycin', '25', 'mg', 'needed', 'dinoprost', '75', 'mg', 'meals']",16
"Patient: 52M. Drugs: Enalapril, Thymol 75mg before meals.","['Enalapril', 'Thymol']",0,0,none,"patient: 52m. drugs: enalapril, thymol 75mg before meals.","['patient', '52', 'm.', 'drugs', 'enalapril', 'thymol', '75', 'mg', 'meals']",9
"Patient: 75M. Drugs: Didanosine 25mg every 12 hours, Methylene blue 75mg every 8 hours, Yohimbine, Fesoterodine 50mg three times daily.","['Didanosine', 'Methylene blue', 'Yohimbine', 'Fesoterodine']",1,2,serum concentration of active metabolites,"patient: 75m. drugs: didanosine 25mg every 12 hours, methylene blue 75mg every 8 hours, yohimbine, fesoterodine 50mg three times daily.","['patient', '75', 'm.', 'drugs', 'didanosine', '25', 'mg', '12', 'hours', 'methylene', 'blue', '75', 'mg', '8', 'hours', 'yohimbine', 'fesoterodine', '50', 'mg', 'times', 'daily']",21
"Patient: 55F. Drugs: Moxidectin 100mg every 8 hours, Brinzolamide 500mg before meals, Acetaminophen 500mg before meals, Caffeine 75mg after meals.","['Moxidectin', 'Brinzolamide', 'Acetaminophen', 'Caffeine']",1,2,metabolism,"patient: 55f. drugs: moxidectin 100mg every 8 hours, brinzolamide 500mg before meals, acetaminophen 500mg before meals, caffeine 75mg after meals.","['patient', '55f', 'drugs', 'moxidectin', '100', 'mg', '8', 'hours', 'brinzolamide', '500', 'mg', 'meals', 'acetaminophen', '500', 'mg', 'meals', 'caffeine', '75', 'mg', 'meals']",20
"Patient: 28F. Drugs: Betamethasone 25mg every 6 hours, Phenylbutyric acid 50mg every 6 hours.","['Betamethasone', 'Phenylbutyric acid']",1,1,therapeutic efficacy,"patient: 28f. drugs: betamethasone 25mg every 6 hours, phenylbutyric acid 50mg every 6 hours.","['patient', '28f', 'drugs', 'betamethasone', '25', 'mg', '6', 'hours', 'phenylbutyric', 'acid', '50', 'mg', '6', 'hours']",14
"Patient: 60F. Drugs: Etacrynic acid, Dexbrompheniramine, Trolamine salicylate 200mg three times daily, Temsirolimus 50mg once daily.","['Etacrynic acid', 'Dexbrompheniramine', 'Trolamine salicylate', 'Temsirolimus']",1,1,therapeutic efficacy,"patient: 60f. drugs: etacrynic acid, dexbrompheniramine, trolamine salicylate 200mg three times daily, temsirolimus 50mg once daily.","['patient', '60f', 'drugs', 'etacrynic', 'acid', 'dexbrompheniramine', 'trolamine', 'salicylate', '200', 'mg', 'times', 'daily', 'temsirolimus', '50', 'mg', 'daily']",16
"Patient: 75M. Drugs: Doxylamine 50mg every 12 hours, Paritaprevir 200mg every 12 hours, Stavudine 100mg three times daily, Lumefantrine 25mg as needed.","['Doxylamine', 'Paritaprevir', 'Stavudine', 'Lumefantrine']",0,0,none,"patient: 75m. drugs: doxylamine 50mg every 12 hours, paritaprevir 200mg every 12 hours, stavudine 100mg three times daily, lumefantrine 25mg as needed.","['patient', '75', 'm.', 'drugs', 'doxylamine', '50', 'mg', '12', 'hours', 'paritaprevir', '200', 'mg', '12', 'hours', 'stavudine', '100', 'mg', 'times', 'daily', 'lumefantrine', '25', 'mg', 'needed']",23
"Patient: 55F. Drugs: Nicotine 25mg every 6 hours, Paliperidone.","['Nicotine', 'Paliperidone']",0,0,none,"patient: 55f. drugs: nicotine 25mg every 6 hours, paliperidone.","['patient', '55f', 'drugs', 'nicotine', '25', 'mg', '6', 'hours', 'paliperidone']",9
"Patient: 60F. Drugs: Sodium Citrate, Zaltoprofen, Cariprazine 500mg twice daily.","['Sodium Citrate', 'Zaltoprofen', 'Cariprazine']",1,2,anticoagulant activities,"patient: 60f. drugs: sodium citrate, zaltoprofen, cariprazine 500mg twice daily.","['patient', '60f', 'drugs', 'sodium', 'citrate', 'zaltoprofen', 'cariprazine', '500', 'mg', 'twice', 'daily']",11
"Patient: 52M. Drugs: Procarbazine 200mg every 12 hours, Mivacurium 75mg every 8 hours, Amikacin 25mg once daily.","['Procarbazine', 'Mivacurium', 'Amikacin']",1,3,respiratory depressant activities,"patient: 52m. drugs: procarbazine 200mg every 12 hours, mivacurium 75mg every 8 hours, amikacin 25mg once daily.","['patient', '52', 'm.', 'drugs', 'procarbazine', '200', 'mg', '12', 'hours', 'mivacurium', '75', 'mg', '8', 'hours', 'amikacin', '25', 'mg', 'daily']",18
"Patient: 75M. Drugs: Ethotoin 50mg every 8 hours, Halazepam 25mg as needed, Sevelamer 100mg three times daily.","['Ethotoin', 'Halazepam', 'Sevelamer']",1,3,risk or severity of adverse effects,"patient: 75m. drugs: ethotoin 50mg every 8 hours, halazepam 25mg as needed, sevelamer 100mg three times daily.","['patient', '75', 'm.', 'drugs', 'ethotoin', '50', 'mg', '8', 'hours', 'halazepam', '25', 'mg', 'needed', 'sevelamer', '100', 'mg', 'times', 'daily']",18
"Patient: 30M. Drugs: Eprosartan 500mg twice daily, Nitrous acid 50mg after meals, Levonorgestrel 200mg before meals.","['Eprosartan', 'Nitrous acid', 'Levonorgestrel']",1,3,risk or severity of adverse effects,"patient: 30m. drugs: eprosartan 500mg twice daily, nitrous acid 50mg after meals, levonorgestrel 200mg before meals.","['patient', '30', 'm.', 'drugs', 'eprosartan', '500', 'mg', 'twice', 'daily', 'nitrous', 'acid', '50', 'mg', 'meals', 'levonorgestrel', '200', 'mg', 'meals']",18
"Patient: 60F. Drugs: Fluvoxamine, Lurasidone 500mg twice daily.","['Fluvoxamine', 'Lurasidone']",1,2,serum concentration,"patient: 60f. drugs: fluvoxamine, lurasidone 500mg twice daily.","['patient', '60f', 'drugs', 'fluvoxamine', 'lurasidone', '500', 'mg', 'twice', 'daily']",9
"Patient: 55F. Drugs: Chloroquine, Ximelagatran 25mg as needed.","['Chloroquine', 'Ximelagatran']",1,2,anticoagulant activities,"patient: 55f. drugs: chloroquine, ximelagatran 25mg as needed.","['patient', '55f', 'drugs', 'chloroquine', 'ximelagatran', '25', 'mg', 'needed']",8
"Patient: 55F. Drugs: Fenbufen 500mg as needed, Alclofenac, Famciclovir 500mg as needed.","['Fenbufen', 'Alclofenac', 'Famciclovir']",1,3,risk or severity of adverse effects,"patient: 55f. drugs: fenbufen 500mg as needed, alclofenac, famciclovir 500mg as needed.","['patient', '55f', 'drugs', 'fenbufen', '500', 'mg', 'needed', 'alclofenac', 'famciclovir', '500', 'mg', 'needed']",12
"Patient: 48F. Drugs: Labetalol 25mg before meals, Protokylol 200mg every 12 hours, Floxuridine 25mg once daily.","['Labetalol', 'Protokylol', 'Floxuridine']",1,2,vasoconstricting activities,"patient: 48f. drugs: labetalol 25mg before meals, protokylol 200mg every 12 hours, floxuridine 25mg once daily.","['patient', '48f', 'drugs', 'labetalol', '25', 'mg', 'meals', 'protokylol', '200', 'mg', '12', 'hours', 'floxuridine', '25', 'mg', 'daily']",16
"Patient: 45F. Drugs: Furosemide, Oxymorphone 25mg every 8 hours.","['Furosemide', 'Oxymorphone']",1,3,risk or severity of adverse effects,"patient: 45f. drugs: furosemide, oxymorphone 25mg every 8 hours.","['patient', '45f', 'drugs', 'furosemide', 'oxymorphone', '25', 'mg', '8', 'hours']",9
"Patient: 40M. Drugs: Cinitapride, Mefloquine, Benzylpenicilloyl Polylysine, Potassium 75mg after meals.","['Cinitapride', 'Mefloquine', 'Benzylpenicilloyl Polylysine', 'Potassium']",0,0,none,"patient: 40m. drugs: cinitapride, mefloquine, benzylpenicilloyl polylysine, potassium 75mg after meals.","['patient', '40', 'm.', 'drugs', 'cinitapride', 'mefloquine', 'benzylpenicilloyl', 'polylysine', 'potassium', '75', 'mg', 'meals']",12
"Patient: 25F. Drugs: Nilotinib 75mg before meals, Empagliflozin 75mg every 6 hours, Thiabendazole 200mg twice daily.","['Nilotinib', 'Empagliflozin', 'Thiabendazole']",1,1,therapeutic efficacy,"patient: 25f. drugs: nilotinib 75mg before meals, empagliflozin 75mg every 6 hours, thiabendazole 200mg twice daily.","['patient', '25f', 'drugs', 'nilotinib', '75', 'mg', 'meals', 'empagliflozin', '75', 'mg', '6', 'hours', 'thiabendazole', '200', 'mg', 'twice', 'daily']",17
"Patient: 62M. Drugs: Salicylic acid, Tafenoquine 50mg before meals, Bumetanide 100mg as needed.","['Salicylic acid', 'Tafenoquine', 'Bumetanide']",1,1,therapeutic efficacy,"patient: 62m. drugs: salicylic acid, tafenoquine 50mg before meals, bumetanide 100mg as needed.","['patient', '62', 'm.', 'drugs', 'salicylic', 'acid', 'tafenoquine', '50', 'mg', 'meals', 'bumetanide', '100', 'mg', 'needed']",14
"Patient: 75M. Drugs: Penbutolol 25mg after meals, Procaterol 25mg before meals, Procaine 500mg before meals.","['Penbutolol', 'Procaterol', 'Procaine']",1,1,bronchodilatory activities,"patient: 75m. drugs: penbutolol 25mg after meals, procaterol 25mg before meals, procaine 500mg before meals.","['patient', '75', 'm.', 'drugs', 'penbutolol', '25', 'mg', 'meals', 'procaterol', '25', 'mg', 'meals', 'procaine', '500', 'mg', 'meals']",16
"Patient: 52M. Drugs: Dydrogesterone 100mg every 12 hours, Phenprocoumon 200mg every 8 hours.","['Dydrogesterone', 'Phenprocoumon']",1,1,therapeutic efficacy,"patient: 52m. drugs: dydrogesterone 100mg every 12 hours, phenprocoumon 200mg every 8 hours.","['patient', '52', 'm.', 'drugs', 'dydrogesterone', '100', 'mg', '12', 'hours', 'phenprocoumon', '200', 'mg', '8', 'hours']",14
"Patient: 52M. Drugs: Dydrogesterone 100mg every 12 hours, Phenprocoumon 200mg every 8 hours.","['Dydrogesterone', 'Phenprocoumon']",1,1,therapeutic efficacy,"patient: 52m. drugs: dydrogesterone 100mg every 12 hours, phenprocoumon 200mg every 8 hours.","['patient', '52', 'm.', 'drugs', 'dydrogesterone', '100', 'mg', '12', 'hours', 'phenprocoumon', '200', 'mg', '8', 'hours']",14
"Patient: 28F. Drugs: Ziprasidone 200mg before meals, Flunitrazepam 25mg every 12 hours.","['Ziprasidone', 'Flunitrazepam']",1,2,metabolism,"patient: 28f. drugs: ziprasidone 200mg before meals, flunitrazepam 25mg every 12 hours.","['patient', '28f', 'drugs', 'ziprasidone', '200', 'mg', 'meals', 'flunitrazepam', '25', 'mg', '12', 'hours']",12
"Patient: 40M. Drugs: Metixene, Sulfapyridine 25mg as needed.","['Metixene', 'Sulfapyridine']",0,0,none,"patient: 40m. drugs: metixene, sulfapyridine 25mg as needed.","['patient', '40', 'm.', 'drugs', 'metixene', 'sulfapyridine', '25', 'mg', 'needed']",9
"Patient: 55F. Drugs: Tegafur 500mg every 6 hours, Calcium levulinate 25mg three times daily, Clobetasol propionate 50mg every 6 hours, Felodipine.","['Tegafur', 'Calcium levulinate', 'Clobetasol propionate', 'Felodipine']",1,1,therapeutic efficacy,"patient: 55f. drugs: tegafur 500mg every 6 hours, calcium levulinate 25mg three times daily, clobetasol propionate 50mg every 6 hours, felodipine.","['patient', '55f', 'drugs', 'tegafur', '500', 'mg', '6', 'hours', 'calcium', 'levulinate', '25', 'mg', 'times', 'daily', 'clobetasol', 'propionate', '50', 'mg', '6', 'hours', 'felodipine']",21
"Patient: 35F. Drugs: Amitriptyline 25mg after meals, Benzocaine 500mg twice daily.","['Amitriptyline', 'Benzocaine']",1,3,risk or severity of adverse effects,"patient: 35f. drugs: amitriptyline 25mg after meals, benzocaine 500mg twice daily.","['patient', '35f', 'drugs', 'amitriptyline', '25', 'mg', 'meals', 'benzocaine', '500', 'mg', 'twice', 'daily']",12
"Patient: 55F. Drugs: Levofloxacin, Edoxaban 50mg twice daily.","['Levofloxacin', 'Edoxaban']",1,2,serum concentration,"patient: 55f. drugs: levofloxacin, edoxaban 50mg twice daily.","['patient', '55f', 'drugs', 'levofloxacin', 'edoxaban', '50', 'mg', 'twice', 'daily']",9
"Patient: 30M. Drugs: Flurbiprofen 25mg after meals, Iopromide.","['Flurbiprofen', 'Iopromide']",0,0,none,"patient: 30m. drugs: flurbiprofen 25mg after meals, iopromide.","['patient', '30', 'm.', 'drugs', 'flurbiprofen', '25', 'mg', 'meals', 'iopromide']",9
"Patient: 70F. Drugs: Enflurane, Cefapirin 50mg three times daily.","['Enflurane', 'Cefapirin']",0,0,none,"patient: 70f. drugs: enflurane, cefapirin 50mg three times daily.","['patient', '70f', 'drugs', 'enflurane', 'cefapirin', '50', 'mg', 'times', 'daily']",9
"Patient: 35F. Drugs: Midecamycin 100mg twice daily, Dienestrol.","['Midecamycin', 'Dienestrol']",0,0,none,"patient: 35f. drugs: midecamycin 100mg twice daily, dienestrol.","['patient', '35f', 'drugs', 'midecamycin', '100', 'mg', 'twice', 'daily', 'dienestrol']",9
"Patient: 60F. Drugs: Guanethidine 200mg after meals, Rilmenidine, Nalorphine 25mg once daily.","['Guanethidine', 'Rilmenidine', 'Nalorphine']",1,2,hypotensive activities,"patient: 60f. drugs: guanethidine 200mg after meals, rilmenidine, nalorphine 25mg once daily.","['patient', '60f', 'drugs', 'guanethidine', '200', 'mg', 'meals', 'rilmenidine', 'nalorphine', '25', 'mg', 'daily']",12
"Patient: 28F. Drugs: Pyridostigmine 200mg every 6 hours, Flavoxate 25mg three times daily.","['Pyridostigmine', 'Flavoxate']",1,1,therapeutic efficacy,"patient: 28f. drugs: pyridostigmine 200mg every 6 hours, flavoxate 25mg three times daily.","['patient', '28f', 'drugs', 'pyridostigmine', '200', 'mg', '6', 'hours', 'flavoxate', '25', 'mg', 'times', 'daily']",13
"Patient: 35F. Drugs: Clomocycline, Bicalutamide, Betrixaban, Deferasirox.","['Clomocycline', 'Bicalutamide', 'Betrixaban', 'Deferasirox']",1,2,serum concentration,"patient: 35f. drugs: clomocycline, bicalutamide, betrixaban, deferasirox.","['patient', '35f', 'drugs', 'clomocycline', 'bicalutamide', 'betrixaban', 'deferasirox']",7
"Patient: 60F. Drugs: Magnesium sulfate 200mg as needed, Tioconazole.","['Magnesium sulfate', 'Tioconazole']",1,1,therapeutic efficacy,"patient: 60f. drugs: magnesium sulfate 200mg as needed, tioconazole.","['patient', '60f', 'drugs', 'magnesium', 'sulfate', '200', 'mg', 'needed', 'tioconazole']",9
"Patient: 75M. Drugs: Penbutolol 25mg after meals, Procaterol 25mg before meals, Procaine 500mg before meals.","['Penbutolol', 'Procaterol', 'Procaine']",1,1,bronchodilatory activities,"patient: 75m. drugs: penbutolol 25mg after meals, procaterol 25mg before meals, procaine 500mg before meals.","['patient', '75', 'm.', 'drugs', 'penbutolol', '25', 'mg', 'meals', 'procaterol', '25', 'mg', 'meals', 'procaine', '500', 'mg', 'meals']",16
"Patient: 28F. Drugs: Clobetasol propionate 75mg once daily, Apalutamide 500mg after meals.","['Clobetasol propionate', 'Apalutamide']",1,2,serum concentration,"patient: 28f. drugs: clobetasol propionate 75mg once daily, apalutamide 500mg after meals.","['patient', '28f', 'drugs', 'clobetasol', 'propionate', '75', 'mg', 'daily', 'apalutamide', '500', 'mg', 'meals']",12
"Patient: 48F. Drugs: Clevidipine, Calcium lactate 200mg three times daily, Gallamine Triethiodide 75mg as needed.","['Clevidipine', 'Calcium lactate', 'Gallamine Triethiodide']",1,1,therapeutic efficacy,"patient: 48f. drugs: clevidipine, calcium lactate 200mg three times daily, gallamine triethiodide 75mg as needed.","['patient', '48f', 'drugs', 'clevidipine', 'calcium', 'lactate', '200', 'mg', 'times', 'daily', 'gallamine', 'triethiodide', '75', 'mg', 'needed']",15
"Patient: 45F. Drugs: Ketoprofen 500mg every 8 hours, Trichlormethiazide.","['Ketoprofen', 'Trichlormethiazide']",1,1,therapeutic efficacy,"patient: 45f. drugs: ketoprofen 500mg every 8 hours, trichlormethiazide.","['patient', '45f', 'drugs', 'ketoprofen', '500', 'mg', '8', 'hours', 'trichlormethiazide']",9
"Patient: 30M. Drugs: Chlorpropamide, Tipranavir 200mg once daily.","['Chlorpropamide', 'Tipranavir']",1,1,therapeutic efficacy,"patient: 30m. drugs: chlorpropamide, tipranavir 200mg once daily.","['patient', '30', 'm.', 'drugs', 'chlorpropamide', 'tipranavir', '200', 'mg', 'daily']",9
"Patient: 35F. Drugs: Chlorothiazide 100mg three times daily, Choline magnesium trisalicylate, Nitroglycerin 75mg every 12 hours.","['Chlorothiazide', 'Choline magnesium trisalicylate', 'Nitroglycerin']",1,1,therapeutic efficacy,"patient: 35f. drugs: chlorothiazide 100mg three times daily, choline magnesium trisalicylate, nitroglycerin 75mg every 12 hours.","['patient', '35f', 'drugs', 'chlorothiazide', '100', 'mg', 'times', 'daily', 'choline', 'magnesium', 'trisalicylate', 'nitroglycerin', '75', 'mg', '12', 'hours']",16
"Patient: 52M. Drugs: Rifampicin 25mg after meals, Fluocinonide, Hydroxyamphetamine 500mg before meals.","['Rifampicin', 'Fluocinonide', 'Hydroxyamphetamine']",1,2,serum concentration,"patient: 52m. drugs: rifampicin 25mg after meals, fluocinonide, hydroxyamphetamine 500mg before meals.","['patient', '52', 'm.', 'drugs', 'rifampicin', '25', 'mg', 'meals', 'fluocinonide', 'hydroxyamphetamine', '500', 'mg', 'meals']",13
"Patient: 70F. Drugs: Amiodarone, Sertaconazole.","['Amiodarone', 'Sertaconazole']",1,1,therapeutic efficacy,"patient: 70f. drugs: amiodarone, sertaconazole.","['patient', '70f', 'drugs', 'amiodarone', 'sertaconazole']",5
"Patient: 75M. Drugs: Sunitinib 75mg twice daily, Encainide, Deferiprone 50mg every 8 hours.","['Sunitinib', 'Encainide', 'Deferiprone']",0,0,none,"patient: 75m. drugs: sunitinib 75mg twice daily, encainide, deferiprone 50mg every 8 hours.","['patient', '75', 'm.', 'drugs', 'sunitinib', '75', 'mg', 'twice', 'daily', 'encainide', 'deferiprone', '50', 'mg', '8', 'hours']",15
"Patient: 40M. Drugs: Meclofenamic acid 75mg every 12 hours, Pirfenidone 200mg twice daily, Amodiaquine 200mg every 8 hours.","['Meclofenamic acid', 'Pirfenidone', 'Amodiaquine']",1,3,risk or severity of adverse effects,"patient: 40m. drugs: meclofenamic acid 75mg every 12 hours, pirfenidone 200mg twice daily, amodiaquine 200mg every 8 hours.","['patient', '40', 'm.', 'drugs', 'meclofenamic', 'acid', '75', 'mg', '12', 'hours', 'pirfenidone', '200', 'mg', 'twice', 'daily', 'amodiaquine', '200', 'mg', '8', 'hours']",20
"Patient: 28F. Drugs: Quazepam 50mg as needed, Diflorasone.","['Quazepam', 'Diflorasone']",0,0,none,"patient: 28f. drugs: quazepam 50mg as needed, diflorasone.","['patient', '28f', 'drugs', 'quazepam', '50', 'mg', 'needed', 'diflorasone']",8
"Patient: 48F. Drugs: Etoricoxib 50mg before meals, Piretanide 50mg after meals, Potassium Iodide 500mg every 6 hours.","['Etoricoxib', 'Piretanide', 'Potassium Iodide']",1,1,therapeutic efficacy,"patient: 48f. drugs: etoricoxib 50mg before meals, piretanide 50mg after meals, potassium iodide 500mg every 6 hours.","['patient', '48f', 'drugs', 'etoricoxib', '50', 'mg', 'meals', 'piretanide', '50', 'mg', 'meals', 'potassium', 'iodide', '500', 'mg', '6', 'hours']",17
"Patient: 75M. Drugs: Tropisetron, Zuclopenthixol 200mg every 6 hours, Dicoumarol 25mg three times daily, Avibactam 50mg as needed.","['Tropisetron', 'Zuclopenthixol', 'Dicoumarol', 'Avibactam']",0,0,none,"patient: 75m. drugs: tropisetron, zuclopenthixol 200mg every 6 hours, dicoumarol 25mg three times daily, avibactam 50mg as needed.","['patient', '75', 'm.', 'drugs', 'tropisetron', 'zuclopenthixol', '200', 'mg', '6', 'hours', 'dicoumarol', '25', 'mg', 'times', 'daily', 'avibactam', '50', 'mg', 'needed']",19
"Patient: 33M. Drugs: Citalopram 200mg as needed, Pramlintide 25mg three times daily.","['Citalopram', 'Pramlintide']",1,2,hypoglycemic activities,"patient: 33m. drugs: citalopram 200mg as needed, pramlintide 25mg three times daily.","['patient', '33', 'm.', 'drugs', 'citalopram', '200', 'mg', 'needed', 'pramlintide', '25', 'mg', 'times', 'daily']",13
"Patient: 70F. Drugs: Mitomycin 75mg three times daily, Vinflunine 500mg three times daily.","['Mitomycin', 'Vinflunine']",1,3,risk or severity of adverse effects,"patient: 70f. drugs: mitomycin 75mg three times daily, vinflunine 500mg three times daily.","['patient', '70f', 'drugs', 'mitomycin', '75', 'mg', 'times', 'daily', 'vinflunine', '500', 'mg', 'times', 'daily']",13
"Patient: 28F. Drugs: Etofibrate 100mg every 8 hours, Sulindac 100mg before meals, Capsaicin 75mg every 6 hours, Methoxamine 50mg as needed.","['Etofibrate', 'Sulindac', 'Capsaicin', 'Methoxamine']",1,3,risk or severity of adverse effects,"patient: 28f. drugs: etofibrate 100mg every 8 hours, sulindac 100mg before meals, capsaicin 75mg every 6 hours, methoxamine 50mg as needed.","['patient', '28f', 'drugs', 'etofibrate', '100', 'mg', '8', 'hours', 'sulindac', '100', 'mg', 'meals', 'capsaicin', '75', 'mg', '6', 'hours', 'methoxamine', '50', 'mg', 'needed']",21
"Patient: 70F. Drugs: Furosemide, Etofenamate 200mg every 8 hours.","['Furosemide', 'Etofenamate']",1,1,therapeutic efficacy,"patient: 70f. drugs: furosemide, etofenamate 200mg every 8 hours.","['patient', '70f', 'drugs', 'furosemide', 'etofenamate', '200', 'mg', '8', 'hours']",9
"Patient: 58M. Drugs: Ambroxol 25mg every 8 hours, Hydrochlorothiazide 200mg every 12 hours.","['Ambroxol', 'Hydrochlorothiazide']",0,0,none,"patient: 58m. drugs: ambroxol 25mg every 8 hours, hydrochlorothiazide 200mg every 12 hours.","['patient', '58', 'm.', 'drugs', 'ambroxol', '25', 'mg', '8', 'hours', 'hydrochlorothiazide', '200', 'mg', '12', 'hours']",14
"Patient: 60F. Drugs: Enalaprilat 100mg once daily, Itraconazole.","['Enalaprilat', 'Itraconazole']",0,0,none,"patient: 60f. drugs: enalaprilat 100mg once daily, itraconazole.","['patient', '60f', 'drugs', 'enalaprilat', '100', 'mg', 'daily', 'itraconazole']",8
"Patient: 55F. Drugs: Desflurane 500mg three times daily, Fludiazepam 200mg after meals, Oxiconazole 100mg once daily.","['Desflurane', 'Fludiazepam', 'Oxiconazole']",1,3,risk or severity of adverse effects,"patient: 55f. drugs: desflurane 500mg three times daily, fludiazepam 200mg after meals, oxiconazole 100mg once daily.","['patient', '55f', 'drugs', 'desflurane', '500', 'mg', 'times', 'daily', 'fludiazepam', '200', 'mg', 'meals', 'oxiconazole', '100', 'mg', 'daily']",16
"Patient: 75M. Drugs: Desoximetasone 100mg every 6 hours, Bosutinib 75mg after meals.","['Desoximetasone', 'Bosutinib']",0,0,none,"patient: 75m. drugs: desoximetasone 100mg every 6 hours, bosutinib 75mg after meals.","['patient', '75', 'm.', 'drugs', 'desoximetasone', '100', 'mg', '6', 'hours', 'bosutinib', '75', 'mg', 'meals']",13
"Patient: 60F. Drugs: Pizotifen 50mg before meals, Stiripentol.","['Pizotifen', 'Stiripentol']",1,3,risk or severity of adverse effects,"patient: 60f. drugs: pizotifen 50mg before meals, stiripentol.","['patient', '60f', 'drugs', 'pizotifen', '50', 'mg', 'meals', 'stiripentol']",8
"Patient: 33M. Drugs: Chloroxine, Efonidipine 25mg three times daily.","['Chloroxine', 'Efonidipine']",1,1,therapeutic efficacy,"patient: 33m. drugs: chloroxine, efonidipine 25mg three times daily.","['patient', '33', 'm.', 'drugs', 'chloroxine', 'efonidipine', '25', 'mg', 'times', 'daily']",10
"Patient: 62M. Drugs: Tolvaptan, Silver sulfadiazine 25mg three times daily.","['Tolvaptan', 'Silver sulfadiazine']",0,0,none,"patient: 62m. drugs: tolvaptan, silver sulfadiazine 25mg three times daily.","['patient', '62', 'm.', 'drugs', 'tolvaptan', 'silver', 'sulfadiazine', '25', 'mg', 'times', 'daily']",11
"Patient: 40M. Drugs: Sildenafil 500mg every 12 hours, Atazanavir, Pamidronate.","['Sildenafil', 'Atazanavir', 'Pamidronate']",1,2,serum concentration,"patient: 40m. drugs: sildenafil 500mg every 12 hours, atazanavir, pamidronate.","['patient', '40', 'm.', 'drugs', 'sildenafil', '500', 'mg', '12', 'hours', 'atazanavir', 'pamidronate']",11
"Patient: 55F. Drugs: Rofecoxib 100mg three times daily, Resveratrol 75mg as needed, Fulvestrant 75mg every 8 hours.","['Rofecoxib', 'Resveratrol', 'Fulvestrant']",1,3,risk or severity of adverse effects,"patient: 55f. drugs: rofecoxib 100mg three times daily, resveratrol 75mg as needed, fulvestrant 75mg every 8 hours.","['patient', '55f', 'drugs', 'rofecoxib', '100', 'mg', 'times', 'daily', 'resveratrol', '75', 'mg', 'needed', 'fulvestrant', '75', 'mg', '8', 'hours']",17
"Patient: 30M. Drugs: Prasterone 100mg twice daily, Tromethamine.","['Prasterone', 'Tromethamine']",1,2,bioavailability,"patient: 30m. drugs: prasterone 100mg twice daily, tromethamine.","['patient', '30', 'm.', 'drugs', 'prasterone', '100', 'mg', 'twice', 'daily', 'tromethamine']",10
"Patient: 68M. Drugs: Phenobarbital, Nabiximols.","['Phenobarbital', 'Nabiximols']",1,2,metabolism,"patient: 68m. drugs: phenobarbital, nabiximols.","['patient', '68', 'm.', 'drugs', 'phenobarbital', 'nabiximols']",6
"Patient: 55F. Drugs: Canrenoic acid, Pazopanib 500mg three times daily, Prilocaine 50mg every 12 hours.","['Canrenoic acid', 'Pazopanib', 'Prilocaine']",0,0,none,"patient: 55f. drugs: canrenoic acid, pazopanib 500mg three times daily, prilocaine 50mg every 12 hours.","['patient', '55f', 'drugs', 'canrenoic', 'acid', 'pazopanib', '500', 'mg', 'times', 'daily', 'prilocaine', '50', 'mg', '12', 'hours']",15
"Patient: 45F. Drugs: Dofetilide 200mg every 12 hours, Citalopram 200mg every 8 hours.","['Dofetilide', 'Citalopram']",1,3,risk or severity of QTc prolongation,"patient: 45f. drugs: dofetilide 200mg every 12 hours, citalopram 200mg every 8 hours.","['patient', '45f', 'drugs', 'dofetilide', '200', 'mg', '12', 'hours', 'citalopram', '200', 'mg', '8', 'hours']",13
"Patient: 55F. Drugs: Sirolimus 500mg before meals, Dabrafenib 50mg every 6 hours, Stiripentol 50mg twice daily.","['Sirolimus', 'Dabrafenib', 'Stiripentol']",1,2,serum concentration,"patient: 55f. drugs: sirolimus 500mg before meals, dabrafenib 50mg every 6 hours, stiripentol 50mg twice daily.","['patient', '55f', 'drugs', 'sirolimus', '500', 'mg', 'meals', 'dabrafenib', '50', 'mg', '6', 'hours', 'stiripentol', '50', 'mg', 'twice', 'daily']",17
"Patient: 40M. Drugs: Idelalisib, Stepronin 500mg as needed, Uracil mustard 50mg three times daily.","['Idelalisib', 'Stepronin', 'Uracil mustard']",0,0,none,"patient: 40m. drugs: idelalisib, stepronin 500mg as needed, uracil mustard 50mg three times daily.","['patient', '40', 'm.', 'drugs', 'idelalisib', 'stepronin', '500', 'mg', 'needed', 'uracil', 'mustard', '50', 'mg', 'times', 'daily']",15
"Patient: 28F. Drugs: Trospium 75mg as needed, Avanafil 100mg every 8 hours.","['Trospium', 'Avanafil']",0,0,none,"patient: 28f. drugs: trospium 75mg as needed, avanafil 100mg every 8 hours.","['patient', '28f', 'drugs', 'trospium', '75', 'mg', 'needed', 'avanafil', '100', 'mg', '8', 'hours']",12
"Patient: 75M. Drugs: Ximelagatran 25mg once daily, Propacetamol, Tiotropium 50mg after meals.","['Ximelagatran', 'Propacetamol', 'Tiotropium']",1,2,anticoagulant activities,"patient: 75m. drugs: ximelagatran 25mg once daily, propacetamol, tiotropium 50mg after meals.","['patient', '75', 'm.', 'drugs', 'ximelagatran', '25', 'mg', 'daily', 'propacetamol', 'tiotropium', '50', 'mg', 'meals']",13
"Patient: 25F. Drugs: Tramadol 75mg every 12 hours, Pseudoephedrine, Sodium oxybate.","['Tramadol', 'Pseudoephedrine', 'Sodium oxybate']",1,1,analgesic activities,"patient: 25f. drugs: tramadol 75mg every 12 hours, pseudoephedrine, sodium oxybate.","['patient', '25f', 'drugs', 'tramadol', '75', 'mg', '12', 'hours', 'pseudoephedrine', 'sodium', 'oxybate']",11
"Patient: 45F. Drugs: Droperidol 25mg once daily, Levobupivacaine 50mg as needed.","['Droperidol', 'Levobupivacaine']",1,2,central nervous system depressant (CNS depressant) activities,"patient: 45f. drugs: droperidol 25mg once daily, levobupivacaine 50mg as needed.","['patient', '45f', 'drugs', 'droperidol', '25', 'mg', 'daily', 'levobupivacaine', '50', 'mg', 'needed']",11
"Patient: 75M. Drugs: Levothyroxine 25mg every 8 hours, Trimebutine, Tafluprost.","['Levothyroxine', 'Trimebutine', 'Tafluprost']",0,0,none,"patient: 75m. drugs: levothyroxine 25mg every 8 hours, trimebutine, tafluprost.","['patient', '75', 'm.', 'drugs', 'levothyroxine', '25', 'mg', '8', 'hours', 'trimebutine', 'tafluprost']",11
"Patient: 48F. Drugs: Ioxilan 25mg every 8 hours, Bethanechol, Calcitriol 500mg once daily.","['Ioxilan', 'Bethanechol', 'Calcitriol']",0,0,none,"patient: 48f. drugs: ioxilan 25mg every 8 hours, bethanechol, calcitriol 500mg once daily.","['patient', '48f', 'drugs', 'ioxilan', '25', 'mg', '8', 'hours', 'bethanechol', 'calcitriol', '500', 'mg', 'daily']",13
"Patient: 75M. Drugs: Clorazepate 50mg every 6 hours, Fluciclovine (18F).","['Clorazepate', 'Fluciclovine (18F)']",0,0,none,"patient: 75m. drugs: clorazepate 50mg every 6 hours, fluciclovine 18f.","['patient', '75', 'm.', 'drugs', 'clorazepate', '50', 'mg', '6', 'hours', 'fluciclovine', '18f']",11
"Patient: 25F. Drugs: Nicardipine 500mg every 6 hours, Carbetocin, Perampanel 50mg once daily.","['Nicardipine', 'Carbetocin', 'Perampanel']",1,3,risk or severity of adverse effects,"patient: 25f. drugs: nicardipine 500mg every 6 hours, carbetocin, perampanel 50mg once daily.","['patient', '25f', 'drugs', 'nicardipine', '500', 'mg', '6', 'hours', 'carbetocin', 'perampanel', '50', 'mg', 'daily']",13
"Patient: 62M. Drugs: Amobarbital 500mg once daily, Flutamide 25mg every 12 hours.","['Amobarbital', 'Flutamide']",0,0,none,"patient: 62m. drugs: amobarbital 500mg once daily, flutamide 25mg every 12 hours.","['patient', '62', 'm.', 'drugs', 'amobarbital', '500', 'mg', 'daily', 'flutamide', '25', 'mg', '12', 'hours']",13
"Patient: 58M. Drugs: Tenoxicam 100mg every 8 hours, Tranilast, Hydroxyamphetamine 75mg once daily.","['Tenoxicam', 'Tranilast', 'Hydroxyamphetamine']",1,3,risk or severity of adverse effects,"patient: 58m. drugs: tenoxicam 100mg every 8 hours, tranilast, hydroxyamphetamine 75mg once daily.","['patient', '58', 'm.', 'drugs', 'tenoxicam', '100', 'mg', '8', 'hours', 'tranilast', 'hydroxyamphetamine', '75', 'mg', 'daily']",14
"Patient: 40M. Drugs: Timolol, Phenylpropanolamine 75mg every 6 hours.","['Timolol', 'Phenylpropanolamine']",1,1,bronchodilatory activities,"patient: 40m. drugs: timolol, phenylpropanolamine 75mg every 6 hours.","['patient', '40', 'm.', 'drugs', 'timolol', 'phenylpropanolamine', '75', 'mg', '6', 'hours']",10
"Patient: 45F. Drugs: Azithromycin, Sertraline, Oxiconazole 25mg after meals.","['Azithromycin', 'Sertraline', 'Oxiconazole']",1,2,metabolism,"patient: 45f. drugs: azithromycin, sertraline, oxiconazole 25mg after meals.","['patient', '45f', 'drugs', 'azithromycin', 'sertraline', 'oxiconazole', '25', 'mg', 'meals']",9
"Patient: 60F. Drugs: Oxprenolol 75mg every 8 hours, Toloxatone 100mg every 8 hours.","['Oxprenolol', 'Toloxatone']",1,2,hypotensive activities,"patient: 60f. drugs: oxprenolol 75mg every 8 hours, toloxatone 100mg every 8 hours.","['patient', '60f', 'drugs', 'oxprenolol', '75', 'mg', '8', 'hours', 'toloxatone', '100', 'mg', '8', 'hours']",13
"Patient: 58M. Drugs: Carbocisteine, Cinchocaine 50mg as needed, Bepotastine 25mg three times daily, Chlordiazepoxide 25mg as needed.","['Carbocisteine', 'Cinchocaine', 'Bepotastine', 'Chlordiazepoxide']",1,3,risk or severity of adverse effects,"patient: 58m. drugs: carbocisteine, cinchocaine 50mg as needed, bepotastine 25mg three times daily, chlordiazepoxide 25mg as needed.","['patient', '58', 'm.', 'drugs', 'carbocisteine', 'cinchocaine', '50', 'mg', 'needed', 'bepotastine', '25', 'mg', 'times', 'daily', 'chlordiazepoxide', '25', 'mg', 'needed']",18
"Patient: 68M. Drugs: Risperidone 50mg as needed, Phenoxyethanol, Ketotifen.","['Risperidone', 'Phenoxyethanol', 'Ketotifen']",1,3,risk or severity of adverse effects,"patient: 68m. drugs: risperidone 50mg as needed, phenoxyethanol, ketotifen.","['patient', '68', 'm.', 'drugs', 'risperidone', '50', 'mg', 'needed', 'phenoxyethanol', 'ketotifen']",10
"Patient: 58M. Drugs: Hydroxyprogesterone caproate 200mg every 8 hours, Luliconazole 25mg once daily.","['Hydroxyprogesterone caproate', 'Luliconazole']",1,2,serum concentration,"patient: 58m. drugs: hydroxyprogesterone caproate 200mg every 8 hours, luliconazole 25mg once daily.","['patient', '58', 'm.', 'drugs', 'hydroxyprogesterone', 'caproate', '200', 'mg', '8', 'hours', 'luliconazole', '25', 'mg', 'daily']",14
"Patient: 40M. Drugs: Valproic Acid 200mg as needed, Zotepine 500mg every 12 hours, Dinoprostone 50mg after meals.","['Valproic Acid', 'Zotepine', 'Dinoprostone']",1,3,risk or severity of adverse effects,"patient: 40m. drugs: valproic acid 200mg as needed, zotepine 500mg every 12 hours, dinoprostone 50mg after meals.","['patient', '40', 'm.', 'drugs', 'valproic', 'acid', '200', 'mg', 'needed', 'zotepine', '500', 'mg', '12', 'hours', 'dinoprostone', '50', 'mg', 'meals']",18
"Patient: 33M. Drugs: Chloroxine, Efonidipine 25mg three times daily.","['Chloroxine', 'Efonidipine']",1,1,therapeutic efficacy,"patient: 33m. drugs: chloroxine, efonidipine 25mg three times daily.","['patient', '33', 'm.', 'drugs', 'chloroxine', 'efonidipine', '25', 'mg', 'times', 'daily']",10
"Patient: 33M. Drugs: Nabumetone 75mg as needed, Tolfenamic Acid 75mg every 6 hours.","['Nabumetone', 'Tolfenamic Acid']",1,3,risk or severity of adverse effects,"patient: 33m. drugs: nabumetone 75mg as needed, tolfenamic acid 75mg every 6 hours.","['patient', '33', 'm.', 'drugs', 'nabumetone', '75', 'mg', 'needed', 'tolfenamic', 'acid', '75', 'mg', '6', 'hours']",14
"Patient: 48F. Drugs: Hexobarbital, Ifenprodil 500mg as needed, Mitiglinide, Medroxyprogesterone acetate 50mg once daily.","['Hexobarbital', 'Ifenprodil', 'Mitiglinide', 'Medroxyprogesterone acetate']",1,1,therapeutic efficacy,"patient: 48f. drugs: hexobarbital, ifenprodil 500mg as needed, mitiglinide, medroxyprogesterone acetate 50mg once daily.","['patient', '48f', 'drugs', 'hexobarbital', 'ifenprodil', '500', 'mg', 'needed', 'mitiglinide', 'medroxyprogesterone', 'acetate', '50', 'mg', 'daily']",14
"Patient: 58M. Drugs: Nitroglycerin 75mg as needed, Asunaprevir, Tripelennamine 25mg as needed, Flurandrenolide.","['Nitroglycerin', 'Asunaprevir', 'Tripelennamine', 'Flurandrenolide']",0,0,none,"patient: 58m. drugs: nitroglycerin 75mg as needed, asunaprevir, tripelennamine 25mg as needed, flurandrenolide.","['patient', '58', 'm.', 'drugs', 'nitroglycerin', '75', 'mg', 'needed', 'asunaprevir', 'tripelennamine', '25', 'mg', 'needed', 'flurandrenolide']",14
"Patient: 52M. Drugs: Mycophenolate mofetil 50mg three times daily, Kanamycin 100mg every 8 hours.","['Mycophenolate mofetil', 'Kanamycin']",1,2,excretion rate of higher serum level,"patient: 52m. drugs: mycophenolate mofetil 50mg three times daily, kanamycin 100mg every 8 hours.","['patient', '52', 'm.', 'drugs', 'mycophenolate', 'mofetil', '50', 'mg', 'times', 'daily', 'kanamycin', '100', 'mg', '8', 'hours']",15
"Patient: 58M. Drugs: Praziquantel 25mg as needed, Tapentadol 200mg before meals, Clarithromycin 25mg before meals.","['Praziquantel', 'Tapentadol', 'Clarithromycin']",1,2,metabolism,"patient: 58m. drugs: praziquantel 25mg as needed, tapentadol 200mg before meals, clarithromycin 25mg before meals.","['patient', '58', 'm.', 'drugs', 'praziquantel', '25', 'mg', 'needed', 'tapentadol', '200', 'mg', 'meals', 'clarithromycin', '25', 'mg', 'meals']",16
"Patient: 60F. Drugs: Levorphanol 500mg after meals, Flunitrazepam.","['Levorphanol', 'Flunitrazepam']",1,3,risk or severity of adverse effects,"patient: 60f. drugs: levorphanol 500mg after meals, flunitrazepam.","['patient', '60f', 'drugs', 'levorphanol', '500', 'mg', 'meals', 'flunitrazepam']",8
"Patient: 75M. Drugs: Theophylline 500mg every 12 hours, Dabigatran etexilate.","['Theophylline', 'Dabigatran etexilate']",1,2,serum concentration,"patient: 75m. drugs: theophylline 500mg every 12 hours, dabigatran etexilate.","['patient', '75', 'm.', 'drugs', 'theophylline', '500', 'mg', '12', 'hours', 'dabigatran', 'etexilate']",11
"Patient: 35F. Drugs: Rosoxacin 25mg as needed, Calcium lactate 500mg three times daily.","['Rosoxacin', 'Calcium lactate']",1,1,absorption,"patient: 35f. drugs: rosoxacin 25mg as needed, calcium lactate 500mg three times daily.","['patient', '35f', 'drugs', 'rosoxacin', '25', 'mg', 'needed', 'calcium', 'lactate', '500', 'mg', 'times', 'daily']",13
"Patient: 62M. Drugs: Docetaxel 100mg after meals, Disopyramide 75mg once daily, Eprosartan 25mg as needed.","['Docetaxel', 'Disopyramide', 'Eprosartan']",0,0,none,"patient: 62m. drugs: docetaxel 100mg after meals, disopyramide 75mg once daily, eprosartan 25mg as needed.","['patient', '62', 'm.', 'drugs', 'docetaxel', '100', 'mg', 'meals', 'disopyramide', '75', 'mg', 'daily', 'eprosartan', '25', 'mg', 'needed']",16
"Patient: 52M. Drugs: Naftifine 75mg twice daily, Apomorphine, Tranilast 100mg as needed.","['Naftifine', 'Apomorphine', 'Tranilast']",1,3,risk or severity of adverse effects,"patient: 52m. drugs: naftifine 75mg twice daily, apomorphine, tranilast 100mg as needed.","['patient', '52', 'm.', 'drugs', 'naftifine', '75', 'mg', 'twice', 'daily', 'apomorphine', 'tranilast', '100', 'mg', 'needed']",14
"Patient: 33M. Drugs: Ergotamine, Nabiximols 200mg before meals.","['Ergotamine', 'Nabiximols']",0,0,none,"patient: 33m. drugs: ergotamine, nabiximols 200mg before meals.","['patient', '33', 'm.', 'drugs', 'ergotamine', 'nabiximols', '200', 'mg', 'meals']",9
"Patient: 40M. Drugs: Etacrynic acid 25mg twice daily, Alogliptin 50mg twice daily, Fosfomycin.","['Etacrynic acid', 'Alogliptin', 'Fosfomycin']",1,1,therapeutic efficacy,"patient: 40m. drugs: etacrynic acid 25mg twice daily, alogliptin 50mg twice daily, fosfomycin.","['patient', '40', 'm.', 'drugs', 'etacrynic', 'acid', '25', 'mg', 'twice', 'daily', 'alogliptin', '50', 'mg', 'twice', 'daily', 'fosfomycin']",16
"Patient: 60F. Drugs: Zalcitabine 100mg after meals, Dronabinol 50mg after meals, Ecabet 500mg every 6 hours, Fluocinolone Acetonide 25mg as needed.","['Zalcitabine', 'Dronabinol', 'Ecabet', 'Fluocinolone Acetonide']",0,0,none,"patient: 60f. drugs: zalcitabine 100mg after meals, dronabinol 50mg after meals, ecabet 500mg every 6 hours, fluocinolone acetonide 25mg as needed.","['patient', '60f', 'drugs', 'zalcitabine', '100', 'mg', 'meals', 'dronabinol', '50', 'mg', 'meals', 'ecabet', '500', 'mg', '6', 'hours', 'fluocinolone', 'acetonide', '25', 'mg', 'needed']",21
"Patient: 62M. Drugs: Lacidipine 500mg every 12 hours, Calcium lactate 25mg once daily, Pivmecillinam 75mg as needed.","['Lacidipine', 'Calcium lactate', 'Pivmecillinam']",1,1,therapeutic efficacy,"patient: 62m. drugs: lacidipine 500mg every 12 hours, calcium lactate 25mg once daily, pivmecillinam 75mg as needed.","['patient', '62', 'm.', 'drugs', 'lacidipine', '500', 'mg', '12', 'hours', 'calcium', 'lactate', '25', 'mg', 'daily', 'pivmecillinam', '75', 'mg', 'needed']",18
"Patient: 40M. Drugs: Dihydralazine 100mg every 12 hours, Permethrin 50mg before meals, Estradiol valerate 50mg twice daily, Equilin 25mg once daily.","['Dihydralazine', 'Permethrin', 'Estradiol valerate', 'Equilin']",1,2,serum concentration,"patient: 40m. drugs: dihydralazine 100mg every 12 hours, permethrin 50mg before meals, estradiol valerate 50mg twice daily, equilin 25mg once daily.","['patient', '40', 'm.', 'drugs', 'dihydralazine', '100', 'mg', '12', 'hours', 'permethrin', '50', 'mg', 'meals', 'estradiol', 'valerate', '50', 'mg', 'twice', 'daily', 'equilin', '25', 'mg', 'daily']",23
"Patient: 45F. Drugs: Bortezomib 200mg twice daily, Nitrous acid 75mg three times daily, Ferumoxytol 500mg every 8 hours.","['Bortezomib', 'Nitrous acid', 'Ferumoxytol']",1,3,risk or severity of adverse effects,"patient: 45f. drugs: bortezomib 200mg twice daily, nitrous acid 75mg three times daily, ferumoxytol 500mg every 8 hours.","['patient', '45f', 'drugs', 'bortezomib', '200', 'mg', 'twice', 'daily', 'nitrous', 'acid', '75', 'mg', 'times', 'daily', 'ferumoxytol', '500', 'mg', '8', 'hours']",19
"Patient: 28F. Drugs: Fostamatinib 50mg three times daily, Dihydrocodeine 50mg three times daily.","['Fostamatinib', 'Dihydrocodeine']",0,0,none,"patient: 28f. drugs: fostamatinib 50mg three times daily, dihydrocodeine 50mg three times daily.","['patient', '28f', 'drugs', 'fostamatinib', '50', 'mg', 'times', 'daily', 'dihydrocodeine', '50', 'mg', 'times', 'daily']",13
"Patient: 60F. Drugs: Amoxapine 200mg twice daily, Thiamylal, Fluocinolone Acetonide 500mg once daily.","['Amoxapine', 'Thiamylal', 'Fluocinolone Acetonide']",1,2,metabolism,"patient: 60f. drugs: amoxapine 200mg twice daily, thiamylal, fluocinolone acetonide 500mg once daily.","['patient', '60f', 'drugs', 'amoxapine', '200', 'mg', 'twice', 'daily', 'thiamylal', 'fluocinolone', 'acetonide', '500', 'mg', 'daily']",14
"Patient: 45F. Drugs: Benzphetamine 50mg three times daily, Methadyl Acetate 200mg once daily, Halothane.","['Benzphetamine', 'Methadyl Acetate', 'Halothane']",1,1,analgesic activities,"patient: 45f. drugs: benzphetamine 50mg three times daily, methadyl acetate 200mg once daily, halothane.","['patient', '45f', 'drugs', 'benzphetamine', '50', 'mg', 'times', 'daily', 'methadyl', 'acetate', '200', 'mg', 'daily', 'halothane']",14
"Patient: 25F. Drugs: Tropicamide, Fentanyl 75mg as needed, Sulfasalazine.","['Tropicamide', 'Fentanyl', 'Sulfasalazine']",1,3,risk or severity of adverse effects,"patient: 25f. drugs: tropicamide, fentanyl 75mg as needed, sulfasalazine.","['patient', '25f', 'drugs', 'tropicamide', 'fentanyl', '75', 'mg', 'needed', 'sulfasalazine']",9
"Patient: 40M. Drugs: Scopolamine 50mg as needed, Clidinium.","['Scopolamine', 'Clidinium']",1,3,risk or severity of adverse effects,"patient: 40m. drugs: scopolamine 50mg as needed, clidinium.","['patient', '40', 'm.', 'drugs', 'scopolamine', '50', 'mg', 'needed', 'clidinium']",9
"Patient: 30M. Drugs: Tezacaftor 500mg every 12 hours, Midazolam 25mg three times daily.","['Tezacaftor', 'Midazolam']",0,0,none,"patient: 30m. drugs: tezacaftor 500mg every 12 hours, midazolam 25mg three times daily.","['patient', '30', 'm.', 'drugs', 'tezacaftor', '500', 'mg', '12', 'hours', 'midazolam', '25', 'mg', 'times', 'daily']",14
"Patient: 55F. Drugs: Fluconazole 75mg every 6 hours, Astemizole 500mg as needed, Valdecoxib 500mg three times daily.","['Fluconazole', 'Astemizole', 'Valdecoxib']",1,2,metabolism,"patient: 55f. drugs: fluconazole 75mg every 6 hours, astemizole 500mg as needed, valdecoxib 500mg three times daily.","['patient', '55f', 'drugs', 'fluconazole', '75', 'mg', '6', 'hours', 'astemizole', '500', 'mg', 'needed', 'valdecoxib', '500', 'mg', 'times', 'daily']",17
"Patient: 58M. Drugs: Procyclidine 50mg twice daily, Huperzine A, Ceftriaxone.","['Procyclidine', 'Huperzine A', 'Ceftriaxone']",1,1,therapeutic efficacy,"patient: 58m. drugs: procyclidine 50mg twice daily, huperzine a, ceftriaxone.","['patient', '58', 'm.', 'drugs', 'procyclidine', '50', 'mg', 'twice', 'daily', 'huperzine', 'ceftriaxone']",11
"Patient: 30M. Drugs: Bromazepam 100mg every 12 hours, Zuclopenthixol 75mg after meals, Aminosalicylic Acid.","['Bromazepam', 'Zuclopenthixol', 'Aminosalicylic Acid']",1,3,risk or severity of adverse effects,"patient: 30m. drugs: bromazepam 100mg every 12 hours, zuclopenthixol 75mg after meals, aminosalicylic acid.","['patient', '30', 'm.', 'drugs', 'bromazepam', '100', 'mg', '12', 'hours', 'zuclopenthixol', '75', 'mg', 'meals', 'aminosalicylic', 'acid']",15
"Patient: 35F. Drugs: Bendroflumethiazide, Linagliptin 200mg before meals, Gemcitabine.","['Bendroflumethiazide', 'Linagliptin', 'Gemcitabine']",1,1,therapeutic efficacy,"patient: 35f. drugs: bendroflumethiazide, linagliptin 200mg before meals, gemcitabine.","['patient', '35f', 'drugs', 'bendroflumethiazide', 'linagliptin', '200', 'mg', 'meals', 'gemcitabine']",9
"Patient: 60F. Drugs: Desipramine 100mg every 12 hours, Vilazodone.","['Desipramine', 'Vilazodone']",1,3,risk or severity of adverse effects,"patient: 60f. drugs: desipramine 100mg every 12 hours, vilazodone.","['patient', '60f', 'drugs', 'desipramine', '100', 'mg', '12', 'hours', 'vilazodone']",9
"Patient: 62M. Drugs: Tolvaptan, Silver sulfadiazine 25mg three times daily.","['Tolvaptan', 'Silver sulfadiazine']",0,0,none,"patient: 62m. drugs: tolvaptan, silver sulfadiazine 25mg three times daily.","['patient', '62', 'm.', 'drugs', 'tolvaptan', 'silver', 'sulfadiazine', '25', 'mg', 'times', 'daily']",11
"Patient: 70F. Drugs: Dacarbazine 50mg twice daily, Esmolol, Amsacrine.","['Dacarbazine', 'Esmolol', 'Amsacrine']",0,0,none,"patient: 70f. drugs: dacarbazine 50mg twice daily, esmolol, amsacrine.","['patient', '70f', 'drugs', 'dacarbazine', '50', 'mg', 'twice', 'daily', 'esmolol', 'amsacrine']",10
"Patient: 70F. Drugs: Estrone, Zaltoprofen 500mg every 12 hours.","['Estrone', 'Zaltoprofen']",1,3,risk or severity of adverse effects,"patient: 70f. drugs: estrone, zaltoprofen 500mg every 12 hours.","['patient', '70f', 'drugs', 'estrone', 'zaltoprofen', '500', 'mg', '12', 'hours']",9
"Patient: 48F. Drugs: Metoclopramide 50mg as needed, Ketoprofen 50mg before meals, Iodixanol 75mg three times daily.","['Metoclopramide', 'Ketoprofen', 'Iodixanol']",0,0,none,"patient: 48f. drugs: metoclopramide 50mg as needed, ketoprofen 50mg before meals, iodixanol 75mg three times daily.","['patient', '48f', 'drugs', 'metoclopramide', '50', 'mg', 'needed', 'ketoprofen', '50', 'mg', 'meals', 'iodixanol', '75', 'mg', 'times', 'daily']",16
"Patient: 55F. Drugs: Tegafur 500mg every 6 hours, Calcium levulinate 25mg three times daily, Clobetasol propionate 50mg every 6 hours, Felodipine.","['Tegafur', 'Calcium levulinate', 'Clobetasol propionate', 'Felodipine']",1,1,therapeutic efficacy,"patient: 55f. drugs: tegafur 500mg every 6 hours, calcium levulinate 25mg three times daily, clobetasol propionate 50mg every 6 hours, felodipine.","['patient', '55f', 'drugs', 'tegafur', '500', 'mg', '6', 'hours', 'calcium', 'levulinate', '25', 'mg', 'times', 'daily', 'clobetasol', 'propionate', '50', 'mg', '6', 'hours', 'felodipine']",21
"Patient: 28F. Drugs: Diethylcarbamazine, Nordazepam 500mg after meals, Cisapride 200mg three times daily, Amobarbital 75mg every 12 hours.","['Diethylcarbamazine', 'Nordazepam', 'Cisapride', 'Amobarbital']",1,3,risk or severity of adverse effects,"patient: 28f. drugs: diethylcarbamazine, nordazepam 500mg after meals, cisapride 200mg three times daily, amobarbital 75mg every 12 hours.","['patient', '28f', 'drugs', 'diethylcarbamazine', 'nordazepam', '500', 'mg', 'meals', 'cisapride', '200', 'mg', 'times', 'daily', 'amobarbital', '75', 'mg', '12', 'hours']",18
"Patient: 25F. Drugs: Phentolamine, Ombitasvir 500mg before meals.","['Phentolamine', 'Ombitasvir']",0,0,none,"patient: 25f. drugs: phentolamine, ombitasvir 500mg before meals.","['patient', '25f', 'drugs', 'phentolamine', 'ombitasvir', '500', 'mg', 'meals']",8
"Patient: 35F. Drugs: Nicotine 500mg every 6 hours, Dronabinol 25mg as needed.","['Nicotine', 'Dronabinol']",1,2,metabolism,"patient: 35f. drugs: nicotine 500mg every 6 hours, dronabinol 25mg as needed.","['patient', '35f', 'drugs', 'nicotine', '500', 'mg', '6', 'hours', 'dronabinol', '25', 'mg', 'needed']",12
"Patient: 48F. Drugs: Pentamidine 50mg once daily, Acipimox, Verapamil 200mg every 12 hours.","['Pentamidine', 'Acipimox', 'Verapamil']",1,2,metabolism,"patient: 48f. drugs: pentamidine 50mg once daily, acipimox, verapamil 200mg every 12 hours.","['patient', '48f', 'drugs', 'pentamidine', '50', 'mg', 'daily', 'acipimox', 'verapamil', '200', 'mg', '12', 'hours']",13
"Patient: 52M. Drugs: Paromomycin 100mg every 8 hours, Furazolidone 50mg every 6 hours, Cangrelor 200mg after meals, Ofloxacin 75mg every 12 hours.","['Paromomycin', 'Furazolidone', 'Cangrelor', 'Ofloxacin']",0,0,none,"patient: 52m. drugs: paromomycin 100mg every 8 hours, furazolidone 50mg every 6 hours, cangrelor 200mg after meals, ofloxacin 75mg every 12 hours.","['patient', '52', 'm.', 'drugs', 'paromomycin', '100', 'mg', '8', 'hours', 'furazolidone', '50', 'mg', '6', 'hours', 'cangrelor', '200', 'mg', 'meals', 'ofloxacin', '75', 'mg', '12', 'hours']",23
"Patient: 30M. Drugs: Loxapine 50mg as needed, Sodium oxybate 200mg after meals, Levetiracetam 50mg every 8 hours.","['Loxapine', 'Sodium oxybate', 'Levetiracetam']",1,2,central nervous system depressant (CNS depressant) activities,"patient: 30m. drugs: loxapine 50mg as needed, sodium oxybate 200mg after meals, levetiracetam 50mg every 8 hours.","['patient', '30', 'm.', 'drugs', 'loxapine', '50', 'mg', 'needed', 'sodium', 'oxybate', '200', 'mg', 'meals', 'levetiracetam', '50', 'mg', '8', 'hours']",18
"Patient: 45F. Drugs: Budesonide 75mg as needed, Dienestrol 100mg after meals, Tianeptine 25mg before meals, Yohimbine.","['Budesonide', 'Dienestrol', 'Tianeptine', 'Yohimbine']",1,2,serum concentration,"patient: 45f. drugs: budesonide 75mg as needed, dienestrol 100mg after meals, tianeptine 25mg before meals, yohimbine.","['patient', '45f', 'drugs', 'budesonide', '75', 'mg', 'needed', 'dienestrol', '100', 'mg', 'meals', 'tianeptine', '25', 'mg', 'meals', 'yohimbine']",16
"Patient: 55F. Drugs: Hydroxyprogesterone caproate 100mg as needed, Atorvastatin.","['Hydroxyprogesterone caproate', 'Atorvastatin']",0,0,none,"patient: 55f. drugs: hydroxyprogesterone caproate 100mg as needed, atorvastatin.","['patient', '55f', 'drugs', 'hydroxyprogesterone', 'caproate', '100', 'mg', 'needed', 'atorvastatin']",9
"Patient: 40M. Drugs: Etacrynic acid 25mg twice daily, Alogliptin 50mg twice daily, Fosfomycin.","['Etacrynic acid', 'Alogliptin', 'Fosfomycin']",1,1,therapeutic efficacy,"patient: 40m. drugs: etacrynic acid 25mg twice daily, alogliptin 50mg twice daily, fosfomycin.","['patient', '40', 'm.', 'drugs', 'etacrynic', 'acid', '25', 'mg', 'twice', 'daily', 'alogliptin', '50', 'mg', 'twice', 'daily', 'fosfomycin']",16
"Patient: 35F. Drugs: Ketazolam 75mg before meals, Selexipag 25mg three times daily, Mefloquine 50mg once daily, Brivaracetam.","['Ketazolam', 'Selexipag', 'Mefloquine', 'Brivaracetam']",1,1,therapeutic efficacy,"patient: 35f. drugs: ketazolam 75mg before meals, selexipag 25mg three times daily, mefloquine 50mg once daily, brivaracetam.","['patient', '35f', 'drugs', 'ketazolam', '75', 'mg', 'meals', 'selexipag', '25', 'mg', 'times', 'daily', 'mefloquine', '50', 'mg', 'daily', 'brivaracetam']",17
"Patient: 33M. Drugs: Aceclofenac 75mg after meals, Adefovir Dipivoxil 50mg every 6 hours.","['Aceclofenac', 'Adefovir Dipivoxil']",0,0,none,"patient: 33m. drugs: aceclofenac 75mg after meals, adefovir dipivoxil 50mg every 6 hours.","['patient', '33', 'm.', 'drugs', 'aceclofenac', '75', 'mg', 'meals', 'adefovir', 'dipivoxil', '50', 'mg', '6', 'hours']",14
"Patient: 60F. Drugs: Levorphanol 500mg after meals, Flunitrazepam.","['Levorphanol', 'Flunitrazepam']",1,3,risk or severity of adverse effects,"patient: 60f. drugs: levorphanol 500mg after meals, flunitrazepam.","['patient', '60f', 'drugs', 'levorphanol', '500', 'mg', 'meals', 'flunitrazepam']",8
"Patient: 33M. Drugs: Epinephrine 500mg once daily, Bazedoxifene 25mg every 12 hours, Yohimbine 50mg every 8 hours, Ketoprofen 25mg every 6 hours.","['Epinephrine', 'Bazedoxifene', 'Yohimbine', 'Ketoprofen']",1,2,thrombogenic activities,"patient: 33m. drugs: epinephrine 500mg once daily, bazedoxifene 25mg every 12 hours, yohimbine 50mg every 8 hours, ketoprofen 25mg every 6 hours.","['patient', '33', 'm.', 'drugs', 'epinephrine', '500', 'mg', 'daily', 'bazedoxifene', '25', 'mg', '12', 'hours', 'yohimbine', '50', 'mg', '8', 'hours', 'ketoprofen', '25', 'mg', '6', 'hours']",23
"Patient: 28F. Drugs: Betamethasone 25mg every 6 hours, Phenylbutyric acid 50mg every 6 hours.","['Betamethasone', 'Phenylbutyric acid']",1,1,therapeutic efficacy,"patient: 28f. drugs: betamethasone 25mg every 6 hours, phenylbutyric acid 50mg every 6 hours.","['patient', '28f', 'drugs', 'betamethasone', '25', 'mg', '6', 'hours', 'phenylbutyric', 'acid', '50', 'mg', '6', 'hours']",14
"Patient: 45F. Drugs: Mebutamate, Azelnidipine.","['Mebutamate', 'Azelnidipine']",0,0,none,"patient: 45f. drugs: mebutamate, azelnidipine.","['patient', '45f', 'drugs', 'mebutamate', 'azelnidipine']",5
"Patient: 60F. Drugs: Paroxetine 25mg every 12 hours, Dexibuprofen 75mg after meals, Alectinib 500mg every 6 hours.","['Paroxetine', 'Dexibuprofen', 'Alectinib']",1,1,antiplatelet activities,"patient: 60f. drugs: paroxetine 25mg every 12 hours, dexibuprofen 75mg after meals, alectinib 500mg every 6 hours.","['patient', '60f', 'drugs', 'paroxetine', '25', 'mg', '12', 'hours', 'dexibuprofen', '75', 'mg', 'meals', 'alectinib', '500', 'mg', '6', 'hours']",17
"Patient: 55F. Drugs: Glycopyrronium 100mg every 12 hours, Decamethonium 100mg twice daily, Calcium Citrate 75mg before meals.","['Glycopyrronium', 'Decamethonium', 'Calcium Citrate']",1,1,therapeutic efficacy,"patient: 55f. drugs: glycopyrronium 100mg every 12 hours, decamethonium 100mg twice daily, calcium citrate 75mg before meals.","['patient', '55f', 'drugs', 'glycopyrronium', '100', 'mg', '12', 'hours', 'decamethonium', '100', 'mg', 'twice', 'daily', 'calcium', 'citrate', '75', 'mg', 'meals']",18
"Patient: 25F. Drugs: Sulfameter, Zafirlukast 75mg every 6 hours.","['Sulfameter', 'Zafirlukast']",0,0,none,"patient: 25f. drugs: sulfameter, zafirlukast 75mg every 6 hours.","['patient', '25f', 'drugs', 'sulfameter', 'zafirlukast', '75', 'mg', '6', 'hours']",9
"Patient: 62M. Drugs: Pholcodine 75mg every 12 hours, Benzophenone 200mg once daily.","['Pholcodine', 'Benzophenone']",0,0,none,"patient: 62m. drugs: pholcodine 75mg every 12 hours, benzophenone 200mg once daily.","['patient', '62', 'm.', 'drugs', 'pholcodine', '75', 'mg', '12', 'hours', 'benzophenone', '200', 'mg', 'daily']",13
"Patient: 62M. Drugs: Ertugliflozin 50mg three times daily, Calcium lactate 100mg every 12 hours, Propiomazine 50mg three times daily.","['Ertugliflozin', 'Calcium lactate', 'Propiomazine']",0,0,none,"patient: 62m. drugs: ertugliflozin 50mg three times daily, calcium lactate 100mg every 12 hours, propiomazine 50mg three times daily.","['patient', '62', 'm.', 'drugs', 'ertugliflozin', '50', 'mg', 'times', 'daily', 'calcium', 'lactate', '100', 'mg', '12', 'hours', 'propiomazine', '50', 'mg', 'times', 'daily']",20
"Patient: 48F. Drugs: Diltiazem, Barnidipine 500mg before meals.","['Diltiazem', 'Barnidipine']",1,2,antihypertensive activities,"patient: 48f. drugs: diltiazem, barnidipine 500mg before meals.","['patient', '48f', 'drugs', 'diltiazem', 'barnidipine', '500', 'mg', 'meals']",8
"Patient: 35F. Drugs: Cinnarizine 100mg after meals, Benzylpenicilloyl Polylysine 500mg twice daily, Dexibuprofen 500mg every 6 hours.","['Cinnarizine', 'Benzylpenicilloyl Polylysine', 'Dexibuprofen']",1,1,diagnostic agent,"patient: 35f. drugs: cinnarizine 100mg after meals, benzylpenicilloyl polylysine 500mg twice daily, dexibuprofen 500mg every 6 hours.","['patient', '35f', 'drugs', 'cinnarizine', '100', 'mg', 'meals', 'benzylpenicilloyl', 'polylysine', '500', 'mg', 'twice', 'daily', 'dexibuprofen', '500', 'mg', '6', 'hours']",18
"Patient: 28F. Drugs: Lymecycline, Cerulenin 200mg once daily.","['Lymecycline', 'Cerulenin']",0,0,none,"patient: 28f. drugs: lymecycline, cerulenin 200mg once daily.","['patient', '28f', 'drugs', 'lymecycline', 'cerulenin', '200', 'mg', 'daily']",8
"Patient: 28F. Drugs: Dinoprostone 100mg three times daily, Bromfenac 100mg after meals.","['Dinoprostone', 'Bromfenac']",1,1,therapeutic efficacy,"patient: 28f. drugs: dinoprostone 100mg three times daily, bromfenac 100mg after meals.","['patient', '28f', 'drugs', 'dinoprostone', '100', 'mg', 'times', 'daily', 'bromfenac', '100', 'mg', 'meals']",12
"Patient: 40M. Drugs: Sorafenib 25mg as needed, Doconexent 200mg every 8 hours, Cloxacillin.","['Sorafenib', 'Doconexent', 'Cloxacillin']",1,2,metabolism,"patient: 40m. drugs: sorafenib 25mg as needed, doconexent 200mg every 8 hours, cloxacillin.","['patient', '40', 'm.', 'drugs', 'sorafenib', '25', 'mg', 'needed', 'doconexent', '200', 'mg', '8', 'hours', 'cloxacillin']",14
"Patient: 60F. Drugs: Nelfinavir, Lacosamide 75mg once daily.","['Nelfinavir', 'Lacosamide']",1,2,serum concentration,"patient: 60f. drugs: nelfinavir, lacosamide 75mg once daily.","['patient', '60f', 'drugs', 'nelfinavir', 'lacosamide', '75', 'mg', 'daily']",8
"Patient: 52M. Drugs: Trospium, Echothiophate 200mg every 8 hours, Alendronic acid 50mg every 6 hours.","['Trospium', 'Echothiophate', 'Alendronic acid']",1,1,therapeutic efficacy,"patient: 52m. drugs: trospium, echothiophate 200mg every 8 hours, alendronic acid 50mg every 6 hours.","['patient', '52', 'm.', 'drugs', 'trospium', 'echothiophate', '200', 'mg', '8', 'hours', 'alendronic', 'acid', '50', 'mg', '6', 'hours']",16
"Patient: 75M. Drugs: Triprolidine 25mg as needed, Nicardipine 25mg every 12 hours, Mecamylamine 500mg after meals, Tetracycline 25mg twice daily.","['Triprolidine', 'Nicardipine', 'Mecamylamine', 'Tetracycline']",1,2,hypotensive activities,"patient: 75m. drugs: triprolidine 25mg as needed, nicardipine 25mg every 12 hours, mecamylamine 500mg after meals, tetracycline 25mg twice daily.","['patient', '75', 'm.', 'drugs', 'triprolidine', '25', 'mg', 'needed', 'nicardipine', '25', 'mg', '12', 'hours', 'mecamylamine', '500', 'mg', 'meals', 'tetracycline', '25', 'mg', 'twice', 'daily']",22
"Patient: 40M. Drugs: Nortriptyline 100mg before meals, Iobenguane 25mg as needed, Carbinoxamine.","['Nortriptyline', 'Iobenguane', 'Carbinoxamine']",1,1,therapeutic efficacy,"patient: 40m. drugs: nortriptyline 100mg before meals, iobenguane 25mg as needed, carbinoxamine.","['patient', '40', 'm.', 'drugs', 'nortriptyline', '100', 'mg', 'meals', 'iobenguane', '25', 'mg', 'needed', 'carbinoxamine']",13
"Patient: 28F. Drugs: Tadalafil 50mg three times daily, Isosorbide Mononitrate 25mg after meals.","['Tadalafil', 'Isosorbide Mononitrate']",1,1,vasodilatory activities,"patient: 28f. drugs: tadalafil 50mg three times daily, isosorbide mononitrate 25mg after meals.","['patient', '28f', 'drugs', 'tadalafil', '50', 'mg', 'times', 'daily', 'isosorbide', 'mononitrate', '25', 'mg', 'meals']",13
"Patient: 35F. Drugs: Tafluprost 25mg after meals, Prednisolone, Nicotinamide.","['Tafluprost', 'Prednisolone', 'Nicotinamide']",0,0,none,"patient: 35f. drugs: tafluprost 25mg after meals, prednisolone, nicotinamide.","['patient', '35f', 'drugs', 'tafluprost', '25', 'mg', 'meals', 'prednisolone', 'nicotinamide']",9
"Patient: 68M. Drugs: Clobetasone 75mg once daily, Toremifene 100mg every 8 hours.","['Clobetasone', 'Toremifene']",0,0,none,"patient: 68m. drugs: clobetasone 75mg once daily, toremifene 100mg every 8 hours.","['patient', '68', 'm.', 'drugs', 'clobetasone', '75', 'mg', 'daily', 'toremifene', '100', 'mg', '8', 'hours']",13
"Patient: 75M. Drugs: Mometasone 200mg every 12 hours, Cyclizine 200mg before meals, Methyl salicylate 200mg twice daily, Vardenafil 75mg once daily.","['Mometasone', 'Cyclizine', 'Methyl salicylate', 'Vardenafil']",1,3,risk or severity of adverse effects,"patient: 75m. drugs: mometasone 200mg every 12 hours, cyclizine 200mg before meals, methyl salicylate 200mg twice daily, vardenafil 75mg once daily.","['patient', '75', 'm.', 'drugs', 'mometasone', '200', 'mg', '12', 'hours', 'cyclizine', '200', 'mg', 'meals', 'methyl', 'salicylate', '200', 'mg', 'twice', 'daily', 'vardenafil', '75', 'mg', 'daily']",23
"Patient: 40M. Drugs: Timolol, Phenylpropanolamine 75mg every 6 hours.","['Timolol', 'Phenylpropanolamine']",1,1,bronchodilatory activities,"patient: 40m. drugs: timolol, phenylpropanolamine 75mg every 6 hours.","['patient', '40', 'm.', 'drugs', 'timolol', 'phenylpropanolamine', '75', 'mg', '6', 'hours']",10
"Patient: 58M. Drugs: Diflunisal 25mg after meals, Dinoprost 500mg before meals.","['Diflunisal', 'Dinoprost']",1,1,therapeutic efficacy,"patient: 58m. drugs: diflunisal 25mg after meals, dinoprost 500mg before meals.","['patient', '58', 'm.', 'drugs', 'diflunisal', '25', 'mg', 'meals', 'dinoprost', '500', 'mg', 'meals']",12
"Patient: 55F. Drugs: Levobetaxolol, Fluoxymesterone.","['Levobetaxolol', 'Fluoxymesterone']",0,0,none,"patient: 55f. drugs: levobetaxolol, fluoxymesterone.","['patient', '55f', 'drugs', 'levobetaxolol', 'fluoxymesterone']",5
"Patient: 30M. Drugs: Troleandomycin 75mg as needed, Estrone, Somatostatin 50mg before meals, Aluminium 100mg twice daily.","['Troleandomycin', 'Estrone', 'Somatostatin', 'Aluminium']",1,2,bioavailability,"patient: 30m. drugs: troleandomycin 75mg as needed, estrone, somatostatin 50mg before meals, aluminium 100mg twice daily.","['patient', '30', 'm.', 'drugs', 'troleandomycin', '75', 'mg', 'needed', 'estrone', 'somatostatin', '50', 'mg', 'meals', 'aluminium', '100', 'mg', 'twice', 'daily']",18
"Patient: 25F. Drugs: Asenapine 200mg every 12 hours, Deflazacort, Ergotamine 50mg every 12 hours, Pentoxyverine.","['Asenapine', 'Deflazacort', 'Ergotamine', 'Pentoxyverine']",1,2,atrioventricular blocking (AV block) activities,"patient: 25f. drugs: asenapine 200mg every 12 hours, deflazacort, ergotamine 50mg every 12 hours, pentoxyverine.","['patient', '25f', 'drugs', 'asenapine', '200', 'mg', '12', 'hours', 'deflazacort', 'ergotamine', '50', 'mg', '12', 'hours', 'pentoxyverine']",15
"Patient: 48F. Drugs: Tolterodine 500mg once daily, Domperidone.","['Tolterodine', 'Domperidone']",1,2,QTc-prolonging activities,"patient: 48f. drugs: tolterodine 500mg once daily, domperidone.","['patient', '48f', 'drugs', 'tolterodine', '500', 'mg', 'daily', 'domperidone']",8
"Patient: 40M. Drugs: Tiludronic acid 75mg three times daily, Metamizole, Nystatin 25mg before meals.","['Tiludronic acid', 'Metamizole', 'Nystatin']",1,3,risk or severity of adverse effects,"patient: 40m. drugs: tiludronic acid 75mg three times daily, metamizole, nystatin 25mg before meals.","['patient', '40', 'm.', 'drugs', 'tiludronic', 'acid', '75', 'mg', 'times', 'daily', 'metamizole', 'nystatin', '25', 'mg', 'meals']",15
"Patient: 48F. Drugs: Loracarbef 25mg as needed, Lasofoxifene, Cefmetazole 200mg once daily, Elvitegravir 100mg every 6 hours.","['Loracarbef', 'Lasofoxifene', 'Cefmetazole', 'Elvitegravir']",0,0,none,"patient: 48f. drugs: loracarbef 25mg as needed, lasofoxifene, cefmetazole 200mg once daily, elvitegravir 100mg every 6 hours.","['patient', '48f', 'drugs', 'loracarbef', '25', 'mg', 'needed', 'lasofoxifene', 'cefmetazole', '200', 'mg', 'daily', 'elvitegravir', '100', 'mg', '6', 'hours']",17
"Patient: 28F. Drugs: Palonosetron 500mg every 12 hours, Tolfenamic Acid 500mg as needed.","['Palonosetron', 'Tolfenamic Acid']",0,0,none,"patient: 28f. drugs: palonosetron 500mg every 12 hours, tolfenamic acid 500mg as needed.","['patient', '28f', 'drugs', 'palonosetron', '500', 'mg', '12', 'hours', 'tolfenamic', 'acid', '500', 'mg', 'needed']",13
"Patient: 40M. Drugs: Suprofen 100mg after meals, Misoprostol.","['Suprofen', 'Misoprostol']",1,1,therapeutic efficacy,"patient: 40m. drugs: suprofen 100mg after meals, misoprostol.","['patient', '40', 'm.', 'drugs', 'suprofen', '100', 'mg', 'meals', 'misoprostol']",9
"Patient: 35F. Drugs: Meprobamate 25mg every 8 hours, Disopyramide.","['Meprobamate', 'Disopyramide']",0,0,none,"patient: 35f. drugs: meprobamate 25mg every 8 hours, disopyramide.","['patient', '35f', 'drugs', 'meprobamate', '25', 'mg', '8', 'hours', 'disopyramide']",9
"Patient: 70F. Drugs: Secobarbital 100mg every 8 hours, Medroxyprogesterone acetate 100mg before meals.","['Secobarbital', 'Medroxyprogesterone acetate']",1,1,therapeutic efficacy,"patient: 70f. drugs: secobarbital 100mg every 8 hours, medroxyprogesterone acetate 100mg before meals.","['patient', '70f', 'drugs', 'secobarbital', '100', 'mg', '8', 'hours', 'medroxyprogesterone', 'acetate', '100', 'mg', 'meals']",13
"Patient: 55F. Drugs: Cyclosporine 50mg every 12 hours, Macimorelin 25mg twice daily, Sulfasalazine 50mg after meals.","['Cyclosporine', 'Macimorelin', 'Sulfasalazine']",1,2,metabolism,"patient: 55f. drugs: cyclosporine 50mg every 12 hours, macimorelin 25mg twice daily, sulfasalazine 50mg after meals.","['patient', '55f', 'drugs', 'cyclosporine', '50', 'mg', '12', 'hours', 'macimorelin', '25', 'mg', 'twice', 'daily', 'sulfasalazine', '50', 'mg', 'meals']",17
"Patient: 30M. Drugs: Paramethasone 200mg twice daily, Rolitetracycline 500mg after meals, Succimer, Etravirine.","['Paramethasone', 'Rolitetracycline', 'Succimer', 'Etravirine']",0,0,none,"patient: 30m. drugs: paramethasone 200mg twice daily, rolitetracycline 500mg after meals, succimer, etravirine.","['patient', '30', 'm.', 'drugs', 'paramethasone', '200', 'mg', 'twice', 'daily', 'rolitetracycline', '500', 'mg', 'meals', 'succimer', 'etravirine']",15
"Patient: 33M. Drugs: Ferrous bisglycinate 100mg twice daily, Lodoxamide, Bexarotene 50mg after meals, Aminoglutethimide 25mg after meals.","['Ferrous bisglycinate', 'Lodoxamide', 'Bexarotene', 'Aminoglutethimide']",0,0,none,"patient: 33m. drugs: ferrous bisglycinate 100mg twice daily, lodoxamide, bexarotene 50mg after meals, aminoglutethimide 25mg after meals.","['patient', '33', 'm.', 'drugs', 'ferrous', 'bisglycinate', '100', 'mg', 'twice', 'daily', 'lodoxamide', 'bexarotene', '50', 'mg', 'meals', 'aminoglutethimide', '25', 'mg', 'meals']",19
"Patient: 55F. Drugs: Carteolol, Bepridil 100mg twice daily, Lobeglitazone 200mg twice daily.","['Carteolol', 'Bepridil', 'Lobeglitazone']",1,2,hypotensive activities,"patient: 55f. drugs: carteolol, bepridil 100mg twice daily, lobeglitazone 200mg twice daily.","['patient', '55f', 'drugs', 'carteolol', 'bepridil', '100', 'mg', 'twice', 'daily', 'lobeglitazone', '200', 'mg', 'twice', 'daily']",14
"Patient: 62M. Drugs: Levetiracetam 25mg after meals, Bevantolol.","['Levetiracetam', 'Bevantolol']",1,3,risk or severity of hypotension,"patient: 62m. drugs: levetiracetam 25mg after meals, bevantolol.","['patient', '62', 'm.', 'drugs', 'levetiracetam', '25', 'mg', 'meals', 'bevantolol']",9
"Patient: 30M. Drugs: Estazolam 25mg as needed, Saquinavir 500mg three times daily.","['Estazolam', 'Saquinavir']",1,2,serum concentration,"patient: 30m. drugs: estazolam 25mg as needed, saquinavir 500mg three times daily.","['patient', '30', 'm.', 'drugs', 'estazolam', '25', 'mg', 'needed', 'saquinavir', '500', 'mg', 'times', 'daily']",13
"Patient: 52M. Drugs: Olanzapine 75mg after meals, Canagliflozin 500mg after meals.","['Olanzapine', 'Canagliflozin']",1,1,therapeutic efficacy,"patient: 52m. drugs: olanzapine 75mg after meals, canagliflozin 500mg after meals.","['patient', '52', 'm.', 'drugs', 'olanzapine', '75', 'mg', 'meals', 'canagliflozin', '500', 'mg', 'meals']",12
"Patient: 30M. Drugs: Pentolinium 200mg twice daily, Oxprenolol 25mg every 6 hours, Amlodipine 100mg once daily.","['Pentolinium', 'Oxprenolol', 'Amlodipine']",1,2,hypotensive activities,"patient: 30m. drugs: pentolinium 200mg twice daily, oxprenolol 25mg every 6 hours, amlodipine 100mg once daily.","['patient', '30', 'm.', 'drugs', 'pentolinium', '200', 'mg', 'twice', 'daily', 'oxprenolol', '25', 'mg', '6', 'hours', 'amlodipine', '100', 'mg', 'daily']",18
"Patient: 58M. Drugs: Ajmaline 500mg twice daily, Letermovir 25mg once daily.","['Ajmaline', 'Letermovir']",0,0,none,"patient: 58m. drugs: ajmaline 500mg twice daily, letermovir 25mg once daily.","['patient', '58', 'm.', 'drugs', 'ajmaline', '500', 'mg', 'twice', 'daily', 'letermovir', '25', 'mg', 'daily']",13
"Patient: 58M. Drugs: Methocarbamol 50mg twice daily, Isoflurane 75mg every 12 hours, Nafcillin 200mg after meals.","['Methocarbamol', 'Isoflurane', 'Nafcillin']",1,3,risk or severity of adverse effects,"patient: 58m. drugs: methocarbamol 50mg twice daily, isoflurane 75mg every 12 hours, nafcillin 200mg after meals.","['patient', '58', 'm.', 'drugs', 'methocarbamol', '50', 'mg', 'twice', 'daily', 'isoflurane', '75', 'mg', '12', 'hours', 'nafcillin', '200', 'mg', 'meals']",18
"Patient: 35F. Drugs: Oxtriphylline, Naloxone 100mg twice daily.","['Oxtriphylline', 'Naloxone']",0,0,none,"patient: 35f. drugs: oxtriphylline, naloxone 100mg twice daily.","['patient', '35f', 'drugs', 'oxtriphylline', 'naloxone', '100', 'mg', 'twice', 'daily']",9
"Patient: 55F. Drugs: Mebendazole, Crizotinib 100mg before meals, Quinethazone 200mg every 6 hours.","['Mebendazole', 'Crizotinib', 'Quinethazone']",1,2,metabolism,"patient: 55f. drugs: mebendazole, crizotinib 100mg before meals, quinethazone 200mg every 6 hours.","['patient', '55f', 'drugs', 'mebendazole', 'crizotinib', '100', 'mg', 'meals', 'quinethazone', '200', 'mg', '6', 'hours']",13
"Patient: 55F. Drugs: Ticlopidine 25mg every 8 hours, Lobeglitazone, Micafungin 100mg every 12 hours.","['Ticlopidine', 'Lobeglitazone', 'Micafungin']",1,2,metabolism,"patient: 55f. drugs: ticlopidine 25mg every 8 hours, lobeglitazone, micafungin 100mg every 12 hours.","['patient', '55f', 'drugs', 'ticlopidine', '25', 'mg', '8', 'hours', 'lobeglitazone', 'micafungin', '100', 'mg', '12', 'hours']",14
"Patient: 28F. Drugs: Terconazole 500mg three times daily, Efonidipine 75mg three times daily, Methdilazine 200mg every 6 hours.","['Terconazole', 'Efonidipine', 'Methdilazine']",1,1,therapeutic efficacy,"patient: 28f. drugs: terconazole 500mg three times daily, efonidipine 75mg three times daily, methdilazine 200mg every 6 hours.","['patient', '28f', 'drugs', 'terconazole', '500', 'mg', 'times', 'daily', 'efonidipine', '75', 'mg', 'times', 'daily', 'methdilazine', '200', 'mg', '6', 'hours']",18
"Patient: 45F. Drugs: Edetic Acid 75mg every 8 hours, Gestodene 50mg twice daily, Kanamycin.","['Edetic Acid', 'Gestodene', 'Kanamycin']",1,1,therapeutic efficacy,"patient: 45f. drugs: edetic acid 75mg every 8 hours, gestodene 50mg twice daily, kanamycin.","['patient', '45f', 'drugs', 'edetic', 'acid', '75', 'mg', '8', 'hours', 'gestodene', '50', 'mg', 'twice', 'daily', 'kanamycin']",15
"Patient: 35F. Drugs: Naltrexone 500mg every 8 hours, Ephedrine, Zidovudine 50mg before meals, Magnesium silicate.","['Naltrexone', 'Ephedrine', 'Zidovudine', 'Magnesium silicate']",0,0,none,"patient: 35f. drugs: naltrexone 500mg every 8 hours, ephedrine, zidovudine 50mg before meals, magnesium silicate.","['patient', '35f', 'drugs', 'naltrexone', '500', 'mg', '8', 'hours', 'ephedrine', 'zidovudine', '50', 'mg', 'meals', 'magnesium', 'silicate']",15
"Patient: 52M. Drugs: Methyltestosterone, Desoxycorticosterone acetate 500mg every 6 hours, Bismuth subnitrate 25mg twice daily.","['Methyltestosterone', 'Desoxycorticosterone acetate', 'Bismuth subnitrate']",1,2,fluid retaining activities,"patient: 52m. drugs: methyltestosterone, desoxycorticosterone acetate 500mg every 6 hours, bismuth subnitrate 25mg twice daily.","['patient', '52', 'm.', 'drugs', 'methyltestosterone', 'desoxycorticosterone', 'acetate', '500', 'mg', '6', 'hours', 'bismuth', 'subnitrate', '25', 'mg', 'twice', 'daily']",17
"Patient: 52M. Drugs: Clobazam 25mg as needed, Dolasetron 50mg every 6 hours.","['Clobazam', 'Dolasetron']",1,2,metabolism,"patient: 52m. drugs: clobazam 25mg as needed, dolasetron 50mg every 6 hours.","['patient', '52', 'm.', 'drugs', 'clobazam', '25', 'mg', 'needed', 'dolasetron', '50', 'mg', '6', 'hours']",13
"Patient: 45F. Drugs: Lodoxamide, Tixocortol 75mg once daily, Epirubicin 500mg before meals.","['Lodoxamide', 'Tixocortol', 'Epirubicin']",0,0,none,"patient: 45f. drugs: lodoxamide, tixocortol 75mg once daily, epirubicin 500mg before meals.","['patient', '45f', 'drugs', 'lodoxamide', 'tixocortol', '75', 'mg', 'daily', 'epirubicin', '500', 'mg', 'meals']",12
"Patient: 25F. Drugs: Butethal 25mg every 8 hours, Nilvadipine 25mg three times daily.","['Butethal', 'Nilvadipine']",0,0,none,"patient: 25f. drugs: butethal 25mg every 8 hours, nilvadipine 25mg three times daily.","['patient', '25f', 'drugs', 'butethal', '25', 'mg', '8', 'hours', 'nilvadipine', '25', 'mg', 'times', 'daily']",13
"Patient: 62M. Drugs: Albendazole, Acetyl sulfisoxazole 100mg before meals, Ferric cation 500mg every 6 hours.","['Albendazole', 'Acetyl sulfisoxazole', 'Ferric cation']",1,2,metabolism,"patient: 62m. drugs: albendazole, acetyl sulfisoxazole 100mg before meals, ferric cation 500mg every 6 hours.","['patient', '62', 'm.', 'drugs', 'albendazole', 'acetyl', 'sulfisoxazole', '100', 'mg', 'meals', 'ferric', 'cation', '500', 'mg', '6', 'hours']",16
"Patient: 25F. Drugs: Pyrazinamide 50mg once daily, Picosulfuric acid 25mg before meals.","['Pyrazinamide', 'Picosulfuric acid']",1,1,therapeutic efficacy,"patient: 25f. drugs: pyrazinamide 50mg once daily, picosulfuric acid 25mg before meals.","['patient', '25f', 'drugs', 'pyrazinamide', '50', 'mg', 'daily', 'picosulfuric', 'acid', '25', 'mg', 'meals']",12
"Patient: 48F. Drugs: Clofibrate 200mg before meals, Cobicistat 75mg every 12 hours, Nitroprusside 100mg every 6 hours.","['Clofibrate', 'Cobicistat', 'Nitroprusside']",1,2,metabolism,"patient: 48f. drugs: clofibrate 200mg before meals, cobicistat 75mg every 12 hours, nitroprusside 100mg every 6 hours.","['patient', '48f', 'drugs', 'clofibrate', '200', 'mg', 'meals', 'cobicistat', '75', 'mg', '12', 'hours', 'nitroprusside', '100', 'mg', '6', 'hours']",17
"Patient: 62M. Drugs: Hydralazine 75mg every 6 hours, Chlorthalidone, Dextrothyroxine 75mg every 12 hours.","['Hydralazine', 'Chlorthalidone', 'Dextrothyroxine']",1,2,hypotensive activities,"patient: 62m. drugs: hydralazine 75mg every 6 hours, chlorthalidone, dextrothyroxine 75mg every 12 hours.","['patient', '62', 'm.', 'drugs', 'hydralazine', '75', 'mg', '6', 'hours', 'chlorthalidone', 'dextrothyroxine', '75', 'mg', '12', 'hours']",15
"Patient: 28F. Drugs: Bromopride 500mg as needed, Tasimelteon 50mg before meals, Chromium picolinate 25mg once daily.","['Bromopride', 'Tasimelteon', 'Chromium picolinate']",0,0,none,"patient: 28f. drugs: bromopride 500mg as needed, tasimelteon 50mg before meals, chromium picolinate 25mg once daily.","['patient', '28f', 'drugs', 'bromopride', '500', 'mg', 'needed', 'tasimelteon', '50', 'mg', 'meals', 'chromium', 'picolinate', '25', 'mg', 'daily']",16
"Patient: 48F. Drugs: Etoricoxib 50mg before meals, Piretanide 50mg after meals, Potassium Iodide 500mg every 6 hours.","['Etoricoxib', 'Piretanide', 'Potassium Iodide']",1,1,therapeutic efficacy,"patient: 48f. drugs: etoricoxib 50mg before meals, piretanide 50mg after meals, potassium iodide 500mg every 6 hours.","['patient', '48f', 'drugs', 'etoricoxib', '50', 'mg', 'meals', 'piretanide', '50', 'mg', 'meals', 'potassium', 'iodide', '500', 'mg', '6', 'hours']",17
"Patient: 60F. Drugs: Etacrynic acid, Dexbrompheniramine, Trolamine salicylate 200mg three times daily, Temsirolimus 50mg once daily.","['Etacrynic acid', 'Dexbrompheniramine', 'Trolamine salicylate', 'Temsirolimus']",1,1,therapeutic efficacy,"patient: 60f. drugs: etacrynic acid, dexbrompheniramine, trolamine salicylate 200mg three times daily, temsirolimus 50mg once daily.","['patient', '60f', 'drugs', 'etacrynic', 'acid', 'dexbrompheniramine', 'trolamine', 'salicylate', '200', 'mg', 'times', 'daily', 'temsirolimus', '50', 'mg', 'daily']",16
"Patient: 33M. Drugs: Asunaprevir 75mg once daily, Tetracaine 100mg every 12 hours, Glycine 500mg as needed.","['Asunaprevir', 'Tetracaine', 'Glycine']",0,0,none,"patient: 33m. drugs: asunaprevir 75mg once daily, tetracaine 100mg every 12 hours, glycine 500mg as needed.","['patient', '33', 'm.', 'drugs', 'asunaprevir', '75', 'mg', 'daily', 'tetracaine', '100', 'mg', '12', 'hours', 'glycine', '500', 'mg', 'needed']",17
"Patient: 60F. Drugs: Liotrix, Dactinomycin, Kaolin 100mg every 12 hours.","['Liotrix', 'Dactinomycin', 'Kaolin']",0,0,none,"patient: 60f. drugs: liotrix, dactinomycin, kaolin 100mg every 12 hours.","['patient', '60f', 'drugs', 'liotrix', 'dactinomycin', 'kaolin', '100', 'mg', '12', 'hours']",10
"Patient: 30M. Drugs: Fluorometholone, Acebutolol.","['Fluorometholone', 'Acebutolol']",0,0,none,"patient: 30m. drugs: fluorometholone, acebutolol.","['patient', '30', 'm.', 'drugs', 'fluorometholone', 'acebutolol']",6
"Patient: 33M. Drugs: Cholecalciferol, Levobunolol.","['Cholecalciferol', 'Levobunolol']",0,0,none,"patient: 33m. drugs: cholecalciferol, levobunolol.","['patient', '33', 'm.', 'drugs', 'cholecalciferol', 'levobunolol']",6
"Patient: 75M. Drugs: Atomoxetine, Acetylcholine.","['Atomoxetine', 'Acetylcholine']",1,2,metabolism,"patient: 75m. drugs: atomoxetine, acetylcholine.","['patient', '75', 'm.', 'drugs', 'atomoxetine', 'acetylcholine']",6
"Patient: 25F. Drugs: Tropicamide, Fentanyl 75mg as needed, Sulfasalazine.","['Tropicamide', 'Fentanyl', 'Sulfasalazine']",1,3,risk or severity of adverse effects,"patient: 25f. drugs: tropicamide, fentanyl 75mg as needed, sulfasalazine.","['patient', '25f', 'drugs', 'tropicamide', 'fentanyl', '75', 'mg', 'needed', 'sulfasalazine']",9
"Patient: 68M. Drugs: Isoflurophate 500mg every 12 hours, Clobetasol propionate, Tobramycin.","['Isoflurophate', 'Clobetasol propionate', 'Tobramycin']",1,3,risk or severity of adverse effects,"patient: 68m. drugs: isoflurophate 500mg every 12 hours, clobetasol propionate, tobramycin.","['patient', '68', 'm.', 'drugs', 'isoflurophate', '500', 'mg', '12', 'hours', 'clobetasol', 'propionate', 'tobramycin']",12
"Patient: 28F. Drugs: Lymecycline, Nedaplatin 500mg every 8 hours, Fluocinolone Acetonide, Cetirizine 500mg three times daily.","['Lymecycline', 'Nedaplatin', 'Fluocinolone Acetonide', 'Cetirizine']",0,0,none,"patient: 28f. drugs: lymecycline, nedaplatin 500mg every 8 hours, fluocinolone acetonide, cetirizine 500mg three times daily.","['patient', '28f', 'drugs', 'lymecycline', 'nedaplatin', '500', 'mg', '8', 'hours', 'fluocinolone', 'acetonide', 'cetirizine', '500', 'mg', 'times', 'daily']",16
"Patient: 35F. Drugs: Fluindione 500mg once daily, Testosterone undecanoate 50mg as needed.","['Fluindione', 'Testosterone undecanoate']",1,1,therapeutic efficacy,"patient: 35f. drugs: fluindione 500mg once daily, testosterone undecanoate 50mg as needed.","['patient', '35f', 'drugs', 'fluindione', '500', 'mg', 'daily', 'testosterone', 'undecanoate', '50', 'mg', 'needed']",12
"Patient: 40M. Drugs: Capsaicin, Estradiol valerate 200mg every 6 hours, Luliconazole 25mg before meals.","['Capsaicin', 'Estradiol valerate', 'Luliconazole']",1,2,thrombogenic activities,"patient: 40m. drugs: capsaicin, estradiol valerate 200mg every 6 hours, luliconazole 25mg before meals.","['patient', '40', 'm.', 'drugs', 'capsaicin', 'estradiol', 'valerate', '200', 'mg', '6', 'hours', 'luliconazole', '25', 'mg', 'meals']",15
"Patient: 68M. Drugs: Adinazolam 75mg before meals, Remikiren 100mg after meals.","['Adinazolam', 'Remikiren']",0,0,none,"patient: 68m. drugs: adinazolam 75mg before meals, remikiren 100mg after meals.","['patient', '68', 'm.', 'drugs', 'adinazolam', '75', 'mg', 'meals', 'remikiren', '100', 'mg', 'meals']",12
"Patient: 28F. Drugs: Seratrodast 200mg three times daily, Ribavirin 75mg before meals, Cefaclor 100mg three times daily.","['Seratrodast', 'Ribavirin', 'Cefaclor']",0,0,none,"patient: 28f. drugs: seratrodast 200mg three times daily, ribavirin 75mg before meals, cefaclor 100mg three times daily.","['patient', '28f', 'drugs', 'seratrodast', '200', 'mg', 'times', 'daily', 'ribavirin', '75', 'mg', 'meals', 'cefaclor', '100', 'mg', 'times', 'daily']",17
"Patient: 58M. Drugs: Olopatadine, Hydroflumethiazide 200mg every 12 hours.","['Olopatadine', 'Hydroflumethiazide']",1,1,therapeutic efficacy,"patient: 58m. drugs: olopatadine, hydroflumethiazide 200mg every 12 hours.","['patient', '58', 'm.', 'drugs', 'olopatadine', 'hydroflumethiazide', '200', 'mg', '12', 'hours']",10
"Patient: 28F. Drugs: Flibanserin 500mg as needed, Nitrofurantoin, Technetium Tc-99m medronate 500mg three times daily.","['Flibanserin', 'Nitrofurantoin', 'Technetium Tc-99m medronate']",0,0,none,"patient: 28f. drugs: flibanserin 500mg as needed, nitrofurantoin, technetium tc99m medronate 500mg three times daily.","['patient', '28f', 'drugs', 'flibanserin', '500', 'mg', 'needed', 'nitrofurantoin', 'technetium', 'tc99', 'm', 'medronate', '500', 'mg', 'times', 'daily']",16
"Patient: 62M. Drugs: Seratrodast 500mg every 6 hours, Unoprostone 25mg every 12 hours, Formoterol.","['Seratrodast', 'Unoprostone', 'Formoterol']",1,1,therapeutic efficacy,"patient: 62m. drugs: seratrodast 500mg every 6 hours, unoprostone 25mg every 12 hours, formoterol.","['patient', '62', 'm.', 'drugs', 'seratrodast', '500', 'mg', '6', 'hours', 'unoprostone', '25', 'mg', '12', 'hours', 'formoterol']",15
"Patient: 55F. Drugs: Difluprednate 25mg as needed, Alclofenac 50mg every 6 hours, Bivalirudin 75mg every 8 hours.","['Difluprednate', 'Alclofenac', 'Bivalirudin']",1,3,risk or severity of adverse effects,"patient: 55f. drugs: difluprednate 25mg as needed, alclofenac 50mg every 6 hours, bivalirudin 75mg every 8 hours.","['patient', '55f', 'drugs', 'difluprednate', '25', 'mg', 'needed', 'alclofenac', '50', 'mg', '6', 'hours', 'bivalirudin', '75', 'mg', '8', 'hours']",17
"Patient: 62M. Drugs: Lacidipine 500mg every 12 hours, Calcium lactate 25mg once daily, Pivmecillinam 75mg as needed.","['Lacidipine', 'Calcium lactate', 'Pivmecillinam']",1,1,therapeutic efficacy,"patient: 62m. drugs: lacidipine 500mg every 12 hours, calcium lactate 25mg once daily, pivmecillinam 75mg as needed.","['patient', '62', 'm.', 'drugs', 'lacidipine', '500', 'mg', '12', 'hours', 'calcium', 'lactate', '25', 'mg', 'daily', 'pivmecillinam', '75', 'mg', 'needed']",18
"Patient: 68M. Drugs: Posaconazole 25mg twice daily, Azelnidipine 100mg every 8 hours.","['Posaconazole', 'Azelnidipine']",1,1,therapeutic efficacy,"patient: 68m. drugs: posaconazole 25mg twice daily, azelnidipine 100mg every 8 hours.","['patient', '68', 'm.', 'drugs', 'posaconazole', '25', 'mg', 'twice', 'daily', 'azelnidipine', '100', 'mg', '8', 'hours']",14
"Patient: 28F. Drugs: Tramadol 200mg once daily, Fluconazole, Isoflurophate.","['Tramadol', 'Fluconazole', 'Isoflurophate']",1,2,metabolism,"patient: 28f. drugs: tramadol 200mg once daily, fluconazole, isoflurophate.","['patient', '28f', 'drugs', 'tramadol', '200', 'mg', 'daily', 'fluconazole', 'isoflurophate']",9
"Patient: 45F. Drugs: Benzphetamine 50mg three times daily, Methadyl Acetate 200mg once daily, Halothane.","['Benzphetamine', 'Methadyl Acetate', 'Halothane']",1,1,analgesic activities,"patient: 45f. drugs: benzphetamine 50mg three times daily, methadyl acetate 200mg once daily, halothane.","['patient', '45f', 'drugs', 'benzphetamine', '50', 'mg', 'times', 'daily', 'methadyl', 'acetate', '200', 'mg', 'daily', 'halothane']",14
"Patient: 60F. Drugs: Mycophenolate mofetil 500mg every 12 hours, Trichlormethiazide 100mg before meals, Calcium lactate.","['Mycophenolate mofetil', 'Trichlormethiazide', 'Calcium lactate']",1,1,therapeutic efficacy,"patient: 60f. drugs: mycophenolate mofetil 500mg every 12 hours, trichlormethiazide 100mg before meals, calcium lactate.","['patient', '60f', 'drugs', 'mycophenolate', 'mofetil', '500', 'mg', '12', 'hours', 'trichlormethiazide', '100', 'mg', 'meals', 'calcium', 'lactate']",15
"Patient: 48F. Drugs: Hexobarbital, Ifenprodil 500mg as needed, Mitiglinide, Medroxyprogesterone acetate 50mg once daily.","['Hexobarbital', 'Ifenprodil', 'Mitiglinide', 'Medroxyprogesterone acetate']",1,1,therapeutic efficacy,"patient: 48f. drugs: hexobarbital, ifenprodil 500mg as needed, mitiglinide, medroxyprogesterone acetate 50mg once daily.","['patient', '48f', 'drugs', 'hexobarbital', 'ifenprodil', '500', 'mg', 'needed', 'mitiglinide', 'medroxyprogesterone', 'acetate', '50', 'mg', 'daily']",14
"Patient: 35F. Drugs: Indapamide, Remifentanil.","['Indapamide', 'Remifentanil']",1,3,risk or severity of adverse effects,"patient: 35f. drugs: indapamide, remifentanil.","['patient', '35f', 'drugs', 'indapamide', 'remifentanil']",5
"Patient: 45F. Drugs: Dihydrocodeine, Piretanide 75mg twice daily.","['Dihydrocodeine', 'Piretanide']",1,3,risk or severity of adverse effects,"patient: 45f. drugs: dihydrocodeine, piretanide 75mg twice daily.","['patient', '45f', 'drugs', 'dihydrocodeine', 'piretanide', '75', 'mg', 'twice', 'daily']",9
"Patient: 60F. Drugs: Pitavastatin 75mg after meals, Bismuth Subcitrate 500mg as needed.","['Pitavastatin', 'Bismuth Subcitrate']",1,2,serum concentration,"patient: 60f. drugs: pitavastatin 75mg after meals, bismuth subcitrate 500mg as needed.","['patient', '60f', 'drugs', 'pitavastatin', '75', 'mg', 'meals', 'bismuth', 'subcitrate', '500', 'mg', 'needed']",12
"Patient: 52M. Drugs: Lovastatin 25mg before meals, Budesonide 75mg every 8 hours, Flucloxacillin 500mg every 6 hours.","['Lovastatin', 'Budesonide', 'Flucloxacillin']",1,2,serum concentration,"patient: 52m. drugs: lovastatin 25mg before meals, budesonide 75mg every 8 hours, flucloxacillin 500mg every 6 hours.","['patient', '52', 'm.', 'drugs', 'lovastatin', '25', 'mg', 'meals', 'budesonide', '75', 'mg', '8', 'hours', 'flucloxacillin', '500', 'mg', '6', 'hours']",18
"Patient: 28F. Drugs: Artenimol 100mg every 12 hours, Selenium 500mg before meals, Frovatriptan.","['Artenimol', 'Selenium', 'Frovatriptan']",0,0,none,"patient: 28f. drugs: artenimol 100mg every 12 hours, selenium 500mg before meals, frovatriptan.","['patient', '28f', 'drugs', 'artenimol', '100', 'mg', '12', 'hours', 'selenium', '500', 'mg', 'meals', 'frovatriptan']",13
"Patient: 35F. Drugs: Fluindione 500mg once daily, Testosterone undecanoate 50mg as needed.","['Fluindione', 'Testosterone undecanoate']",1,1,therapeutic efficacy,"patient: 35f. drugs: fluindione 500mg once daily, testosterone undecanoate 50mg as needed.","['patient', '35f', 'drugs', 'fluindione', '500', 'mg', 'daily', 'testosterone', 'undecanoate', '50', 'mg', 'needed']",12
"Patient: 48F. Drugs: Fenbufen 500mg once daily, Melatonin 75mg every 12 hours.","['Fenbufen', 'Melatonin']",0,0,none,"patient: 48f. drugs: fenbufen 500mg once daily, melatonin 75mg every 12 hours.","['patient', '48f', 'drugs', 'fenbufen', '500', 'mg', 'daily', 'melatonin', '75', 'mg', '12', 'hours']",12
"Patient: 40M. Drugs: Droperidol 25mg once daily, Ipratropium bromide, Tadalafil 100mg three times daily.","['Droperidol', 'Ipratropium bromide', 'Tadalafil']",1,2,hypotensive activities,"patient: 40m. drugs: droperidol 25mg once daily, ipratropium bromide, tadalafil 100mg three times daily.","['patient', '40', 'm.', 'drugs', 'droperidol', '25', 'mg', 'daily', 'ipratropium', 'bromide', 'tadalafil', '100', 'mg', 'times', 'daily']",15
"Patient: 25F. Drugs: Ouabain 50mg every 12 hours, Pipecuronium.","['Ouabain', 'Pipecuronium']",1,2,arrhythmogenic activities,"patient: 25f. drugs: ouabain 50mg every 12 hours, pipecuronium.","['patient', '25f', 'drugs', 'ouabain', '50', 'mg', '12', 'hours', 'pipecuronium']",9
"Patient: 28F. Drugs: Fospropofol 50mg once daily, Perazine 200mg as needed.","['Fospropofol', 'Perazine']",1,3,risk or severity of adverse effects,"patient: 28f. drugs: fospropofol 50mg once daily, perazine 200mg as needed.","['patient', '28f', 'drugs', 'fospropofol', '50', 'mg', 'daily', 'perazine', '200', 'mg', 'needed']",11
"Patient: 28F. Drugs: Risedronate 25mg every 6 hours, Famotidine 200mg every 8 hours, Histrelin 500mg before meals.","['Risedronate', 'Famotidine', 'Histrelin']",1,1,absorption,"patient: 28f. drugs: risedronate 25mg every 6 hours, famotidine 200mg every 8 hours, histrelin 500mg before meals.","['patient', '28f', 'drugs', 'risedronate', '25', 'mg', '6', 'hours', 'famotidine', '200', 'mg', '8', 'hours', 'histrelin', '500', 'mg', 'meals']",17
"Patient: 33M. Drugs: Macimorelin, Sulfamethizole 75mg every 8 hours.","['Macimorelin', 'Sulfamethizole']",0,0,none,"patient: 33m. drugs: macimorelin, sulfamethizole 75mg every 8 hours.","['patient', '33', 'm.', 'drugs', 'macimorelin', 'sulfamethizole', '75', 'mg', '8', 'hours']",10
"Patient: 28F. Drugs: Fosamprenavir, Chlorpropamide 200mg before meals.","['Fosamprenavir', 'Chlorpropamide']",1,1,therapeutic efficacy,"patient: 28f. drugs: fosamprenavir, chlorpropamide 200mg before meals.","['patient', '28f', 'drugs', 'fosamprenavir', 'chlorpropamide', '200', 'mg', 'meals']",8
"Patient: 48F. Drugs: Olmesartan 500mg after meals, Rivaroxaban 100mg after meals.","['Olmesartan', 'Rivaroxaban']",0,0,none,"patient: 48f. drugs: olmesartan 500mg after meals, rivaroxaban 100mg after meals.","['patient', '48f', 'drugs', 'olmesartan', '500', 'mg', 'meals', 'rivaroxaban', '100', 'mg', 'meals']",11
"Patient: 70F. Drugs: Micafungin 200mg once daily, Efonidipine.","['Micafungin', 'Efonidipine']",1,1,therapeutic efficacy,"patient: 70f. drugs: micafungin 200mg once daily, efonidipine.","['patient', '70f', 'drugs', 'micafungin', '200', 'mg', 'daily', 'efonidipine']",8
"Patient: 28F. Drugs: Risedronate 25mg every 6 hours, Famotidine 200mg every 8 hours, Histrelin 500mg before meals.","['Risedronate', 'Famotidine', 'Histrelin']",1,1,absorption,"patient: 28f. drugs: risedronate 25mg every 6 hours, famotidine 200mg every 8 hours, histrelin 500mg before meals.","['patient', '28f', 'drugs', 'risedronate', '25', 'mg', '6', 'hours', 'famotidine', '200', 'mg', '8', 'hours', 'histrelin', '500', 'mg', 'meals']",17
"Patient: 70F. Drugs: Micafungin 200mg once daily, Efonidipine.","['Micafungin', 'Efonidipine']",1,1,therapeutic efficacy,"patient: 70f. drugs: micafungin 200mg once daily, efonidipine.","['patient', '70f', 'drugs', 'micafungin', '200', 'mg', 'daily', 'efonidipine']",8
"Patient: 45F. Drugs: Edetic Acid 75mg every 8 hours, Gestodene 50mg twice daily, Kanamycin.","['Edetic Acid', 'Gestodene', 'Kanamycin']",1,1,therapeutic efficacy,"patient: 45f. drugs: edetic acid 75mg every 8 hours, gestodene 50mg twice daily, kanamycin.","['patient', '45f', 'drugs', 'edetic', 'acid', '75', 'mg', '8', 'hours', 'gestodene', '50', 'mg', 'twice', 'daily', 'kanamycin']",15
"Patient: 68M. Drugs: Terconazole 75mg after meals, Deoxycholic Acid 25mg after meals, Fluindione.","['Terconazole', 'Deoxycholic Acid', 'Fluindione']",1,3,risk or severity of adverse effects,"patient: 68m. drugs: terconazole 75mg after meals, deoxycholic acid 25mg after meals, fluindione.","['patient', '68', 'm.', 'drugs', 'terconazole', '75', 'mg', 'meals', 'deoxycholic', 'acid', '25', 'mg', 'meals', 'fluindione']",14
"Patient: 40M. Drugs: Nortriptyline 100mg before meals, Iobenguane 25mg as needed, Carbinoxamine.","['Nortriptyline', 'Iobenguane', 'Carbinoxamine']",1,1,therapeutic efficacy,"patient: 40m. drugs: nortriptyline 100mg before meals, iobenguane 25mg as needed, carbinoxamine.","['patient', '40', 'm.', 'drugs', 'nortriptyline', '100', 'mg', 'meals', 'iobenguane', '25', 'mg', 'needed', 'carbinoxamine']",13
"Patient: 28F. Drugs: Quinapril 25mg every 6 hours, Parecoxib.","['Quinapril', 'Parecoxib']",1,3,risk or severity of adverse effects,"patient: 28f. drugs: quinapril 25mg every 6 hours, parecoxib.","['patient', '28f', 'drugs', 'quinapril', '25', 'mg', '6', 'hours', 'parecoxib']",9
"Patient: 58M. Drugs: Olopatadine, Hydroflumethiazide 200mg every 12 hours.","['Olopatadine', 'Hydroflumethiazide']",1,1,therapeutic efficacy,"patient: 58m. drugs: olopatadine, hydroflumethiazide 200mg every 12 hours.","['patient', '58', 'm.', 'drugs', 'olopatadine', 'hydroflumethiazide', '200', 'mg', '12', 'hours']",10
"Patient: 55F. Drugs: Methylphenidate 25mg once daily, Bismuth Subcitrate, Alfentanil 50mg twice daily.","['Methylphenidate', 'Bismuth Subcitrate', 'Alfentanil']",1,1,absorption,"patient: 55f. drugs: methylphenidate 25mg once daily, bismuth subcitrate, alfentanil 50mg twice daily.","['patient', '55f', 'drugs', 'methylphenidate', '25', 'mg', 'daily', 'bismuth', 'subcitrate', 'alfentanil', '50', 'mg', 'twice', 'daily']",14
"Patient: 45F. Drugs: Topotecan 50mg every 8 hours, Colchicine.","['Topotecan', 'Colchicine']",1,2,serum concentration,"patient: 45f. drugs: topotecan 50mg every 8 hours, colchicine.","['patient', '45f', 'drugs', 'topotecan', '50', 'mg', '8', 'hours', 'colchicine']",9
"Patient: 25F. Drugs: Pancuronium 500mg every 6 hours, Alendronic acid 100mg every 6 hours, Physostigmine 75mg twice daily.","['Pancuronium', 'Alendronic acid', 'Physostigmine']",1,1,therapeutic efficacy,"patient: 25f. drugs: pancuronium 500mg every 6 hours, alendronic acid 100mg every 6 hours, physostigmine 75mg twice daily.","['patient', '25f', 'drugs', 'pancuronium', '500', 'mg', '6', 'hours', 'alendronic', 'acid', '100', 'mg', '6', 'hours', 'physostigmine', '75', 'mg', 'twice', 'daily']",19
"Patient: 48F. Drugs: Terfenadine, Pentolinium, Riluzole.","['Terfenadine', 'Pentolinium', 'Riluzole']",0,0,none,"patient: 48f. drugs: terfenadine, pentolinium, riluzole.","['patient', '48f', 'drugs', 'terfenadine', 'pentolinium', 'riluzole']",6
"Patient: 60F. Drugs: Amitriptyline 25mg three times daily, Levorphanol 500mg as needed.","['Amitriptyline', 'Levorphanol']",1,3,risk or severity of adverse effects,"patient: 60f. drugs: amitriptyline 25mg three times daily, levorphanol 500mg as needed.","['patient', '60f', 'drugs', 'amitriptyline', '25', 'mg', 'times', 'daily', 'levorphanol', '500', 'mg', 'needed']",12
"Patient: 28F. Drugs: Gonadorelin, Carbocisteine 100mg three times daily, Tioconazole.","['Gonadorelin', 'Carbocisteine', 'Tioconazole']",0,0,none,"patient: 28f. drugs: gonadorelin, carbocisteine 100mg three times daily, tioconazole.","['patient', '28f', 'drugs', 'gonadorelin', 'carbocisteine', '100', 'mg', 'times', 'daily', 'tioconazole']",10
"Patient: 25F. Drugs: Duloxetine 75mg every 12 hours, Bromfenac 500mg before meals, Rosiglitazone.","['Duloxetine', 'Bromfenac', 'Rosiglitazone']",1,1,antiplatelet activities,"patient: 25f. drugs: duloxetine 75mg every 12 hours, bromfenac 500mg before meals, rosiglitazone.","['patient', '25f', 'drugs', 'duloxetine', '75', 'mg', '12', 'hours', 'bromfenac', '500', 'mg', 'meals', 'rosiglitazone']",13
"Patient: 48F. Drugs: Tiaprofenic acid, Folic Acid 75mg twice daily.","['Tiaprofenic acid', 'Folic Acid']",1,1,therapeutic efficacy,"patient: 48f. drugs: tiaprofenic acid, folic acid 75mg twice daily.","['patient', '48f', 'drugs', 'tiaprofenic', 'acid', 'folic', 'acid', '75', 'mg', 'twice', 'daily']",11
"Patient: 48F. Drugs: Stavudine, Chenodeoxycholic acid 200mg every 12 hours, Azidocillin 25mg every 12 hours.","['Stavudine', 'Chenodeoxycholic acid', 'Azidocillin']",0,0,none,"patient: 48f. drugs: stavudine, chenodeoxycholic acid 200mg every 12 hours, azidocillin 25mg every 12 hours.","['patient', '48f', 'drugs', 'stavudine', 'chenodeoxycholic', 'acid', '200', 'mg', '12', 'hours', 'azidocillin', '25', 'mg', '12', 'hours']",15
"Patient: 35F. Drugs: Triazolam 100mg twice daily, Alfacalcidol 200mg twice daily, Pentazocine 25mg after meals.","['Triazolam', 'Alfacalcidol', 'Pentazocine']",1,3,risk or severity of adverse effects,"patient: 35f. drugs: triazolam 100mg twice daily, alfacalcidol 200mg twice daily, pentazocine 25mg after meals.","['patient', '35f', 'drugs', 'triazolam', '100', 'mg', 'twice', 'daily', 'alfacalcidol', '200', 'mg', 'twice', 'daily', 'pentazocine', '25', 'mg', 'meals']",17
"Patient: 28F. Drugs: Potassium Iodide 50mg every 8 hours, Tolperisone 50mg after meals.","['Potassium Iodide', 'Tolperisone']",0,0,none,"patient: 28f. drugs: potassium iodide 50mg every 8 hours, tolperisone 50mg after meals.","['patient', '28f', 'drugs', 'potassium', 'iodide', '50', 'mg', '8', 'hours', 'tolperisone', '50', 'mg', 'meals']",13
"Patient: 35F. Drugs: Nabumetone 100mg every 12 hours, Limaprost, Clozapine 500mg three times daily.","['Nabumetone', 'Limaprost', 'Clozapine']",1,1,therapeutic efficacy,"patient: 35f. drugs: nabumetone 100mg every 12 hours, limaprost, clozapine 500mg three times daily.","['patient', '35f', 'drugs', 'nabumetone', '100', 'mg', '12', 'hours', 'limaprost', 'clozapine', '500', 'mg', 'times', 'daily']",14
"Patient: 33M. Drugs: Montelukast, Lumacaftor 50mg every 6 hours.","['Montelukast', 'Lumacaftor']",1,2,serum concentration,"patient: 33m. drugs: montelukast, lumacaftor 50mg every 6 hours.","['patient', '33', 'm.', 'drugs', 'montelukast', 'lumacaftor', '50', 'mg', '6', 'hours']",10
"Patient: 33M. Drugs: Levodopa 50mg three times daily, Pirlindole.","['Levodopa', 'Pirlindole']",1,3,risk or severity of adverse effects,"patient: 33m. drugs: levodopa 50mg three times daily, pirlindole.","['patient', '33', 'm.', 'drugs', 'levodopa', '50', 'mg', 'times', 'daily', 'pirlindole']",10
"Patient: 52M. Drugs: Carprofen, Rivaroxaban 500mg as needed, Tavaborole.","['Carprofen', 'Rivaroxaban', 'Tavaborole']",1,2,anticoagulant activities,"patient: 52m. drugs: carprofen, rivaroxaban 500mg as needed, tavaborole.","['patient', '52', 'm.', 'drugs', 'carprofen', 'rivaroxaban', '500', 'mg', 'needed', 'tavaborole']",10
"Patient: 60F. Drugs: Sulfacytine, Diclofenac 100mg every 6 hours, Pimozide, Aminosalicylic Acid 500mg three times daily.","['Sulfacytine', 'Diclofenac', 'Pimozide', 'Aminosalicylic Acid']",1,3,risk or severity of adverse effects,"patient: 60f. drugs: sulfacytine, diclofenac 100mg every 6 hours, pimozide, aminosalicylic acid 500mg three times daily.","['patient', '60f', 'drugs', 'sulfacytine', 'diclofenac', '100', 'mg', '6', 'hours', 'pimozide', 'aminosalicylic', 'acid', '500', 'mg', 'times', 'daily']",16
"Patient: 28F. Drugs: Gonadorelin, Carbocisteine 100mg three times daily, Tioconazole.","['Gonadorelin', 'Carbocisteine', 'Tioconazole']",0,0,none,"patient: 28f. drugs: gonadorelin, carbocisteine 100mg three times daily, tioconazole.","['patient', '28f', 'drugs', 'gonadorelin', 'carbocisteine', '100', 'mg', 'times', 'daily', 'tioconazole']",10
"Patient: 25F. Drugs: Cloxazolam, Pioglitazone 100mg after meals, Zileuton 200mg after meals, Tranilast 50mg every 8 hours.","['Cloxazolam', 'Pioglitazone', 'Zileuton', 'Tranilast']",1,3,risk or severity of adverse effects,"patient: 25f. drugs: cloxazolam, pioglitazone 100mg after meals, zileuton 200mg after meals, tranilast 50mg every 8 hours.","['patient', '25f', 'drugs', 'cloxazolam', 'pioglitazone', '100', 'mg', 'meals', 'zileuton', '200', 'mg', 'meals', 'tranilast', '50', 'mg', '8', 'hours']",17
"Patient: 70F. Drugs: Idarubicin 75mg once daily, Etravirine 75mg twice daily, Brivaracetam 25mg as needed.","['Idarubicin', 'Etravirine', 'Brivaracetam']",1,2,metabolism,"patient: 70f. drugs: idarubicin 75mg once daily, etravirine 75mg twice daily, brivaracetam 25mg as needed.","['patient', '70f', 'drugs', 'idarubicin', '75', 'mg', 'daily', 'etravirine', '75', 'mg', 'twice', 'daily', 'brivaracetam', '25', 'mg', 'needed']",16
"Patient: 25F. Drugs: Perflubutane, Halofantrine 75mg after meals, Digitoxin 100mg after meals, Tolperisone.","['Perflubutane', 'Halofantrine', 'Digitoxin', 'Tolperisone']",0,0,none,"patient: 25f. drugs: perflubutane, halofantrine 75mg after meals, digitoxin 100mg after meals, tolperisone.","['patient', '25f', 'drugs', 'perflubutane', 'halofantrine', '75', 'mg', 'meals', 'digitoxin', '100', 'mg', 'meals', 'tolperisone']",13
"Patient: 75M. Drugs: Dihydroergotamine 25mg before meals, Doxorubicin 200mg once daily, Ketorolac 500mg after meals.","['Dihydroergotamine', 'Doxorubicin', 'Ketorolac']",1,3,risk or severity of adverse effects,"patient: 75m. drugs: dihydroergotamine 25mg before meals, doxorubicin 200mg once daily, ketorolac 500mg after meals.","['patient', '75', 'm.', 'drugs', 'dihydroergotamine', '25', 'mg', 'meals', 'doxorubicin', '200', 'mg', 'daily', 'ketorolac', '500', 'mg', 'meals']",16
"Patient: 30M. Drugs: Desoximetasone, Trolamine salicylate 75mg as needed, Quinagolide 25mg twice daily.","['Desoximetasone', 'Trolamine salicylate', 'Quinagolide']",1,3,risk or severity of adverse effects,"patient: 30m. drugs: desoximetasone, trolamine salicylate 75mg as needed, quinagolide 25mg twice daily.","['patient', '30', 'm.', 'drugs', 'desoximetasone', 'trolamine', 'salicylate', '75', 'mg', 'needed', 'quinagolide', '25', 'mg', 'twice', 'daily']",15
"Patient: 70F. Drugs: Prednisone, Sitagliptin 100mg as needed, Alosetron 50mg once daily, Methyldopa.","['Prednisone', 'Sitagliptin', 'Alosetron', 'Methyldopa']",1,1,therapeutic efficacy,"patient: 70f. drugs: prednisone, sitagliptin 100mg as needed, alosetron 50mg once daily, methyldopa.","['patient', '70f', 'drugs', 'prednisone', 'sitagliptin', '100', 'mg', 'needed', 'alosetron', '50', 'mg', 'daily', 'methyldopa']",13
"Patient: 55F. Drugs: Methylphenidate 25mg once daily, Bismuth Subcitrate, Alfentanil 50mg twice daily.","['Methylphenidate', 'Bismuth Subcitrate', 'Alfentanil']",1,1,absorption,"patient: 55f. drugs: methylphenidate 25mg once daily, bismuth subcitrate, alfentanil 50mg twice daily.","['patient', '55f', 'drugs', 'methylphenidate', '25', 'mg', 'daily', 'bismuth', 'subcitrate', 'alfentanil', '50', 'mg', 'twice', 'daily']",14
"Patient: 35F. Drugs: Venetoclax 75mg after meals, Propericiazine 50mg three times daily, Voriconazole.","['Venetoclax', 'Propericiazine', 'Voriconazole']",1,2,metabolism,"patient: 35f. drugs: venetoclax 75mg after meals, propericiazine 50mg three times daily, voriconazole.","['patient', '35f', 'drugs', 'venetoclax', '75', 'mg', 'meals', 'propericiazine', '50', 'mg', 'times', 'daily', 'voriconazole']",13
"Patient: 60F. Drugs: Mycophenolate mofetil 500mg every 12 hours, Trichlormethiazide 100mg before meals, Calcium lactate.","['Mycophenolate mofetil', 'Trichlormethiazide', 'Calcium lactate']",1,1,therapeutic efficacy,"patient: 60f. drugs: mycophenolate mofetil 500mg every 12 hours, trichlormethiazide 100mg before meals, calcium lactate.","['patient', '60f', 'drugs', 'mycophenolate', 'mofetil', '500', 'mg', '12', 'hours', 'trichlormethiazide', '100', 'mg', 'meals', 'calcium', 'lactate']",15
"Patient: 40M. Drugs: Clonixin 200mg once daily, Alclofenac 500mg every 6 hours, Phenytoin.","['Clonixin', 'Alclofenac', 'Phenytoin']",1,3,risk or severity of adverse effects,"patient: 40m. drugs: clonixin 200mg once daily, alclofenac 500mg every 6 hours, phenytoin.","['patient', '40', 'm.', 'drugs', 'clonixin', '200', 'mg', 'daily', 'alclofenac', '500', 'mg', '6', 'hours', 'phenytoin']",14
"Patient: 33M. Drugs: Ethchlorvynol, Protriptyline 75mg every 6 hours.","['Ethchlorvynol', 'Protriptyline']",1,3,risk or severity of adverse effects,"patient: 33m. drugs: ethchlorvynol, protriptyline 75mg every 6 hours.","['patient', '33', 'm.', 'drugs', 'ethchlorvynol', 'protriptyline', '75', 'mg', '6', 'hours']",10
"Patient: 52M. Drugs: Nandrolone decanoate 100mg every 12 hours, Benznidazole, Azelnidipine, Trimetazidine 500mg three times daily.","['Nandrolone decanoate', 'Benznidazole', 'Azelnidipine', 'Trimetazidine']",0,0,none,"patient: 52m. drugs: nandrolone decanoate 100mg every 12 hours, benznidazole, azelnidipine, trimetazidine 500mg three times daily.","['patient', '52', 'm.', 'drugs', 'nandrolone', 'decanoate', '100', 'mg', '12', 'hours', 'benznidazole', 'azelnidipine', 'trimetazidine', '500', 'mg', 'times', 'daily']",17
"Patient: 25F. Drugs: Pancuronium 500mg every 6 hours, Alendronic acid 100mg every 6 hours, Physostigmine 75mg twice daily.","['Pancuronium', 'Alendronic acid', 'Physostigmine']",1,1,therapeutic efficacy,"patient: 25f. drugs: pancuronium 500mg every 6 hours, alendronic acid 100mg every 6 hours, physostigmine 75mg twice daily.","['patient', '25f', 'drugs', 'pancuronium', '500', 'mg', '6', 'hours', 'alendronic', 'acid', '100', 'mg', '6', 'hours', 'physostigmine', '75', 'mg', 'twice', 'daily']",19
"Patient: 58M. Drugs: Reserpine 500mg once daily, Ceftazidime 75mg every 12 hours, Dimetindene 50mg as needed, Aminolevulinic acid.","['Reserpine', 'Ceftazidime', 'Dimetindene', 'Aminolevulinic acid']",0,0,none,"patient: 58m. drugs: reserpine 500mg once daily, ceftazidime 75mg every 12 hours, dimetindene 50mg as needed, aminolevulinic acid.","['patient', '58', 'm.', 'drugs', 'reserpine', '500', 'mg', 'daily', 'ceftazidime', '75', 'mg', '12', 'hours', 'dimetindene', '50', 'mg', 'needed', 'aminolevulinic', 'acid']",19
"Patient: 28F. Drugs: Cilazapril 100mg every 12 hours, Temsirolimus 100mg before meals.","['Cilazapril', 'Temsirolimus']",1,3,risk or severity of adverse effects,"patient: 28f. drugs: cilazapril 100mg every 12 hours, temsirolimus 100mg before meals.","['patient', '28f', 'drugs', 'cilazapril', '100', 'mg', '12', 'hours', 'temsirolimus', '100', 'mg', 'meals']",12
"Patient: 75M. Drugs: Sorafenib 500mg twice daily, Brivaracetam 200mg once daily, Tolcapone 200mg before meals.","['Sorafenib', 'Brivaracetam', 'Tolcapone']",1,2,metabolism,"patient: 75m. drugs: sorafenib 500mg twice daily, brivaracetam 200mg once daily, tolcapone 200mg before meals.","['patient', '75', 'm.', 'drugs', 'sorafenib', '500', 'mg', 'twice', 'daily', 'brivaracetam', '200', 'mg', 'daily', 'tolcapone', '200', 'mg', 'meals']",17
"Patient: 68M. Drugs: Sofosbuvir, Promazine 50mg every 6 hours, Sevoflurane 100mg every 8 hours.","['Sofosbuvir', 'Promazine', 'Sevoflurane']",1,3,risk or severity of adverse effects,"patient: 68m. drugs: sofosbuvir, promazine 50mg every 6 hours, sevoflurane 100mg every 8 hours.","['patient', '68', 'm.', 'drugs', 'sofosbuvir', 'promazine', '50', 'mg', '6', 'hours', 'sevoflurane', '100', 'mg', '8', 'hours']",15
"Patient: 68M. Drugs: Isavuconazonium 75mg as needed, Neratinib 25mg every 12 hours, Mycophenolic acid 100mg as needed.","['Isavuconazonium', 'Neratinib', 'Mycophenolic acid']",1,2,metabolism,"patient: 68m. drugs: isavuconazonium 75mg as needed, neratinib 25mg every 12 hours, mycophenolic acid 100mg as needed.","['patient', '68', 'm.', 'drugs', 'isavuconazonium', '75', 'mg', 'needed', 'neratinib', '25', 'mg', '12', 'hours', 'mycophenolic', 'acid', '100', 'mg', 'needed']",18
"Patient: 68M. Drugs: Tranylcypromine, Naphazoline, Perampanel.","['Tranylcypromine', 'Naphazoline', 'Perampanel']",1,2,hypertensive activities,"patient: 68m. drugs: tranylcypromine, naphazoline, perampanel.","['patient', '68', 'm.', 'drugs', 'tranylcypromine', 'naphazoline', 'perampanel']",7
"Patient: 75M. Drugs: Bisoprolol 75mg after meals, Abiraterone, Delavirdine 500mg twice daily.","['Bisoprolol', 'Abiraterone', 'Delavirdine']",1,2,serum concentration,"patient: 75m. drugs: bisoprolol 75mg after meals, abiraterone, delavirdine 500mg twice daily.","['patient', '75', 'm.', 'drugs', 'bisoprolol', '75', 'mg', 'meals', 'abiraterone', 'delavirdine', '500', 'mg', 'twice', 'daily']",14
"Patient: 75M. Drugs: Phenprocoumon 500mg every 12 hours, Cinnarizine.","['Phenprocoumon', 'Cinnarizine']",0,0,none,"patient: 75m. drugs: phenprocoumon 500mg every 12 hours, cinnarizine.","['patient', '75', 'm.', 'drugs', 'phenprocoumon', '500', 'mg', '12', 'hours', 'cinnarizine']",10
"Patient: 52M. Drugs: Potassium Iodide 100mg every 8 hours, Zalcitabine 75mg three times daily, Methyltestosterone 75mg once daily.","['Potassium Iodide', 'Zalcitabine', 'Methyltestosterone']",0,0,none,"patient: 52m. drugs: potassium iodide 100mg every 8 hours, zalcitabine 75mg three times daily, methyltestosterone 75mg once daily.","['patient', '52', 'm.', 'drugs', 'potassium', 'iodide', '100', 'mg', '8', 'hours', 'zalcitabine', '75', 'mg', 'times', 'daily', 'methyltestosterone', '75', 'mg', 'daily']",19
"Patient: 35F. Drugs: Amitriptyline 25mg after meals, Benzocaine 500mg twice daily.","['Amitriptyline', 'Benzocaine']",1,3,risk or severity of adverse effects,"patient: 35f. drugs: amitriptyline 25mg after meals, benzocaine 500mg twice daily.","['patient', '35f', 'drugs', 'amitriptyline', '25', 'mg', 'meals', 'benzocaine', '500', 'mg', 'twice', 'daily']",12
"Patient: 33M. Drugs: Isoetarine, Rifaximin 75mg every 6 hours, Fluciclovine (18F) 75mg before meals, Methsuximide 200mg as needed.","['Isoetarine', 'Rifaximin', 'Fluciclovine (18F)', 'Methsuximide']",1,3,risk or severity of hypotension,"patient: 33m. drugs: isoetarine, rifaximin 75mg every 6 hours, fluciclovine 18f 75mg before meals, methsuximide 200mg as needed.","['patient', '33', 'm.', 'drugs', 'isoetarine', 'rifaximin', '75', 'mg', '6', 'hours', 'fluciclovine', '18f', '75', 'mg', 'meals', 'methsuximide', '200', 'mg', 'needed']",19
"Patient: 40M. Drugs: Venetoclax 100mg before meals, Sibutramine.","['Venetoclax', 'Sibutramine']",0,0,none,"patient: 40m. drugs: venetoclax 100mg before meals, sibutramine.","['patient', '40', 'm.', 'drugs', 'venetoclax', '100', 'mg', 'meals', 'sibutramine']",9
"Patient: 30M. Drugs: Cefapirin 50mg twice daily, Decamethonium.","['Cefapirin', 'Decamethonium']",0,0,none,"patient: 30m. drugs: cefapirin 50mg twice daily, decamethonium.","['patient', '30', 'm.', 'drugs', 'cefapirin', '50', 'mg', 'twice', 'daily', 'decamethonium']",10
"Patient: 48F. Drugs: Leflunomide 100mg every 8 hours, Butenafine 25mg as needed, Quinethazone.","['Leflunomide', 'Butenafine', 'Quinethazone']",1,1,therapeutic efficacy,"patient: 48f. drugs: leflunomide 100mg every 8 hours, butenafine 25mg as needed, quinethazone.","['patient', '48f', 'drugs', 'leflunomide', '100', 'mg', '8', 'hours', 'butenafine', '25', 'mg', 'needed', 'quinethazone']",13
"Patient: 28F. Drugs: Fluvoxamine 500mg every 6 hours, Fluticasone propionate, Vitamin E.","['Fluvoxamine', 'Fluticasone propionate', 'Vitamin E']",1,2,metabolism,"patient: 28f. drugs: fluvoxamine 500mg every 6 hours, fluticasone propionate, vitamin e.","['patient', '28f', 'drugs', 'fluvoxamine', '500', 'mg', '6', 'hours', 'fluticasone', 'propionate', 'vitamin', 'e.']",12
"Patient: 35F. Drugs: Flavoxate 75mg as needed, Methscopolamine 75mg twice daily.","['Flavoxate', 'Methscopolamine']",1,3,risk or severity of adverse effects,"patient: 35f. drugs: flavoxate 75mg as needed, methscopolamine 75mg twice daily.","['patient', '35f', 'drugs', 'flavoxate', '75', 'mg', 'needed', 'methscopolamine', '75', 'mg', 'twice', 'daily']",12
"Patient: 48F. Drugs: Thioridazine 75mg after meals, Glyburide.","['Thioridazine', 'Glyburide']",0,0,none,"patient: 48f. drugs: thioridazine 75mg after meals, glyburide.","['patient', '48f', 'drugs', 'thioridazine', '75', 'mg', 'meals', 'glyburide']",8
"Patient: 40M. Drugs: Timolol, Phenylpropanolamine 75mg every 6 hours.","['Timolol', 'Phenylpropanolamine']",1,1,bronchodilatory activities,"patient: 40m. drugs: timolol, phenylpropanolamine 75mg every 6 hours.","['patient', '40', 'm.', 'drugs', 'timolol', 'phenylpropanolamine', '75', 'mg', '6', 'hours']",10
"Patient: 55F. Drugs: Bendroflumethiazide, Aceclofenac 50mg every 12 hours, Trimethadione.","['Bendroflumethiazide', 'Aceclofenac', 'Trimethadione']",1,1,therapeutic efficacy,"patient: 55f. drugs: bendroflumethiazide, aceclofenac 50mg every 12 hours, trimethadione.","['patient', '55f', 'drugs', 'bendroflumethiazide', 'aceclofenac', '50', 'mg', '12', 'hours', 'trimethadione']",10
"Patient: 75M. Drugs: Methysergide 75mg after meals, Cerivastatin, Pamidronate.","['Methysergide', 'Cerivastatin', 'Pamidronate']",1,3,risk or severity of adverse effects,"patient: 75m. drugs: methysergide 75mg after meals, cerivastatin, pamidronate.","['patient', '75', 'm.', 'drugs', 'methysergide', '75', 'mg', 'meals', 'cerivastatin', 'pamidronate']",10
"Patient: 55F. Drugs: Moexipril 500mg as needed, Epirizole 50mg after meals.","['Moexipril', 'Epirizole']",1,3,risk or severity of adverse effects,"patient: 55f. drugs: moexipril 500mg as needed, epirizole 50mg after meals.","['patient', '55f', 'drugs', 'moexipril', '500', 'mg', 'needed', 'epirizole', '50', 'mg', 'meals']",11
"Patient: 60F. Drugs: Sildenafil 500mg as needed, Ergotamine 500mg every 12 hours.","['Sildenafil', 'Ergotamine']",1,3,risk or severity of adverse effects,"patient: 60f. drugs: sildenafil 500mg as needed, ergotamine 500mg every 12 hours.","['patient', '60f', 'drugs', 'sildenafil', '500', 'mg', 'needed', 'ergotamine', '500', 'mg', '12', 'hours']",12
"Patient: 40M. Drugs: Idarubicin, Buclizine 50mg as needed.","['Idarubicin', 'Buclizine']",0,0,none,"patient: 40m. drugs: idarubicin, buclizine 50mg as needed.","['patient', '40', 'm.', 'drugs', 'idarubicin', 'buclizine', '50', 'mg', 'needed']",9
"Patient: 35F. Drugs: Bosentan 75mg twice daily, Trazodone 500mg once daily, Zaleplon 200mg three times daily.","['Bosentan', 'Trazodone', 'Zaleplon']",1,2,serum concentration,"patient: 35f. drugs: bosentan 75mg twice daily, trazodone 500mg once daily, zaleplon 200mg three times daily.","['patient', '35f', 'drugs', 'bosentan', '75', 'mg', 'twice', 'daily', 'trazodone', '500', 'mg', 'daily', 'zaleplon', '200', 'mg', 'times', 'daily']",17
"Patient: 25F. Drugs: Thioproperazine 200mg every 8 hours, Tiapride 50mg every 8 hours, Limaprost 200mg after meals, Alclometasone 25mg every 8 hours.","['Thioproperazine', 'Tiapride', 'Limaprost', 'Alclometasone']",0,0,none,"patient: 25f. drugs: thioproperazine 200mg every 8 hours, tiapride 50mg every 8 hours, limaprost 200mg after meals, alclometasone 25mg every 8 hours.","['patient', '25f', 'drugs', 'thioproperazine', '200', 'mg', '8', 'hours', 'tiapride', '50', 'mg', '8', 'hours', 'limaprost', '200', 'mg', 'meals', 'alclometasone', '25', 'mg', '8', 'hours']",22
"Patient: 33M. Drugs: Calcium carbimide 200mg every 8 hours, Amcinonide 25mg twice daily.","['Calcium carbimide', 'Amcinonide']",0,0,none,"patient: 33m. drugs: calcium carbimide 200mg every 8 hours, amcinonide 25mg twice daily.","['patient', '33', 'm.', 'drugs', 'calcium', 'carbimide', '200', 'mg', '8', 'hours', 'amcinonide', '25', 'mg', 'twice', 'daily']",15
"Patient: 75M. Drugs: Dihydroergotamine 25mg before meals, Doxorubicin 200mg once daily, Ketorolac 500mg after meals.","['Dihydroergotamine', 'Doxorubicin', 'Ketorolac']",1,3,risk or severity of adverse effects,"patient: 75m. drugs: dihydroergotamine 25mg before meals, doxorubicin 200mg once daily, ketorolac 500mg after meals.","['patient', '75', 'm.', 'drugs', 'dihydroergotamine', '25', 'mg', 'meals', 'doxorubicin', '200', 'mg', 'daily', 'ketorolac', '500', 'mg', 'meals']",16
"Patient: 60F. Drugs: Ergotamine 200mg after meals, Rilpivirine 500mg every 6 hours.","['Ergotamine', 'Rilpivirine']",1,2,serum concentration,"patient: 60f. drugs: ergotamine 200mg after meals, rilpivirine 500mg every 6 hours.","['patient', '60f', 'drugs', 'ergotamine', '200', 'mg', 'meals', 'rilpivirine', '500', 'mg', '6', 'hours']",12
"Patient: 35F. Drugs: Velpatasvir 75mg as needed, Terbutaline 200mg as needed, Gabapentin Enacarbil 200mg after meals, Dimetacrine 100mg three times daily.","['Velpatasvir', 'Terbutaline', 'Gabapentin Enacarbil', 'Dimetacrine']",1,3,risk or severity of adverse effects,"patient: 35f. drugs: velpatasvir 75mg as needed, terbutaline 200mg as needed, gabapentin enacarbil 200mg after meals, dimetacrine 100mg three times daily.","['patient', '35f', 'drugs', 'velpatasvir', '75', 'mg', 'needed', 'terbutaline', '200', 'mg', 'needed', 'gabapentin', 'enacarbil', '200', 'mg', 'meals', 'dimetacrine', '100', 'mg', 'times', 'daily']",21
"Patient: 30M. Drugs: Deutetrabenazine 500mg twice daily, Apixaban, Mepyramine, Lorpiprazole 25mg every 6 hours.","['Deutetrabenazine', 'Apixaban', 'Mepyramine', 'Lorpiprazole']",1,2,serum concentration,"patient: 30m. drugs: deutetrabenazine 500mg twice daily, apixaban, mepyramine, lorpiprazole 25mg every 6 hours.","['patient', '30', 'm.', 'drugs', 'deutetrabenazine', '500', 'mg', 'twice', 'daily', 'apixaban', 'mepyramine', 'lorpiprazole', '25', 'mg', '6', 'hours']",16
"Patient: 58M. Drugs: Clonazepam 50mg once daily, Desvenlafaxine 500mg before meals.","['Clonazepam', 'Desvenlafaxine']",1,3,risk or severity of adverse effects,"patient: 58m. drugs: clonazepam 50mg once daily, desvenlafaxine 500mg before meals.","['patient', '58', 'm.', 'drugs', 'clonazepam', '50', 'mg', 'daily', 'desvenlafaxine', '500', 'mg', 'meals']",12
"Patient: 35F. Drugs: Arsenic trioxide 25mg as needed, Clevidipine.","['Arsenic trioxide', 'Clevidipine']",1,3,risk or severity of adverse effects,"patient: 35f. drugs: arsenic trioxide 25mg as needed, clevidipine.","['patient', '35f', 'drugs', 'arsenic', 'trioxide', '25', 'mg', 'needed', 'clevidipine']",9
"Patient: 68M. Drugs: Griseofulvin, Magnesium sulfate, Pralatrexate.","['Griseofulvin', 'Magnesium sulfate', 'Pralatrexate']",1,1,therapeutic efficacy,"patient: 68m. drugs: griseofulvin, magnesium sulfate, pralatrexate.","['patient', '68', 'm.', 'drugs', 'griseofulvin', 'magnesium', 'sulfate', 'pralatrexate']",8
"Patient: 58M. Drugs: Mefenamic acid 200mg once daily, Tasimelteon 25mg three times daily, Prazosin 25mg before meals, Maprotiline.","['Mefenamic acid', 'Tasimelteon', 'Prazosin', 'Maprotiline']",1,3,risk or severity of adverse effects,"patient: 58m. drugs: mefenamic acid 200mg once daily, tasimelteon 25mg three times daily, prazosin 25mg before meals, maprotiline.","['patient', '58', 'm.', 'drugs', 'mefenamic', 'acid', '200', 'mg', 'daily', 'tasimelteon', '25', 'mg', 'times', 'daily', 'prazosin', '25', 'mg', 'meals', 'maprotiline']",19
"Patient: 35F. Drugs: Doxapram 200mg as needed, Benzoic Acid 100mg every 8 hours, Fluticasone.","['Doxapram', 'Benzoic Acid', 'Fluticasone']",1,1,therapeutic efficacy,"patient: 35f. drugs: doxapram 200mg as needed, benzoic acid 100mg every 8 hours, fluticasone.","['patient', '35f', 'drugs', 'doxapram', '200', 'mg', 'needed', 'benzoic', 'acid', '100', 'mg', '8', 'hours', 'fluticasone']",14
"Patient: 68M. Drugs: Doxycycline 200mg once daily, Abiraterone, Micafungin 500mg once daily.","['Doxycycline', 'Abiraterone', 'Micafungin']",1,2,metabolism,"patient: 68m. drugs: doxycycline 200mg once daily, abiraterone, micafungin 500mg once daily.","['patient', '68', 'm.', 'drugs', 'doxycycline', '200', 'mg', 'daily', 'abiraterone', 'micafungin', '500', 'mg', 'daily']",13
"Patient: 35F. Drugs: Triazolam 100mg twice daily, Alfacalcidol 200mg twice daily, Pentazocine 25mg after meals.","['Triazolam', 'Alfacalcidol', 'Pentazocine']",1,3,risk or severity of adverse effects,"patient: 35f. drugs: triazolam 100mg twice daily, alfacalcidol 200mg twice daily, pentazocine 25mg after meals.","['patient', '35f', 'drugs', 'triazolam', '100', 'mg', 'twice', 'daily', 'alfacalcidol', '200', 'mg', 'twice', 'daily', 'pentazocine', '25', 'mg', 'meals']",17
"Patient: 45F. Drugs: Halofantrine 200mg three times daily, Iron 25mg once daily, Gimeracil 200mg as needed, Celiprolol 500mg three times daily.","['Halofantrine', 'Iron', 'Gimeracil', 'Celiprolol']",0,0,none,"patient: 45f. drugs: halofantrine 200mg three times daily, iron 25mg once daily, gimeracil 200mg as needed, celiprolol 500mg three times daily.","['patient', '45f', 'drugs', 'halofantrine', '200', 'mg', 'times', 'daily', 'iron', '25', 'mg', 'daily', 'gimeracil', '200', 'mg', 'needed', 'celiprolol', '500', 'mg', 'times', 'daily']",21
"Patient: 60F. Drugs: Quazepam, Brotizolam 25mg every 12 hours, Radium Ra 223 Dichloride 500mg three times daily, Methadone 100mg once daily.","['Quazepam', 'Brotizolam', 'Radium Ra 223 Dichloride', 'Methadone']",1,3,risk or severity of adverse effects,"patient: 60f. drugs: quazepam, brotizolam 25mg every 12 hours, radium ra 223 dichloride 500mg three times daily, methadone 100mg once daily.","['patient', '60f', 'drugs', 'quazepam', 'brotizolam', '25', 'mg', '12', 'hours', 'radium', 'ra', '223', 'dichloride', '500', 'mg', 'times', 'daily', 'methadone', '100', 'mg', 'daily']",21
"Patient: 52M. Drugs: Ibrutinib 500mg every 6 hours, Hydrochlorothiazide, Phenindione 25mg three times daily, Amiodarone 100mg once daily.","['Ibrutinib', 'Hydrochlorothiazide', 'Phenindione', 'Amiodarone']",1,3,risk or severity of adverse effects,"patient: 52m. drugs: ibrutinib 500mg every 6 hours, hydrochlorothiazide, phenindione 25mg three times daily, amiodarone 100mg once daily.","['patient', '52', 'm.', 'drugs', 'ibrutinib', '500', 'mg', '6', 'hours', 'hydrochlorothiazide', 'phenindione', '25', 'mg', 'times', 'daily', 'amiodarone', '100', 'mg', 'daily']",19
"Patient: 35F. Drugs: Flavoxate 75mg as needed, Methscopolamine 75mg twice daily.","['Flavoxate', 'Methscopolamine']",1,3,risk or severity of adverse effects,"patient: 35f. drugs: flavoxate 75mg as needed, methscopolamine 75mg twice daily.","['patient', '35f', 'drugs', 'flavoxate', '75', 'mg', 'needed', 'methscopolamine', '75', 'mg', 'twice', 'daily']",12
"Patient: 45F. Drugs: Dofetilide 200mg every 12 hours, Citalopram 200mg every 8 hours.","['Dofetilide', 'Citalopram']",1,3,risk or severity of QTc prolongation,"patient: 45f. drugs: dofetilide 200mg every 12 hours, citalopram 200mg every 8 hours.","['patient', '45f', 'drugs', 'dofetilide', '200', 'mg', '12', 'hours', 'citalopram', '200', 'mg', '8', 'hours']",13
"Patient: 30M. Drugs: Quinacrine 200mg every 6 hours, Edoxaban 200mg twice daily.","['Quinacrine', 'Edoxaban']",1,2,serum concentration,"patient: 30m. drugs: quinacrine 200mg every 6 hours, edoxaban 200mg twice daily.","['patient', '30', 'm.', 'drugs', 'quinacrine', '200', 'mg', '6', 'hours', 'edoxaban', '200', 'mg', 'twice', 'daily']",14
"Patient: 30M. Drugs: Eprosartan 500mg twice daily, Nitrous acid 50mg after meals, Levonorgestrel 200mg before meals.","['Eprosartan', 'Nitrous acid', 'Levonorgestrel']",1,3,risk or severity of adverse effects,"patient: 30m. drugs: eprosartan 500mg twice daily, nitrous acid 50mg after meals, levonorgestrel 200mg before meals.","['patient', '30', 'm.', 'drugs', 'eprosartan', '500', 'mg', 'twice', 'daily', 'nitrous', 'acid', '50', 'mg', 'meals', 'levonorgestrel', '200', 'mg', 'meals']",18
"Patient: 58M. Drugs: Reserpine 500mg once daily, Ceftazidime 75mg every 12 hours, Dimetindene 50mg as needed, Aminolevulinic acid.","['Reserpine', 'Ceftazidime', 'Dimetindene', 'Aminolevulinic acid']",0,0,none,"patient: 58m. drugs: reserpine 500mg once daily, ceftazidime 75mg every 12 hours, dimetindene 50mg as needed, aminolevulinic acid.","['patient', '58', 'm.', 'drugs', 'reserpine', '500', 'mg', 'daily', 'ceftazidime', '75', 'mg', '12', 'hours', 'dimetindene', '50', 'mg', 'needed', 'aminolevulinic', 'acid']",19
"Patient: 30M. Drugs: Timolol, Hexoprenaline 25mg before meals.","['Timolol', 'Hexoprenaline']",1,1,bronchodilatory activities,"patient: 30m. drugs: timolol, hexoprenaline 25mg before meals.","['patient', '30', 'm.', 'drugs', 'timolol', 'hexoprenaline', '25', 'mg', 'meals']",9
"Patient: 62M. Drugs: Gentamicin, Fidaxomicin 200mg before meals, Mesoridazine, Tromethamine 500mg twice daily.","['Gentamicin', 'Fidaxomicin', 'Mesoridazine', 'Tromethamine']",1,1,absorption,"patient: 62m. drugs: gentamicin, fidaxomicin 200mg before meals, mesoridazine, tromethamine 500mg twice daily.","['patient', '62', 'm.', 'drugs', 'gentamicin', 'fidaxomicin', '200', 'mg', 'meals', 'mesoridazine', 'tromethamine', '500', 'mg', 'twice', 'daily']",15
"Patient: 55F. Drugs: Cefpodoxime 75mg twice daily, Cinoxacin 75mg after meals, Amantadine 25mg twice daily.","['Cefpodoxime', 'Cinoxacin', 'Amantadine']",0,0,none,"patient: 55f. drugs: cefpodoxime 75mg twice daily, cinoxacin 75mg after meals, amantadine 25mg twice daily.","['patient', '55f', 'drugs', 'cefpodoxime', '75', 'mg', 'twice', 'daily', 'cinoxacin', '75', 'mg', 'meals', 'amantadine', '25', 'mg', 'twice', 'daily']",17
"Patient: 28F. Drugs: Fosamprenavir, Chlorpropamide 200mg before meals.","['Fosamprenavir', 'Chlorpropamide']",1,1,therapeutic efficacy,"patient: 28f. drugs: fosamprenavir, chlorpropamide 200mg before meals.","['patient', '28f', 'drugs', 'fosamprenavir', 'chlorpropamide', '200', 'mg', 'meals']",8
"Patient: 60F. Drugs: Prasugrel 200mg every 6 hours, Estrone sulfate 50mg three times daily, Propacetamol 500mg before meals.","['Prasugrel', 'Estrone sulfate', 'Propacetamol']",1,3,risk or severity of adverse effects,"patient: 60f. drugs: prasugrel 200mg every 6 hours, estrone sulfate 50mg three times daily, propacetamol 500mg before meals.","['patient', '60f', 'drugs', 'prasugrel', '200', 'mg', '6', 'hours', 'estrone', 'sulfate', '50', 'mg', 'times', 'daily', 'propacetamol', '500', 'mg', 'meals']",18
"Patient: 45F. Drugs: Epinastine 25mg every 6 hours, Dabigatran etexilate 500mg every 6 hours.","['Epinastine', 'Dabigatran etexilate']",1,2,anticoagulant activities,"patient: 45f. drugs: epinastine 25mg every 6 hours, dabigatran etexilate 500mg every 6 hours.","['patient', '45f', 'drugs', 'epinastine', '25', 'mg', '6', 'hours', 'dabigatran', 'etexilate', '500', 'mg', '6', 'hours']",14
"Patient: 30M. Drugs: Tasimelteon 25mg after meals, Floxuridine 75mg every 8 hours, Cyclacillin 500mg before meals, Loxoprofen 100mg after meals.","['Tasimelteon', 'Floxuridine', 'Cyclacillin', 'Loxoprofen']",0,0,none,"patient: 30m. drugs: tasimelteon 25mg after meals, floxuridine 75mg every 8 hours, cyclacillin 500mg before meals, loxoprofen 100mg after meals.","['patient', '30', 'm.', 'drugs', 'tasimelteon', '25', 'mg', 'meals', 'floxuridine', '75', 'mg', '8', 'hours', 'cyclacillin', '500', 'mg', 'meals', 'loxoprofen', '100', 'mg', 'meals']",21
"Patient: 60F. Drugs: Clenbuterol 200mg as needed, Dextroamphetamine 200mg every 8 hours, Arbekacin.","['Clenbuterol', 'Dextroamphetamine', 'Arbekacin']",1,2,vasoconstricting activities,"patient: 60f. drugs: clenbuterol 200mg as needed, dextroamphetamine 200mg every 8 hours, arbekacin.","['patient', '60f', 'drugs', 'clenbuterol', '200', 'mg', 'needed', 'dextroamphetamine', '200', 'mg', '8', 'hours', 'arbekacin']",13
"Patient: 70F. Drugs: Thiotepa 200mg as needed, Testosterone undecanoate, Nabumetone 50mg every 8 hours.","['Thiotepa', 'Testosterone undecanoate', 'Nabumetone']",1,2,metabolism,"patient: 70f. drugs: thiotepa 200mg as needed, testosterone undecanoate, nabumetone 50mg every 8 hours.","['patient', '70f', 'drugs', 'thiotepa', '200', 'mg', 'needed', 'testosterone', 'undecanoate', 'nabumetone', '50', 'mg', '8', 'hours']",14
"Patient: 40M. Drugs: Isotretinoin, Dienogest, Propofol 25mg every 12 hours.","['Isotretinoin', 'Dienogest', 'Propofol']",1,1,therapeutic efficacy,"patient: 40m. drugs: isotretinoin, dienogest, propofol 25mg every 12 hours.","['patient', '40', 'm.', 'drugs', 'isotretinoin', 'dienogest', 'propofol', '25', 'mg', '12', 'hours']",11
"Patient: 30M. Drugs: Lercanidipine 75mg three times daily, Thioproperazine 25mg every 8 hours, Delafloxacin 100mg three times daily.","['Lercanidipine', 'Thioproperazine', 'Delafloxacin']",1,3,risk or severity of hypotension,"patient: 30m. drugs: lercanidipine 75mg three times daily, thioproperazine 25mg every 8 hours, delafloxacin 100mg three times daily.","['patient', '30', 'm.', 'drugs', 'lercanidipine', '75', 'mg', 'times', 'daily', 'thioproperazine', '25', 'mg', '8', 'hours', 'delafloxacin', '100', 'mg', 'times', 'daily']",19
"Patient: 45F. Drugs: Perphenazine 50mg every 6 hours, Fencamfamine.","['Perphenazine', 'Fencamfamine']",1,3,risk or severity of adverse effects,"patient: 45f. drugs: perphenazine 50mg every 6 hours, fencamfamine.","['patient', '45f', 'drugs', 'perphenazine', '50', 'mg', '6', 'hours', 'fencamfamine']",9
"Patient: 40M. Drugs: Clonixin 200mg once daily, Alclofenac 500mg every 6 hours, Phenytoin.","['Clonixin', 'Alclofenac', 'Phenytoin']",1,3,risk or severity of adverse effects,"patient: 40m. drugs: clonixin 200mg once daily, alclofenac 500mg every 6 hours, phenytoin.","['patient', '40', 'm.', 'drugs', 'clonixin', '200', 'mg', 'daily', 'alclofenac', '500', 'mg', '6', 'hours', 'phenytoin']",14
"Patient: 30M. Drugs: Mifepristone 500mg before meals, Iohexol 50mg three times daily.","['Mifepristone', 'Iohexol']",0,0,none,"patient: 30m. drugs: mifepristone 500mg before meals, iohexol 50mg three times daily.","['patient', '30', 'm.', 'drugs', 'mifepristone', '500', 'mg', 'meals', 'iohexol', '50', 'mg', 'times', 'daily']",13
"Patient: 33M. Drugs: Tramadol 500mg every 8 hours, Loratadine 500mg before meals, Pamidronate.","['Tramadol', 'Loratadine', 'Pamidronate']",1,3,risk or severity of adverse effects,"patient: 33m. drugs: tramadol 500mg every 8 hours, loratadine 500mg before meals, pamidronate.","['patient', '33', 'm.', 'drugs', 'tramadol', '500', 'mg', '8', 'hours', 'loratadine', '500', 'mg', 'meals', 'pamidronate']",14
"Patient: 60F. Drugs: Etacrynic acid, Dexbrompheniramine, Trolamine salicylate 200mg three times daily, Temsirolimus 50mg once daily.","['Etacrynic acid', 'Dexbrompheniramine', 'Trolamine salicylate', 'Temsirolimus']",1,1,therapeutic efficacy,"patient: 60f. drugs: etacrynic acid, dexbrompheniramine, trolamine salicylate 200mg three times daily, temsirolimus 50mg once daily.","['patient', '60f', 'drugs', 'etacrynic', 'acid', 'dexbrompheniramine', 'trolamine', 'salicylate', '200', 'mg', 'times', 'daily', 'temsirolimus', '50', 'mg', 'daily']",16
"Patient: 55F. Drugs: Oxymetholone, Pargyline.","['Oxymetholone', 'Pargyline']",0,0,none,"patient: 55f. drugs: oxymetholone, pargyline.","['patient', '55f', 'drugs', 'oxymetholone', 'pargyline']",5
"Patient: 30M. Drugs: Eprosartan 500mg twice daily, Nitrous acid 50mg after meals, Levonorgestrel 200mg before meals.","['Eprosartan', 'Nitrous acid', 'Levonorgestrel']",1,3,risk or severity of adverse effects,"patient: 30m. drugs: eprosartan 500mg twice daily, nitrous acid 50mg after meals, levonorgestrel 200mg before meals.","['patient', '30', 'm.', 'drugs', 'eprosartan', '500', 'mg', 'twice', 'daily', 'nitrous', 'acid', '50', 'mg', 'meals', 'levonorgestrel', '200', 'mg', 'meals']",18
"Patient: 68M. Drugs: Chlordiazepoxide 75mg as needed, Dexmedetomidine.","['Chlordiazepoxide', 'Dexmedetomidine']",1,3,risk or severity of adverse effects,"patient: 68m. drugs: chlordiazepoxide 75mg as needed, dexmedetomidine.","['patient', '68', 'm.', 'drugs', 'chlordiazepoxide', '75', 'mg', 'needed', 'dexmedetomidine']",9
"Patient: 40M. Drugs: Sufentanil, Dezocine 200mg every 12 hours, Tirofiban.","['Sufentanil', 'Dezocine', 'Tirofiban']",1,3,risk or severity of adverse effects,"patient: 40m. drugs: sufentanil, dezocine 200mg every 12 hours, tirofiban.","['patient', '40', 'm.', 'drugs', 'sufentanil', 'dezocine', '200', 'mg', '12', 'hours', 'tirofiban']",11
"Patient: 40M. Drugs: Vecuronium 50mg after meals, Lincomycin 100mg three times daily, Levonordefrin 200mg after meals.","['Vecuronium', 'Lincomycin', 'Levonordefrin']",1,2,neuromuscular blocking activities,"patient: 40m. drugs: vecuronium 50mg after meals, lincomycin 100mg three times daily, levonordefrin 200mg after meals.","['patient', '40', 'm.', 'drugs', 'vecuronium', '50', 'mg', 'meals', 'lincomycin', '100', 'mg', 'times', 'daily', 'levonordefrin', '200', 'mg', 'meals']",17
"Patient: 45F. Drugs: Edoxaban, Lisuride 25mg twice daily, Clozapine 200mg every 12 hours.","['Edoxaban', 'Lisuride', 'Clozapine']",1,3,risk or severity of adverse effects,"patient: 45f. drugs: edoxaban, lisuride 25mg twice daily, clozapine 200mg every 12 hours.","['patient', '45f', 'drugs', 'edoxaban', 'lisuride', '25', 'mg', 'twice', 'daily', 'clozapine', '200', 'mg', '12', 'hours']",14
"Patient: 40M. Drugs: Mirtazapine, Desipramine, Pentolinium.","['Mirtazapine', 'Desipramine', 'Pentolinium']",1,2,central nervous system depressant (CNS depressant) activities,"patient: 40m. drugs: mirtazapine, desipramine, pentolinium.","['patient', '40', 'm.', 'drugs', 'mirtazapine', 'desipramine', 'pentolinium']",7
"Patient: 35F. Drugs: Metaraminol 500mg three times daily, Trichloroethylene 500mg as needed, Amrinone, Luliconazole 75mg as needed.","['Metaraminol', 'Trichloroethylene', 'Amrinone', 'Luliconazole']",0,0,none,"patient: 35f. drugs: metaraminol 500mg three times daily, trichloroethylene 500mg as needed, amrinone, luliconazole 75mg as needed.","['patient', '35f', 'drugs', 'metaraminol', '500', 'mg', 'times', 'daily', 'trichloroethylene', '500', 'mg', 'needed', 'amrinone', 'luliconazole', '75', 'mg', 'needed']",17
"Patient: 28F. Drugs: Ozenoxacin 200mg after meals, Tetrabenazine 500mg once daily.","['Ozenoxacin', 'Tetrabenazine']",0,0,none,"patient: 28f. drugs: ozenoxacin 200mg after meals, tetrabenazine 500mg once daily.","['patient', '28f', 'drugs', 'ozenoxacin', '200', 'mg', 'meals', 'tetrabenazine', '500', 'mg', 'daily']",11
"Patient: 75M. Drugs: Vecuronium, Arbekacin 25mg three times daily.","['Vecuronium', 'Arbekacin']",1,3,respiratory depressant activities,"patient: 75m. drugs: vecuronium, arbekacin 25mg three times daily.","['patient', '75', 'm.', 'drugs', 'vecuronium', 'arbekacin', '25', 'mg', 'times', 'daily']",10
"Patient: 62M. Drugs: Amoxapine, Amiodarone 25mg twice daily.","['Amoxapine', 'Amiodarone']",1,2,metabolism,"patient: 62m. drugs: amoxapine, amiodarone 25mg twice daily.","['patient', '62', 'm.', 'drugs', 'amoxapine', 'amiodarone', '25', 'mg', 'twice', 'daily']",10
"Patient: 48F. Drugs: Leflunomide 100mg every 8 hours, Butenafine 25mg as needed, Quinethazone.","['Leflunomide', 'Butenafine', 'Quinethazone']",1,1,therapeutic efficacy,"patient: 48f. drugs: leflunomide 100mg every 8 hours, butenafine 25mg as needed, quinethazone.","['patient', '48f', 'drugs', 'leflunomide', '100', 'mg', '8', 'hours', 'butenafine', '25', 'mg', 'needed', 'quinethazone']",13
"Patient: 62M. Drugs: Ribostamycin 500mg every 6 hours, Salicylamide 100mg after meals, Fomepizole.","['Ribostamycin', 'Salicylamide', 'Fomepizole']",1,2,excretion rate of higher serum level,"patient: 62m. drugs: ribostamycin 500mg every 6 hours, salicylamide 100mg after meals, fomepizole.","['patient', '62', 'm.', 'drugs', 'ribostamycin', '500', 'mg', '6', 'hours', 'salicylamide', '100', 'mg', 'meals', 'fomepizole']",14
"Patient: 48F. Drugs: Aminoglutethimide 25mg once daily, Technetium Tc-99m mebrofenin 25mg as needed, Estramustine 200mg every 6 hours, Benzoic Acid 50mg as needed.","['Aminoglutethimide', 'Technetium Tc-99m mebrofenin', 'Estramustine', 'Benzoic Acid']",0,0,none,"patient: 48f. drugs: aminoglutethimide 25mg once daily, technetium tc99m mebrofenin 25mg as needed, estramustine 200mg every 6 hours, benzoic acid 50mg as needed.","['patient', '48f', 'drugs', 'aminoglutethimide', '25', 'mg', 'daily', 'technetium', 'tc99', 'm', 'mebrofenin', '25', 'mg', 'needed', 'estramustine', '200', 'mg', '6', 'hours', 'benzoic', 'acid', '50', 'mg', 'needed']",24
"Patient: 70F. Drugs: Doxycycline 200mg every 12 hours, Isradipine 200mg every 6 hours, Nicotinamide 50mg before meals, Bambuterol 25mg every 6 hours.","['Doxycycline', 'Isradipine', 'Nicotinamide', 'Bambuterol']",1,2,metabolism,"patient: 70f. drugs: doxycycline 200mg every 12 hours, isradipine 200mg every 6 hours, nicotinamide 50mg before meals, bambuterol 25mg every 6 hours.","['patient', '70f', 'drugs', 'doxycycline', '200', 'mg', '12', 'hours', 'isradipine', '200', 'mg', '6', 'hours', 'nicotinamide', '50', 'mg', 'meals', 'bambuterol', '25', 'mg', '6', 'hours']",22
"Patient: 33M. Drugs: Cholecalciferol, Levobunolol.","['Cholecalciferol', 'Levobunolol']",0,0,none,"patient: 33m. drugs: cholecalciferol, levobunolol.","['patient', '33', 'm.', 'drugs', 'cholecalciferol', 'levobunolol']",6
"Patient: 60F. Drugs: Mycophenolate mofetil 500mg every 12 hours, Trichlormethiazide 100mg before meals, Calcium lactate.","['Mycophenolate mofetil', 'Trichlormethiazide', 'Calcium lactate']",1,1,therapeutic efficacy,"patient: 60f. drugs: mycophenolate mofetil 500mg every 12 hours, trichlormethiazide 100mg before meals, calcium lactate.","['patient', '60f', 'drugs', 'mycophenolate', 'mofetil', '500', 'mg', '12', 'hours', 'trichlormethiazide', '100', 'mg', 'meals', 'calcium', 'lactate']",15
"Patient: 45F. Drugs: Zileuton 75mg as needed, Telithromycin 100mg every 6 hours.","['Zileuton', 'Telithromycin']",1,2,metabolism,"patient: 45f. drugs: zileuton 75mg as needed, telithromycin 100mg every 6 hours.","['patient', '45f', 'drugs', 'zileuton', '75', 'mg', 'needed', 'telithromycin', '100', 'mg', '6', 'hours']",12
"Patient: 70F. Drugs: Furosemide, Etofenamate 200mg every 8 hours.","['Furosemide', 'Etofenamate']",1,1,therapeutic efficacy,"patient: 70f. drugs: furosemide, etofenamate 200mg every 8 hours.","['patient', '70f', 'drugs', 'furosemide', 'etofenamate', '200', 'mg', '8', 'hours']",9
"Patient: 45F. Drugs: Estazolam 50mg three times daily, Triamcinolone 75mg three times daily, Meticillin 25mg once daily.","['Estazolam', 'Triamcinolone', 'Meticillin']",0,0,none,"patient: 45f. drugs: estazolam 50mg three times daily, triamcinolone 75mg three times daily, meticillin 25mg once daily.","['patient', '45f', 'drugs', 'estazolam', '50', 'mg', 'times', 'daily', 'triamcinolone', '75', 'mg', 'times', 'daily', 'meticillin', '25', 'mg', 'daily']",17
"Patient: 28F. Drugs: Nevirapine 50mg twice daily, Avanafil 500mg as needed, Cobimetinib 50mg every 12 hours.","['Nevirapine', 'Avanafil', 'Cobimetinib']",1,2,serum concentration,"patient: 28f. drugs: nevirapine 50mg twice daily, avanafil 500mg as needed, cobimetinib 50mg every 12 hours.","['patient', '28f', 'drugs', 'nevirapine', '50', 'mg', 'twice', 'daily', 'avanafil', '500', 'mg', 'needed', 'cobimetinib', '50', 'mg', '12', 'hours']",17
"Patient: 48F. Drugs: Aluminum hydroxide 25mg three times daily, Nadolol 50mg twice daily.","['Aluminum hydroxide', 'Nadolol']",0,0,none,"patient: 48f. drugs: aluminum hydroxide 25mg three times daily, nadolol 50mg twice daily.","['patient', '48f', 'drugs', 'aluminum', 'hydroxide', '25', 'mg', 'times', 'daily', 'nadolol', '50', 'mg', 'twice', 'daily']",14
"Patient: 28F. Drugs: Tadalafil 50mg three times daily, Isosorbide Mononitrate 25mg after meals.","['Tadalafil', 'Isosorbide Mononitrate']",1,1,vasodilatory activities,"patient: 28f. drugs: tadalafil 50mg three times daily, isosorbide mononitrate 25mg after meals.","['patient', '28f', 'drugs', 'tadalafil', '50', 'mg', 'times', 'daily', 'isosorbide', 'mononitrate', '25', 'mg', 'meals']",13
"Patient: 55F. Drugs: Thalidomide 75mg before meals, Ketobemidone 75mg every 8 hours.","['Thalidomide', 'Ketobemidone']",1,2,central nervous system depressant (CNS depressant) activities,"patient: 55f. drugs: thalidomide 75mg before meals, ketobemidone 75mg every 8 hours.","['patient', '55f', 'drugs', 'thalidomide', '75', 'mg', 'meals', 'ketobemidone', '75', 'mg', '8', 'hours']",12
"Patient: 40M. Drugs: Promazine, Zaleplon 50mg after meals, Isotretinoin 500mg every 12 hours.","['Promazine', 'Zaleplon', 'Isotretinoin']",1,3,risk or severity of adverse effects,"patient: 40m. drugs: promazine, zaleplon 50mg after meals, isotretinoin 500mg every 12 hours.","['patient', '40', 'm.', 'drugs', 'promazine', 'zaleplon', '50', 'mg', 'meals', 'isotretinoin', '500', 'mg', '12', 'hours']",14
"Patient: 25F. Drugs: Perflubutane, Halofantrine 75mg after meals, Digitoxin 100mg after meals, Tolperisone.","['Perflubutane', 'Halofantrine', 'Digitoxin', 'Tolperisone']",0,0,none,"patient: 25f. drugs: perflubutane, halofantrine 75mg after meals, digitoxin 100mg after meals, tolperisone.","['patient', '25f', 'drugs', 'perflubutane', 'halofantrine', '75', 'mg', 'meals', 'digitoxin', '100', 'mg', 'meals', 'tolperisone']",13
"Patient: 52M. Drugs: Dydrogesterone 100mg every 12 hours, Phenprocoumon 200mg every 8 hours.","['Dydrogesterone', 'Phenprocoumon']",1,1,therapeutic efficacy,"patient: 52m. drugs: dydrogesterone 100mg every 12 hours, phenprocoumon 200mg every 8 hours.","['patient', '52', 'm.', 'drugs', 'dydrogesterone', '100', 'mg', '12', 'hours', 'phenprocoumon', '200', 'mg', '8', 'hours']",14
"Patient: 28F. Drugs: Desipramine 500mg three times daily, Pargyline 50mg every 12 hours.","['Desipramine', 'Pargyline']",1,2,serotonergic activities,"patient: 28f. drugs: desipramine 500mg three times daily, pargyline 50mg every 12 hours.","['patient', '28f', 'drugs', 'desipramine', '500', 'mg', 'times', 'daily', 'pargyline', '50', 'mg', '12', 'hours']",13
"Patient: 45F. Drugs: Mesalazine 100mg every 12 hours, Ximelagatran 200mg every 12 hours, Thiocolchicoside.","['Mesalazine', 'Ximelagatran', 'Thiocolchicoside']",1,2,anticoagulant activities,"patient: 45f. drugs: mesalazine 100mg every 12 hours, ximelagatran 200mg every 12 hours, thiocolchicoside.","['patient', '45f', 'drugs', 'mesalazine', '100', 'mg', '12', 'hours', 'ximelagatran', '200', 'mg', '12', 'hours', 'thiocolchicoside']",14
"Patient: 52M. Drugs: Diltiazem 75mg every 8 hours, Duloxetine 50mg three times daily, Lansoprazole 50mg once daily.","['Diltiazem', 'Duloxetine', 'Lansoprazole']",1,2,orthostatic hypotensive activities,"patient: 52m. drugs: diltiazem 75mg every 8 hours, duloxetine 50mg three times daily, lansoprazole 50mg once daily.","['patient', '52', 'm.', 'drugs', 'diltiazem', '75', 'mg', '8', 'hours', 'duloxetine', '50', 'mg', 'times', 'daily', 'lansoprazole', '50', 'mg', 'daily']",18
"Patient: 40M. Drugs: Glimepiride, Arbekacin, Taurolidine 100mg every 12 hours, Selexipag 500mg every 12 hours.","['Glimepiride', 'Arbekacin', 'Taurolidine', 'Selexipag']",0,0,none,"patient: 40m. drugs: glimepiride, arbekacin, taurolidine 100mg every 12 hours, selexipag 500mg every 12 hours.","['patient', '40', 'm.', 'drugs', 'glimepiride', 'arbekacin', 'taurolidine', '100', 'mg', '12', 'hours', 'selexipag', '500', 'mg', '12', 'hours']",16
"Patient: 33M. Drugs: Flutamide, Idelalisib.","['Flutamide', 'Idelalisib']",1,2,metabolism,"patient: 33m. drugs: flutamide, idelalisib.","['patient', '33', 'm.', 'drugs', 'flutamide', 'idelalisib']",6
"Patient: 68M. Drugs: Zuclopenthixol 75mg as needed, Zotepine 50mg before meals.","['Zuclopenthixol', 'Zotepine']",1,3,risk or severity of adverse effects,"patient: 68m. drugs: zuclopenthixol 75mg as needed, zotepine 50mg before meals.","['patient', '68', 'm.', 'drugs', 'zuclopenthixol', '75', 'mg', 'needed', 'zotepine', '50', 'mg', 'meals']",12
"Patient: 52M. Drugs: Mebendazole, Silodosin 50mg after meals.","['Mebendazole', 'Silodosin']",1,2,serum concentration,"patient: 52m. drugs: mebendazole, silodosin 50mg after meals.","['patient', '52', 'm.', 'drugs', 'mebendazole', 'silodosin', '50', 'mg', 'meals']",9
"Patient: 28F. Drugs: Aluminium, Dabrafenib, Fusidic Acid 100mg every 6 hours.","['Aluminium', 'Dabrafenib', 'Fusidic Acid']",1,2,serum concentration,"patient: 28f. drugs: aluminium, dabrafenib, fusidic acid 100mg every 6 hours.","['patient', '28f', 'drugs', 'aluminium', 'dabrafenib', 'fusidic', 'acid', '100', 'mg', '6', 'hours']",11
"Patient: 70F. Drugs: Secobarbital 100mg every 8 hours, Medroxyprogesterone acetate 100mg before meals.","['Secobarbital', 'Medroxyprogesterone acetate']",1,1,therapeutic efficacy,"patient: 70f. drugs: secobarbital 100mg every 8 hours, medroxyprogesterone acetate 100mg before meals.","['patient', '70f', 'drugs', 'secobarbital', '100', 'mg', '8', 'hours', 'medroxyprogesterone', 'acetate', '100', 'mg', 'meals']",13
"Patient: 55F. Drugs: Lixisenatide, Griseofulvin 50mg once daily, Triptorelin 500mg every 6 hours.","['Lixisenatide', 'Griseofulvin', 'Triptorelin']",0,0,none,"patient: 55f. drugs: lixisenatide, griseofulvin 50mg once daily, triptorelin 500mg every 6 hours.","['patient', '55f', 'drugs', 'lixisenatide', 'griseofulvin', '50', 'mg', 'daily', 'triptorelin', '500', 'mg', '6', 'hours']",13
"Patient: 28F. Drugs: Hydrocortisone 75mg once daily, Norflurane 25mg every 12 hours, Rizatriptan, Lanthanum carbonate.","['Hydrocortisone', 'Norflurane', 'Rizatriptan', 'Lanthanum carbonate']",0,0,none,"patient: 28f. drugs: hydrocortisone 75mg once daily, norflurane 25mg every 12 hours, rizatriptan, lanthanum carbonate.","['patient', '28f', 'drugs', 'hydrocortisone', '75', 'mg', 'daily', 'norflurane', '25', 'mg', '12', 'hours', 'rizatriptan', 'lanthanum', 'carbonate']",15
"Patient: 35F. Drugs: Anidulafungin 50mg every 12 hours, Cinnarizine 25mg every 8 hours, Flibanserin 500mg every 12 hours.","['Anidulafungin', 'Cinnarizine', 'Flibanserin']",1,1,therapeutic efficacy,"patient: 35f. drugs: anidulafungin 50mg every 12 hours, cinnarizine 25mg every 8 hours, flibanserin 500mg every 12 hours.","['patient', '35f', 'drugs', 'anidulafungin', '50', 'mg', '12', 'hours', 'cinnarizine', '25', 'mg', '8', 'hours', 'flibanserin', '500', 'mg', '12', 'hours']",18
"Patient: 35F. Drugs: Oxymetazoline, Tetryzoline 75mg three times daily, Ioflupane I-123 50mg after meals.","['Oxymetazoline', 'Tetryzoline', 'Ioflupane I-123']",1,3,risk or severity of adverse effects,"patient: 35f. drugs: oxymetazoline, tetryzoline 75mg three times daily, ioflupane i123 50mg after meals.","['patient', '35f', 'drugs', 'oxymetazoline', 'tetryzoline', '75', 'mg', 'times', 'daily', 'ioflupane', 'i123', '50', 'mg', 'meals']",14
"Patient: 48F. Drugs: Reserpine 75mg three times daily, Perphenazine.","['Reserpine', 'Perphenazine']",1,3,risk or severity of adverse effects,"patient: 48f. drugs: reserpine 75mg three times daily, perphenazine.","['patient', '48f', 'drugs', 'reserpine', '75', 'mg', 'times', 'daily', 'perphenazine']",9
"Patient: 40M. Drugs: Dapagliflozin 100mg once daily, Doxofylline 50mg once daily, Fluocinolone Acetonide 100mg every 6 hours.","['Dapagliflozin', 'Doxofylline', 'Fluocinolone Acetonide']",0,0,none,"patient: 40m. drugs: dapagliflozin 100mg once daily, doxofylline 50mg once daily, fluocinolone acetonide 100mg every 6 hours.","['patient', '40', 'm.', 'drugs', 'dapagliflozin', '100', 'mg', 'daily', 'doxofylline', '50', 'mg', 'daily', 'fluocinolone', 'acetonide', '100', 'mg', '6', 'hours']",18
"Patient: 30M. Drugs: Tasimelteon 25mg after meals, Floxuridine 75mg every 8 hours, Cyclacillin 500mg before meals, Loxoprofen 100mg after meals.","['Tasimelteon', 'Floxuridine', 'Cyclacillin', 'Loxoprofen']",0,0,none,"patient: 30m. drugs: tasimelteon 25mg after meals, floxuridine 75mg every 8 hours, cyclacillin 500mg before meals, loxoprofen 100mg after meals.","['patient', '30', 'm.', 'drugs', 'tasimelteon', '25', 'mg', 'meals', 'floxuridine', '75', 'mg', '8', 'hours', 'cyclacillin', '500', 'mg', 'meals', 'loxoprofen', '100', 'mg', 'meals']",21
"Patient: 28F. Drugs: Brimonidine 100mg every 6 hours, Gestodene 500mg once daily.","['Brimonidine', 'Gestodene']",0,0,none,"patient: 28f. drugs: brimonidine 100mg every 6 hours, gestodene 500mg once daily.","['patient', '28f', 'drugs', 'brimonidine', '100', 'mg', '6', 'hours', 'gestodene', '500', 'mg', 'daily']",12
"Patient: 45F. Drugs: Lumefantrine, Brexpiprazole 500mg after meals.","['Lumefantrine', 'Brexpiprazole']",1,2,serum concentration,"patient: 45f. drugs: lumefantrine, brexpiprazole 500mg after meals.","['patient', '45f', 'drugs', 'lumefantrine', 'brexpiprazole', '500', 'mg', 'meals']",8
"Patient: 52M. Drugs: Felypressin 25mg every 8 hours, Benzphetamine 50mg after meals, Tinidazole.","['Felypressin', 'Benzphetamine', 'Tinidazole']",0,0,none,"patient: 52m. drugs: felypressin 25mg every 8 hours, benzphetamine 50mg after meals, tinidazole.","['patient', '52', 'm.', 'drugs', 'felypressin', '25', 'mg', '8', 'hours', 'benzphetamine', '50', 'mg', 'meals', 'tinidazole']",14
"Patient: 55F. Drugs: Bendroflumethiazide, Aceclofenac 50mg every 12 hours, Trimethadione.","['Bendroflumethiazide', 'Aceclofenac', 'Trimethadione']",1,1,therapeutic efficacy,"patient: 55f. drugs: bendroflumethiazide, aceclofenac 50mg every 12 hours, trimethadione.","['patient', '55f', 'drugs', 'bendroflumethiazide', 'aceclofenac', '50', 'mg', '12', 'hours', 'trimethadione']",10
"Patient: 55F. Drugs: Glipizide 50mg every 8 hours, Celiprolol 50mg twice daily.","['Glipizide', 'Celiprolol']",1,2,hypoglycemic activities,"patient: 55f. drugs: glipizide 50mg every 8 hours, celiprolol 50mg twice daily.","['patient', '55f', 'drugs', 'glipizide', '50', 'mg', '8', 'hours', 'celiprolol', '50', 'mg', 'twice', 'daily']",13
"Patient: 33M. Drugs: Dyphylline, Camazepam, Roxatidine acetate 75mg once daily.","['Dyphylline', 'Camazepam', 'Roxatidine acetate']",1,1,therapeutic efficacy,"patient: 33m. drugs: dyphylline, camazepam, roxatidine acetate 75mg once daily.","['patient', '33', 'm.', 'drugs', 'dyphylline', 'camazepam', 'roxatidine', 'acetate', '75', 'mg', 'daily']",11
"Patient: 55F. Drugs: Carprofen 100mg once daily, Deferasirox 100mg every 12 hours.","['Carprofen', 'Deferasirox']",1,3,risk or severity of adverse effects,"patient: 55f. drugs: carprofen 100mg once daily, deferasirox 100mg every 12 hours.","['patient', '55f', 'drugs', 'carprofen', '100', 'mg', 'daily', 'deferasirox', '100', 'mg', '12', 'hours']",12
"Patient: 45F. Drugs: Etoposide 100mg before meals, Cinacalcet 25mg every 8 hours.","['Etoposide', 'Cinacalcet']",0,0,none,"patient: 45f. drugs: etoposide 100mg before meals, cinacalcet 25mg every 8 hours.","['patient', '45f', 'drugs', 'etoposide', '100', 'mg', 'meals', 'cinacalcet', '25', 'mg', '8', 'hours']",12
"Patient: 62M. Drugs: Gliquidone 100mg as needed, Lenvatinib 100mg once daily.","['Gliquidone', 'Lenvatinib']",0,0,none,"patient: 62m. drugs: gliquidone 100mg as needed, lenvatinib 100mg once daily.","['patient', '62', 'm.', 'drugs', 'gliquidone', '100', 'mg', 'needed', 'lenvatinib', '100', 'mg', 'daily']",12
"Patient: 28F. Drugs: Salmeterol 75mg every 8 hours, Arsenic trioxide 75mg once daily, Enoxacin 500mg before meals.","['Salmeterol', 'Arsenic trioxide', 'Enoxacin']",1,2,QTc-prolonging activities,"patient: 28f. drugs: salmeterol 75mg every 8 hours, arsenic trioxide 75mg once daily, enoxacin 500mg before meals.","['patient', '28f', 'drugs', 'salmeterol', '75', 'mg', '8', 'hours', 'arsenic', 'trioxide', '75', 'mg', 'daily', 'enoxacin', '500', 'mg', 'meals']",17
"Patient: 45F. Drugs: Pethidine, Fesoterodine, Physostigmine 25mg every 6 hours.","['Pethidine', 'Fesoterodine', 'Physostigmine']",1,3,risk or severity of adverse effects,"patient: 45f. drugs: pethidine, fesoterodine, physostigmine 25mg every 6 hours.","['patient', '45f', 'drugs', 'pethidine', 'fesoterodine', 'physostigmine', '25', 'mg', '6', 'hours']",10
"Patient: 33M. Drugs: Isoetarine, Rifaximin 75mg every 6 hours, Fluciclovine (18F) 75mg before meals, Methsuximide 200mg as needed.","['Isoetarine', 'Rifaximin', 'Fluciclovine (18F)', 'Methsuximide']",1,3,risk or severity of hypotension,"patient: 33m. drugs: isoetarine, rifaximin 75mg every 6 hours, fluciclovine 18f 75mg before meals, methsuximide 200mg as needed.","['patient', '33', 'm.', 'drugs', 'isoetarine', 'rifaximin', '75', 'mg', '6', 'hours', 'fluciclovine', '18f', '75', 'mg', 'meals', 'methsuximide', '200', 'mg', 'needed']",19
"Patient: 40M. Drugs: Ridogrel, Phenazopyridine 75mg every 6 hours, Metixene 200mg twice daily, Calcium lactate.","['Ridogrel', 'Phenazopyridine', 'Metixene', 'Calcium lactate']",0,0,none,"patient: 40m. drugs: ridogrel, phenazopyridine 75mg every 6 hours, metixene 200mg twice daily, calcium lactate.","['patient', '40', 'm.', 'drugs', 'ridogrel', 'phenazopyridine', '75', 'mg', '6', 'hours', 'metixene', '200', 'mg', 'twice', 'daily', 'calcium', 'lactate']",17
"Patient: 28F. Drugs: Fospropofol 50mg once daily, Perazine 200mg as needed.","['Fospropofol', 'Perazine']",1,3,risk or severity of adverse effects,"patient: 28f. drugs: fospropofol 50mg once daily, perazine 200mg as needed.","['patient', '28f', 'drugs', 'fospropofol', '50', 'mg', 'daily', 'perazine', '200', 'mg', 'needed']",11
"Patient: 33M. Drugs: Macimorelin, Sulfamethizole 75mg every 8 hours.","['Macimorelin', 'Sulfamethizole']",0,0,none,"patient: 33m. drugs: macimorelin, sulfamethizole 75mg every 8 hours.","['patient', '33', 'm.', 'drugs', 'macimorelin', 'sulfamethizole', '75', 'mg', '8', 'hours']",10
"Patient: 28F. Drugs: Fosinopril 100mg as needed, Balsalazide 100mg after meals, Nefazodone 25mg as needed.","['Fosinopril', 'Balsalazide', 'Nefazodone']",1,3,risk or severity of adverse effects,"patient: 28f. drugs: fosinopril 100mg as needed, balsalazide 100mg after meals, nefazodone 25mg as needed.","['patient', '28f', 'drugs', 'fosinopril', '100', 'mg', 'needed', 'balsalazide', '100', 'mg', 'meals', 'nefazodone', '25', 'mg', 'needed']",15
"Patient: 25F. Drugs: Pancuronium 500mg every 6 hours, Alendronic acid 100mg every 6 hours, Physostigmine 75mg twice daily.","['Pancuronium', 'Alendronic acid', 'Physostigmine']",1,1,therapeutic efficacy,"patient: 25f. drugs: pancuronium 500mg every 6 hours, alendronic acid 100mg every 6 hours, physostigmine 75mg twice daily.","['patient', '25f', 'drugs', 'pancuronium', '500', 'mg', '6', 'hours', 'alendronic', 'acid', '100', 'mg', '6', 'hours', 'physostigmine', '75', 'mg', 'twice', 'daily']",19
"Patient: 40M. Drugs: Dimenhydrinate 50mg every 12 hours, Rofecoxib 500mg every 8 hours.","['Dimenhydrinate', 'Rofecoxib']",0,0,none,"patient: 40m. drugs: dimenhydrinate 50mg every 12 hours, rofecoxib 500mg every 8 hours.","['patient', '40', 'm.', 'drugs', 'dimenhydrinate', '50', 'mg', '12', 'hours', 'rofecoxib', '500', 'mg', '8', 'hours']",14
"Patient: 30M. Drugs: Netupitant, Lorpiprazole 500mg before meals, Potassium Chloride.","['Netupitant', 'Lorpiprazole', 'Potassium Chloride']",1,2,serum concentration,"patient: 30m. drugs: netupitant, lorpiprazole 500mg before meals, potassium chloride.","['patient', '30', 'm.', 'drugs', 'netupitant', 'lorpiprazole', '500', 'mg', 'meals', 'potassium', 'chloride']",11
"Patient: 30M. Drugs: Tramadol, Lisdexamfetamine, Piperaquine 75mg every 12 hours, Diethylpropion.","['Tramadol', 'Lisdexamfetamine', 'Piperaquine', 'Diethylpropion']",1,1,analgesic activities,"patient: 30m. drugs: tramadol, lisdexamfetamine, piperaquine 75mg every 12 hours, diethylpropion.","['patient', '30', 'm.', 'drugs', 'tramadol', 'lisdexamfetamine', 'piperaquine', '75', 'mg', '12', 'hours', 'diethylpropion']",12
"Patient: 70F. Drugs: Ridogrel, Glucosamine 200mg three times daily, Phentermine 200mg once daily.","['Ridogrel', 'Glucosamine', 'Phentermine']",1,1,antiplatelet activities,"patient: 70f. drugs: ridogrel, glucosamine 200mg three times daily, phentermine 200mg once daily.","['patient', '70f', 'drugs', 'ridogrel', 'glucosamine', '200', 'mg', 'times', 'daily', 'phentermine', '200', 'mg', 'daily']",13
"Patient: 58M. Drugs: Pentaerythritol Tetranitrate 500mg twice daily, Testosterone cypionate 25mg every 8 hours.","['Pentaerythritol Tetranitrate', 'Testosterone cypionate']",1,1,therapeutic efficacy,"patient: 58m. drugs: pentaerythritol tetranitrate 500mg twice daily, testosterone cypionate 25mg every 8 hours.","['patient', '58', 'm.', 'drugs', 'pentaerythritol', 'tetranitrate', '500', 'mg', 'twice', 'daily', 'testosterone', 'cypionate', '25', 'mg', '8', 'hours']",16
"Patient: 33M. Drugs: Clotrimazole 25mg as needed, Ibrutinib 50mg every 8 hours.","['Clotrimazole', 'Ibrutinib']",1,2,serum concentration,"patient: 33m. drugs: clotrimazole 25mg as needed, ibrutinib 50mg every 8 hours.","['patient', '33', 'm.', 'drugs', 'clotrimazole', '25', 'mg', 'needed', 'ibrutinib', '50', 'mg', '8', 'hours']",13
"Patient: 55F. Drugs: Raltegravir, Butenafine, Desvenlafaxine 25mg before meals, Bazedoxifene 200mg every 12 hours.","['Raltegravir', 'Butenafine', 'Desvenlafaxine', 'Bazedoxifene']",0,0,none,"patient: 55f. drugs: raltegravir, butenafine, desvenlafaxine 25mg before meals, bazedoxifene 200mg every 12 hours.","['patient', '55f', 'drugs', 'raltegravir', 'butenafine', 'desvenlafaxine', '25', 'mg', 'meals', 'bazedoxifene', '200', 'mg', '12', 'hours']",14
"Patient: 35F. Drugs: Ziprasidone 200mg every 8 hours, Methadyl Acetate.","['Ziprasidone', 'Methadyl Acetate']",1,3,risk or severity of adverse effects,"patient: 35f. drugs: ziprasidone 200mg every 8 hours, methadyl acetate.","['patient', '35f', 'drugs', 'ziprasidone', '200', 'mg', '8', 'hours', 'methadyl', 'acetate']",10
"Patient: 28F. Drugs: Clorazepate 25mg before meals, Olodaterol 200mg three times daily.","['Clorazepate', 'Olodaterol']",0,0,none,"patient: 28f. drugs: clorazepate 25mg before meals, olodaterol 200mg three times daily.","['patient', '28f', 'drugs', 'clorazepate', '25', 'mg', 'meals', 'olodaterol', '200', 'mg', 'times', 'daily']",12
"Patient: 33M. Drugs: Levomethadyl Acetate 25mg as needed, Ketazolam 50mg as needed, Colistimethate 25mg twice daily.","['Levomethadyl Acetate', 'Ketazolam', 'Colistimethate']",1,3,risk or severity of adverse effects,"patient: 33m. drugs: levomethadyl acetate 25mg as needed, ketazolam 50mg as needed, colistimethate 25mg twice daily.","['patient', '33', 'm.', 'drugs', 'levomethadyl', 'acetate', '25', 'mg', 'needed', 'ketazolam', '50', 'mg', 'needed', 'colistimethate', '25', 'mg', 'twice', 'daily']",18
"Patient: 75M. Drugs: Warfarin, Clonixin 50mg before meals.","['Warfarin', 'Clonixin']",1,2,anticoagulant activities,"patient: 75m. drugs: warfarin, clonixin 50mg before meals.","['patient', '75', 'm.', 'drugs', 'warfarin', 'clonixin', '50', 'mg', 'meals']",9
"Patient: 70F. Drugs: Ofloxacin 200mg before meals, Parthenolide 100mg before meals.","['Ofloxacin', 'Parthenolide']",1,2,neuroexcitatory activities,"patient: 70f. drugs: ofloxacin 200mg before meals, parthenolide 100mg before meals.","['patient', '70f', 'drugs', 'ofloxacin', '200', 'mg', 'meals', 'parthenolide', '100', 'mg', 'meals']",11
"Patient: 62M. Drugs: Sofosbuvir, Alectinib 25mg every 8 hours, Cortisone acetate 50mg every 6 hours, Ampicillin 25mg before meals.","['Sofosbuvir', 'Alectinib', 'Cortisone acetate', 'Ampicillin']",0,0,none,"patient: 62m. drugs: sofosbuvir, alectinib 25mg every 8 hours, cortisone acetate 50mg every 6 hours, ampicillin 25mg before meals.","['patient', '62', 'm.', 'drugs', 'sofosbuvir', 'alectinib', '25', 'mg', '8', 'hours', 'cortisone', 'acetate', '50', 'mg', '6', 'hours', 'ampicillin', '25', 'mg', 'meals']",20
"Patient: 62M. Drugs: Ketoconazole 75mg every 8 hours, Desvenlafaxine 200mg every 8 hours.","['Ketoconazole', 'Desvenlafaxine']",1,2,metabolism,"patient: 62m. drugs: ketoconazole 75mg every 8 hours, desvenlafaxine 200mg every 8 hours.","['patient', '62', 'm.', 'drugs', 'ketoconazole', '75', 'mg', '8', 'hours', 'desvenlafaxine', '200', 'mg', '8', 'hours']",14
"Patient: 62M. Drugs: Lacidipine 500mg every 12 hours, Calcium lactate 25mg once daily, Pivmecillinam 75mg as needed.","['Lacidipine', 'Calcium lactate', 'Pivmecillinam']",1,1,therapeutic efficacy,"patient: 62m. drugs: lacidipine 500mg every 12 hours, calcium lactate 25mg once daily, pivmecillinam 75mg as needed.","['patient', '62', 'm.', 'drugs', 'lacidipine', '500', 'mg', '12', 'hours', 'calcium', 'lactate', '25', 'mg', 'daily', 'pivmecillinam', '75', 'mg', 'needed']",18
"Patient: 60F. Drugs: Trioxsalen 75mg before meals, Oxiconazole 500mg before meals.","['Trioxsalen', 'Oxiconazole']",0,0,none,"patient: 60f. drugs: trioxsalen 75mg before meals, oxiconazole 500mg before meals.","['patient', '60f', 'drugs', 'trioxsalen', '75', 'mg', 'meals', 'oxiconazole', '500', 'mg', 'meals']",11
"Patient: 52M. Drugs: Ospemifene, Lasofoxifene 500mg as needed.","['Ospemifene', 'Lasofoxifene']",1,3,risk or severity of adverse effects,"patient: 52m. drugs: ospemifene, lasofoxifene 500mg as needed.","['patient', '52', 'm.', 'drugs', 'ospemifene', 'lasofoxifene', '500', 'mg', 'needed']",9
"Patient: 30M. Drugs: Besifloxacin 100mg three times daily, Nalorphine 25mg every 12 hours.","['Besifloxacin', 'Nalorphine']",0,0,none,"patient: 30m. drugs: besifloxacin 100mg three times daily, nalorphine 25mg every 12 hours.","['patient', '30', 'm.', 'drugs', 'besifloxacin', '100', 'mg', 'times', 'daily', 'nalorphine', '25', 'mg', '12', 'hours']",14
"Patient: 58M. Drugs: Cephaloglycin 200mg every 8 hours, Felbamate, Dabrafenib, Cefdinir.","['Cephaloglycin', 'Felbamate', 'Dabrafenib', 'Cefdinir']",1,2,serum concentration,"patient: 58m. drugs: cephaloglycin 200mg every 8 hours, felbamate, dabrafenib, cefdinir.","['patient', '58', 'm.', 'drugs', 'cephaloglycin', '200', 'mg', '8', 'hours', 'felbamate', 'dabrafenib', 'cefdinir']",12
"Patient: 28F. Drugs: Pentolinium 500mg once daily, Tiotropium.","['Pentolinium', 'Tiotropium']",1,2,anticholinergic activities,"patient: 28f. drugs: pentolinium 500mg once daily, tiotropium.","['patient', '28f', 'drugs', 'pentolinium', '500', 'mg', 'daily', 'tiotropium']",8
"Patient: 70F. Drugs: Ridogrel, Glucosamine 200mg three times daily, Phentermine 200mg once daily.","['Ridogrel', 'Glucosamine', 'Phentermine']",1,1,antiplatelet activities,"patient: 70f. drugs: ridogrel, glucosamine 200mg three times daily, phentermine 200mg once daily.","['patient', '70f', 'drugs', 'ridogrel', 'glucosamine', '200', 'mg', 'times', 'daily', 'phentermine', '200', 'mg', 'daily']",13
"Patient: 52M. Drugs: Galantamine 200mg before meals, Metipranolol 75mg twice daily, Nylidrin 50mg before meals.","['Galantamine', 'Metipranolol', 'Nylidrin']",1,2,bradycardic activities,"patient: 52m. drugs: galantamine 200mg before meals, metipranolol 75mg twice daily, nylidrin 50mg before meals.","['patient', '52', 'm.', 'drugs', 'galantamine', '200', 'mg', 'meals', 'metipranolol', '75', 'mg', 'twice', 'daily', 'nylidrin', '50', 'mg', 'meals']",17
"Patient: 60F. Drugs: Cefpodoxime 50mg every 8 hours, Cabazitaxel 500mg three times daily, Chloramphenicol, Sulfamethoxazole 50mg every 8 hours.","['Cefpodoxime', 'Cabazitaxel', 'Chloramphenicol', 'Sulfamethoxazole']",1,2,metabolism,"patient: 60f. drugs: cefpodoxime 50mg every 8 hours, cabazitaxel 500mg three times daily, chloramphenicol, sulfamethoxazole 50mg every 8 hours.","['patient', '60f', 'drugs', 'cefpodoxime', '50', 'mg', '8', 'hours', 'cabazitaxel', '500', 'mg', 'times', 'daily', 'chloramphenicol', 'sulfamethoxazole', '50', 'mg', '8', 'hours']",19
"Patient: 40M. Drugs: Acitretin 100mg once daily, Tolvaptan 500mg every 6 hours, Ceforanide 200mg every 6 hours, Benzophenone.","['Acitretin', 'Tolvaptan', 'Ceforanide', 'Benzophenone']",0,0,none,"patient: 40m. drugs: acitretin 100mg once daily, tolvaptan 500mg every 6 hours, ceforanide 200mg every 6 hours, benzophenone.","['patient', '40', 'm.', 'drugs', 'acitretin', '100', 'mg', 'daily', 'tolvaptan', '500', 'mg', '6', 'hours', 'ceforanide', '200', 'mg', '6', 'hours', 'benzophenone']",19
"Patient: 70F. Drugs: Goserelin, Metolazone, Bismuth Subsalicylate 50mg after meals, Propoxycaine 500mg before meals.","['Goserelin', 'Metolazone', 'Bismuth Subsalicylate', 'Propoxycaine']",0,0,none,"patient: 70f. drugs: goserelin, metolazone, bismuth subsalicylate 50mg after meals, propoxycaine 500mg before meals.","['patient', '70f', 'drugs', 'goserelin', 'metolazone', 'bismuth', 'subsalicylate', '50', 'mg', 'meals', 'propoxycaine', '500', 'mg', 'meals']",14
"Patient: 58M. Drugs: Prilocaine 25mg three times daily, Olopatadine, Balsalazide.","['Prilocaine', 'Olopatadine', 'Balsalazide']",1,3,risk or severity of adverse effects,"patient: 58m. drugs: prilocaine 25mg three times daily, olopatadine, balsalazide.","['patient', '58', 'm.', 'drugs', 'prilocaine', '25', 'mg', 'times', 'daily', 'olopatadine', 'balsalazide']",11
"Patient: 30M. Drugs: Erythromycin 100mg once daily, Ceritinib 75mg as needed, Phenindione 500mg twice daily.","['Erythromycin', 'Ceritinib', 'Phenindione']",1,2,serum concentration,"patient: 30m. drugs: erythromycin 100mg once daily, ceritinib 75mg as needed, phenindione 500mg twice daily.","['patient', '30', 'm.', 'drugs', 'erythromycin', '100', 'mg', 'daily', 'ceritinib', '75', 'mg', 'needed', 'phenindione', '500', 'mg', 'twice', 'daily']",17
"Patient: 55F. Drugs: Amoxicillin 50mg after meals, Prasterone 200mg after meals, Zinc oxide, Ticlopidine 100mg before meals.","['Amoxicillin', 'Prasterone', 'Zinc oxide', 'Ticlopidine']",1,2,metabolism,"patient: 55f. drugs: amoxicillin 50mg after meals, prasterone 200mg after meals, zinc oxide, ticlopidine 100mg before meals.","['patient', '55f', 'drugs', 'amoxicillin', '50', 'mg', 'meals', 'prasterone', '200', 'mg', 'meals', 'zinc', 'oxide', 'ticlopidine', '100', 'mg', 'meals']",17
"Patient: 40M. Drugs: Idelalisib, Stepronin 500mg as needed, Uracil mustard 50mg three times daily.","['Idelalisib', 'Stepronin', 'Uracil mustard']",0,0,none,"patient: 40m. drugs: idelalisib, stepronin 500mg as needed, uracil mustard 50mg three times daily.","['patient', '40', 'm.', 'drugs', 'idelalisib', 'stepronin', '500', 'mg', 'needed', 'uracil', 'mustard', '50', 'mg', 'times', 'daily']",15
"Patient: 33M. Drugs: Nimodipine, Calcium Citrate 200mg three times daily, Triptorelin.","['Nimodipine', 'Calcium Citrate', 'Triptorelin']",1,1,therapeutic efficacy,"patient: 33m. drugs: nimodipine, calcium citrate 200mg three times daily, triptorelin.","['patient', '33', 'm.', 'drugs', 'nimodipine', 'calcium', 'citrate', '200', 'mg', 'times', 'daily', 'triptorelin']",12
"Patient: 25F. Drugs: Pancuronium 500mg every 6 hours, Alendronic acid 100mg every 6 hours, Physostigmine 75mg twice daily.","['Pancuronium', 'Alendronic acid', 'Physostigmine']",1,1,therapeutic efficacy,"patient: 25f. drugs: pancuronium 500mg every 6 hours, alendronic acid 100mg every 6 hours, physostigmine 75mg twice daily.","['patient', '25f', 'drugs', 'pancuronium', '500', 'mg', '6', 'hours', 'alendronic', 'acid', '100', 'mg', '6', 'hours', 'physostigmine', '75', 'mg', 'twice', 'daily']",19
"Patient: 28F. Drugs: Amphetamine 100mg as needed, Flurandrenolide 25mg three times daily, Telmisartan 75mg before meals.","['Amphetamine', 'Flurandrenolide', 'Telmisartan']",1,2,hypotensive activities,"patient: 28f. drugs: amphetamine 100mg as needed, flurandrenolide 25mg three times daily, telmisartan 75mg before meals.","['patient', '28f', 'drugs', 'amphetamine', '100', 'mg', 'needed', 'flurandrenolide', '25', 'mg', 'times', 'daily', 'telmisartan', '75', 'mg', 'meals']",16
"Patient: 28F. Drugs: Terconazole 500mg three times daily, Efonidipine 75mg three times daily, Methdilazine 200mg every 6 hours.","['Terconazole', 'Efonidipine', 'Methdilazine']",1,1,therapeutic efficacy,"patient: 28f. drugs: terconazole 500mg three times daily, efonidipine 75mg three times daily, methdilazine 200mg every 6 hours.","['patient', '28f', 'drugs', 'terconazole', '500', 'mg', 'times', 'daily', 'efonidipine', '75', 'mg', 'times', 'daily', 'methdilazine', '200', 'mg', '6', 'hours']",18
"Patient: 55F. Drugs: Nicotine 25mg every 6 hours, Paliperidone.","['Nicotine', 'Paliperidone']",0,0,none,"patient: 55f. drugs: nicotine 25mg every 6 hours, paliperidone.","['patient', '55f', 'drugs', 'nicotine', '25', 'mg', '6', 'hours', 'paliperidone']",9
"Patient: 40M. Drugs: Furosemide 50mg once daily, Acetylsalicylic acid 75mg every 8 hours, Primaquine 200mg every 8 hours.","['Furosemide', 'Acetylsalicylic acid', 'Primaquine']",1,1,therapeutic efficacy,"patient: 40m. drugs: furosemide 50mg once daily, acetylsalicylic acid 75mg every 8 hours, primaquine 200mg every 8 hours.","['patient', '40', 'm.', 'drugs', 'furosemide', '50', 'mg', 'daily', 'acetylsalicylic', 'acid', '75', 'mg', '8', 'hours', 'primaquine', '200', 'mg', '8', 'hours']",19
"Patient: 62M. Drugs: Perindopril 50mg every 6 hours, Trimethaphan 100mg as needed, Acetohexamide 200mg every 12 hours.","['Perindopril', 'Trimethaphan', 'Acetohexamide']",1,2,hypotensive activities,"patient: 62m. drugs: perindopril 50mg every 6 hours, trimethaphan 100mg as needed, acetohexamide 200mg every 12 hours.","['patient', '62', 'm.', 'drugs', 'perindopril', '50', 'mg', '6', 'hours', 'trimethaphan', '100', 'mg', 'needed', 'acetohexamide', '200', 'mg', '12', 'hours']",18
"Patient: 60F. Drugs: Nomegestrol 500mg every 12 hours, Famotidine, Dolutegravir 200mg three times daily.","['Nomegestrol', 'Famotidine', 'Dolutegravir']",0,0,none,"patient: 60f. drugs: nomegestrol 500mg every 12 hours, famotidine, dolutegravir 200mg three times daily.","['patient', '60f', 'drugs', 'nomegestrol', '500', 'mg', '12', 'hours', 'famotidine', 'dolutegravir', '200', 'mg', 'times', 'daily']",14
"Patient: 70F. Drugs: Gliclazide 200mg every 6 hours, Toloxatone 500mg three times daily, Naltrexone 50mg every 8 hours.","['Gliclazide', 'Toloxatone', 'Naltrexone']",1,2,hypoglycemic activities,"patient: 70f. drugs: gliclazide 200mg every 6 hours, toloxatone 500mg three times daily, naltrexone 50mg every 8 hours.","['patient', '70f', 'drugs', 'gliclazide', '200', 'mg', '6', 'hours', 'toloxatone', '500', 'mg', 'times', 'daily', 'naltrexone', '50', 'mg', '8', 'hours']",18
"Patient: 68M. Drugs: Ketamine 75mg as needed, Pipamperone.","['Ketamine', 'Pipamperone']",1,3,risk or severity of adverse effects,"patient: 68m. drugs: ketamine 75mg as needed, pipamperone.","['patient', '68', 'm.', 'drugs', 'ketamine', '75', 'mg', 'needed', 'pipamperone']",9
"Patient: 45F. Drugs: Citalopram 200mg after meals, Nilutamide 500mg twice daily, Technetium Tc-99m oxidronate 25mg before meals.","['Citalopram', 'Nilutamide', 'Technetium Tc-99m oxidronate']",1,2,metabolism,"patient: 45f. drugs: citalopram 200mg after meals, nilutamide 500mg twice daily, technetium tc99m oxidronate 25mg before meals.","['patient', '45f', 'drugs', 'citalopram', '200', 'mg', 'meals', 'nilutamide', '500', 'mg', 'twice', 'daily', 'technetium', 'tc99', 'm', 'oxidronate', '25', 'mg', 'meals']",19
"Patient: 35F. Drugs: Gemifloxacin 50mg twice daily, Aloglutamol, Roxatidine acetate 75mg once daily, Rosoxacin 200mg before meals.","['Gemifloxacin', 'Aloglutamol', 'Roxatidine acetate', 'Rosoxacin']",1,1,absorption,"patient: 35f. drugs: gemifloxacin 50mg twice daily, aloglutamol, roxatidine acetate 75mg once daily, rosoxacin 200mg before meals.","['patient', '35f', 'drugs', 'gemifloxacin', '50', 'mg', 'twice', 'daily', 'aloglutamol', 'roxatidine', 'acetate', '75', 'mg', 'daily', 'rosoxacin', '200', 'mg', 'meals']",18
"Patient: 75M. Drugs: Dihydroergotamine 25mg before meals, Doxorubicin 200mg once daily, Ketorolac 500mg after meals.","['Dihydroergotamine', 'Doxorubicin', 'Ketorolac']",1,3,risk or severity of adverse effects,"patient: 75m. drugs: dihydroergotamine 25mg before meals, doxorubicin 200mg once daily, ketorolac 500mg after meals.","['patient', '75', 'm.', 'drugs', 'dihydroergotamine', '25', 'mg', 'meals', 'doxorubicin', '200', 'mg', 'daily', 'ketorolac', '500', 'mg', 'meals']",16
"Patient: 45F. Drugs: Lisinopril 500mg every 6 hours, Clobetasol propionate 200mg every 6 hours.","['Lisinopril', 'Clobetasol propionate']",0,0,none,"patient: 45f. drugs: lisinopril 500mg every 6 hours, clobetasol propionate 200mg every 6 hours.","['patient', '45f', 'drugs', 'lisinopril', '500', 'mg', '6', 'hours', 'clobetasol', 'propionate', '200', 'mg', '6', 'hours']",14
"Patient: 45F. Drugs: Telaprevir 100mg as needed, Daclatasvir.","['Telaprevir', 'Daclatasvir']",1,2,serum concentration,"patient: 45f. drugs: telaprevir 100mg as needed, daclatasvir.","['patient', '45f', 'drugs', 'telaprevir', '100', 'mg', 'needed', 'daclatasvir']",8
"Patient: 48F. Drugs: Norgestimate 75mg twice daily, Malathion 200mg as needed, Molsidomine 25mg before meals, Procyclidine.","['Norgestimate', 'Malathion', 'Molsidomine', 'Procyclidine']",1,1,therapeutic efficacy,"patient: 48f. drugs: norgestimate 75mg twice daily, malathion 200mg as needed, molsidomine 25mg before meals, procyclidine.","['patient', '48f', 'drugs', 'norgestimate', '75', 'mg', 'twice', 'daily', 'malathion', '200', 'mg', 'needed', 'molsidomine', '25', 'mg', 'meals', 'procyclidine']",17
"Patient: 40M. Drugs: Olanzapine, Pipecuronium 75mg once daily, Unoprostone 100mg every 8 hours.","['Olanzapine', 'Pipecuronium', 'Unoprostone']",0,0,none,"patient: 40m. drugs: olanzapine, pipecuronium 75mg once daily, unoprostone 100mg every 8 hours.","['patient', '40', 'm.', 'drugs', 'olanzapine', 'pipecuronium', '75', 'mg', 'daily', 'unoprostone', '100', 'mg', '8', 'hours']",14
"Patient: 40M. Drugs: Dapagliflozin 100mg once daily, Doxofylline 50mg once daily, Fluocinolone Acetonide 100mg every 6 hours.","['Dapagliflozin', 'Doxofylline', 'Fluocinolone Acetonide']",0,0,none,"patient: 40m. drugs: dapagliflozin 100mg once daily, doxofylline 50mg once daily, fluocinolone acetonide 100mg every 6 hours.","['patient', '40', 'm.', 'drugs', 'dapagliflozin', '100', 'mg', 'daily', 'doxofylline', '50', 'mg', 'daily', 'fluocinolone', 'acetonide', '100', 'mg', '6', 'hours']",18
"Patient: 48F. Drugs: Amyl Nitrite 200mg after meals, Metaxalone 50mg three times daily.","['Amyl Nitrite', 'Metaxalone']",0,0,none,"patient: 48f. drugs: amyl nitrite 200mg after meals, metaxalone 50mg three times daily.","['patient', '48f', 'drugs', 'amyl', 'nitrite', '200', 'mg', 'meals', 'metaxalone', '50', 'mg', 'times', 'daily']",13
"Patient: 30M. Drugs: Alosetron, Polythiazide 50mg every 6 hours, Apremilast, Tacrine.","['Alosetron', 'Polythiazide', 'Apremilast', 'Tacrine']",1,1,therapeutic efficacy,"patient: 30m. drugs: alosetron, polythiazide 50mg every 6 hours, apremilast, tacrine.","['patient', '30', 'm.', 'drugs', 'alosetron', 'polythiazide', '50', 'mg', '6', 'hours', 'apremilast', 'tacrine']",12
"Patient: 28F. Drugs: Terconazole 500mg three times daily, Efonidipine 75mg three times daily, Methdilazine 200mg every 6 hours.","['Terconazole', 'Efonidipine', 'Methdilazine']",1,1,therapeutic efficacy,"patient: 28f. drugs: terconazole 500mg three times daily, efonidipine 75mg three times daily, methdilazine 200mg every 6 hours.","['patient', '28f', 'drugs', 'terconazole', '500', 'mg', 'times', 'daily', 'efonidipine', '75', 'mg', 'times', 'daily', 'methdilazine', '200', 'mg', '6', 'hours']",18
"Patient: 48F. Drugs: Etoricoxib 50mg before meals, Piretanide 50mg after meals, Potassium Iodide 500mg every 6 hours.","['Etoricoxib', 'Piretanide', 'Potassium Iodide']",1,1,therapeutic efficacy,"patient: 48f. drugs: etoricoxib 50mg before meals, piretanide 50mg after meals, potassium iodide 500mg every 6 hours.","['patient', '48f', 'drugs', 'etoricoxib', '50', 'mg', 'meals', 'piretanide', '50', 'mg', 'meals', 'potassium', 'iodide', '500', 'mg', '6', 'hours']",17
"Patient: 55F. Drugs: Budesonide 200mg every 8 hours, Acemetacin 50mg every 6 hours.","['Budesonide', 'Acemetacin']",1,3,risk or severity of adverse effects,"patient: 55f. drugs: budesonide 200mg every 8 hours, acemetacin 50mg every 6 hours.","['patient', '55f', 'drugs', 'budesonide', '200', 'mg', '8', 'hours', 'acemetacin', '50', 'mg', '6', 'hours']",13
"Patient: 35F. Drugs: Nabumetone 100mg every 12 hours, Limaprost, Clozapine 500mg three times daily.","['Nabumetone', 'Limaprost', 'Clozapine']",1,1,therapeutic efficacy,"patient: 35f. drugs: nabumetone 100mg every 12 hours, limaprost, clozapine 500mg three times daily.","['patient', '35f', 'drugs', 'nabumetone', '100', 'mg', '12', 'hours', 'limaprost', 'clozapine', '500', 'mg', 'times', 'daily']",14
"Patient: 68M. Drugs: Fluvoxamine 75mg before meals, Pipamperone 25mg every 6 hours.","['Fluvoxamine', 'Pipamperone']",1,3,risk or severity of adverse effects,"patient: 68m. drugs: fluvoxamine 75mg before meals, pipamperone 25mg every 6 hours.","['patient', '68', 'm.', 'drugs', 'fluvoxamine', '75', 'mg', 'meals', 'pipamperone', '25', 'mg', '6', 'hours']",13
"Patient: 33M. Drugs: Zucapsaicin 200mg once daily, Levothyroxine, Fluconazole 50mg after meals, Miconazole 500mg twice daily.","['Zucapsaicin', 'Levothyroxine', 'Fluconazole', 'Miconazole']",1,2,metabolism,"patient: 33m. drugs: zucapsaicin 200mg once daily, levothyroxine, fluconazole 50mg after meals, miconazole 500mg twice daily.","['patient', '33', 'm.', 'drugs', 'zucapsaicin', '200', 'mg', 'daily', 'levothyroxine', 'fluconazole', '50', 'mg', 'meals', 'miconazole', '500', 'mg', 'twice', 'daily']",18
"Patient: 40M. Drugs: Nortriptyline 100mg before meals, Iobenguane 25mg as needed, Carbinoxamine.","['Nortriptyline', 'Iobenguane', 'Carbinoxamine']",1,1,therapeutic efficacy,"patient: 40m. drugs: nortriptyline 100mg before meals, iobenguane 25mg as needed, carbinoxamine.","['patient', '40', 'm.', 'drugs', 'nortriptyline', '100', 'mg', 'meals', 'iobenguane', '25', 'mg', 'needed', 'carbinoxamine']",13
"Patient: 70F. Drugs: Ridogrel, Glucosamine 200mg three times daily, Phentermine 200mg once daily.","['Ridogrel', 'Glucosamine', 'Phentermine']",1,1,antiplatelet activities,"patient: 70f. drugs: ridogrel, glucosamine 200mg three times daily, phentermine 200mg once daily.","['patient', '70f', 'drugs', 'ridogrel', 'glucosamine', '200', 'mg', 'times', 'daily', 'phentermine', '200', 'mg', 'daily']",13
"Patient: 58M. Drugs: Ceforanide, Oxymorphone 25mg every 6 hours, Magnesium oxide 50mg as needed.","['Ceforanide', 'Oxymorphone', 'Magnesium oxide']",0,0,none,"patient: 58m. drugs: ceforanide, oxymorphone 25mg every 6 hours, magnesium oxide 50mg as needed.","['patient', '58', 'm.', 'drugs', 'ceforanide', 'oxymorphone', '25', 'mg', '6', 'hours', 'magnesium', 'oxide', '50', 'mg', 'needed']",15
"Patient: 60F. Drugs: Sildenafil 500mg as needed, Ergotamine 500mg every 12 hours.","['Sildenafil', 'Ergotamine']",1,3,risk or severity of adverse effects,"patient: 60f. drugs: sildenafil 500mg as needed, ergotamine 500mg every 12 hours.","['patient', '60f', 'drugs', 'sildenafil', '500', 'mg', 'needed', 'ergotamine', '500', 'mg', '12', 'hours']",12
"Patient: 40M. Drugs: Dalfampridine 50mg twice daily, Ciprofloxacin 50mg after meals.","['Dalfampridine', 'Ciprofloxacin']",0,0,none,"patient: 40m. drugs: dalfampridine 50mg twice daily, ciprofloxacin 50mg after meals.","['patient', '40', 'm.', 'drugs', 'dalfampridine', '50', 'mg', 'twice', 'daily', 'ciprofloxacin', '50', 'mg', 'meals']",13
"Patient: 62M. Drugs: Remikiren 200mg every 8 hours, Temsirolimus 75mg three times daily, Olsalazine 200mg every 12 hours.","['Remikiren', 'Temsirolimus', 'Olsalazine']",1,3,risk or severity of adverse effects,"patient: 62m. drugs: remikiren 200mg every 8 hours, temsirolimus 75mg three times daily, olsalazine 200mg every 12 hours.","['patient', '62', 'm.', 'drugs', 'remikiren', '200', 'mg', '8', 'hours', 'temsirolimus', '75', 'mg', 'times', 'daily', 'olsalazine', '200', 'mg', '12', 'hours']",19
"Patient: 48F. Drugs: Protokylol 200mg every 12 hours, Fomepizole 100mg once daily, Zileuton 500mg every 6 hours, Bexarotene 500mg every 12 hours.","['Protokylol', 'Fomepizole', 'Zileuton', 'Bexarotene']",0,0,none,"patient: 48f. drugs: protokylol 200mg every 12 hours, fomepizole 100mg once daily, zileuton 500mg every 6 hours, bexarotene 500mg every 12 hours.","['patient', '48f', 'drugs', 'protokylol', '200', 'mg', '12', 'hours', 'fomepizole', '100', 'mg', 'daily', 'zileuton', '500', 'mg', '6', 'hours', 'bexarotene', '500', 'mg', '12', 'hours']",22
"Patient: 60F. Drugs: Terazosin 25mg every 8 hours, Meclofenamic acid 50mg after meals, Benzylpenicillin 500mg after meals.","['Terazosin', 'Meclofenamic acid', 'Benzylpenicillin']",0,0,none,"patient: 60f. drugs: terazosin 25mg every 8 hours, meclofenamic acid 50mg after meals, benzylpenicillin 500mg after meals.","['patient', '60f', 'drugs', 'terazosin', '25', 'mg', '8', 'hours', 'meclofenamic', 'acid', '50', 'mg', 'meals', 'benzylpenicillin', '500', 'mg', 'meals']",17
"Patient: 70F. Drugs: Furosemide, Etofenamate 200mg every 8 hours.","['Furosemide', 'Etofenamate']",1,1,therapeutic efficacy,"patient: 70f. drugs: furosemide, etofenamate 200mg every 8 hours.","['patient', '70f', 'drugs', 'furosemide', 'etofenamate', '200', 'mg', '8', 'hours']",9
"Patient: 28F. Drugs: Cilazapril 100mg every 12 hours, Temsirolimus 100mg before meals.","['Cilazapril', 'Temsirolimus']",1,3,risk or severity of adverse effects,"patient: 28f. drugs: cilazapril 100mg every 12 hours, temsirolimus 100mg before meals.","['patient', '28f', 'drugs', 'cilazapril', '100', 'mg', '12', 'hours', 'temsirolimus', '100', 'mg', 'meals']",12
"Patient: 58M. Drugs: Sildenafil, Umeclidinium 50mg every 12 hours, Rabeprazole 25mg every 12 hours.","['Sildenafil', 'Umeclidinium', 'Rabeprazole']",1,2,metabolism,"patient: 58m. drugs: sildenafil, umeclidinium 50mg every 12 hours, rabeprazole 25mg every 12 hours.","['patient', '58', 'm.', 'drugs', 'sildenafil', 'umeclidinium', '50', 'mg', '12', 'hours', 'rabeprazole', '25', 'mg', '12', 'hours']",15
"Patient: 30M. Drugs: Alosetron, Polythiazide 50mg every 6 hours, Apremilast, Tacrine.","['Alosetron', 'Polythiazide', 'Apremilast', 'Tacrine']",1,1,therapeutic efficacy,"patient: 30m. drugs: alosetron, polythiazide 50mg every 6 hours, apremilast, tacrine.","['patient', '30', 'm.', 'drugs', 'alosetron', 'polythiazide', '50', 'mg', '6', 'hours', 'apremilast', 'tacrine']",12
"Patient: 25F. Drugs: Eltrombopag 100mg as needed, Gemifloxacin.","['Eltrombopag', 'Gemifloxacin']",0,0,none,"patient: 25f. drugs: eltrombopag 100mg as needed, gemifloxacin.","['patient', '25f', 'drugs', 'eltrombopag', '100', 'mg', 'needed', 'gemifloxacin']",8
"Patient: 30M. Drugs: Ketorolac 100mg twice daily, Repaglinide, Chlorphenamine 100mg three times daily, Tafenoquine.","['Ketorolac', 'Repaglinide', 'Chlorphenamine', 'Tafenoquine']",0,0,none,"patient: 30m. drugs: ketorolac 100mg twice daily, repaglinide, chlorphenamine 100mg three times daily, tafenoquine.","['patient', '30', 'm.', 'drugs', 'ketorolac', '100', 'mg', 'twice', 'daily', 'repaglinide', 'chlorphenamine', '100', 'mg', 'times', 'daily', 'tafenoquine']",16
"Patient: 25F. Drugs: Guanethidine 500mg twice daily, Dihydroergotamine 25mg before meals.","['Guanethidine', 'Dihydroergotamine']",0,0,none,"patient: 25f. drugs: guanethidine 500mg twice daily, dihydroergotamine 25mg before meals.","['patient', '25f', 'drugs', 'guanethidine', '500', 'mg', 'twice', 'daily', 'dihydroergotamine', '25', 'mg', 'meals']",12
"Patient: 62M. Drugs: Seratrodast 500mg every 6 hours, Unoprostone 25mg every 12 hours, Formoterol.","['Seratrodast', 'Unoprostone', 'Formoterol']",1,1,therapeutic efficacy,"patient: 62m. drugs: seratrodast 500mg every 6 hours, unoprostone 25mg every 12 hours, formoterol.","['patient', '62', 'm.', 'drugs', 'seratrodast', '500', 'mg', '6', 'hours', 'unoprostone', '25', 'mg', '12', 'hours', 'formoterol']",15
"Patient: 52M. Drugs: Gallamine Triethiodide, Tapentadol 200mg as needed.","['Gallamine Triethiodide', 'Tapentadol']",1,3,risk or severity of adverse effects,"patient: 52m. drugs: gallamine triethiodide, tapentadol 200mg as needed.","['patient', '52', 'm.', 'drugs', 'gallamine', 'triethiodide', 'tapentadol', '200', 'mg', 'needed']",10
"Patient: 40M. Drugs: Famotidine, Theophylline.","['Famotidine', 'Theophylline']",0,0,none,"patient: 40m. drugs: famotidine, theophylline.","['patient', '40', 'm.', 'drugs', 'famotidine', 'theophylline']",6
"Patient: 45F. Drugs: Fluconazole 200mg every 12 hours, Bosutinib 50mg as needed.","['Fluconazole', 'Bosutinib']",1,2,serum concentration,"patient: 45f. drugs: fluconazole 200mg every 12 hours, bosutinib 50mg as needed.","['patient', '45f', 'drugs', 'fluconazole', '200', 'mg', '12', 'hours', 'bosutinib', '50', 'mg', 'needed']",12
"Patient: 45F. Drugs: Benzphetamine 50mg three times daily, Methadyl Acetate 200mg once daily, Halothane.","['Benzphetamine', 'Methadyl Acetate', 'Halothane']",1,1,analgesic activities,"patient: 45f. drugs: benzphetamine 50mg three times daily, methadyl acetate 200mg once daily, halothane.","['patient', '45f', 'drugs', 'benzphetamine', '50', 'mg', 'times', 'daily', 'methadyl', 'acetate', '200', 'mg', 'daily', 'halothane']",14
"Patient: 58M. Drugs: Protriptyline 75mg once daily, Lymecycline.","['Protriptyline', 'Lymecycline']",0,0,none,"patient: 58m. drugs: protriptyline 75mg once daily, lymecycline.","['patient', '58', 'm.', 'drugs', 'protriptyline', '75', 'mg', 'daily', 'lymecycline']",9
"Patient: 33M. Drugs: Nilutamide 75mg as needed, Dimethyl sulfoxide 500mg once daily, Ribociclib, Lutetium Lu 177 dotatate 25mg three times daily.","['Nilutamide', 'Dimethyl sulfoxide', 'Ribociclib', 'Lutetium Lu 177 dotatate']",0,0,none,"patient: 33m. drugs: nilutamide 75mg as needed, dimethyl sulfoxide 500mg once daily, ribociclib, lutetium lu 177 dotatate 25mg three times daily.","['patient', '33', 'm.', 'drugs', 'nilutamide', '75', 'mg', 'needed', 'dimethyl', 'sulfoxide', '500', 'mg', 'daily', 'ribociclib', 'lutetium', 'lu', '177', 'dotatate', '25', 'mg', 'times', 'daily']",22
"Patient: 45F. Drugs: Pantoprazole 75mg after meals, Cefalotin, Nizatidine 500mg every 12 hours.","['Pantoprazole', 'Cefalotin', 'Nizatidine']",0,0,none,"patient: 45f. drugs: pantoprazole 75mg after meals, cefalotin, nizatidine 500mg every 12 hours.","['patient', '45f', 'drugs', 'pantoprazole', '75', 'mg', 'meals', 'cefalotin', 'nizatidine', '500', 'mg', '12', 'hours']",13
"Patient: 35F. Drugs: Fluindione 500mg once daily, Testosterone undecanoate 50mg as needed.","['Fluindione', 'Testosterone undecanoate']",1,1,therapeutic efficacy,"patient: 35f. drugs: fluindione 500mg once daily, testosterone undecanoate 50mg as needed.","['patient', '35f', 'drugs', 'fluindione', '500', 'mg', 'daily', 'testosterone', 'undecanoate', '50', 'mg', 'needed']",12
"Patient: 25F. Drugs: Flucytosine, Loxapine, Toremifene 100mg before meals, Treprostinil 75mg twice daily.","['Flucytosine', 'Loxapine', 'Toremifene', 'Treprostinil']",1,2,QTc-prolonging activities,"patient: 25f. drugs: flucytosine, loxapine, toremifene 100mg before meals, treprostinil 75mg twice daily.","['patient', '25f', 'drugs', 'flucytosine', 'loxapine', 'toremifene', '100', 'mg', 'meals', 'treprostinil', '75', 'mg', 'twice', 'daily']",14
"Patient: 68M. Drugs: Dezocine, Aclidinium 200mg twice daily, Terlipressin.","['Dezocine', 'Aclidinium', 'Terlipressin']",1,3,risk or severity of adverse effects,"patient: 68m. drugs: dezocine, aclidinium 200mg twice daily, terlipressin.","['patient', '68', 'm.', 'drugs', 'dezocine', 'aclidinium', '200', 'mg', 'twice', 'daily', 'terlipressin']",11
"Patient: 45F. Drugs: Nevirapine 25mg before meals, Tolterodine.","['Nevirapine', 'Tolterodine']",1,2,metabolism,"patient: 45f. drugs: nevirapine 25mg before meals, tolterodine.","['patient', '45f', 'drugs', 'nevirapine', '25', 'mg', 'meals', 'tolterodine']",8
"Patient: 33M. Drugs: Levomethadyl Acetate 75mg twice daily, Osimertinib 25mg twice daily.","['Levomethadyl Acetate', 'Osimertinib']",1,2,serum concentration,"patient: 33m. drugs: levomethadyl acetate 75mg twice daily, osimertinib 25mg twice daily.","['patient', '33', 'm.', 'drugs', 'levomethadyl', 'acetate', '75', 'mg', 'twice', 'daily', 'osimertinib', '25', 'mg', 'twice', 'daily']",15
"Patient: 58M. Drugs: Lorazepam, Darifenacin 50mg twice daily, Secobarbital 75mg as needed, Pyrimethamine 200mg before meals.","['Lorazepam', 'Darifenacin', 'Secobarbital', 'Pyrimethamine']",1,3,risk or severity of adverse effects,"patient: 58m. drugs: lorazepam, darifenacin 50mg twice daily, secobarbital 75mg as needed, pyrimethamine 200mg before meals.","['patient', '58', 'm.', 'drugs', 'lorazepam', 'darifenacin', '50', 'mg', 'twice', 'daily', 'secobarbital', '75', 'mg', 'needed', 'pyrimethamine', '200', 'mg', 'meals']",18
"Patient: 62M. Drugs: Levetiracetam 25mg after meals, Bevantolol.","['Levetiracetam', 'Bevantolol']",1,3,risk or severity of hypotension,"patient: 62m. drugs: levetiracetam 25mg after meals, bevantolol.","['patient', '62', 'm.', 'drugs', 'levetiracetam', '25', 'mg', 'meals', 'bevantolol']",9
"Patient: 35F. Drugs: Ketazolam 75mg before meals, Selexipag 25mg three times daily, Mefloquine 50mg once daily, Brivaracetam.","['Ketazolam', 'Selexipag', 'Mefloquine', 'Brivaracetam']",1,1,therapeutic efficacy,"patient: 35f. drugs: ketazolam 75mg before meals, selexipag 25mg three times daily, mefloquine 50mg once daily, brivaracetam.","['patient', '35f', 'drugs', 'ketazolam', '75', 'mg', 'meals', 'selexipag', '25', 'mg', 'times', 'daily', 'mefloquine', '50', 'mg', 'daily', 'brivaracetam']",17
"Patient: 40M. Drugs: Valproic Acid 200mg as needed, Zotepine 500mg every 12 hours, Dinoprostone 50mg after meals.","['Valproic Acid', 'Zotepine', 'Dinoprostone']",1,3,risk or severity of adverse effects,"patient: 40m. drugs: valproic acid 200mg as needed, zotepine 500mg every 12 hours, dinoprostone 50mg after meals.","['patient', '40', 'm.', 'drugs', 'valproic', 'acid', '200', 'mg', 'needed', 'zotepine', '500', 'mg', '12', 'hours', 'dinoprostone', '50', 'mg', 'meals']",18
"Patient: 33M. Drugs: Mesalazine 500mg every 12 hours, Ibudilast 500mg after meals, Clarithromycin 25mg twice daily.","['Mesalazine', 'Ibudilast', 'Clarithromycin']",1,3,risk or severity of adverse effects,"patient: 33m. drugs: mesalazine 500mg every 12 hours, ibudilast 500mg after meals, clarithromycin 25mg twice daily.","['patient', '33', 'm.', 'drugs', 'mesalazine', '500', 'mg', '12', 'hours', 'ibudilast', '500', 'mg', 'meals', 'clarithromycin', '25', 'mg', 'twice', 'daily']",18
"Patient: 55F. Drugs: Disopyramide 50mg every 6 hours, Arsenic trioxide 500mg every 6 hours, Niraparib 500mg every 6 hours.","['Disopyramide', 'Arsenic trioxide', 'Niraparib']",1,3,risk or severity of QTc prolongation,"patient: 55f. drugs: disopyramide 50mg every 6 hours, arsenic trioxide 500mg every 6 hours, niraparib 500mg every 6 hours.","['patient', '55f', 'drugs', 'disopyramide', '50', 'mg', '6', 'hours', 'arsenic', 'trioxide', '500', 'mg', '6', 'hours', 'niraparib', '500', 'mg', '6', 'hours']",19
"Patient: 28F. Drugs: Bortezomib, Pramipexole.","['Bortezomib', 'Pramipexole']",1,3,risk or severity of adverse effects,"patient: 28f. drugs: bortezomib, pramipexole.","['patient', '28f', 'drugs', 'bortezomib', 'pramipexole']",5
"Patient: 68M. Drugs: Codeine 100mg every 12 hours, Diphenoxylate 50mg twice daily.","['Codeine', 'Diphenoxylate']",1,3,risk or severity of adverse effects,"patient: 68m. drugs: codeine 100mg every 12 hours, diphenoxylate 50mg twice daily.","['patient', '68', 'm.', 'drugs', 'codeine', '100', 'mg', '12', 'hours', 'diphenoxylate', '50', 'mg', 'twice', 'daily']",14
"Patient: 55F. Drugs: Budesonide, Floctafenine, Dabrafenib 25mg every 12 hours.","['Budesonide', 'Floctafenine', 'Dabrafenib']",1,3,risk or severity of adverse effects,"patient: 55f. drugs: budesonide, floctafenine, dabrafenib 25mg every 12 hours.","['patient', '55f', 'drugs', 'budesonide', 'floctafenine', 'dabrafenib', '25', 'mg', '12', 'hours']",10
"Patient: 35F. Drugs: Icosapent 200mg every 8 hours, Bromfenac 25mg every 12 hours.","['Icosapent', 'Bromfenac']",1,3,risk or severity of adverse effects,"patient: 35f. drugs: icosapent 200mg every 8 hours, bromfenac 25mg every 12 hours.","['patient', '35f', 'drugs', 'icosapent', '200', 'mg', '8', 'hours', 'bromfenac', '25', 'mg', '12', 'hours']",13
"Patient: 48F. Drugs: Leflunomide 100mg every 8 hours, Butenafine 25mg as needed, Quinethazone.","['Leflunomide', 'Butenafine', 'Quinethazone']",1,1,therapeutic efficacy,"patient: 48f. drugs: leflunomide 100mg every 8 hours, butenafine 25mg as needed, quinethazone.","['patient', '48f', 'drugs', 'leflunomide', '100', 'mg', '8', 'hours', 'butenafine', '25', 'mg', 'needed', 'quinethazone']",13
"Patient: 52M. Drugs: Ospemifene, Lasofoxifene 500mg as needed.","['Ospemifene', 'Lasofoxifene']",1,3,risk or severity of adverse effects,"patient: 52m. drugs: ospemifene, lasofoxifene 500mg as needed.","['patient', '52', 'm.', 'drugs', 'ospemifene', 'lasofoxifene', '500', 'mg', 'needed']",9
"Patient: 60F. Drugs: Alfuzosin 500mg twice daily, Mequitazine, Naratriptan 500mg twice daily, Levomethadyl Acetate 50mg every 8 hours.","['Alfuzosin', 'Mequitazine', 'Naratriptan', 'Levomethadyl Acetate']",0,0,none,"patient: 60f. drugs: alfuzosin 500mg twice daily, mequitazine, naratriptan 500mg twice daily, levomethadyl acetate 50mg every 8 hours.","['patient', '60f', 'drugs', 'alfuzosin', '500', 'mg', 'twice', 'daily', 'mequitazine', 'naratriptan', '500', 'mg', 'twice', 'daily', 'levomethadyl', 'acetate', '50', 'mg', '8', 'hours']",20
"Patient: 55F. Drugs: Glycerin 200mg as needed, Miglustat 500mg every 6 hours.","['Glycerin', 'Miglustat']",0,0,none,"patient: 55f. drugs: glycerin 200mg as needed, miglustat 500mg every 6 hours.","['patient', '55f', 'drugs', 'glycerin', '200', 'mg', 'needed', 'miglustat', '500', 'mg', '6', 'hours']",12
"Patient: 35F. Drugs: Velpatasvir 75mg as needed, Terbutaline 200mg as needed, Gabapentin Enacarbil 200mg after meals, Dimetacrine 100mg three times daily.","['Velpatasvir', 'Terbutaline', 'Gabapentin Enacarbil', 'Dimetacrine']",1,3,risk or severity of adverse effects,"patient: 35f. drugs: velpatasvir 75mg as needed, terbutaline 200mg as needed, gabapentin enacarbil 200mg after meals, dimetacrine 100mg three times daily.","['patient', '35f', 'drugs', 'velpatasvir', '75', 'mg', 'needed', 'terbutaline', '200', 'mg', 'needed', 'gabapentin', 'enacarbil', '200', 'mg', 'meals', 'dimetacrine', '100', 'mg', 'times', 'daily']",21
"Patient: 70F. Drugs: Micafungin 200mg once daily, Efonidipine.","['Micafungin', 'Efonidipine']",1,1,therapeutic efficacy,"patient: 70f. drugs: micafungin 200mg once daily, efonidipine.","['patient', '70f', 'drugs', 'micafungin', '200', 'mg', 'daily', 'efonidipine']",8
"Patient: 58M. Drugs: Tirofiban 50mg every 8 hours, Phenindione 100mg every 12 hours.","['Tirofiban', 'Phenindione']",1,2,anticoagulant activities,"patient: 58m. drugs: tirofiban 50mg every 8 hours, phenindione 100mg every 12 hours.","['patient', '58', 'm.', 'drugs', 'tirofiban', '50', 'mg', '8', 'hours', 'phenindione', '100', 'mg', '12', 'hours']",14
"Patient: 52M. Drugs: Oxcarbazepine 25mg as needed, Voxilaprevir 75mg after meals, Almotriptan.","['Oxcarbazepine', 'Voxilaprevir', 'Almotriptan']",0,0,none,"patient: 52m. drugs: oxcarbazepine 25mg as needed, voxilaprevir 75mg after meals, almotriptan.","['patient', '52', 'm.', 'drugs', 'oxcarbazepine', '25', 'mg', 'needed', 'voxilaprevir', '75', 'mg', 'meals', 'almotriptan']",13
"Patient: 60F. Drugs: Imipramine 100mg three times daily, Sumatriptan.","['Imipramine', 'Sumatriptan']",1,3,risk or severity of adverse effects,"patient: 60f. drugs: imipramine 100mg three times daily, sumatriptan.","['patient', '60f', 'drugs', 'imipramine', '100', 'mg', 'times', 'daily', 'sumatriptan']",9
"Patient: 70F. Drugs: Angiotensin II 200mg once daily, Metyrosine 500mg every 12 hours, Suprofen 25mg every 8 hours, Verteporfin 25mg every 12 hours.","['Angiotensin II', 'Metyrosine', 'Suprofen', 'Verteporfin']",0,0,none,"patient: 70f. drugs: angiotensin ii 200mg once daily, metyrosine 500mg every 12 hours, suprofen 25mg every 8 hours, verteporfin 25mg every 12 hours.","['patient', '70f', 'drugs', 'angiotensin', 'ii', '200', 'mg', 'daily', 'metyrosine', '500', 'mg', '12', 'hours', 'suprofen', '25', 'mg', '8', 'hours', 'verteporfin', '25', 'mg', '12', 'hours']",23
"Patient: 55F. Drugs: Metolazone 50mg as needed, Fenbufen 100mg once daily.","['Metolazone', 'Fenbufen']",1,1,therapeutic efficacy,"patient: 55f. drugs: metolazone 50mg as needed, fenbufen 100mg once daily.","['patient', '55f', 'drugs', 'metolazone', '50', 'mg', 'needed', 'fenbufen', '100', 'mg', 'daily']",11
"Patient: 28F. Drugs: Iloperidone 25mg once daily, Vardenafil 25mg as needed, Gimeracil 25mg as needed.","['Iloperidone', 'Vardenafil', 'Gimeracil']",1,2,QTc-prolonging activities,"patient: 28f. drugs: iloperidone 25mg once daily, vardenafil 25mg as needed, gimeracil 25mg as needed.","['patient', '28f', 'drugs', 'iloperidone', '25', 'mg', 'daily', 'vardenafil', '25', 'mg', 'needed', 'gimeracil', '25', 'mg', 'needed']",15
"Patient: 58M. Drugs: Nitric Oxide 200mg three times daily, Rosuvastatin 200mg after meals, Ethyl chloride.","['Nitric Oxide', 'Rosuvastatin', 'Ethyl chloride']",1,2,serum concentration,"patient: 58m. drugs: nitric oxide 200mg three times daily, rosuvastatin 200mg after meals, ethyl chloride.","['patient', '58', 'm.', 'drugs', 'nitric', 'oxide', '200', 'mg', 'times', 'daily', 'rosuvastatin', '200', 'mg', 'meals', 'ethyl', 'chloride']",16
"Patient: 28F. Drugs: Tadalafil 50mg three times daily, Isosorbide Mononitrate 25mg after meals.","['Tadalafil', 'Isosorbide Mononitrate']",1,1,vasodilatory activities,"patient: 28f. drugs: tadalafil 50mg three times daily, isosorbide mononitrate 25mg after meals.","['patient', '28f', 'drugs', 'tadalafil', '50', 'mg', 'times', 'daily', 'isosorbide', 'mononitrate', '25', 'mg', 'meals']",13
"Patient: 35F. Drugs: Cyclobenzaprine, Tiludronic acid.","['Cyclobenzaprine', 'Tiludronic acid']",0,0,none,"patient: 35f. drugs: cyclobenzaprine, tiludronic acid.","['patient', '35f', 'drugs', 'cyclobenzaprine', 'tiludronic', 'acid']",6
"Patient: 30M. Drugs: Besifloxacin 100mg three times daily, Nalorphine 25mg every 12 hours.","['Besifloxacin', 'Nalorphine']",0,0,none,"patient: 30m. drugs: besifloxacin 100mg three times daily, nalorphine 25mg every 12 hours.","['patient', '30', 'm.', 'drugs', 'besifloxacin', '100', 'mg', 'times', 'daily', 'nalorphine', '25', 'mg', '12', 'hours']",14
"Patient: 35F. Drugs: Cinnarizine 50mg three times daily, Trimetazidine, Methylphenidate, Apixaban 75mg three times daily.","['Cinnarizine', 'Trimetazidine', 'Methylphenidate', 'Apixaban']",0,0,none,"patient: 35f. drugs: cinnarizine 50mg three times daily, trimetazidine, methylphenidate, apixaban 75mg three times daily.","['patient', '35f', 'drugs', 'cinnarizine', '50', 'mg', 'times', 'daily', 'trimetazidine', 'methylphenidate', 'apixaban', '75', 'mg', 'times', 'daily']",15
"Patient: 45F. Drugs: Scopolamine 50mg three times daily, Molindone 100mg every 6 hours.","['Scopolamine', 'Molindone']",1,3,risk or severity of adverse effects,"patient: 45f. drugs: scopolamine 50mg three times daily, molindone 100mg every 6 hours.","['patient', '45f', 'drugs', 'scopolamine', '50', 'mg', 'times', 'daily', 'molindone', '100', 'mg', '6', 'hours']",13
"Patient: 55F. Drugs: Metolazone 50mg as needed, Fenbufen 100mg once daily.","['Metolazone', 'Fenbufen']",1,1,therapeutic efficacy,"patient: 55f. drugs: metolazone 50mg as needed, fenbufen 100mg once daily.","['patient', '55f', 'drugs', 'metolazone', '50', 'mg', 'needed', 'fenbufen', '100', 'mg', 'daily']",11
"Patient: 62M. Drugs: Sotalol 50mg every 6 hours, Etodolac, Bepotastine 25mg before meals.","['Sotalol', 'Etodolac', 'Bepotastine']",1,2,antihypertensive activities,"patient: 62m. drugs: sotalol 50mg every 6 hours, etodolac, bepotastine 25mg before meals.","['patient', '62', 'm.', 'drugs', 'sotalol', '50', 'mg', '6', 'hours', 'etodolac', 'bepotastine', '25', 'mg', 'meals']",14
"Patient: 35F. Drugs: Indapamide, Remifentanil.","['Indapamide', 'Remifentanil']",1,3,risk or severity of adverse effects,"patient: 35f. drugs: indapamide, remifentanil.","['patient', '35f', 'drugs', 'indapamide', 'remifentanil']",5
"Patient: 45F. Drugs: Lisinopril 500mg every 6 hours, Clobetasol propionate 200mg every 6 hours.","['Lisinopril', 'Clobetasol propionate']",0,0,none,"patient: 45f. drugs: lisinopril 500mg every 6 hours, clobetasol propionate 200mg every 6 hours.","['patient', '45f', 'drugs', 'lisinopril', '500', 'mg', '6', 'hours', 'clobetasol', 'propionate', '200', 'mg', '6', 'hours']",14
"Patient: 40M. Drugs: Etacrynic acid 25mg twice daily, Alogliptin 50mg twice daily, Fosfomycin.","['Etacrynic acid', 'Alogliptin', 'Fosfomycin']",1,1,therapeutic efficacy,"patient: 40m. drugs: etacrynic acid 25mg twice daily, alogliptin 50mg twice daily, fosfomycin.","['patient', '40', 'm.', 'drugs', 'etacrynic', 'acid', '25', 'mg', 'twice', 'daily', 'alogliptin', '50', 'mg', 'twice', 'daily', 'fosfomycin']",16
"Patient: 45F. Drugs: Etoposide 100mg before meals, Cinacalcet 25mg every 8 hours.","['Etoposide', 'Cinacalcet']",0,0,none,"patient: 45f. drugs: etoposide 100mg before meals, cinacalcet 25mg every 8 hours.","['patient', '45f', 'drugs', 'etoposide', '100', 'mg', 'meals', 'cinacalcet', '25', 'mg', '8', 'hours']",12
"Patient: 25F. Drugs: Minaprine, Tobramycin 500mg three times daily, Tadalafil 75mg after meals.","['Minaprine', 'Tobramycin', 'Tadalafil']",0,0,none,"patient: 25f. drugs: minaprine, tobramycin 500mg three times daily, tadalafil 75mg after meals.","['patient', '25f', 'drugs', 'minaprine', 'tobramycin', '500', 'mg', 'times', 'daily', 'tadalafil', '75', 'mg', 'meals']",13
"Patient: 48F. Drugs: Hexobarbital, Ifenprodil 500mg as needed, Mitiglinide, Medroxyprogesterone acetate 50mg once daily.","['Hexobarbital', 'Ifenprodil', 'Mitiglinide', 'Medroxyprogesterone acetate']",1,1,therapeutic efficacy,"patient: 48f. drugs: hexobarbital, ifenprodil 500mg as needed, mitiglinide, medroxyprogesterone acetate 50mg once daily.","['patient', '48f', 'drugs', 'hexobarbital', 'ifenprodil', '500', 'mg', 'needed', 'mitiglinide', 'medroxyprogesterone', 'acetate', '50', 'mg', 'daily']",14
"Patient: 40M. Drugs: Pilocarpine, Osimertinib 50mg every 6 hours, Trimipramine 200mg before meals.","['Pilocarpine', 'Osimertinib', 'Trimipramine']",1,2,serum concentration,"patient: 40m. drugs: pilocarpine, osimertinib 50mg every 6 hours, trimipramine 200mg before meals.","['patient', '40', 'm.', 'drugs', 'pilocarpine', 'osimertinib', '50', 'mg', '6', 'hours', 'trimipramine', '200', 'mg', 'meals']",14
"Patient: 60F. Drugs: Etacrynic acid 100mg after meals, Cerulenin.","['Etacrynic acid', 'Cerulenin']",0,0,none,"patient: 60f. drugs: etacrynic acid 100mg after meals, cerulenin.","['patient', '60f', 'drugs', 'etacrynic', 'acid', '100', 'mg', 'meals', 'cerulenin']",9
"Patient: 52M. Drugs: Megestrol acetate 25mg every 6 hours, Phenformin 200mg every 8 hours.","['Megestrol acetate', 'Phenformin']",1,1,therapeutic efficacy,"patient: 52m. drugs: megestrol acetate 25mg every 6 hours, phenformin 200mg every 8 hours.","['patient', '52', 'm.', 'drugs', 'megestrol', 'acetate', '25', 'mg', '6', 'hours', 'phenformin', '200', 'mg', '8', 'hours']",15
"Patient: 58M. Drugs: Clonazepam 50mg once daily, Desvenlafaxine 500mg before meals.","['Clonazepam', 'Desvenlafaxine']",1,3,risk or severity of adverse effects,"patient: 58m. drugs: clonazepam 50mg once daily, desvenlafaxine 500mg before meals.","['patient', '58', 'm.', 'drugs', 'clonazepam', '50', 'mg', 'daily', 'desvenlafaxine', '500', 'mg', 'meals']",12
"Patient: 52M. Drugs: Nandrolone decanoate 50mg every 12 hours, Trolamine salicylate 75mg every 12 hours, Oxytetracycline 100mg once daily, Niflumic Acid 100mg as needed.","['Nandrolone decanoate', 'Trolamine salicylate', 'Oxytetracycline', 'Niflumic Acid']",1,3,risk or severity of adverse effects,"patient: 52m. drugs: nandrolone decanoate 50mg every 12 hours, trolamine salicylate 75mg every 12 hours, oxytetracycline 100mg once daily, niflumic acid 100mg as needed.","['patient', '52', 'm.', 'drugs', 'nandrolone', 'decanoate', '50', 'mg', '12', 'hours', 'trolamine', 'salicylate', '75', 'mg', '12', 'hours', 'oxytetracycline', '100', 'mg', 'daily', 'niflumic', 'acid', '100', 'mg', 'needed']",25
"Patient: 33M. Drugs: Levomethadyl Acetate 25mg as needed, Ketazolam 50mg as needed, Colistimethate 25mg twice daily.","['Levomethadyl Acetate', 'Ketazolam', 'Colistimethate']",1,3,risk or severity of adverse effects,"patient: 33m. drugs: levomethadyl acetate 25mg as needed, ketazolam 50mg as needed, colistimethate 25mg twice daily.","['patient', '33', 'm.', 'drugs', 'levomethadyl', 'acetate', '25', 'mg', 'needed', 'ketazolam', '50', 'mg', 'needed', 'colistimethate', '25', 'mg', 'twice', 'daily']",18
"Patient: 35F. Drugs: Anidulafungin 50mg every 12 hours, Cinnarizine 25mg every 8 hours, Flibanserin 500mg every 12 hours.","['Anidulafungin', 'Cinnarizine', 'Flibanserin']",1,1,therapeutic efficacy,"patient: 35f. drugs: anidulafungin 50mg every 12 hours, cinnarizine 25mg every 8 hours, flibanserin 500mg every 12 hours.","['patient', '35f', 'drugs', 'anidulafungin', '50', 'mg', '12', 'hours', 'cinnarizine', '25', 'mg', '8', 'hours', 'flibanserin', '500', 'mg', '12', 'hours']",18
"Patient: 58M. Drugs: Sufentanil 75mg as needed, Ritodrine, Oxybutynin.","['Sufentanil', 'Ritodrine', 'Oxybutynin']",1,3,risk or severity of adverse effects,"patient: 58m. drugs: sufentanil 75mg as needed, ritodrine, oxybutynin.","['patient', '58', 'm.', 'drugs', 'sufentanil', '75', 'mg', 'needed', 'ritodrine', 'oxybutynin']",10
"Patient: 40M. Drugs: Carbinoxamine, Dextromethorphan, Eletriptan 200mg every 12 hours.","['Carbinoxamine', 'Dextromethorphan', 'Eletriptan']",1,3,risk or severity of adverse effects,"patient: 40m. drugs: carbinoxamine, dextromethorphan, eletriptan 200mg every 12 hours.","['patient', '40', 'm.', 'drugs', 'carbinoxamine', 'dextromethorphan', 'eletriptan', '200', 'mg', '12', 'hours']",11
"Patient: 30M. Drugs: Bortezomib 25mg as needed, Flibanserin 50mg before meals.","['Bortezomib', 'Flibanserin']",1,3,risk or severity of adverse effects,"patient: 30m. drugs: bortezomib 25mg as needed, flibanserin 50mg before meals.","['patient', '30', 'm.', 'drugs', 'bortezomib', '25', 'mg', 'needed', 'flibanserin', '50', 'mg', 'meals']",12
"Patient: 35F. Drugs: Carbamazepine 75mg every 12 hours, Sibutramine 75mg as needed, Bethanidine 500mg every 12 hours.","['Carbamazepine', 'Sibutramine', 'Bethanidine']",1,2,metabolism,"patient: 35f. drugs: carbamazepine 75mg every 12 hours, sibutramine 75mg as needed, bethanidine 500mg every 12 hours.","['patient', '35f', 'drugs', 'carbamazepine', '75', 'mg', '12', 'hours', 'sibutramine', '75', 'mg', 'needed', 'bethanidine', '500', 'mg', '12', 'hours']",17
"Patient: 48F. Drugs: Baclofen 75mg twice daily, Aceprometazine 25mg twice daily, Bilastine 50mg every 8 hours.","['Baclofen', 'Aceprometazine', 'Bilastine']",1,3,risk or severity of adverse effects,"patient: 48f. drugs: baclofen 75mg twice daily, aceprometazine 25mg twice daily, bilastine 50mg every 8 hours.","['patient', '48f', 'drugs', 'baclofen', '75', 'mg', 'twice', 'daily', 'aceprometazine', '25', 'mg', 'twice', 'daily', 'bilastine', '50', 'mg', '8', 'hours']",18
"Patient: 30M. Drugs: Ezetimibe 25mg every 6 hours, Icotinib, Fluticasone propionate 100mg every 8 hours, Imipramine 25mg after meals.","['Ezetimibe', 'Icotinib', 'Fluticasone propionate', 'Imipramine']",1,3,risk or severity of adverse effects,"patient: 30m. drugs: ezetimibe 25mg every 6 hours, icotinib, fluticasone propionate 100mg every 8 hours, imipramine 25mg after meals.","['patient', '30', 'm.', 'drugs', 'ezetimibe', '25', 'mg', '6', 'hours', 'icotinib', 'fluticasone', 'propionate', '100', 'mg', '8', 'hours', 'imipramine', '25', 'mg', 'meals']",20
"Patient: 55F. Drugs: Tegafur 500mg every 6 hours, Calcium levulinate 25mg three times daily, Clobetasol propionate 50mg every 6 hours, Felodipine.","['Tegafur', 'Calcium levulinate', 'Clobetasol propionate', 'Felodipine']",1,1,therapeutic efficacy,"patient: 55f. drugs: tegafur 500mg every 6 hours, calcium levulinate 25mg three times daily, clobetasol propionate 50mg every 6 hours, felodipine.","['patient', '55f', 'drugs', 'tegafur', '500', 'mg', '6', 'hours', 'calcium', 'levulinate', '25', 'mg', 'times', 'daily', 'clobetasol', 'propionate', '50', 'mg', '6', 'hours', 'felodipine']",21
"Patient: 68M. Drugs: Benzylpenicilloyl Polylysine 25mg after meals, Procarbazine 50mg before meals.","['Benzylpenicilloyl Polylysine', 'Procarbazine']",0,0,none,"patient: 68m. drugs: benzylpenicilloyl polylysine 25mg after meals, procarbazine 50mg before meals.","['patient', '68', 'm.', 'drugs', 'benzylpenicilloyl', 'polylysine', '25', 'mg', 'meals', 'procarbazine', '50', 'mg', 'meals']",13
"Patient: 70F. Drugs: Eltrombopag 500mg every 8 hours, Simeprevir, Mipomersen 500mg twice daily.","['Eltrombopag', 'Simeprevir', 'Mipomersen']",1,2,serum concentration,"patient: 70f. drugs: eltrombopag 500mg every 8 hours, simeprevir, mipomersen 500mg twice daily.","['patient', '70f', 'drugs', 'eltrombopag', '500', 'mg', '8', 'hours', 'simeprevir', 'mipomersen', '500', 'mg', 'twice', 'daily']",14
"Patient: 52M. Drugs: Griseofulvin 500mg every 8 hours, Stanozolol.","['Griseofulvin', 'Stanozolol']",0,0,none,"patient: 52m. drugs: griseofulvin 500mg every 8 hours, stanozolol.","['patient', '52', 'm.', 'drugs', 'griseofulvin', '500', 'mg', '8', 'hours', 'stanozolol']",10
"Patient: 55F. Drugs: Proguanil 500mg as needed, Candesartan cilexetil 100mg twice daily.","['Proguanil', 'Candesartan cilexetil']",0,0,none,"patient: 55f. drugs: proguanil 500mg as needed, candesartan cilexetil 100mg twice daily.","['patient', '55f', 'drugs', 'proguanil', '500', 'mg', 'needed', 'candesartan', 'cilexetil', '100', 'mg', 'twice', 'daily']",13
"Patient: 45F. Drugs: Etoposide 100mg before meals, Cinacalcet 25mg every 8 hours.","['Etoposide', 'Cinacalcet']",0,0,none,"patient: 45f. drugs: etoposide 100mg before meals, cinacalcet 25mg every 8 hours.","['patient', '45f', 'drugs', 'etoposide', '100', 'mg', 'meals', 'cinacalcet', '25', 'mg', '8', 'hours']",12
"Patient: 25F. Drugs: Bacitracin 50mg every 12 hours, Nefazodone 500mg every 8 hours, Tolazamide 75mg before meals, Delafloxacin 200mg after meals.","['Bacitracin', 'Nefazodone', 'Tolazamide', 'Delafloxacin']",1,2,hypoglycemic activities,"patient: 25f. drugs: bacitracin 50mg every 12 hours, nefazodone 500mg every 8 hours, tolazamide 75mg before meals, delafloxacin 200mg after meals.","['patient', '25f', 'drugs', 'bacitracin', '50', 'mg', '12', 'hours', 'nefazodone', '500', 'mg', '8', 'hours', 'tolazamide', '75', 'mg', 'meals', 'delafloxacin', '200', 'mg', 'meals']",21
"Patient: 48F. Drugs: Omeprazole 25mg as needed, Lumacaftor 25mg every 12 hours, Aripiprazole 100mg three times daily.","['Omeprazole', 'Lumacaftor', 'Aripiprazole']",1,2,serum concentration,"patient: 48f. drugs: omeprazole 25mg as needed, lumacaftor 25mg every 12 hours, aripiprazole 100mg three times daily.","['patient', '48f', 'drugs', 'omeprazole', '25', 'mg', 'needed', 'lumacaftor', '25', 'mg', '12', 'hours', 'aripiprazole', '100', 'mg', 'times', 'daily']",17
"Patient: 75M. Drugs: Dihydroergotamine 25mg before meals, Doxorubicin 200mg once daily, Ketorolac 500mg after meals.","['Dihydroergotamine', 'Doxorubicin', 'Ketorolac']",1,3,risk or severity of adverse effects,"patient: 75m. drugs: dihydroergotamine 25mg before meals, doxorubicin 200mg once daily, ketorolac 500mg after meals.","['patient', '75', 'm.', 'drugs', 'dihydroergotamine', '25', 'mg', 'meals', 'doxorubicin', '200', 'mg', 'daily', 'ketorolac', '500', 'mg', 'meals']",16
"Patient: 45F. Drugs: Ferric cation 75mg every 8 hours, Ibandronate 100mg every 12 hours, Cefazolin 50mg three times daily, Diflunisal 75mg before meals.","['Ferric cation', 'Ibandronate', 'Cefazolin', 'Diflunisal']",1,3,risk or severity of adverse effects,"patient: 45f. drugs: ferric cation 75mg every 8 hours, ibandronate 100mg every 12 hours, cefazolin 50mg three times daily, diflunisal 75mg before meals.","['patient', '45f', 'drugs', 'ferric', 'cation', '75', 'mg', '8', 'hours', 'ibandronate', '100', 'mg', '12', 'hours', 'cefazolin', '50', 'mg', 'times', 'daily', 'diflunisal', '75', 'mg', 'meals']",23
"Patient: 60F. Drugs: Travoprost, Indapamide 25mg before meals.","['Travoprost', 'Indapamide']",1,2,hypotensive activities,"patient: 60f. drugs: travoprost, indapamide 25mg before meals.","['patient', '60f', 'drugs', 'travoprost', 'indapamide', '25', 'mg', 'meals']",8
"Patient: 40M. Drugs: Alprazolam 25mg three times daily, Clonazepam, Ibrutinib 25mg before meals.","['Alprazolam', 'Clonazepam', 'Ibrutinib']",1,3,risk or severity of adverse effects,"patient: 40m. drugs: alprazolam 25mg three times daily, clonazepam, ibrutinib 25mg before meals.","['patient', '40', 'm.', 'drugs', 'alprazolam', '25', 'mg', 'times', 'daily', 'clonazepam', 'ibrutinib', '25', 'mg', 'meals']",14
"Patient: 28F. Drugs: Mechlorethamine 500mg every 6 hours, Sparfloxacin.","['Mechlorethamine', 'Sparfloxacin']",0,0,none,"patient: 28f. drugs: mechlorethamine 500mg every 6 hours, sparfloxacin.","['patient', '28f', 'drugs', 'mechlorethamine', '500', 'mg', '6', 'hours', 'sparfloxacin']",9
"Patient: 35F. Drugs: Bivalirudin, Pethidine, Brivaracetam 200mg every 6 hours.","['Bivalirudin', 'Pethidine', 'Brivaracetam']",1,3,risk or severity of adverse effects,"patient: 35f. drugs: bivalirudin, pethidine, brivaracetam 200mg every 6 hours.","['patient', '35f', 'drugs', 'bivalirudin', 'pethidine', 'brivaracetam', '200', 'mg', '6', 'hours']",10
"Patient: 58M. Drugs: Penicillamine, Aluminum hydroxide.","['Penicillamine', 'Aluminum hydroxide']",1,2,serum concentration,"patient: 58m. drugs: penicillamine, aluminum hydroxide.","['patient', '58', 'm.', 'drugs', 'penicillamine', 'aluminum', 'hydroxide']",7
"Patient: 75M. Drugs: Penbutolol 25mg after meals, Procaterol 25mg before meals, Procaine 500mg before meals.","['Penbutolol', 'Procaterol', 'Procaine']",1,1,bronchodilatory activities,"patient: 75m. drugs: penbutolol 25mg after meals, procaterol 25mg before meals, procaine 500mg before meals.","['patient', '75', 'm.', 'drugs', 'penbutolol', '25', 'mg', 'meals', 'procaterol', '25', 'mg', 'meals', 'procaine', '500', 'mg', 'meals']",16
"Patient: 55F. Drugs: Calcitriol 100mg every 6 hours, Icatibant, Ceftriaxone 500mg as needed, Felodipine 25mg once daily.","['Calcitriol', 'Icatibant', 'Ceftriaxone', 'Felodipine']",0,0,none,"patient: 55f. drugs: calcitriol 100mg every 6 hours, icatibant, ceftriaxone 500mg as needed, felodipine 25mg once daily.","['patient', '55f', 'drugs', 'calcitriol', '100', 'mg', '6', 'hours', 'icatibant', 'ceftriaxone', '500', 'mg', 'needed', 'felodipine', '25', 'mg', 'daily']",17
"Patient: 55F. Drugs: Diazepam 500mg every 12 hours, Pergolide.","['Diazepam', 'Pergolide']",1,3,risk or severity of adverse effects,"patient: 55f. drugs: diazepam 500mg every 12 hours, pergolide.","['patient', '55f', 'drugs', 'diazepam', '500', 'mg', '12', 'hours', 'pergolide']",9
"Patient: 35F. Drugs: Warfarin, Trimipramine 25mg once daily, Alatrofloxacin 100mg after meals.","['Warfarin', 'Trimipramine', 'Alatrofloxacin']",1,2,anticoagulant activities,"patient: 35f. drugs: warfarin, trimipramine 25mg once daily, alatrofloxacin 100mg after meals.","['patient', '35f', 'drugs', 'warfarin', 'trimipramine', '25', 'mg', 'daily', 'alatrofloxacin', '100', 'mg', 'meals']",12
"Patient: 45F. Drugs: Scopolamine 50mg three times daily, Molindone 100mg every 6 hours.","['Scopolamine', 'Molindone']",1,3,risk or severity of adverse effects,"patient: 45f. drugs: scopolamine 50mg three times daily, molindone 100mg every 6 hours.","['patient', '45f', 'drugs', 'scopolamine', '50', 'mg', 'times', 'daily', 'molindone', '100', 'mg', '6', 'hours']",13
"Patient: 68M. Drugs: Succinylcholine 75mg as needed, Trimetazidine, Levodopa 200mg every 8 hours, Gemfibrozil.","['Succinylcholine', 'Trimetazidine', 'Levodopa', 'Gemfibrozil']",0,0,none,"patient: 68m. drugs: succinylcholine 75mg as needed, trimetazidine, levodopa 200mg every 8 hours, gemfibrozil.","['patient', '68', 'm.', 'drugs', 'succinylcholine', '75', 'mg', 'needed', 'trimetazidine', 'levodopa', '200', 'mg', '8', 'hours', 'gemfibrozil']",15
"Patient: 48F. Drugs: Etoricoxib 50mg before meals, Piretanide 50mg after meals, Potassium Iodide 500mg every 6 hours.","['Etoricoxib', 'Piretanide', 'Potassium Iodide']",1,1,therapeutic efficacy,"patient: 48f. drugs: etoricoxib 50mg before meals, piretanide 50mg after meals, potassium iodide 500mg every 6 hours.","['patient', '48f', 'drugs', 'etoricoxib', '50', 'mg', 'meals', 'piretanide', '50', 'mg', 'meals', 'potassium', 'iodide', '500', 'mg', '6', 'hours']",17
"Patient: 35F. Drugs: Ketazolam 75mg before meals, Selexipag 25mg three times daily, Mefloquine 50mg once daily, Brivaracetam.","['Ketazolam', 'Selexipag', 'Mefloquine', 'Brivaracetam']",1,1,therapeutic efficacy,"patient: 35f. drugs: ketazolam 75mg before meals, selexipag 25mg three times daily, mefloquine 50mg once daily, brivaracetam.","['patient', '35f', 'drugs', 'ketazolam', '75', 'mg', 'meals', 'selexipag', '25', 'mg', 'times', 'daily', 'mefloquine', '50', 'mg', 'daily', 'brivaracetam']",17
"Patient: 58M. Drugs: Reserpine 500mg once daily, Ceftazidime 75mg every 12 hours, Dimetindene 50mg as needed, Aminolevulinic acid.","['Reserpine', 'Ceftazidime', 'Dimetindene', 'Aminolevulinic acid']",0,0,none,"patient: 58m. drugs: reserpine 500mg once daily, ceftazidime 75mg every 12 hours, dimetindene 50mg as needed, aminolevulinic acid.","['patient', '58', 'm.', 'drugs', 'reserpine', '500', 'mg', 'daily', 'ceftazidime', '75', 'mg', '12', 'hours', 'dimetindene', '50', 'mg', 'needed', 'aminolevulinic', 'acid']",19
"Patient: 45F. Drugs: Butorphanol 25mg as needed, Umeclidinium 100mg every 12 hours.","['Butorphanol', 'Umeclidinium']",1,3,risk or severity of adverse effects,"patient: 45f. drugs: butorphanol 25mg as needed, umeclidinium 100mg every 12 hours.","['patient', '45f', 'drugs', 'butorphanol', '25', 'mg', 'needed', 'umeclidinium', '100', 'mg', '12', 'hours']",12
"Patient: 40M. Drugs: Isradipine 200mg before meals, Retapamulin, Dimetotiazine.","['Isradipine', 'Retapamulin', 'Dimetotiazine']",1,2,metabolism,"patient: 40m. drugs: isradipine 200mg before meals, retapamulin, dimetotiazine.","['patient', '40', 'm.', 'drugs', 'isradipine', '200', 'mg', 'meals', 'retapamulin', 'dimetotiazine']",10
"Patient: 35F. Drugs: Fluoxetine 25mg every 6 hours, Clodronic Acid, Varenicline 75mg every 8 hours.","['Fluoxetine', 'Clodronic Acid', 'Varenicline']",1,1,antiplatelet activities,"patient: 35f. drugs: fluoxetine 25mg every 6 hours, clodronic acid, varenicline 75mg every 8 hours.","['patient', '35f', 'drugs', 'fluoxetine', '25', 'mg', '6', 'hours', 'clodronic', 'acid', 'varenicline', '75', 'mg', '8', 'hours']",15
"Patient: 55F. Drugs: Sapropterin 200mg after meals, Rotigotine 500mg every 12 hours, Prazosin 75mg every 12 hours.","['Sapropterin', 'Rotigotine', 'Prazosin']",1,3,risk or severity of adverse effects,"patient: 55f. drugs: sapropterin 200mg after meals, rotigotine 500mg every 12 hours, prazosin 75mg every 12 hours.","['patient', '55f', 'drugs', 'sapropterin', '200', 'mg', 'meals', 'rotigotine', '500', 'mg', '12', 'hours', 'prazosin', '75', 'mg', '12', 'hours']",17
"Patient: 70F. Drugs: Zolmitriptan 50mg as needed, Isoflurane 500mg every 12 hours, Parthenolide 200mg as needed, Candesartan cilexetil 100mg once daily.","['Zolmitriptan', 'Isoflurane', 'Parthenolide', 'Candesartan cilexetil']",1,3,risk or severity of adverse effects,"patient: 70f. drugs: zolmitriptan 50mg as needed, isoflurane 500mg every 12 hours, parthenolide 200mg as needed, candesartan cilexetil 100mg once daily.","['patient', '70f', 'drugs', 'zolmitriptan', '50', 'mg', 'needed', 'isoflurane', '500', 'mg', '12', 'hours', 'parthenolide', '200', 'mg', 'needed', 'candesartan', 'cilexetil', '100', 'mg', 'daily']",21
"Patient: 35F. Drugs: Tretinoin, Penbutolol.","['Tretinoin', 'Penbutolol']",1,3,risk or severity of adverse effects,"patient: 35f. drugs: tretinoin, penbutolol.","['patient', '35f', 'drugs', 'tretinoin', 'penbutolol']",5
"Patient: 70F. Drugs: Isoflurane 200mg every 8 hours, Quinapril 200mg twice daily.","['Isoflurane', 'Quinapril']",1,3,risk or severity of adverse effects,"patient: 70f. drugs: isoflurane 200mg every 8 hours, quinapril 200mg twice daily.","['patient', '70f', 'drugs', 'isoflurane', '200', 'mg', '8', 'hours', 'quinapril', '200', 'mg', 'twice', 'daily']",13
"Patient: 30M. Drugs: Eprosartan 50mg three times daily, Bepridil, Itraconazole 500mg three times daily.","['Eprosartan', 'Bepridil', 'Itraconazole']",1,2,hypotensive activities,"patient: 30m. drugs: eprosartan 50mg three times daily, bepridil, itraconazole 500mg three times daily.","['patient', '30', 'm.', 'drugs', 'eprosartan', '50', 'mg', 'times', 'daily', 'bepridil', 'itraconazole', '500', 'mg', 'times', 'daily']",15
"Patient: 75M. Drugs: Sildenafil 100mg three times daily, Triamterene, Thalidomide 25mg every 8 hours.","['Sildenafil', 'Triamterene', 'Thalidomide']",1,3,risk or severity of adverse effects,"patient: 75m. drugs: sildenafil 100mg three times daily, triamterene, thalidomide 25mg every 8 hours.","['patient', '75', 'm.', 'drugs', 'sildenafil', '100', 'mg', 'times', 'daily', 'triamterene', 'thalidomide', '25', 'mg', '8', 'hours']",15
"Patient: 60F. Drugs: Paroxetine 25mg every 12 hours, Dexibuprofen 75mg after meals, Alectinib 500mg every 6 hours.","['Paroxetine', 'Dexibuprofen', 'Alectinib']",1,1,antiplatelet activities,"patient: 60f. drugs: paroxetine 25mg every 12 hours, dexibuprofen 75mg after meals, alectinib 500mg every 6 hours.","['patient', '60f', 'drugs', 'paroxetine', '25', 'mg', '12', 'hours', 'dexibuprofen', '75', 'mg', 'meals', 'alectinib', '500', 'mg', '6', 'hours']",17
"Patient: 28F. Drugs: Quinapril 25mg every 6 hours, Parecoxib.","['Quinapril', 'Parecoxib']",1,3,risk or severity of adverse effects,"patient: 28f. drugs: quinapril 25mg every 6 hours, parecoxib.","['patient', '28f', 'drugs', 'quinapril', '25', 'mg', '6', 'hours', 'parecoxib']",9
"Patient: 58M. Drugs: Procyclidine 50mg twice daily, Huperzine A, Ceftriaxone.","['Procyclidine', 'Huperzine A', 'Ceftriaxone']",1,1,therapeutic efficacy,"patient: 58m. drugs: procyclidine 50mg twice daily, huperzine a, ceftriaxone.","['patient', '58', 'm.', 'drugs', 'procyclidine', '50', 'mg', 'twice', 'daily', 'huperzine', 'ceftriaxone']",11
"Patient: 52M. Drugs: Phenylpropanolamine 100mg before meals, Technetium Tc-99m oxidronate, Olopatadine, Tolmetin.","['Phenylpropanolamine', 'Technetium Tc-99m oxidronate', 'Olopatadine', 'Tolmetin']",1,3,risk or severity of adverse effects,"patient: 52m. drugs: phenylpropanolamine 100mg before meals, technetium tc99m oxidronate, olopatadine, tolmetin.","['patient', '52', 'm.', 'drugs', 'phenylpropanolamine', '100', 'mg', 'meals', 'technetium', 'tc99', 'm', 'oxidronate', 'olopatadine', 'tolmetin']",14
"Patient: 70F. Drugs: Doxycycline 50mg three times daily, Ethosuximide, Solifenacin.","['Doxycycline', 'Ethosuximide', 'Solifenacin']",1,2,metabolism,"patient: 70f. drugs: doxycycline 50mg three times daily, ethosuximide, solifenacin.","['patient', '70f', 'drugs', 'doxycycline', '50', 'mg', 'times', 'daily', 'ethosuximide', 'solifenacin']",10
"Patient: 68M. Drugs: Cimetidine 75mg as needed, Propofol 500mg once daily.","['Cimetidine', 'Propofol']",1,2,metabolism,"patient: 68m. drugs: cimetidine 75mg as needed, propofol 500mg once daily.","['patient', '68', 'm.', 'drugs', 'cimetidine', '75', 'mg', 'needed', 'propofol', '500', 'mg', 'daily']",12
"Patient: 25F. Drugs: Sulfameter, Zafirlukast 75mg every 6 hours.","['Sulfameter', 'Zafirlukast']",0,0,none,"patient: 25f. drugs: sulfameter, zafirlukast 75mg every 6 hours.","['patient', '25f', 'drugs', 'sulfameter', 'zafirlukast', '75', 'mg', '6', 'hours']",9
"Patient: 60F. Drugs: Etacrynic acid, Dexbrompheniramine, Trolamine salicylate 200mg three times daily, Temsirolimus 50mg once daily.","['Etacrynic acid', 'Dexbrompheniramine', 'Trolamine salicylate', 'Temsirolimus']",1,1,therapeutic efficacy,"patient: 60f. drugs: etacrynic acid, dexbrompheniramine, trolamine salicylate 200mg three times daily, temsirolimus 50mg once daily.","['patient', '60f', 'drugs', 'etacrynic', 'acid', 'dexbrompheniramine', 'trolamine', 'salicylate', '200', 'mg', 'times', 'daily', 'temsirolimus', '50', 'mg', 'daily']",16
"Patient: 75M. Drugs: Valproic Acid 500mg three times daily, Chlorzoxazone 75mg twice daily, Valdecoxib 50mg after meals.","['Valproic Acid', 'Chlorzoxazone', 'Valdecoxib']",1,3,risk or severity of adverse effects,"patient: 75m. drugs: valproic acid 500mg three times daily, chlorzoxazone 75mg twice daily, valdecoxib 50mg after meals.","['patient', '75', 'm.', 'drugs', 'valproic', 'acid', '500', 'mg', 'times', 'daily', 'chlorzoxazone', '75', 'mg', 'twice', 'daily', 'valdecoxib', '50', 'mg', 'meals']",19
"Patient: 48F. Drugs: Trimetrexate, Bepridil 200mg three times daily, Isosorbide Mononitrate 200mg every 6 hours.","['Trimetrexate', 'Bepridil', 'Isosorbide Mononitrate']",1,1,therapeutic efficacy,"patient: 48f. drugs: trimetrexate, bepridil 200mg three times daily, isosorbide mononitrate 200mg every 6 hours.","['patient', '48f', 'drugs', 'trimetrexate', 'bepridil', '200', 'mg', 'times', 'daily', 'isosorbide', 'mononitrate', '200', 'mg', '6', 'hours']",15
"Patient: 28F. Drugs: Dorzolamide 50mg once daily, Palmitic Acid 500mg as needed, Mirabegron.","['Dorzolamide', 'Palmitic Acid', 'Mirabegron']",0,0,none,"patient: 28f. drugs: dorzolamide 50mg once daily, palmitic acid 500mg as needed, mirabegron.","['patient', '28f', 'drugs', 'dorzolamide', '50', 'mg', 'daily', 'palmitic', 'acid', '500', 'mg', 'needed', 'mirabegron']",13
"Patient: 70F. Drugs: Secobarbital 100mg every 8 hours, Medroxyprogesterone acetate 100mg before meals.","['Secobarbital', 'Medroxyprogesterone acetate']",1,1,therapeutic efficacy,"patient: 70f. drugs: secobarbital 100mg every 8 hours, medroxyprogesterone acetate 100mg before meals.","['patient', '70f', 'drugs', 'secobarbital', '100', 'mg', '8', 'hours', 'medroxyprogesterone', 'acetate', '100', 'mg', 'meals']",13
"Patient: 28F. Drugs: Norethisterone 500mg after meals, Norfloxacin 200mg every 12 hours, Tamsulosin 100mg twice daily.","['Norethisterone', 'Norfloxacin', 'Tamsulosin']",0,0,none,"patient: 28f. drugs: norethisterone 500mg after meals, norfloxacin 200mg every 12 hours, tamsulosin 100mg twice daily.","['patient', '28f', 'drugs', 'norethisterone', '500', 'mg', 'meals', 'norfloxacin', '200', 'mg', '12', 'hours', 'tamsulosin', '100', 'mg', 'twice', 'daily']",17
"Patient: 52M. Drugs: Trospium, Echothiophate 200mg every 8 hours, Alendronic acid 50mg every 6 hours.","['Trospium', 'Echothiophate', 'Alendronic acid']",1,1,therapeutic efficacy,"patient: 52m. drugs: trospium, echothiophate 200mg every 8 hours, alendronic acid 50mg every 6 hours.","['patient', '52', 'm.', 'drugs', 'trospium', 'echothiophate', '200', 'mg', '8', 'hours', 'alendronic', 'acid', '50', 'mg', '6', 'hours']",16
"Patient: 68M. Drugs: Phentermine 75mg every 12 hours, Venetoclax.","['Phentermine', 'Venetoclax']",0,0,none,"patient: 68m. drugs: phentermine 75mg every 12 hours, venetoclax.","['patient', '68', 'm.', 'drugs', 'phentermine', '75', 'mg', '12', 'hours', 'venetoclax']",10
"Patient: 40M. Drugs: Scopolamine 50mg as needed, Clidinium.","['Scopolamine', 'Clidinium']",1,3,risk or severity of adverse effects,"patient: 40m. drugs: scopolamine 50mg as needed, clidinium.","['patient', '40', 'm.', 'drugs', 'scopolamine', '50', 'mg', 'needed', 'clidinium']",9
"Patient: 75M. Drugs: Ximelagatran 50mg after meals, Stiripentol, Epoprostenol, Etidronic acid 25mg twice daily.","['Ximelagatran', 'Stiripentol', 'Epoprostenol', 'Etidronic acid']",1,2,anticoagulant activities,"patient: 75m. drugs: ximelagatran 50mg after meals, stiripentol, epoprostenol, etidronic acid 25mg twice daily.","['patient', '75', 'm.', 'drugs', 'ximelagatran', '50', 'mg', 'meals', 'stiripentol', 'epoprostenol', 'etidronic', 'acid', '25', 'mg', 'twice', 'daily']",16
"Patient: 55F. Drugs: Metolazone 50mg as needed, Fenbufen 100mg once daily.","['Metolazone', 'Fenbufen']",1,1,therapeutic efficacy,"patient: 55f. drugs: metolazone 50mg as needed, fenbufen 100mg once daily.","['patient', '55f', 'drugs', 'metolazone', '50', 'mg', 'needed', 'fenbufen', '100', 'mg', 'daily']",11
"Patient: 48F. Drugs: Hexobarbital, Ifenprodil 500mg as needed, Mitiglinide, Medroxyprogesterone acetate 50mg once daily.","['Hexobarbital', 'Ifenprodil', 'Mitiglinide', 'Medroxyprogesterone acetate']",1,1,therapeutic efficacy,"patient: 48f. drugs: hexobarbital, ifenprodil 500mg as needed, mitiglinide, medroxyprogesterone acetate 50mg once daily.","['patient', '48f', 'drugs', 'hexobarbital', 'ifenprodil', '500', 'mg', 'needed', 'mitiglinide', 'medroxyprogesterone', 'acetate', '50', 'mg', 'daily']",14
"Patient: 62M. Drugs: Glecaprevir 50mg every 6 hours, Trichlormethiazide 25mg every 6 hours, Alendronic acid 50mg after meals, Clocortolone 500mg as needed.","['Glecaprevir', 'Trichlormethiazide', 'Alendronic acid', 'Clocortolone']",1,2,hypokalemic activities,"patient: 62m. drugs: glecaprevir 50mg every 6 hours, trichlormethiazide 25mg every 6 hours, alendronic acid 50mg after meals, clocortolone 500mg as needed.","['patient', '62', 'm.', 'drugs', 'glecaprevir', '50', 'mg', '6', 'hours', 'trichlormethiazide', '25', 'mg', '6', 'hours', 'alendronic', 'acid', '50', 'mg', 'meals', 'clocortolone', '500', 'mg', 'needed']",23
"Patient: 58M. Drugs: Echothiophate 25mg as needed, Baricitinib, Reposal 25mg every 8 hours.","['Echothiophate', 'Baricitinib', 'Reposal']",0,0,none,"patient: 58m. drugs: echothiophate 25mg as needed, baricitinib, reposal 25mg every 8 hours.","['patient', '58', 'm.', 'drugs', 'echothiophate', '25', 'mg', 'needed', 'baricitinib', 'reposal', '25', 'mg', '8', 'hours']",14
"Patient: 60F. Drugs: Amcinonide, Lomefloxacin 25mg before meals, Pramlintide 50mg before meals.","['Amcinonide', 'Lomefloxacin', 'Pramlintide']",1,3,risk or severity of adverse effects,"patient: 60f. drugs: amcinonide, lomefloxacin 25mg before meals, pramlintide 50mg before meals.","['patient', '60f', 'drugs', 'amcinonide', 'lomefloxacin', '25', 'mg', 'meals', 'pramlintide', '50', 'mg', 'meals']",12
"Patient: 35F. Drugs: Erythrityl Tetranitrate 50mg once daily, Riociguat 500mg every 12 hours, Zinc oxide 25mg as needed.","['Erythrityl Tetranitrate', 'Riociguat', 'Zinc oxide']",1,2,hypotensive activities,"patient: 35f. drugs: erythrityl tetranitrate 50mg once daily, riociguat 500mg every 12 hours, zinc oxide 25mg as needed.","['patient', '35f', 'drugs', 'erythrityl', 'tetranitrate', '50', 'mg', 'daily', 'riociguat', '500', 'mg', '12', 'hours', 'zinc', 'oxide', '25', 'mg', 'needed']",18
"Patient: 35F. Drugs: Polythiazide, Cortisone acetate 50mg after meals.","['Polythiazide', 'Cortisone acetate']",1,2,hypokalemic activities,"patient: 35f. drugs: polythiazide, cortisone acetate 50mg after meals.","['patient', '35f', 'drugs', 'polythiazide', 'cortisone', 'acetate', '50', 'mg', 'meals']",9
"Patient: 25F. Drugs: Morphine 100mg three times daily, Osimertinib 75mg every 6 hours, Pefloxacin 25mg once daily.","['Morphine', 'Osimertinib', 'Pefloxacin']",1,2,serum concentration,"patient: 25f. drugs: morphine 100mg three times daily, osimertinib 75mg every 6 hours, pefloxacin 25mg once daily.","['patient', '25f', 'drugs', 'morphine', '100', 'mg', 'times', 'daily', 'osimertinib', '75', 'mg', '6', 'hours', 'pefloxacin', '25', 'mg', 'daily']",17
"Patient: 52M. Drugs: Ergonovine 25mg three times daily, Tedizolid Phosphate 200mg three times daily, Disulfiram.","['Ergonovine', 'Tedizolid Phosphate', 'Disulfiram']",1,2,serotonergic activities,"patient: 52m. drugs: ergonovine 25mg three times daily, tedizolid phosphate 200mg three times daily, disulfiram.","['patient', '52', 'm.', 'drugs', 'ergonovine', '25', 'mg', 'times', 'daily', 'tedizolid', 'phosphate', '200', 'mg', 'times', 'daily', 'disulfiram']",16
"Patient: 52M. Drugs: Lornoxicam 500mg every 6 hours, Sulfamethoxazole, Diphenhydramine 50mg every 8 hours.","['Lornoxicam', 'Sulfamethoxazole', 'Diphenhydramine']",1,2,metabolism,"patient: 52m. drugs: lornoxicam 500mg every 6 hours, sulfamethoxazole, diphenhydramine 50mg every 8 hours.","['patient', '52', 'm.', 'drugs', 'lornoxicam', '500', 'mg', '6', 'hours', 'sulfamethoxazole', 'diphenhydramine', '50', 'mg', '8', 'hours']",15
"Patient: 55F. Drugs: Glycopyrronium 100mg every 12 hours, Decamethonium 100mg twice daily, Calcium Citrate 75mg before meals.","['Glycopyrronium', 'Decamethonium', 'Calcium Citrate']",1,1,therapeutic efficacy,"patient: 55f. drugs: glycopyrronium 100mg every 12 hours, decamethonium 100mg twice daily, calcium citrate 75mg before meals.","['patient', '55f', 'drugs', 'glycopyrronium', '100', 'mg', '12', 'hours', 'decamethonium', '100', 'mg', 'twice', 'daily', 'calcium', 'citrate', '75', 'mg', 'meals']",18
"Patient: 48F. Drugs: Cefazolin, Lenalidomide 75mg once daily.","['Cefazolin', 'Lenalidomide']",0,0,none,"patient: 48f. drugs: cefazolin, lenalidomide 75mg once daily.","['patient', '48f', 'drugs', 'cefazolin', 'lenalidomide', '75', 'mg', 'daily']",8
"Patient: 62M. Drugs: Lacidipine 500mg every 12 hours, Calcium lactate 25mg once daily, Pivmecillinam 75mg as needed.","['Lacidipine', 'Calcium lactate', 'Pivmecillinam']",1,1,therapeutic efficacy,"patient: 62m. drugs: lacidipine 500mg every 12 hours, calcium lactate 25mg once daily, pivmecillinam 75mg as needed.","['patient', '62', 'm.', 'drugs', 'lacidipine', '500', 'mg', '12', 'hours', 'calcium', 'lactate', '25', 'mg', 'daily', 'pivmecillinam', '75', 'mg', 'needed']",18
"Patient: 35F. Drugs: Astemizole 500mg three times daily, Macimorelin 500mg every 12 hours, Dutasteride 25mg once daily.","['Astemizole', 'Macimorelin', 'Dutasteride']",1,2,QTc-prolonging activities,"patient: 35f. drugs: astemizole 500mg three times daily, macimorelin 500mg every 12 hours, dutasteride 25mg once daily.","['patient', '35f', 'drugs', 'astemizole', '500', 'mg', 'times', 'daily', 'macimorelin', '500', 'mg', '12', 'hours', 'dutasteride', '25', 'mg', 'daily']",17
"Patient: 52M. Drugs: Saquinavir, Regorafenib 75mg twice daily.","['Saquinavir', 'Regorafenib']",1,2,metabolism,"patient: 52m. drugs: saquinavir, regorafenib 75mg twice daily.","['patient', '52', 'm.', 'drugs', 'saquinavir', 'regorafenib', '75', 'mg', 'twice', 'daily']",10
"Patient: 75M. Drugs: Mometasone 200mg every 12 hours, Cyclizine 200mg before meals, Methyl salicylate 200mg twice daily, Vardenafil 75mg once daily.","['Mometasone', 'Cyclizine', 'Methyl salicylate', 'Vardenafil']",1,3,risk or severity of adverse effects,"patient: 75m. drugs: mometasone 200mg every 12 hours, cyclizine 200mg before meals, methyl salicylate 200mg twice daily, vardenafil 75mg once daily.","['patient', '75', 'm.', 'drugs', 'mometasone', '200', 'mg', '12', 'hours', 'cyclizine', '200', 'mg', 'meals', 'methyl', 'salicylate', '200', 'mg', 'twice', 'daily', 'vardenafil', '75', 'mg', 'daily']",23
"Patient: 58M. Drugs: Emedastine 50mg every 6 hours, Betahistine 50mg every 12 hours, Calcipotriol 25mg as needed.","['Emedastine', 'Betahistine', 'Calcipotriol']",1,1,therapeutic efficacy,"patient: 58m. drugs: emedastine 50mg every 6 hours, betahistine 50mg every 12 hours, calcipotriol 25mg as needed.","['patient', '58', 'm.', 'drugs', 'emedastine', '50', 'mg', '6', 'hours', 'betahistine', '50', 'mg', '12', 'hours', 'calcipotriol', '25', 'mg', 'needed']",18
"Patient: 35F. Drugs: Gemifloxacin 50mg twice daily, Aloglutamol, Roxatidine acetate 75mg once daily, Rosoxacin 200mg before meals.","['Gemifloxacin', 'Aloglutamol', 'Roxatidine acetate', 'Rosoxacin']",1,1,absorption,"patient: 35f. drugs: gemifloxacin 50mg twice daily, aloglutamol, roxatidine acetate 75mg once daily, rosoxacin 200mg before meals.","['patient', '35f', 'drugs', 'gemifloxacin', '50', 'mg', 'twice', 'daily', 'aloglutamol', 'roxatidine', 'acetate', '75', 'mg', 'daily', 'rosoxacin', '200', 'mg', 'meals']",18
"Patient: 25F. Drugs: Amlodipine 25mg every 8 hours, Rilmenidine 75mg twice daily.","['Amlodipine', 'Rilmenidine']",1,2,hypotensive activities,"patient: 25f. drugs: amlodipine 25mg every 8 hours, rilmenidine 75mg twice daily.","['patient', '25f', 'drugs', 'amlodipine', '25', 'mg', '8', 'hours', 'rilmenidine', '75', 'mg', 'twice', 'daily']",13
"Patient: 60F. Drugs: Niflumic Acid 75mg before meals, Carbinoxamine, Ximelagatran 50mg as needed.","['Niflumic Acid', 'Carbinoxamine', 'Ximelagatran']",1,2,anticoagulant activities,"patient: 60f. drugs: niflumic acid 75mg before meals, carbinoxamine, ximelagatran 50mg as needed.","['patient', '60f', 'drugs', 'niflumic', 'acid', '75', 'mg', 'meals', 'carbinoxamine', 'ximelagatran', '50', 'mg', 'needed']",13
"Patient: 75M. Drugs: Articaine, Brimonidine 100mg before meals, Clevidipine 75mg every 12 hours, Clavulanate.","['Articaine', 'Brimonidine', 'Clevidipine', 'Clavulanate']",1,3,risk or severity of adverse effects,"patient: 75m. drugs: articaine, brimonidine 100mg before meals, clevidipine 75mg every 12 hours, clavulanate.","['patient', '75', 'm.', 'drugs', 'articaine', 'brimonidine', '100', 'mg', 'meals', 'clevidipine', '75', 'mg', '12', 'hours', 'clavulanate']",15
"Patient: 62M. Drugs: Miglitol 200mg as needed, Sirolimus, Testosterone undecanoate 100mg once daily.","['Miglitol', 'Sirolimus', 'Testosterone undecanoate']",1,1,therapeutic efficacy,"patient: 62m. drugs: miglitol 200mg as needed, sirolimus, testosterone undecanoate 100mg once daily.","['patient', '62', 'm.', 'drugs', 'miglitol', '200', 'mg', 'needed', 'sirolimus', 'testosterone', 'undecanoate', '100', 'mg', 'daily']",14
"Patient: 35F. Drugs: Zonisamide 200mg every 6 hours, Melperone 100mg every 6 hours.","['Zonisamide', 'Melperone']",1,3,risk or severity of adverse effects,"patient: 35f. drugs: zonisamide 200mg every 6 hours, melperone 100mg every 6 hours.","['patient', '35f', 'drugs', 'zonisamide', '200', 'mg', '6', 'hours', 'melperone', '100', 'mg', '6', 'hours']",13
"Patient: 60F. Drugs: Enalaprilat 100mg once daily, Itraconazole.","['Enalaprilat', 'Itraconazole']",0,0,none,"patient: 60f. drugs: enalaprilat 100mg once daily, itraconazole.","['patient', '60f', 'drugs', 'enalaprilat', '100', 'mg', 'daily', 'itraconazole']",8
"Patient: 25F. Drugs: Quazepam, Tasimelteon.","['Quazepam', 'Tasimelteon']",1,3,risk or severity of adverse effects,"patient: 25f. drugs: quazepam, tasimelteon.","['patient', '25f', 'drugs', 'quazepam', 'tasimelteon']",5
"Patient: 40M. Drugs: Nisoldipine 50mg once daily, Telaprevir 25mg before meals.","['Nisoldipine', 'Telaprevir']",1,2,metabolism,"patient: 40m. drugs: nisoldipine 50mg once daily, telaprevir 25mg before meals.","['patient', '40', 'm.', 'drugs', 'nisoldipine', '50', 'mg', 'daily', 'telaprevir', '25', 'mg', 'meals']",12
"Patient: 48F. Drugs: Hexobarbital, Ifenprodil 500mg as needed, Mitiglinide, Medroxyprogesterone acetate 50mg once daily.","['Hexobarbital', 'Ifenprodil', 'Mitiglinide', 'Medroxyprogesterone acetate']",1,1,therapeutic efficacy,"patient: 48f. drugs: hexobarbital, ifenprodil 500mg as needed, mitiglinide, medroxyprogesterone acetate 50mg once daily.","['patient', '48f', 'drugs', 'hexobarbital', 'ifenprodil', '500', 'mg', 'needed', 'mitiglinide', 'medroxyprogesterone', 'acetate', '50', 'mg', 'daily']",14
"Patient: 33M. Drugs: Pentamidine, Dicloxacillin 50mg twice daily, Guanabenz 25mg as needed.","['Pentamidine', 'Dicloxacillin', 'Guanabenz']",0,0,none,"patient: 33m. drugs: pentamidine, dicloxacillin 50mg twice daily, guanabenz 25mg as needed.","['patient', '33', 'm.', 'drugs', 'pentamidine', 'dicloxacillin', '50', 'mg', 'twice', 'daily', 'guanabenz', '25', 'mg', 'needed']",14
"Patient: 25F. Drugs: Levosimendan 25mg after meals, Azilsartan medoxomil.","['Levosimendan', 'Azilsartan medoxomil']",1,3,risk or severity of adverse effects,"patient: 25f. drugs: levosimendan 25mg after meals, azilsartan medoxomil.","['patient', '25f', 'drugs', 'levosimendan', '25', 'mg', 'meals', 'azilsartan', 'medoxomil']",9
"Patient: 60F. Drugs: Phenylbutazone 25mg after meals, Paramethasone 500mg every 8 hours, Ximelagatran 50mg as needed.","['Phenylbutazone', 'Paramethasone', 'Ximelagatran']",1,3,risk or severity of adverse effects,"patient: 60f. drugs: phenylbutazone 25mg after meals, paramethasone 500mg every 8 hours, ximelagatran 50mg as needed.","['patient', '60f', 'drugs', 'phenylbutazone', '25', 'mg', 'meals', 'paramethasone', '500', 'mg', '8', 'hours', 'ximelagatran', '50', 'mg', 'needed']",16
"Patient: 30M. Drugs: Tubocurarine 500mg before meals, Thioproperazine 100mg three times daily, Esomeprazole 500mg as needed, Afatinib 25mg every 12 hours.","['Tubocurarine', 'Thioproperazine', 'Esomeprazole', 'Afatinib']",0,0,none,"patient: 30m. drugs: tubocurarine 500mg before meals, thioproperazine 100mg three times daily, esomeprazole 500mg as needed, afatinib 25mg every 12 hours.","['patient', '30', 'm.', 'drugs', 'tubocurarine', '500', 'mg', 'meals', 'thioproperazine', '100', 'mg', 'times', 'daily', 'esomeprazole', '500', 'mg', 'needed', 'afatinib', '25', 'mg', '12', 'hours']",22
"Patient: 58M. Drugs: Tiagabine, Ketamine.","['Tiagabine', 'Ketamine']",1,3,risk or severity of adverse effects,"patient: 58m. drugs: tiagabine, ketamine.","['patient', '58', 'm.', 'drugs', 'tiagabine', 'ketamine']",6
"Patient: 68M. Drugs: Avanafil 500mg twice daily, Propiverine.","['Avanafil', 'Propiverine']",1,2,hypotensive activities,"patient: 68m. drugs: avanafil 500mg twice daily, propiverine.","['patient', '68', 'm.', 'drugs', 'avanafil', '500', 'mg', 'twice', 'daily', 'propiverine']",10
"Patient: 70F. Drugs: Tenoxicam 75mg twice daily, Zaltoprofen 500mg after meals.","['Tenoxicam', 'Zaltoprofen']",1,3,risk or severity of adverse effects,"patient: 70f. drugs: tenoxicam 75mg twice daily, zaltoprofen 500mg after meals.","['patient', '70f', 'drugs', 'tenoxicam', '75', 'mg', 'twice', 'daily', 'zaltoprofen', '500', 'mg', 'meals']",12
"Patient: 52M. Drugs: Dydrogesterone 100mg every 12 hours, Phenprocoumon 200mg every 8 hours.","['Dydrogesterone', 'Phenprocoumon']",1,1,therapeutic efficacy,"patient: 52m. drugs: dydrogesterone 100mg every 12 hours, phenprocoumon 200mg every 8 hours.","['patient', '52', 'm.', 'drugs', 'dydrogesterone', '100', 'mg', '12', 'hours', 'phenprocoumon', '200', 'mg', '8', 'hours']",14
"Patient: 62M. Drugs: Morphine 50mg every 8 hours, Diclofenamide 75mg after meals.","['Morphine', 'Diclofenamide']",1,3,risk or severity of adverse effects,"patient: 62m. drugs: morphine 50mg every 8 hours, diclofenamide 75mg after meals.","['patient', '62', 'm.', 'drugs', 'morphine', '50', 'mg', '8', 'hours', 'diclofenamide', '75', 'mg', 'meals']",13
"Patient: 48F. Drugs: Tadalafil 500mg once daily, Levobetaxolol 100mg twice daily, Capreomycin 25mg once daily, Ubidecarenone 100mg once daily.","['Tadalafil', 'Levobetaxolol', 'Capreomycin', 'Ubidecarenone']",0,0,none,"patient: 48f. drugs: tadalafil 500mg once daily, levobetaxolol 100mg twice daily, capreomycin 25mg once daily, ubidecarenone 100mg once daily.","['patient', '48f', 'drugs', 'tadalafil', '500', 'mg', 'daily', 'levobetaxolol', '100', 'mg', 'twice', 'daily', 'capreomycin', '25', 'mg', 'daily', 'ubidecarenone', '100', 'mg', 'daily']",20
"Patient: 70F. Drugs: Carbachol 75mg before meals, Bevantolol 75mg every 8 hours.","['Carbachol', 'Bevantolol']",1,3,risk or severity of adverse effects,"patient: 70f. drugs: carbachol 75mg before meals, bevantolol 75mg every 8 hours.","['patient', '70f', 'drugs', 'carbachol', '75', 'mg', 'meals', 'bevantolol', '75', 'mg', '8', 'hours']",12
"Patient: 35F. Drugs: Alprazolam 75mg before meals, Nortriptyline 200mg every 8 hours, Dalfampridine 50mg before meals.","['Alprazolam', 'Nortriptyline', 'Dalfampridine']",1,3,risk or severity of adverse effects,"patient: 35f. drugs: alprazolam 75mg before meals, nortriptyline 200mg every 8 hours, dalfampridine 50mg before meals.","['patient', '35f', 'drugs', 'alprazolam', '75', 'mg', 'meals', 'nortriptyline', '200', 'mg', '8', 'hours', 'dalfampridine', '50', 'mg', 'meals']",16
"Patient: 35F. Drugs: Oxtriphylline, Naloxone 100mg twice daily.","['Oxtriphylline', 'Naloxone']",0,0,none,"patient: 35f. drugs: oxtriphylline, naloxone 100mg twice daily.","['patient', '35f', 'drugs', 'oxtriphylline', 'naloxone', '100', 'mg', 'twice', 'daily']",9
"Patient: 40M. Drugs: Dalfampridine 50mg twice daily, Ciprofloxacin 50mg after meals.","['Dalfampridine', 'Ciprofloxacin']",0,0,none,"patient: 40m. drugs: dalfampridine 50mg twice daily, ciprofloxacin 50mg after meals.","['patient', '40', 'm.', 'drugs', 'dalfampridine', '50', 'mg', 'twice', 'daily', 'ciprofloxacin', '50', 'mg', 'meals']",13
"Patient: 28F. Drugs: Dinoprostone 100mg three times daily, Bromfenac 100mg after meals.","['Dinoprostone', 'Bromfenac']",1,1,therapeutic efficacy,"patient: 28f. drugs: dinoprostone 100mg three times daily, bromfenac 100mg after meals.","['patient', '28f', 'drugs', 'dinoprostone', '100', 'mg', 'times', 'daily', 'bromfenac', '100', 'mg', 'meals']",12
"Patient: 48F. Drugs: Hexobarbital, Ifenprodil 500mg as needed, Mitiglinide, Medroxyprogesterone acetate 50mg once daily.","['Hexobarbital', 'Ifenprodil', 'Mitiglinide', 'Medroxyprogesterone acetate']",1,1,therapeutic efficacy,"patient: 48f. drugs: hexobarbital, ifenprodil 500mg as needed, mitiglinide, medroxyprogesterone acetate 50mg once daily.","['patient', '48f', 'drugs', 'hexobarbital', 'ifenprodil', '500', 'mg', 'needed', 'mitiglinide', 'medroxyprogesterone', 'acetate', '50', 'mg', 'daily']",14
"Patient: 28F. Drugs: Fentanyl, Alvimopan 500mg three times daily.","['Fentanyl', 'Alvimopan']",1,3,risk or severity of adverse effects,"patient: 28f. drugs: fentanyl, alvimopan 500mg three times daily.","['patient', '28f', 'drugs', 'fentanyl', 'alvimopan', '500', 'mg', 'times', 'daily']",9
"Patient: 55F. Drugs: Probucol, Methscopolamine, Nelarabine 500mg as needed, Desloratadine.","['Probucol', 'Methscopolamine', 'Nelarabine', 'Desloratadine']",1,3,risk or severity of adverse effects,"patient: 55f. drugs: probucol, methscopolamine, nelarabine 500mg as needed, desloratadine.","['patient', '55f', 'drugs', 'probucol', 'methscopolamine', 'nelarabine', '500', 'mg', 'needed', 'desloratadine']",10
"Patient: 45F. Drugs: Dihydrocodeine, Piretanide 75mg twice daily.","['Dihydrocodeine', 'Piretanide']",1,3,risk or severity of adverse effects,"patient: 45f. drugs: dihydrocodeine, piretanide 75mg twice daily.","['patient', '45f', 'drugs', 'dihydrocodeine', 'piretanide', '75', 'mg', 'twice', 'daily']",9
"Patient: 33M. Drugs: Nimodipine, Calcium Citrate 200mg three times daily, Triptorelin.","['Nimodipine', 'Calcium Citrate', 'Triptorelin']",1,1,therapeutic efficacy,"patient: 33m. drugs: nimodipine, calcium citrate 200mg three times daily, triptorelin.","['patient', '33', 'm.', 'drugs', 'nimodipine', 'calcium', 'citrate', '200', 'mg', 'times', 'daily', 'triptorelin']",12
"Patient: 55F. Drugs: Resveratrol 75mg every 8 hours, Capsaicin 200mg as needed.","['Resveratrol', 'Capsaicin']",1,3,risk or severity of adverse effects,"patient: 55f. drugs: resveratrol 75mg every 8 hours, capsaicin 200mg as needed.","['patient', '55f', 'drugs', 'resveratrol', '75', 'mg', '8', 'hours', 'capsaicin', '200', 'mg', 'needed']",12
"Patient: 55F. Drugs: Trimetrexate 25mg twice daily, Quazepam.","['Trimetrexate', 'Quazepam']",0,0,none,"patient: 55f. drugs: trimetrexate 25mg twice daily, quazepam.","['patient', '55f', 'drugs', 'trimetrexate', '25', 'mg', 'twice', 'daily', 'quazepam']",9
"Patient: 45F. Drugs: Conivaptan 100mg every 12 hours, Ferric sulfate 50mg before meals, Isothipendyl 75mg every 8 hours.","['Conivaptan', 'Ferric sulfate', 'Isothipendyl']",0,0,none,"patient: 45f. drugs: conivaptan 100mg every 12 hours, ferric sulfate 50mg before meals, isothipendyl 75mg every 8 hours.","['patient', '45f', 'drugs', 'conivaptan', '100', 'mg', '12', 'hours', 'ferric', 'sulfate', '50', 'mg', 'meals', 'isothipendyl', '75', 'mg', '8', 'hours']",18
"Patient: 55F. Drugs: Cortisone acetate 500mg once daily, Nimesulide 100mg once daily, Isoxsuprine 200mg every 6 hours.","['Cortisone acetate', 'Nimesulide', 'Isoxsuprine']",1,3,risk or severity of adverse effects,"patient: 55f. drugs: cortisone acetate 500mg once daily, nimesulide 100mg once daily, isoxsuprine 200mg every 6 hours.","['patient', '55f', 'drugs', 'cortisone', 'acetate', '500', 'mg', 'daily', 'nimesulide', '100', 'mg', 'daily', 'isoxsuprine', '200', 'mg', '6', 'hours']",17
"Patient: 75M. Drugs: Prucalopride 100mg every 12 hours, Azidocillin 50mg after meals, Nintedanib 500mg every 8 hours, Aranidipine.","['Prucalopride', 'Azidocillin', 'Nintedanib', 'Aranidipine']",0,0,none,"patient: 75m. drugs: prucalopride 100mg every 12 hours, azidocillin 50mg after meals, nintedanib 500mg every 8 hours, aranidipine.","['patient', '75', 'm.', 'drugs', 'prucalopride', '100', 'mg', '12', 'hours', 'azidocillin', '50', 'mg', 'meals', 'nintedanib', '500', 'mg', '8', 'hours', 'aranidipine']",19
"Patient: 60F. Drugs: Hydroxyzine 500mg before meals, Metyrosine.","['Hydroxyzine', 'Metyrosine']",1,2,sedative activities,"patient: 60f. drugs: hydroxyzine 500mg before meals, metyrosine.","['patient', '60f', 'drugs', 'hydroxyzine', '500', 'mg', 'meals', 'metyrosine']",8
"Patient: 62M. Drugs: Miglitol 200mg as needed, Sirolimus, Testosterone undecanoate 100mg once daily.","['Miglitol', 'Sirolimus', 'Testosterone undecanoate']",1,1,therapeutic efficacy,"patient: 62m. drugs: miglitol 200mg as needed, sirolimus, testosterone undecanoate 100mg once daily.","['patient', '62', 'm.', 'drugs', 'miglitol', '200', 'mg', 'needed', 'sirolimus', 'testosterone', 'undecanoate', '100', 'mg', 'daily']",14
"Patient: 45F. Drugs: Fluvoxamine 25mg twice daily, Methysergide, Telithromycin.","['Fluvoxamine', 'Methysergide', 'Telithromycin']",1,3,risk or severity of adverse effects,"patient: 45f. drugs: fluvoxamine 25mg twice daily, methysergide, telithromycin.","['patient', '45f', 'drugs', 'fluvoxamine', '25', 'mg', 'twice', 'daily', 'methysergide', 'telithromycin']",10
"Patient: 48F. Drugs: Isocarboxazid, Levetiracetam 500mg after meals, Pentazocine 75mg every 12 hours, Pyrimethamine.","['Isocarboxazid', 'Levetiracetam', 'Pentazocine', 'Pyrimethamine']",1,3,risk or severity of adverse effects,"patient: 48f. drugs: isocarboxazid, levetiracetam 500mg after meals, pentazocine 75mg every 12 hours, pyrimethamine.","['patient', '48f', 'drugs', 'isocarboxazid', 'levetiracetam', '500', 'mg', 'meals', 'pentazocine', '75', 'mg', '12', 'hours', 'pyrimethamine']",14
"Patient: 58M. Drugs: Pentaerythritol Tetranitrate 500mg twice daily, Testosterone cypionate 25mg every 8 hours.","['Pentaerythritol Tetranitrate', 'Testosterone cypionate']",1,1,therapeutic efficacy,"patient: 58m. drugs: pentaerythritol tetranitrate 500mg twice daily, testosterone cypionate 25mg every 8 hours.","['patient', '58', 'm.', 'drugs', 'pentaerythritol', 'tetranitrate', '500', 'mg', 'twice', 'daily', 'testosterone', 'cypionate', '25', 'mg', '8', 'hours']",16
"Patient: 58M. Drugs: Reserpine 500mg once daily, Ceftazidime 75mg every 12 hours, Dimetindene 50mg as needed, Aminolevulinic acid.","['Reserpine', 'Ceftazidime', 'Dimetindene', 'Aminolevulinic acid']",0,0,none,"patient: 58m. drugs: reserpine 500mg once daily, ceftazidime 75mg every 12 hours, dimetindene 50mg as needed, aminolevulinic acid.","['patient', '58', 'm.', 'drugs', 'reserpine', '500', 'mg', 'daily', 'ceftazidime', '75', 'mg', '12', 'hours', 'dimetindene', '50', 'mg', 'needed', 'aminolevulinic', 'acid']",19
"Patient: 70F. Drugs: Nicergoline 500mg every 6 hours, Butoconazole, Ramipril 25mg twice daily, Estradiol dienanthate 75mg three times daily.","['Nicergoline', 'Butoconazole', 'Ramipril', 'Estradiol dienanthate']",0,0,none,"patient: 70f. drugs: nicergoline 500mg every 6 hours, butoconazole, ramipril 25mg twice daily, estradiol dienanthate 75mg three times daily.","['patient', '70f', 'drugs', 'nicergoline', '500', 'mg', '6', 'hours', 'butoconazole', 'ramipril', '25', 'mg', 'twice', 'daily', 'estradiol', 'dienanthate', '75', 'mg', 'times', 'daily']",20
"Patient: 70F. Drugs: Prednisone, Sitagliptin 100mg as needed, Alosetron 50mg once daily, Methyldopa.","['Prednisone', 'Sitagliptin', 'Alosetron', 'Methyldopa']",1,1,therapeutic efficacy,"patient: 70f. drugs: prednisone, sitagliptin 100mg as needed, alosetron 50mg once daily, methyldopa.","['patient', '70f', 'drugs', 'prednisone', 'sitagliptin', '100', 'mg', 'needed', 'alosetron', '50', 'mg', 'daily', 'methyldopa']",13
"Patient: 52M. Drugs: Ospemifene, Lasofoxifene 500mg as needed.","['Ospemifene', 'Lasofoxifene']",1,3,risk or severity of adverse effects,"patient: 52m. drugs: ospemifene, lasofoxifene 500mg as needed.","['patient', '52', 'm.', 'drugs', 'ospemifene', 'lasofoxifene', '500', 'mg', 'needed']",9
"Patient: 35F. Drugs: Anidulafungin 50mg every 12 hours, Cinnarizine 25mg every 8 hours, Flibanserin 500mg every 12 hours.","['Anidulafungin', 'Cinnarizine', 'Flibanserin']",1,1,therapeutic efficacy,"patient: 35f. drugs: anidulafungin 50mg every 12 hours, cinnarizine 25mg every 8 hours, flibanserin 500mg every 12 hours.","['patient', '35f', 'drugs', 'anidulafungin', '50', 'mg', '12', 'hours', 'cinnarizine', '25', 'mg', '8', 'hours', 'flibanserin', '500', 'mg', '12', 'hours']",18
"Patient: 40M. Drugs: Dexmedetomidine 50mg after meals, Lormetazepam 200mg once daily.","['Dexmedetomidine', 'Lormetazepam']",1,3,risk or severity of adverse effects,"patient: 40m. drugs: dexmedetomidine 50mg after meals, lormetazepam 200mg once daily.","['patient', '40', 'm.', 'drugs', 'dexmedetomidine', '50', 'mg', 'meals', 'lormetazepam', '200', 'mg', 'daily']",12
"Patient: 33M. Drugs: Adapalene 100mg after meals, Nepafenac 200mg once daily.","['Adapalene', 'Nepafenac']",1,3,risk or severity of adverse effects,"patient: 33m. drugs: adapalene 100mg after meals, nepafenac 200mg once daily.","['patient', '33', 'm.', 'drugs', 'adapalene', '100', 'mg', 'meals', 'nepafenac', '200', 'mg', 'daily']",12
"Patient: 40M. Drugs: Methylphenobarbital 50mg every 8 hours, Dienogest 75mg every 8 hours, Meticillin 25mg every 6 hours.","['Methylphenobarbital', 'Dienogest', 'Meticillin']",1,1,therapeutic efficacy,"patient: 40m. drugs: methylphenobarbital 50mg every 8 hours, dienogest 75mg every 8 hours, meticillin 25mg every 6 hours.","['patient', '40', 'm.', 'drugs', 'methylphenobarbital', '50', 'mg', '8', 'hours', 'dienogest', '75', 'mg', '8', 'hours', 'meticillin', '25', 'mg', '6', 'hours']",19
"Patient: 33M. Drugs: Phentolamine, Pseudoephedrine 75mg before meals.","['Phentolamine', 'Pseudoephedrine']",1,2,vasoconstricting activities,"patient: 33m. drugs: phentolamine, pseudoephedrine 75mg before meals.","['patient', '33', 'm.', 'drugs', 'phentolamine', 'pseudoephedrine', '75', 'mg', 'meals']",9
"Patient: 33M. Drugs: Pazopanib 25mg after meals, Physostigmine 25mg before meals, Lenalidomide 50mg before meals.","['Pazopanib', 'Physostigmine', 'Lenalidomide']",0,0,none,"patient: 33m. drugs: pazopanib 25mg after meals, physostigmine 25mg before meals, lenalidomide 50mg before meals.","['patient', '33', 'm.', 'drugs', 'pazopanib', '25', 'mg', 'meals', 'physostigmine', '25', 'mg', 'meals', 'lenalidomide', '50', 'mg', 'meals']",16
"Patient: 40M. Drugs: Thiothixene 50mg every 6 hours, Ethyl chloride 75mg as needed.","['Thiothixene', 'Ethyl chloride']",1,3,risk or severity of adverse effects,"patient: 40m. drugs: thiothixene 50mg every 6 hours, ethyl chloride 75mg as needed.","['patient', '40', 'm.', 'drugs', 'thiothixene', '50', 'mg', '6', 'hours', 'ethyl', 'chloride', '75', 'mg', 'needed']",14
"Patient: 58M. Drugs: Fluticasone 200mg before meals, Medrysone 50mg once daily, Sulindac 50mg once daily.","['Fluticasone', 'Medrysone', 'Sulindac']",1,3,risk or severity of adverse effects,"patient: 58m. drugs: fluticasone 200mg before meals, medrysone 50mg once daily, sulindac 50mg once daily.","['patient', '58', 'm.', 'drugs', 'fluticasone', '200', 'mg', 'meals', 'medrysone', '50', 'mg', 'daily', 'sulindac', '50', 'mg', 'daily']",16
"Patient: 25F. Drugs: Alectinib 200mg every 6 hours, Ulipristal 100mg twice daily.","['Alectinib', 'Ulipristal']",0,0,none,"patient: 25f. drugs: alectinib 200mg every 6 hours, ulipristal 100mg twice daily.","['patient', '25f', 'drugs', 'alectinib', '200', 'mg', '6', 'hours', 'ulipristal', '100', 'mg', 'twice', 'daily']",13
"Patient: 48F. Drugs: Benazepril 50mg every 12 hours, Labetalol 500mg every 8 hours, Methionine 50mg before meals.","['Benazepril', 'Labetalol', 'Methionine']",1,2,hypotensive activities,"patient: 48f. drugs: benazepril 50mg every 12 hours, labetalol 500mg every 8 hours, methionine 50mg before meals.","['patient', '48f', 'drugs', 'benazepril', '50', 'mg', '12', 'hours', 'labetalol', '500', 'mg', '8', 'hours', 'methionine', '50', 'mg', 'meals']",17
"Patient: 68M. Drugs: Acebutolol 25mg before meals, Nimesulide 200mg after meals, Nitroprusside 200mg before meals.","['Acebutolol', 'Nimesulide', 'Nitroprusside']",1,2,antihypertensive activities,"patient: 68m. drugs: acebutolol 25mg before meals, nimesulide 200mg after meals, nitroprusside 200mg before meals.","['patient', '68', 'm.', 'drugs', 'acebutolol', '25', 'mg', 'meals', 'nimesulide', '200', 'mg', 'meals', 'nitroprusside', '200', 'mg', 'meals']",16
"Patient: 48F. Drugs: Clevidipine, Calcium lactate 200mg three times daily, Gallamine Triethiodide 75mg as needed.","['Clevidipine', 'Calcium lactate', 'Gallamine Triethiodide']",1,1,therapeutic efficacy,"patient: 48f. drugs: clevidipine, calcium lactate 200mg three times daily, gallamine triethiodide 75mg as needed.","['patient', '48f', 'drugs', 'clevidipine', 'calcium', 'lactate', '200', 'mg', 'times', 'daily', 'gallamine', 'triethiodide', '75', 'mg', 'needed']",15
"Patient: 33M. Drugs: Bisacodyl, Cimetidine 100mg before meals, Cefpodoxime 100mg every 6 hours.","['Bisacodyl', 'Cimetidine', 'Cefpodoxime']",1,1,absorption,"patient: 33m. drugs: bisacodyl, cimetidine 100mg before meals, cefpodoxime 100mg every 6 hours.","['patient', '33', 'm.', 'drugs', 'bisacodyl', 'cimetidine', '100', 'mg', 'meals', 'cefpodoxime', '100', 'mg', '6', 'hours']",14
"Patient: 55F. Drugs: Sevelamer 500mg every 12 hours, Tacrolimus, Olsalazine 25mg twice daily.","['Sevelamer', 'Tacrolimus', 'Olsalazine']",1,2,serum concentration,"patient: 55f. drugs: sevelamer 500mg every 12 hours, tacrolimus, olsalazine 25mg twice daily.","['patient', '55f', 'drugs', 'sevelamer', '500', 'mg', '12', 'hours', 'tacrolimus', 'olsalazine', '25', 'mg', 'twice', 'daily']",14
"Patient: 40M. Drugs: Nortriptyline 100mg before meals, Iobenguane 25mg as needed, Carbinoxamine.","['Nortriptyline', 'Iobenguane', 'Carbinoxamine']",1,1,therapeutic efficacy,"patient: 40m. drugs: nortriptyline 100mg before meals, iobenguane 25mg as needed, carbinoxamine.","['patient', '40', 'm.', 'drugs', 'nortriptyline', '100', 'mg', 'meals', 'iobenguane', '25', 'mg', 'needed', 'carbinoxamine']",13
"Patient: 62M. Drugs: Benazepril 50mg before meals, Etacrynic acid 25mg every 6 hours.","['Benazepril', 'Etacrynic acid']",1,2,hypotensive activities,"patient: 62m. drugs: benazepril 50mg before meals, etacrynic acid 25mg every 6 hours.","['patient', '62', 'm.', 'drugs', 'benazepril', '50', 'mg', 'meals', 'etacrynic', 'acid', '25', 'mg', '6', 'hours']",14
"Patient: 70F. Drugs: Antrafenine 25mg twice daily, Icatibant 200mg after meals.","['Antrafenine', 'Icatibant']",1,3,risk or severity of adverse effects,"patient: 70f. drugs: antrafenine 25mg twice daily, icatibant 200mg after meals.","['patient', '70f', 'drugs', 'antrafenine', '25', 'mg', 'twice', 'daily', 'icatibant', '200', 'mg', 'meals']",12
"Patient: 30M. Drugs: Timolol, Hexoprenaline 25mg before meals.","['Timolol', 'Hexoprenaline']",1,1,bronchodilatory activities,"patient: 30m. drugs: timolol, hexoprenaline 25mg before meals.","['patient', '30', 'm.', 'drugs', 'timolol', 'hexoprenaline', '25', 'mg', 'meals']",9
"Patient: 35F. Drugs: Anidulafungin 50mg every 12 hours, Cinnarizine 25mg every 8 hours, Flibanserin 500mg every 12 hours.","['Anidulafungin', 'Cinnarizine', 'Flibanserin']",1,1,therapeutic efficacy,"patient: 35f. drugs: anidulafungin 50mg every 12 hours, cinnarizine 25mg every 8 hours, flibanserin 500mg every 12 hours.","['patient', '35f', 'drugs', 'anidulafungin', '50', 'mg', '12', 'hours', 'cinnarizine', '25', 'mg', '8', 'hours', 'flibanserin', '500', 'mg', '12', 'hours']",18
"Patient: 40M. Drugs: Telaprevir 100mg every 6 hours, Ketorolac 200mg before meals, Mipomersen.","['Telaprevir', 'Ketorolac', 'Mipomersen']",0,0,none,"patient: 40m. drugs: telaprevir 100mg every 6 hours, ketorolac 200mg before meals, mipomersen.","['patient', '40', 'm.', 'drugs', 'telaprevir', '100', 'mg', '6', 'hours', 'ketorolac', '200', 'mg', 'meals', 'mipomersen']",14
"Patient: 33M. Drugs: Pentamidine, Dicloxacillin 50mg twice daily, Guanabenz 25mg as needed.","['Pentamidine', 'Dicloxacillin', 'Guanabenz']",0,0,none,"patient: 33m. drugs: pentamidine, dicloxacillin 50mg twice daily, guanabenz 25mg as needed.","['patient', '33', 'm.', 'drugs', 'pentamidine', 'dicloxacillin', '50', 'mg', 'twice', 'daily', 'guanabenz', '25', 'mg', 'needed']",14
"Patient: 75M. Drugs: Mometasone 200mg every 12 hours, Cyclizine 200mg before meals, Methyl salicylate 200mg twice daily, Vardenafil 75mg once daily.","['Mometasone', 'Cyclizine', 'Methyl salicylate', 'Vardenafil']",1,3,risk or severity of adverse effects,"patient: 75m. drugs: mometasone 200mg every 12 hours, cyclizine 200mg before meals, methyl salicylate 200mg twice daily, vardenafil 75mg once daily.","['patient', '75', 'm.', 'drugs', 'mometasone', '200', 'mg', '12', 'hours', 'cyclizine', '200', 'mg', 'meals', 'methyl', 'salicylate', '200', 'mg', 'twice', 'daily', 'vardenafil', '75', 'mg', 'daily']",23
"Patient: 75M. Drugs: Ethotoin 50mg every 8 hours, Halazepam 25mg as needed, Sevelamer 100mg three times daily.","['Ethotoin', 'Halazepam', 'Sevelamer']",1,3,risk or severity of adverse effects,"patient: 75m. drugs: ethotoin 50mg every 8 hours, halazepam 25mg as needed, sevelamer 100mg three times daily.","['patient', '75', 'm.', 'drugs', 'ethotoin', '50', 'mg', '8', 'hours', 'halazepam', '25', 'mg', 'needed', 'sevelamer', '100', 'mg', 'times', 'daily']",18
"Patient: 35F. Drugs: Hydrocortisone, Mifamurtide.","['Hydrocortisone', 'Mifamurtide']",1,1,therapeutic efficacy,"patient: 35f. drugs: hydrocortisone, mifamurtide.","['patient', '35f', 'drugs', 'hydrocortisone', 'mifamurtide']",5
"Patient: 45F. Drugs: Edetic Acid 75mg every 8 hours, Gestodene 50mg twice daily, Kanamycin.","['Edetic Acid', 'Gestodene', 'Kanamycin']",1,1,therapeutic efficacy,"patient: 45f. drugs: edetic acid 75mg every 8 hours, gestodene 50mg twice daily, kanamycin.","['patient', '45f', 'drugs', 'edetic', 'acid', '75', 'mg', '8', 'hours', 'gestodene', '50', 'mg', 'twice', 'daily', 'kanamycin']",15
"Patient: 30M. Drugs: Mirtazapine, Scopolamine 200mg twice daily.","['Mirtazapine', 'Scopolamine']",1,2,central nervous system depressant (CNS depressant) activities,"patient: 30m. drugs: mirtazapine, scopolamine 200mg twice daily.","['patient', '30', 'm.', 'drugs', 'mirtazapine', 'scopolamine', '200', 'mg', 'twice', 'daily']",10
"Patient: 40M. Drugs: Desloratadine 200mg once daily, Camazepam 100mg once daily, Deserpidine.","['Desloratadine', 'Camazepam', 'Deserpidine']",0,0,none,"patient: 40m. drugs: desloratadine 200mg once daily, camazepam 100mg once daily, deserpidine.","['patient', '40', 'm.', 'drugs', 'desloratadine', '200', 'mg', 'daily', 'camazepam', '100', 'mg', 'daily', 'deserpidine']",13
"Patient: 28F. Drugs: Brimonidine 100mg every 6 hours, Gestodene 500mg once daily.","['Brimonidine', 'Gestodene']",0,0,none,"patient: 28f. drugs: brimonidine 100mg every 6 hours, gestodene 500mg once daily.","['patient', '28f', 'drugs', 'brimonidine', '100', 'mg', '6', 'hours', 'gestodene', '500', 'mg', 'daily']",12
"Patient: 45F. Drugs: Ticagrelor 200mg as needed, Methyl salicylate 25mg three times daily, Adenine 500mg every 12 hours.","['Ticagrelor', 'Methyl salicylate', 'Adenine']",1,3,risk or severity of adverse effects,"patient: 45f. drugs: ticagrelor 200mg as needed, methyl salicylate 25mg three times daily, adenine 500mg every 12 hours.","['patient', '45f', 'drugs', 'ticagrelor', '200', 'mg', 'needed', 'methyl', 'salicylate', '25', 'mg', 'times', 'daily', 'adenine', '500', 'mg', '12', 'hours']",18
"Patient: 55F. Drugs: Benzatropine 50mg three times daily, Benzylpenicilloyl Polylysine.","['Benzatropine', 'Benzylpenicilloyl Polylysine']",1,1,diagnostic agent,"patient: 55f. drugs: benzatropine 50mg three times daily, benzylpenicilloyl polylysine.","['patient', '55f', 'drugs', 'benzatropine', '50', 'mg', 'times', 'daily', 'benzylpenicilloyl', 'polylysine']",10
"Patient: 70F. Drugs: Pirenzepine, Vitamin E, Atracurium besylate, Pentamidine 75mg once daily.","['Pirenzepine', 'Vitamin E', 'Atracurium besylate', 'Pentamidine']",1,3,risk or severity of adverse effects,"patient: 70f. drugs: pirenzepine, vitamin e, atracurium besylate, pentamidine 75mg once daily.","['patient', '70f', 'drugs', 'pirenzepine', 'vitamin', 'e', 'atracurium', 'besylate', 'pentamidine', '75', 'mg', 'daily']",12
"Patient: 33M. Drugs: Pentoxifylline 500mg three times daily, Cilazapril 100mg every 8 hours.","['Pentoxifylline', 'Cilazapril']",1,2,hypotensive activities,"patient: 33m. drugs: pentoxifylline 500mg three times daily, cilazapril 100mg every 8 hours.","['patient', '33', 'm.', 'drugs', 'pentoxifylline', '500', 'mg', 'times', 'daily', 'cilazapril', '100', 'mg', '8', 'hours']",14
"Patient: 68M. Drugs: Sofosbuvir, Promazine 50mg every 6 hours, Sevoflurane 100mg every 8 hours.","['Sofosbuvir', 'Promazine', 'Sevoflurane']",1,3,risk or severity of adverse effects,"patient: 68m. drugs: sofosbuvir, promazine 50mg every 6 hours, sevoflurane 100mg every 8 hours.","['patient', '68', 'm.', 'drugs', 'sofosbuvir', 'promazine', '50', 'mg', '6', 'hours', 'sevoflurane', '100', 'mg', '8', 'hours']",15
"Patient: 68M. Drugs: Dezocine, Aclidinium 200mg twice daily, Terlipressin.","['Dezocine', 'Aclidinium', 'Terlipressin']",1,3,risk or severity of adverse effects,"patient: 68m. drugs: dezocine, aclidinium 200mg twice daily, terlipressin.","['patient', '68', 'm.', 'drugs', 'dezocine', 'aclidinium', '200', 'mg', 'twice', 'daily', 'terlipressin']",11
"Patient: 70F. Drugs: Elbasvir 100mg as needed, Pitolisant, Gliquidone.","['Elbasvir', 'Pitolisant', 'Gliquidone']",1,2,serum concentration,"patient: 70f. drugs: elbasvir 100mg as needed, pitolisant, gliquidone.","['patient', '70f', 'drugs', 'elbasvir', '100', 'mg', 'needed', 'pitolisant', 'gliquidone']",9
"Patient: 33M. Drugs: Bisacodyl, Cimetidine 100mg before meals, Cefpodoxime 100mg every 6 hours.","['Bisacodyl', 'Cimetidine', 'Cefpodoxime']",1,1,absorption,"patient: 33m. drugs: bisacodyl, cimetidine 100mg before meals, cefpodoxime 100mg every 6 hours.","['patient', '33', 'm.', 'drugs', 'bisacodyl', 'cimetidine', '100', 'mg', 'meals', 'cefpodoxime', '100', 'mg', '6', 'hours']",14
"Patient: 35F. Drugs: Lovastatin 75mg before meals, Phenobarbital, Fludrocortisone.","['Lovastatin', 'Phenobarbital', 'Fludrocortisone']",1,2,metabolism,"patient: 35f. drugs: lovastatin 75mg before meals, phenobarbital, fludrocortisone.","['patient', '35f', 'drugs', 'lovastatin', '75', 'mg', 'meals', 'phenobarbital', 'fludrocortisone']",9
"Patient: 68M. Drugs: Phenylbutazone 25mg three times daily, Antipyrine 100mg every 12 hours.","['Phenylbutazone', 'Antipyrine']",1,3,risk or severity of adverse effects,"patient: 68m. drugs: phenylbutazone 25mg three times daily, antipyrine 100mg every 12 hours.","['patient', '68', 'm.', 'drugs', 'phenylbutazone', '25', 'mg', 'times', 'daily', 'antipyrine', '100', 'mg', '12', 'hours']",14
"Patient: 68M. Drugs: Sulpiride 500mg three times daily, Levorphanol 500mg after meals, Deutetrabenazine.","['Sulpiride', 'Levorphanol', 'Deutetrabenazine']",1,3,risk or severity of adverse effects,"patient: 68m. drugs: sulpiride 500mg three times daily, levorphanol 500mg after meals, deutetrabenazine.","['patient', '68', 'm.', 'drugs', 'sulpiride', '500', 'mg', 'times', 'daily', 'levorphanol', '500', 'mg', 'meals', 'deutetrabenazine']",14
"Patient: 58M. Drugs: Echothiophate 25mg as needed, Baricitinib, Reposal 25mg every 8 hours.","['Echothiophate', 'Baricitinib', 'Reposal']",0,0,none,"patient: 58m. drugs: echothiophate 25mg as needed, baricitinib, reposal 25mg every 8 hours.","['patient', '58', 'm.', 'drugs', 'echothiophate', '25', 'mg', 'needed', 'baricitinib', 'reposal', '25', 'mg', '8', 'hours']",14
"Patient: 60F. Drugs: Pinacidil 25mg twice daily, Miltefosine 200mg every 8 hours, Pregabalin 100mg once daily, Levocetirizine 50mg after meals.","['Pinacidil', 'Miltefosine', 'Pregabalin', 'Levocetirizine']",1,1,therapeutic efficacy,"patient: 60f. drugs: pinacidil 25mg twice daily, miltefosine 200mg every 8 hours, pregabalin 100mg once daily, levocetirizine 50mg after meals.","['patient', '60f', 'drugs', 'pinacidil', '25', 'mg', 'twice', 'daily', 'miltefosine', '200', 'mg', '8', 'hours', 'pregabalin', '100', 'mg', 'daily', 'levocetirizine', '50', 'mg', 'meals']",21
"Patient: 60F. Drugs: Dexibuprofen, Nedaplatin, Rimexolone 75mg once daily.","['Dexibuprofen', 'Nedaplatin', 'Rimexolone']",1,3,risk or severity of adverse effects,"patient: 60f. drugs: dexibuprofen, nedaplatin, rimexolone 75mg once daily.","['patient', '60f', 'drugs', 'dexibuprofen', 'nedaplatin', 'rimexolone', '75', 'mg', 'daily']",9
"Patient: 28F. Drugs: Pyridostigmine 200mg every 6 hours, Flavoxate 25mg three times daily.","['Pyridostigmine', 'Flavoxate']",1,1,therapeutic efficacy,"patient: 28f. drugs: pyridostigmine 200mg every 6 hours, flavoxate 25mg three times daily.","['patient', '28f', 'drugs', 'pyridostigmine', '200', 'mg', '6', 'hours', 'flavoxate', '25', 'mg', 'times', 'daily']",13
"Patient: 30M. Drugs: Saquinavir 25mg once daily, Hexobarbital 50mg every 8 hours, Tedizolid Phosphate 500mg twice daily.","['Saquinavir', 'Hexobarbital', 'Tedizolid Phosphate']",1,2,metabolism,"patient: 30m. drugs: saquinavir 25mg once daily, hexobarbital 50mg every 8 hours, tedizolid phosphate 500mg twice daily.","['patient', '30', 'm.', 'drugs', 'saquinavir', '25', 'mg', 'daily', 'hexobarbital', '50', 'mg', '8', 'hours', 'tedizolid', 'phosphate', '500', 'mg', 'twice', 'daily']",19
"Patient: 62M. Drugs: Bivalirudin 100mg before meals, Parthenolide 50mg once daily.","['Bivalirudin', 'Parthenolide']",1,2,anticoagulant activities,"patient: 62m. drugs: bivalirudin 100mg before meals, parthenolide 50mg once daily.","['patient', '62', 'm.', 'drugs', 'bivalirudin', '100', 'mg', 'meals', 'parthenolide', '50', 'mg', 'daily']",12
"Patient: 58M. Drugs: Umeclidinium 25mg every 8 hours, Stiripentol 100mg once daily.","['Umeclidinium', 'Stiripentol']",1,2,metabolism,"patient: 58m. drugs: umeclidinium 25mg every 8 hours, stiripentol 100mg once daily.","['patient', '58', 'm.', 'drugs', 'umeclidinium', '25', 'mg', '8', 'hours', 'stiripentol', '100', 'mg', 'daily']",13
"Patient: 62M. Drugs: Lacidipine 500mg every 12 hours, Calcium lactate 25mg once daily, Pivmecillinam 75mg as needed.","['Lacidipine', 'Calcium lactate', 'Pivmecillinam']",1,1,therapeutic efficacy,"patient: 62m. drugs: lacidipine 500mg every 12 hours, calcium lactate 25mg once daily, pivmecillinam 75mg as needed.","['patient', '62', 'm.', 'drugs', 'lacidipine', '500', 'mg', '12', 'hours', 'calcium', 'lactate', '25', 'mg', 'daily', 'pivmecillinam', '75', 'mg', 'needed']",18
"Patient: 28F. Drugs: Risedronate 25mg every 6 hours, Famotidine 200mg every 8 hours, Histrelin 500mg before meals.","['Risedronate', 'Famotidine', 'Histrelin']",1,1,absorption,"patient: 28f. drugs: risedronate 25mg every 6 hours, famotidine 200mg every 8 hours, histrelin 500mg before meals.","['patient', '28f', 'drugs', 'risedronate', '25', 'mg', '6', 'hours', 'famotidine', '200', 'mg', '8', 'hours', 'histrelin', '500', 'mg', 'meals']",17
"Patient: 40M. Drugs: Sodium feredetate, Perampanel 200mg every 12 hours.","['Sodium feredetate', 'Perampanel']",0,0,none,"patient: 40m. drugs: sodium feredetate, perampanel 200mg every 12 hours.","['patient', '40', 'm.', 'drugs', 'sodium', 'feredetate', 'perampanel', '200', 'mg', '12', 'hours']",11
"Patient: 30M. Drugs: Alosetron, Polythiazide 50mg every 6 hours, Apremilast, Tacrine.","['Alosetron', 'Polythiazide', 'Apremilast', 'Tacrine']",1,1,therapeutic efficacy,"patient: 30m. drugs: alosetron, polythiazide 50mg every 6 hours, apremilast, tacrine.","['patient', '30', 'm.', 'drugs', 'alosetron', 'polythiazide', '50', 'mg', '6', 'hours', 'apremilast', 'tacrine']",12
"Patient: 33M. Drugs: Opicapone 50mg three times daily, Ceforanide 500mg once daily.","['Opicapone', 'Ceforanide']",0,0,none,"patient: 33m. drugs: opicapone 50mg three times daily, ceforanide 500mg once daily.","['patient', '33', 'm.', 'drugs', 'opicapone', '50', 'mg', 'times', 'daily', 'ceforanide', '500', 'mg', 'daily']",13
"Patient: 62M. Drugs: Lacidipine 500mg every 12 hours, Calcium lactate 25mg once daily, Pivmecillinam 75mg as needed.","['Lacidipine', 'Calcium lactate', 'Pivmecillinam']",1,1,therapeutic efficacy,"patient: 62m. drugs: lacidipine 500mg every 12 hours, calcium lactate 25mg once daily, pivmecillinam 75mg as needed.","['patient', '62', 'm.', 'drugs', 'lacidipine', '500', 'mg', '12', 'hours', 'calcium', 'lactate', '25', 'mg', 'daily', 'pivmecillinam', '75', 'mg', 'needed']",18
"Patient: 30M. Drugs: Fondaparinux sodium 25mg as needed, Leflunomide, Cefixime 500mg after meals.","['Fondaparinux sodium', 'Leflunomide', 'Cefixime']",1,2,anticoagulant activities,"patient: 30m. drugs: fondaparinux sodium 25mg as needed, leflunomide, cefixime 500mg after meals.","['patient', '30', 'm.', 'drugs', 'fondaparinux', 'sodium', '25', 'mg', 'needed', 'leflunomide', 'cefixime', '500', 'mg', 'meals']",14
"Patient: 68M. Drugs: Roxithromycin 500mg every 6 hours, Curcumin, Levetiracetam 50mg before meals.","['Roxithromycin', 'Curcumin', 'Levetiracetam']",1,2,metabolism,"patient: 68m. drugs: roxithromycin 500mg every 6 hours, curcumin, levetiracetam 50mg before meals.","['patient', '68', 'm.', 'drugs', 'roxithromycin', '500', 'mg', '6', 'hours', 'curcumin', 'levetiracetam', '50', 'mg', 'meals']",14
"Patient: 60F. Drugs: Amiodarone 100mg as needed, Isavuconazonium 200mg twice daily.","['Amiodarone', 'Isavuconazonium']",1,2,serum concentration of active metabolites,"patient: 60f. drugs: amiodarone 100mg as needed, isavuconazonium 200mg twice daily.","['patient', '60f', 'drugs', 'amiodarone', '100', 'mg', 'needed', 'isavuconazonium', '200', 'mg', 'twice', 'daily']",12
"Patient: 55F. Drugs: Pentaerythritol Tetranitrate 50mg twice daily, Potassium Citrate 100mg every 8 hours, Buspirone 25mg three times daily.","['Pentaerythritol Tetranitrate', 'Potassium Citrate', 'Buspirone']",1,2,anticoagulant activities,"patient: 55f. drugs: pentaerythritol tetranitrate 50mg twice daily, potassium citrate 100mg every 8 hours, buspirone 25mg three times daily.","['patient', '55f', 'drugs', 'pentaerythritol', 'tetranitrate', '50', 'mg', 'twice', 'daily', 'potassium', 'citrate', '100', 'mg', '8', 'hours', 'buspirone', '25', 'mg', 'times', 'daily']",20
"Patient: 40M. Drugs: Sodium Chloride 50mg as needed, Dactinomycin 500mg after meals, Radium Ra 223 Dichloride 25mg as needed.","['Sodium Chloride', 'Dactinomycin', 'Radium Ra 223 Dichloride']",0,0,none,"patient: 40m. drugs: sodium chloride 50mg as needed, dactinomycin 500mg after meals, radium ra 223 dichloride 25mg as needed.","['patient', '40', 'm.', 'drugs', 'sodium', 'chloride', '50', 'mg', 'needed', 'dactinomycin', '500', 'mg', 'meals', 'radium', 'ra', '223', 'dichloride', '25', 'mg', 'needed']",20
"Patient: 40M. Drugs: Midodrine, Asenapine 50mg every 12 hours, Quinupristin 75mg before meals.","['Midodrine', 'Asenapine', 'Quinupristin']",1,2,bradycardic activities,"patient: 40m. drugs: midodrine, asenapine 50mg every 12 hours, quinupristin 75mg before meals.","['patient', '40', 'm.', 'drugs', 'midodrine', 'asenapine', '50', 'mg', '12', 'hours', 'quinupristin', '75', 'mg', 'meals']",14
"Patient: 35F. Drugs: Bendroflumethiazide, Linagliptin 200mg before meals, Gemcitabine.","['Bendroflumethiazide', 'Linagliptin', 'Gemcitabine']",1,1,therapeutic efficacy,"patient: 35f. drugs: bendroflumethiazide, linagliptin 200mg before meals, gemcitabine.","['patient', '35f', 'drugs', 'bendroflumethiazide', 'linagliptin', '200', 'mg', 'meals', 'gemcitabine']",9
"Patient: 28F. Drugs: Cilazapril 100mg every 12 hours, Temsirolimus 100mg before meals.","['Cilazapril', 'Temsirolimus']",1,3,risk or severity of adverse effects,"patient: 28f. drugs: cilazapril 100mg every 12 hours, temsirolimus 100mg before meals.","['patient', '28f', 'drugs', 'cilazapril', '100', 'mg', '12', 'hours', 'temsirolimus', '100', 'mg', 'meals']",12
"Patient: 33M. Drugs: Polaprezinc 75mg three times daily, Bevantolol 100mg every 12 hours, Chlorambucil.","['Polaprezinc', 'Bevantolol', 'Chlorambucil']",0,0,none,"patient: 33m. drugs: polaprezinc 75mg three times daily, bevantolol 100mg every 12 hours, chlorambucil.","['patient', '33', 'm.', 'drugs', 'polaprezinc', '75', 'mg', 'times', 'daily', 'bevantolol', '100', 'mg', '12', 'hours', 'chlorambucil']",15
"Patient: 33M. Drugs: Amprenavir 100mg before meals, Dabigatran etexilate 200mg every 12 hours.","['Amprenavir', 'Dabigatran etexilate']",1,2,serum concentration,"patient: 33m. drugs: amprenavir 100mg before meals, dabigatran etexilate 200mg every 12 hours.","['patient', '33', 'm.', 'drugs', 'amprenavir', '100', 'mg', 'meals', 'dabigatran', 'etexilate', '200', 'mg', '12', 'hours']",14
"Patient: 30M. Drugs: Valproic Acid, Testosterone enanthate 75mg once daily, Mycophenolic acid.","['Valproic Acid', 'Testosterone enanthate', 'Mycophenolic acid']",1,2,metabolism,"patient: 30m. drugs: valproic acid, testosterone enanthate 75mg once daily, mycophenolic acid.","['patient', '30', 'm.', 'drugs', 'valproic', 'acid', 'testosterone', 'enanthate', '75', 'mg', 'daily', 'mycophenolic', 'acid']",13
"Patient: 28F. Drugs: Betamethasone 25mg every 6 hours, Phenylbutyric acid 50mg every 6 hours.","['Betamethasone', 'Phenylbutyric acid']",1,1,therapeutic efficacy,"patient: 28f. drugs: betamethasone 25mg every 6 hours, phenylbutyric acid 50mg every 6 hours.","['patient', '28f', 'drugs', 'betamethasone', '25', 'mg', '6', 'hours', 'phenylbutyric', 'acid', '50', 'mg', '6', 'hours']",14
"Patient: 55F. Drugs: Dicoumarol 500mg twice daily, Primidone 25mg every 8 hours, Isocarboxazid 25mg every 12 hours.","['Dicoumarol', 'Primidone', 'Isocarboxazid']",1,2,metabolism,"patient: 55f. drugs: dicoumarol 500mg twice daily, primidone 25mg every 8 hours, isocarboxazid 25mg every 12 hours.","['patient', '55f', 'drugs', 'dicoumarol', '500', 'mg', 'twice', 'daily', 'primidone', '25', 'mg', '8', 'hours', 'isocarboxazid', '25', 'mg', '12', 'hours']",18
"Patient: 40M. Drugs: Nortriptyline 100mg before meals, Iobenguane 25mg as needed, Carbinoxamine.","['Nortriptyline', 'Iobenguane', 'Carbinoxamine']",1,1,therapeutic efficacy,"patient: 40m. drugs: nortriptyline 100mg before meals, iobenguane 25mg as needed, carbinoxamine.","['patient', '40', 'm.', 'drugs', 'nortriptyline', '100', 'mg', 'meals', 'iobenguane', '25', 'mg', 'needed', 'carbinoxamine']",13
"Patient: 45F. Drugs: Benzphetamine 50mg three times daily, Methadyl Acetate 200mg once daily, Halothane.","['Benzphetamine', 'Methadyl Acetate', 'Halothane']",1,1,analgesic activities,"patient: 45f. drugs: benzphetamine 50mg three times daily, methadyl acetate 200mg once daily, halothane.","['patient', '45f', 'drugs', 'benzphetamine', '50', 'mg', 'times', 'daily', 'methadyl', 'acetate', '200', 'mg', 'daily', 'halothane']",14
"Patient: 55F. Drugs: Imipenem 75mg twice daily, Sertaconazole 200mg every 12 hours, Omeprazole 500mg every 12 hours, Trimethadione 200mg every 6 hours.","['Imipenem', 'Sertaconazole', 'Omeprazole', 'Trimethadione']",1,2,metabolism,"patient: 55f. drugs: imipenem 75mg twice daily, sertaconazole 200mg every 12 hours, omeprazole 500mg every 12 hours, trimethadione 200mg every 6 hours.","['patient', '55f', 'drugs', 'imipenem', '75', 'mg', 'twice', 'daily', 'sertaconazole', '200', 'mg', '12', 'hours', 'omeprazole', '500', 'mg', '12', 'hours', 'trimethadione', '200', 'mg', '6', 'hours']",23
"Patient: 58M. Drugs: Clonazepam 50mg once daily, Desvenlafaxine 500mg before meals.","['Clonazepam', 'Desvenlafaxine']",1,3,risk or severity of adverse effects,"patient: 58m. drugs: clonazepam 50mg once daily, desvenlafaxine 500mg before meals.","['patient', '58', 'm.', 'drugs', 'clonazepam', '50', 'mg', 'daily', 'desvenlafaxine', '500', 'mg', 'meals']",12
"Patient: 68M. Drugs: Etodolac 50mg once daily, Difluprednate 500mg after meals.","['Etodolac', 'Difluprednate']",1,3,risk or severity of adverse effects,"patient: 68m. drugs: etodolac 50mg once daily, difluprednate 500mg after meals.","['patient', '68', 'm.', 'drugs', 'etodolac', '50', 'mg', 'daily', 'difluprednate', '500', 'mg', 'meals']",12
"Patient: 25F. Drugs: Chlorphenamine 500mg before meals, Bromazepam 50mg as needed, Repaglinide.","['Chlorphenamine', 'Bromazepam', 'Repaglinide']",1,3,risk or severity of adverse effects,"patient: 25f. drugs: chlorphenamine 500mg before meals, bromazepam 50mg as needed, repaglinide.","['patient', '25f', 'drugs', 'chlorphenamine', '500', 'mg', 'meals', 'bromazepam', '50', 'mg', 'needed', 'repaglinide']",12
"Patient: 55F. Drugs: Ethchlorvynol 100mg as needed, Sodium oxybate 50mg every 12 hours.","['Ethchlorvynol', 'Sodium oxybate']",1,2,central nervous system depressant (CNS depressant) activities,"patient: 55f. drugs: ethchlorvynol 100mg as needed, sodium oxybate 50mg every 12 hours.","['patient', '55f', 'drugs', 'ethchlorvynol', '100', 'mg', 'needed', 'sodium', 'oxybate', '50', 'mg', '12', 'hours']",13
"Patient: 45F. Drugs: Aprindine 200mg three times daily, Methyldopa.","['Aprindine', 'Methyldopa']",0,0,none,"patient: 45f. drugs: aprindine 200mg three times daily, methyldopa.","['patient', '45f', 'drugs', 'aprindine', '200', 'mg', 'times', 'daily', 'methyldopa']",9
"Patient: 30M. Drugs: Benzylpenicilloyl Polylysine, Irinotecan 75mg every 12 hours.","['Benzylpenicilloyl Polylysine', 'Irinotecan']",0,0,none,"patient: 30m. drugs: benzylpenicilloyl polylysine, irinotecan 75mg every 12 hours.","['patient', '30', 'm.', 'drugs', 'benzylpenicilloyl', 'polylysine', 'irinotecan', '75', 'mg', '12', 'hours']",11
"Patient: 40M. Drugs: Benzthiazide, Prasterone 50mg every 8 hours.","['Benzthiazide', 'Prasterone']",1,2,hypokalemic activities,"patient: 40m. drugs: benzthiazide, prasterone 50mg every 8 hours.","['patient', '40', 'm.', 'drugs', 'benzthiazide', 'prasterone', '50', 'mg', '8', 'hours']",10
"Patient: 58M. Drugs: Emedastine 50mg every 6 hours, Betahistine 50mg every 12 hours, Calcipotriol 25mg as needed.","['Emedastine', 'Betahistine', 'Calcipotriol']",1,1,therapeutic efficacy,"patient: 58m. drugs: emedastine 50mg every 6 hours, betahistine 50mg every 12 hours, calcipotriol 25mg as needed.","['patient', '58', 'm.', 'drugs', 'emedastine', '50', 'mg', '6', 'hours', 'betahistine', '50', 'mg', '12', 'hours', 'calcipotriol', '25', 'mg', 'needed']",18
"Patient: 28F. Drugs: Warfarin, Ofloxacin 500mg every 12 hours.","['Warfarin', 'Ofloxacin']",1,2,anticoagulant activities,"patient: 28f. drugs: warfarin, ofloxacin 500mg every 12 hours.","['patient', '28f', 'drugs', 'warfarin', 'ofloxacin', '500', 'mg', '12', 'hours']",9
"Patient: 45F. Drugs: Oxyphenonium, Stepronin 200mg before meals, Mepyramine 25mg after meals.","['Oxyphenonium', 'Stepronin', 'Mepyramine']",0,0,none,"patient: 45f. drugs: oxyphenonium, stepronin 200mg before meals, mepyramine 25mg after meals.","['patient', '45f', 'drugs', 'oxyphenonium', 'stepronin', '200', 'mg', 'meals', 'mepyramine', '25', 'mg', 'meals']",12
"Patient: 35F. Drugs: Fluocinonide 50mg every 12 hours, Estradiol acetate 50mg once daily.","['Fluocinonide', 'Estradiol acetate']",1,2,serum concentration,"patient: 35f. drugs: fluocinonide 50mg every 12 hours, estradiol acetate 50mg once daily.","['patient', '35f', 'drugs', 'fluocinonide', '50', 'mg', '12', 'hours', 'estradiol', 'acetate', '50', 'mg', 'daily']",13
"Patient: 55F. Drugs: Cholesterol 200mg every 8 hours, Prucalopride 500mg every 12 hours.","['Cholesterol', 'Prucalopride']",1,2,serum concentration,"patient: 55f. drugs: cholesterol 200mg every 8 hours, prucalopride 500mg every 12 hours.","['patient', '55f', 'drugs', 'cholesterol', '200', 'mg', '8', 'hours', 'prucalopride', '500', 'mg', '12', 'hours']",13
"Patient: 45F. Drugs: Atorvastatin 75mg every 8 hours, Deferasirox 50mg every 6 hours, Foscarnet 100mg twice daily, Stiripentol.","['Atorvastatin', 'Deferasirox', 'Foscarnet', 'Stiripentol']",1,3,risk or severity of adverse effects,"patient: 45f. drugs: atorvastatin 75mg every 8 hours, deferasirox 50mg every 6 hours, foscarnet 100mg twice daily, stiripentol.","['patient', '45f', 'drugs', 'atorvastatin', '75', 'mg', '8', 'hours', 'deferasirox', '50', 'mg', '6', 'hours', 'foscarnet', '100', 'mg', 'twice', 'daily', 'stiripentol']",19
"Patient: 68M. Drugs: Hydroxychloroquine 25mg every 12 hours, Allylestrenol, Diphenhydramine 200mg every 8 hours.","['Hydroxychloroquine', 'Allylestrenol', 'Diphenhydramine']",0,0,none,"patient: 68m. drugs: hydroxychloroquine 25mg every 12 hours, allylestrenol, diphenhydramine 200mg every 8 hours.","['patient', '68', 'm.', 'drugs', 'hydroxychloroquine', '25', 'mg', '12', 'hours', 'allylestrenol', 'diphenhydramine', '200', 'mg', '8', 'hours']",15
"Patient: 35F. Drugs: Fluindione 500mg once daily, Testosterone undecanoate 50mg as needed.","['Fluindione', 'Testosterone undecanoate']",1,1,therapeutic efficacy,"patient: 35f. drugs: fluindione 500mg once daily, testosterone undecanoate 50mg as needed.","['patient', '35f', 'drugs', 'fluindione', '500', 'mg', 'daily', 'testosterone', 'undecanoate', '50', 'mg', 'needed']",12
"Patient: 62M. Drugs: Phensuximide 500mg after meals, Benzthiazide, Empagliflozin 50mg before meals.","['Phensuximide', 'Benzthiazide', 'Empagliflozin']",1,1,therapeutic efficacy,"patient: 62m. drugs: phensuximide 500mg after meals, benzthiazide, empagliflozin 50mg before meals.","['patient', '62', 'm.', 'drugs', 'phensuximide', '500', 'mg', 'meals', 'benzthiazide', 'empagliflozin', '50', 'mg', 'meals']",13
"Patient: 30M. Drugs: Sotalol, Sevoflurane.","['Sotalol', 'Sevoflurane']",1,2,QTc-prolonging activities,"patient: 30m. drugs: sotalol, sevoflurane.","['patient', '30', 'm.', 'drugs', 'sotalol', 'sevoflurane']",6
"Patient: 55F. Drugs: Ketoconazole 75mg every 6 hours, Bromocriptine 100mg as needed.","['Ketoconazole', 'Bromocriptine']",1,3,risk or severity of adverse effects,"patient: 55f. drugs: ketoconazole 75mg every 6 hours, bromocriptine 100mg as needed.","['patient', '55f', 'drugs', 'ketoconazole', '75', 'mg', '6', 'hours', 'bromocriptine', '100', 'mg', 'needed']",12
"Patient: 33M. Drugs: Ergotamine, Nabiximols 200mg before meals.","['Ergotamine', 'Nabiximols']",0,0,none,"patient: 33m. drugs: ergotamine, nabiximols 200mg before meals.","['patient', '33', 'm.', 'drugs', 'ergotamine', 'nabiximols', '200', 'mg', 'meals']",9
"Patient: 58M. Drugs: Pentaerythritol Tetranitrate 500mg twice daily, Testosterone cypionate 25mg every 8 hours.","['Pentaerythritol Tetranitrate', 'Testosterone cypionate']",1,1,therapeutic efficacy,"patient: 58m. drugs: pentaerythritol tetranitrate 500mg twice daily, testosterone cypionate 25mg every 8 hours.","['patient', '58', 'm.', 'drugs', 'pentaerythritol', 'tetranitrate', '500', 'mg', 'twice', 'daily', 'testosterone', 'cypionate', '25', 'mg', '8', 'hours']",16
"Patient: 55F. Drugs: Metolazone 50mg as needed, Fenbufen 100mg once daily.","['Metolazone', 'Fenbufen']",1,1,therapeutic efficacy,"patient: 55f. drugs: metolazone 50mg as needed, fenbufen 100mg once daily.","['patient', '55f', 'drugs', 'metolazone', '50', 'mg', 'needed', 'fenbufen', '100', 'mg', 'daily']",11
"Patient: 55F. Drugs: Betamethasone 200mg before meals, Benperidol 500mg once daily.","['Betamethasone', 'Benperidol']",0,0,none,"patient: 55f. drugs: betamethasone 200mg before meals, benperidol 500mg once daily.","['patient', '55f', 'drugs', 'betamethasone', '200', 'mg', 'meals', 'benperidol', '500', 'mg', 'daily']",11
"Patient: 62M. Drugs: Hydroxyzine 25mg before meals, Ioflupane I-123 200mg after meals, Methyclothiazide 100mg once daily.","['Hydroxyzine', 'Ioflupane I-123', 'Methyclothiazide']",0,0,none,"patient: 62m. drugs: hydroxyzine 25mg before meals, ioflupane i123 200mg after meals, methyclothiazide 100mg once daily.","['patient', '62', 'm.', 'drugs', 'hydroxyzine', '25', 'mg', 'meals', 'ioflupane', 'i123', '200', 'mg', 'meals', 'methyclothiazide', '100', 'mg', 'daily']",17
"Patient: 62M. Drugs: Methdilazine 75mg after meals, Technetium Tc-99m mebrofenin, Equilin 25mg before meals, Nicotine.","['Methdilazine', 'Technetium Tc-99m mebrofenin', 'Equilin', 'Nicotine']",0,0,none,"patient: 62m. drugs: methdilazine 75mg after meals, technetium tc99m mebrofenin, equilin 25mg before meals, nicotine.","['patient', '62', 'm.', 'drugs', 'methdilazine', '75', 'mg', 'meals', 'technetium', 'tc99', 'm', 'mebrofenin', 'equilin', '25', 'mg', 'meals', 'nicotine']",17
"Patient: 35F. Drugs: Fluindione 500mg once daily, Testosterone undecanoate 50mg as needed.","['Fluindione', 'Testosterone undecanoate']",1,1,therapeutic efficacy,"patient: 35f. drugs: fluindione 500mg once daily, testosterone undecanoate 50mg as needed.","['patient', '35f', 'drugs', 'fluindione', '500', 'mg', 'daily', 'testosterone', 'undecanoate', '50', 'mg', 'needed']",12
"Patient: 30M. Drugs: Resveratrol 50mg after meals, Vilanterol 25mg every 12 hours, Protriptyline 25mg three times daily.","['Resveratrol', 'Vilanterol', 'Protriptyline']",1,3,risk or severity of adverse effects,"patient: 30m. drugs: resveratrol 50mg after meals, vilanterol 25mg every 12 hours, protriptyline 25mg three times daily.","['patient', '30', 'm.', 'drugs', 'resveratrol', '50', 'mg', 'meals', 'vilanterol', '25', 'mg', '12', 'hours', 'protriptyline', '25', 'mg', 'times', 'daily']",18
"Patient: 40M. Drugs: Clobetasol 200mg twice daily, Doripenem 25mg every 12 hours, L-Phenylalanine, Pentolinium.","['Clobetasol', 'Doripenem', 'L-Phenylalanine', 'Pentolinium']",0,0,none,"patient: 40m. drugs: clobetasol 200mg twice daily, doripenem 25mg every 12 hours, lphenylalanine, pentolinium.","['patient', '40', 'm.', 'drugs', 'clobetasol', '200', 'mg', 'twice', 'daily', 'doripenem', '25', 'mg', '12', 'hours', 'lphenylalanine', 'pentolinium']",16
"Patient: 52M. Drugs: Phenylpropanolamine 100mg before meals, Technetium Tc-99m oxidronate, Olopatadine, Tolmetin.","['Phenylpropanolamine', 'Technetium Tc-99m oxidronate', 'Olopatadine', 'Tolmetin']",1,3,risk or severity of adverse effects,"patient: 52m. drugs: phenylpropanolamine 100mg before meals, technetium tc99m oxidronate, olopatadine, tolmetin.","['patient', '52', 'm.', 'drugs', 'phenylpropanolamine', '100', 'mg', 'meals', 'technetium', 'tc99', 'm', 'oxidronate', 'olopatadine', 'tolmetin']",14
"Patient: 58M. Drugs: Salsalate 200mg as needed, Desoxycorticosterone acetate 500mg as needed, Dextrothyroxine.","['Salsalate', 'Desoxycorticosterone acetate', 'Dextrothyroxine']",1,3,risk or severity of adverse effects,"patient: 58m. drugs: salsalate 200mg as needed, desoxycorticosterone acetate 500mg as needed, dextrothyroxine.","['patient', '58', 'm.', 'drugs', 'salsalate', '200', 'mg', 'needed', 'desoxycorticosterone', 'acetate', '500', 'mg', 'needed', 'dextrothyroxine']",14
"Patient: 70F. Drugs: Methylphenobarbital 75mg before meals, Tetrabenazine 75mg before meals.","['Methylphenobarbital', 'Tetrabenazine']",1,3,risk or severity of adverse effects,"patient: 70f. drugs: methylphenobarbital 75mg before meals, tetrabenazine 75mg before meals.","['patient', '70f', 'drugs', 'methylphenobarbital', '75', 'mg', 'meals', 'tetrabenazine', '75', 'mg', 'meals']",11
"Patient: 25F. Drugs: Vorapaxar 200mg twice daily, Ritodrine, Vapreotide, Phensuximide 500mg after meals.","['Vorapaxar', 'Ritodrine', 'Vapreotide', 'Phensuximide']",0,0,none,"patient: 25f. drugs: vorapaxar 200mg twice daily, ritodrine, vapreotide, phensuximide 500mg after meals.","['patient', '25f', 'drugs', 'vorapaxar', '200', 'mg', 'twice', 'daily', 'ritodrine', 'vapreotide', 'phensuximide', '500', 'mg', 'meals']",14
"Patient: 62M. Drugs: Phensuximide 500mg after meals, Benzthiazide, Empagliflozin 50mg before meals.","['Phensuximide', 'Benzthiazide', 'Empagliflozin']",1,1,therapeutic efficacy,"patient: 62m. drugs: phensuximide 500mg after meals, benzthiazide, empagliflozin 50mg before meals.","['patient', '62', 'm.', 'drugs', 'phensuximide', '500', 'mg', 'meals', 'benzthiazide', 'empagliflozin', '50', 'mg', 'meals']",13
"Patient: 30M. Drugs: Levothyroxine, Dienestrol 100mg three times daily.","['Levothyroxine', 'Dienestrol']",1,1,therapeutic efficacy,"patient: 30m. drugs: levothyroxine, dienestrol 100mg three times daily.","['patient', '30', 'm.', 'drugs', 'levothyroxine', 'dienestrol', '100', 'mg', 'times', 'daily']",10
"Patient: 75M. Drugs: Mometasone 200mg every 12 hours, Cyclizine 200mg before meals, Methyl salicylate 200mg twice daily, Vardenafil 75mg once daily.","['Mometasone', 'Cyclizine', 'Methyl salicylate', 'Vardenafil']",1,3,risk or severity of adverse effects,"patient: 75m. drugs: mometasone 200mg every 12 hours, cyclizine 200mg before meals, methyl salicylate 200mg twice daily, vardenafil 75mg once daily.","['patient', '75', 'm.', 'drugs', 'mometasone', '200', 'mg', '12', 'hours', 'cyclizine', '200', 'mg', 'meals', 'methyl', 'salicylate', '200', 'mg', 'twice', 'daily', 'vardenafil', '75', 'mg', 'daily']",23
"Patient: 62M. Drugs: Pholcodine 75mg every 12 hours, Benzophenone 200mg once daily.","['Pholcodine', 'Benzophenone']",0,0,none,"patient: 62m. drugs: pholcodine 75mg every 12 hours, benzophenone 200mg once daily.","['patient', '62', 'm.', 'drugs', 'pholcodine', '75', 'mg', '12', 'hours', 'benzophenone', '200', 'mg', 'daily']",13
"Patient: 45F. Drugs: Aprindine 200mg three times daily, Methyldopa.","['Aprindine', 'Methyldopa']",0,0,none,"patient: 45f. drugs: aprindine 200mg three times daily, methyldopa.","['patient', '45f', 'drugs', 'aprindine', '200', 'mg', 'times', 'daily', 'methyldopa']",9
"Patient: 70F. Drugs: Bretylium 25mg once daily, Phentermine.","['Bretylium', 'Phentermine']",0,0,none,"patient: 70f. drugs: bretylium 25mg once daily, phentermine.","['patient', '70f', 'drugs', 'bretylium', '25', 'mg', 'daily', 'phentermine']",8
"Patient: 70F. Drugs: Dextropropoxyphene, Rosuvastatin.","['Dextropropoxyphene', 'Rosuvastatin']",1,2,serum concentration,"patient: 70f. drugs: dextropropoxyphene, rosuvastatin.","['patient', '70f', 'drugs', 'dextropropoxyphene', 'rosuvastatin']",5
"Patient: 48F. Drugs: Trimetrexate, Bepridil 200mg three times daily, Isosorbide Mononitrate 200mg every 6 hours.","['Trimetrexate', 'Bepridil', 'Isosorbide Mononitrate']",1,1,therapeutic efficacy,"patient: 48f. drugs: trimetrexate, bepridil 200mg three times daily, isosorbide mononitrate 200mg every 6 hours.","['patient', '48f', 'drugs', 'trimetrexate', 'bepridil', '200', 'mg', 'times', 'daily', 'isosorbide', 'mononitrate', '200', 'mg', '6', 'hours']",15
"Patient: 30M. Drugs: Levosalbutamol 100mg after meals, Valganciclovir, Benzydamine 500mg every 6 hours, Olanzapine 100mg every 8 hours.","['Levosalbutamol', 'Valganciclovir', 'Benzydamine', 'Olanzapine']",1,2,vasoconstricting activities,"patient: 30m. drugs: levosalbutamol 100mg after meals, valganciclovir, benzydamine 500mg every 6 hours, olanzapine 100mg every 8 hours.","['patient', '30', 'm.', 'drugs', 'levosalbutamol', '100', 'mg', 'meals', 'valganciclovir', 'benzydamine', '500', 'mg', '6', 'hours', 'olanzapine', '100', 'mg', '8', 'hours']",19
"Patient: 40M. Drugs: Clonixin 200mg once daily, Alclofenac 500mg every 6 hours, Phenytoin.","['Clonixin', 'Alclofenac', 'Phenytoin']",1,3,risk or severity of adverse effects,"patient: 40m. drugs: clonixin 200mg once daily, alclofenac 500mg every 6 hours, phenytoin.","['patient', '40', 'm.', 'drugs', 'clonixin', '200', 'mg', 'daily', 'alclofenac', '500', 'mg', '6', 'hours', 'phenytoin']",14
"Patient: 33M. Drugs: Benzphetamine 500mg before meals, Testosterone 100mg twice daily, Ribavirin 200mg once daily.","['Benzphetamine', 'Testosterone', 'Ribavirin']",0,0,none,"patient: 33m. drugs: benzphetamine 500mg before meals, testosterone 100mg twice daily, ribavirin 200mg once daily.","['patient', '33', 'm.', 'drugs', 'benzphetamine', '500', 'mg', 'meals', 'testosterone', '100', 'mg', 'twice', 'daily', 'ribavirin', '200', 'mg', 'daily']",17
"Patient: 45F. Drugs: Ticagrelor 200mg as needed, Methyl salicylate 25mg three times daily, Adenine 500mg every 12 hours.","['Ticagrelor', 'Methyl salicylate', 'Adenine']",1,3,risk or severity of adverse effects,"patient: 45f. drugs: ticagrelor 200mg as needed, methyl salicylate 25mg three times daily, adenine 500mg every 12 hours.","['patient', '45f', 'drugs', 'ticagrelor', '200', 'mg', 'needed', 'methyl', 'salicylate', '25', 'mg', 'times', 'daily', 'adenine', '500', 'mg', '12', 'hours']",18
"Patient: 35F. Drugs: Bivalirudin, Pethidine, Brivaracetam 200mg every 6 hours.","['Bivalirudin', 'Pethidine', 'Brivaracetam']",1,3,risk or severity of adverse effects,"patient: 35f. drugs: bivalirudin, pethidine, brivaracetam 200mg every 6 hours.","['patient', '35f', 'drugs', 'bivalirudin', 'pethidine', 'brivaracetam', '200', 'mg', '6', 'hours']",10
"Patient: 70F. Drugs: Sufentanil 75mg every 6 hours, Methamphetamine, Oxaprozin 100mg twice daily.","['Sufentanil', 'Methamphetamine', 'Oxaprozin']",1,1,analgesic activities,"patient: 70f. drugs: sufentanil 75mg every 6 hours, methamphetamine, oxaprozin 100mg twice daily.","['patient', '70f', 'drugs', 'sufentanil', '75', 'mg', '6', 'hours', 'methamphetamine', 'oxaprozin', '100', 'mg', 'twice', 'daily']",14
"Patient: 52M. Drugs: Phenylpropanolamine 100mg before meals, Technetium Tc-99m oxidronate, Olopatadine, Tolmetin.","['Phenylpropanolamine', 'Technetium Tc-99m oxidronate', 'Olopatadine', 'Tolmetin']",1,3,risk or severity of adverse effects,"patient: 52m. drugs: phenylpropanolamine 100mg before meals, technetium tc99m oxidronate, olopatadine, tolmetin.","['patient', '52', 'm.', 'drugs', 'phenylpropanolamine', '100', 'mg', 'meals', 'technetium', 'tc99', 'm', 'oxidronate', 'olopatadine', 'tolmetin']",14
"Patient: 28F. Drugs: Diazoxide 50mg every 8 hours, Cefpiramide 75mg once daily.","['Diazoxide', 'Cefpiramide']",0,0,none,"patient: 28f. drugs: diazoxide 50mg every 8 hours, cefpiramide 75mg once daily.","['patient', '28f', 'drugs', 'diazoxide', '50', 'mg', '8', 'hours', 'cefpiramide', '75', 'mg', 'daily']",12
"Patient: 48F. Drugs: Sulfadiazine 50mg every 8 hours, Alosetron 500mg every 8 hours, Diazoxide 200mg three times daily.","['Sulfadiazine', 'Alosetron', 'Diazoxide']",1,2,metabolism,"patient: 48f. drugs: sulfadiazine 50mg every 8 hours, alosetron 500mg every 8 hours, diazoxide 200mg three times daily.","['patient', '48f', 'drugs', 'sulfadiazine', '50', 'mg', '8', 'hours', 'alosetron', '500', 'mg', '8', 'hours', 'diazoxide', '200', 'mg', 'times', 'daily']",18
"Patient: 62M. Drugs: Dihydrotachysterol, Pentosan Polysulfate 25mg once daily, Cangrelor 500mg after meals.","['Dihydrotachysterol', 'Pentosan Polysulfate', 'Cangrelor']",1,3,risk or severity of adverse effects,"patient: 62m. drugs: dihydrotachysterol, pentosan polysulfate 25mg once daily, cangrelor 500mg after meals.","['patient', '62', 'm.', 'drugs', 'dihydrotachysterol', 'pentosan', 'polysulfate', '25', 'mg', 'daily', 'cangrelor', '500', 'mg', 'meals']",14
"Patient: 28F. Drugs: Dinoprostone 100mg three times daily, Bromfenac 100mg after meals.","['Dinoprostone', 'Bromfenac']",1,1,therapeutic efficacy,"patient: 28f. drugs: dinoprostone 100mg three times daily, bromfenac 100mg after meals.","['patient', '28f', 'drugs', 'dinoprostone', '100', 'mg', 'times', 'daily', 'bromfenac', '100', 'mg', 'meals']",12
"Patient: 28F. Drugs: Dinoprostone 100mg three times daily, Bromfenac 100mg after meals.","['Dinoprostone', 'Bromfenac']",1,1,therapeutic efficacy,"patient: 28f. drugs: dinoprostone 100mg three times daily, bromfenac 100mg after meals.","['patient', '28f', 'drugs', 'dinoprostone', '100', 'mg', 'times', 'daily', 'bromfenac', '100', 'mg', 'meals']",12
"Patient: 33M. Drugs: Mesalazine, Ammonium chloride 75mg every 12 hours.","['Mesalazine', 'Ammonium chloride']",1,2,serum concentration,"patient: 33m. drugs: mesalazine, ammonium chloride 75mg every 12 hours.","['patient', '33', 'm.', 'drugs', 'mesalazine', 'ammonium', 'chloride', '75', 'mg', '12', 'hours']",11
"Patient: 40M. Drugs: Isotretinoin, Dienogest, Propofol 25mg every 12 hours.","['Isotretinoin', 'Dienogest', 'Propofol']",1,1,therapeutic efficacy,"patient: 40m. drugs: isotretinoin, dienogest, propofol 25mg every 12 hours.","['patient', '40', 'm.', 'drugs', 'isotretinoin', 'dienogest', 'propofol', '25', 'mg', '12', 'hours']",11
"Patient: 75M. Drugs: Penbutolol 25mg after meals, Procaterol 25mg before meals, Procaine 500mg before meals.","['Penbutolol', 'Procaterol', 'Procaine']",1,1,bronchodilatory activities,"patient: 75m. drugs: penbutolol 25mg after meals, procaterol 25mg before meals, procaine 500mg before meals.","['patient', '75', 'm.', 'drugs', 'penbutolol', '25', 'mg', 'meals', 'procaterol', '25', 'mg', 'meals', 'procaine', '500', 'mg', 'meals']",16
"Patient: 58M. Drugs: Reserpine 500mg once daily, Ceftazidime 75mg every 12 hours, Dimetindene 50mg as needed, Aminolevulinic acid.","['Reserpine', 'Ceftazidime', 'Dimetindene', 'Aminolevulinic acid']",0,0,none,"patient: 58m. drugs: reserpine 500mg once daily, ceftazidime 75mg every 12 hours, dimetindene 50mg as needed, aminolevulinic acid.","['patient', '58', 'm.', 'drugs', 'reserpine', '500', 'mg', 'daily', 'ceftazidime', '75', 'mg', '12', 'hours', 'dimetindene', '50', 'mg', 'needed', 'aminolevulinic', 'acid']",19
"Patient: 52M. Drugs: Trospium 75mg as needed, Hydrocodone.","['Trospium', 'Hydrocodone']",1,3,risk or severity of adverse effects,"patient: 52m. drugs: trospium 75mg as needed, hydrocodone.","['patient', '52', 'm.', 'drugs', 'trospium', '75', 'mg', 'needed', 'hydrocodone']",9
"Patient: 40M. Drugs: Melphalan, Cannabidiol, Mirtazapine 50mg every 8 hours.","['Melphalan', 'Cannabidiol', 'Mirtazapine']",0,0,none,"patient: 40m. drugs: melphalan, cannabidiol, mirtazapine 50mg every 8 hours.","['patient', '40', 'm.', 'drugs', 'melphalan', 'cannabidiol', 'mirtazapine', '50', 'mg', '8', 'hours']",11
"Patient: 52M. Drugs: Dapiprazole 200mg every 8 hours, Sumatriptan 100mg three times daily.","['Dapiprazole', 'Sumatriptan']",1,3,risk or severity of adverse effects,"patient: 52m. drugs: dapiprazole 200mg every 8 hours, sumatriptan 100mg three times daily.","['patient', '52', 'm.', 'drugs', 'dapiprazole', '200', 'mg', '8', 'hours', 'sumatriptan', '100', 'mg', 'times', 'daily']",14
"Patient: 55F. Drugs: Tegafur 500mg every 6 hours, Calcium levulinate 25mg three times daily, Clobetasol propionate 50mg every 6 hours, Felodipine.","['Tegafur', 'Calcium levulinate', 'Clobetasol propionate', 'Felodipine']",1,1,therapeutic efficacy,"patient: 55f. drugs: tegafur 500mg every 6 hours, calcium levulinate 25mg three times daily, clobetasol propionate 50mg every 6 hours, felodipine.","['patient', '55f', 'drugs', 'tegafur', '500', 'mg', '6', 'hours', 'calcium', 'levulinate', '25', 'mg', 'times', 'daily', 'clobetasol', 'propionate', '50', 'mg', '6', 'hours', 'felodipine']",21
"Patient: 58M. Drugs: Indapamide 200mg three times daily, Dalfopristin 100mg after meals, Abacavir 50mg as needed, Levorphanol 500mg once daily.","['Indapamide', 'Dalfopristin', 'Abacavir', 'Levorphanol']",1,3,risk or severity of adverse effects,"patient: 58m. drugs: indapamide 200mg three times daily, dalfopristin 100mg after meals, abacavir 50mg as needed, levorphanol 500mg once daily.","['patient', '58', 'm.', 'drugs', 'indapamide', '200', 'mg', 'times', 'daily', 'dalfopristin', '100', 'mg', 'meals', 'abacavir', '50', 'mg', 'needed', 'levorphanol', '500', 'mg', 'daily']",21
"Patient: 45F. Drugs: Atorvastatin 75mg every 8 hours, Deferasirox 50mg every 6 hours, Foscarnet 100mg twice daily, Stiripentol.","['Atorvastatin', 'Deferasirox', 'Foscarnet', 'Stiripentol']",1,3,risk or severity of adverse effects,"patient: 45f. drugs: atorvastatin 75mg every 8 hours, deferasirox 50mg every 6 hours, foscarnet 100mg twice daily, stiripentol.","['patient', '45f', 'drugs', 'atorvastatin', '75', 'mg', '8', 'hours', 'deferasirox', '50', 'mg', '6', 'hours', 'foscarnet', '100', 'mg', 'twice', 'daily', 'stiripentol']",19
"Patient: 45F. Drugs: Dofetilide 200mg every 12 hours, Citalopram 200mg every 8 hours.","['Dofetilide', 'Citalopram']",1,3,risk or severity of QTc prolongation,"patient: 45f. drugs: dofetilide 200mg every 12 hours, citalopram 200mg every 8 hours.","['patient', '45f', 'drugs', 'dofetilide', '200', 'mg', '12', 'hours', 'citalopram', '200', 'mg', '8', 'hours']",13
"Patient: 58M. Drugs: Olopatadine, Hydroflumethiazide 200mg every 12 hours.","['Olopatadine', 'Hydroflumethiazide']",1,1,therapeutic efficacy,"patient: 58m. drugs: olopatadine, hydroflumethiazide 200mg every 12 hours.","['patient', '58', 'm.', 'drugs', 'olopatadine', 'hydroflumethiazide', '200', 'mg', '12', 'hours']",10
"Patient: 68M. Drugs: Hydroxychloroquine 25mg every 12 hours, Allylestrenol, Diphenhydramine 200mg every 8 hours.","['Hydroxychloroquine', 'Allylestrenol', 'Diphenhydramine']",0,0,none,"patient: 68m. drugs: hydroxychloroquine 25mg every 12 hours, allylestrenol, diphenhydramine 200mg every 8 hours.","['patient', '68', 'm.', 'drugs', 'hydroxychloroquine', '25', 'mg', '12', 'hours', 'allylestrenol', 'diphenhydramine', '200', 'mg', '8', 'hours']",15
"Patient: 75M. Drugs: Minaprine 500mg twice daily, Desonide 200mg every 8 hours, Thiotepa 100mg three times daily.","['Minaprine', 'Desonide', 'Thiotepa']",1,3,risk or severity of adverse effects,"patient: 75m. drugs: minaprine 500mg twice daily, desonide 200mg every 8 hours, thiotepa 100mg three times daily.","['patient', '75', 'm.', 'drugs', 'minaprine', '500', 'mg', 'twice', 'daily', 'desonide', '200', 'mg', '8', 'hours', 'thiotepa', '100', 'mg', 'times', 'daily']",19
"Patient: 48F. Drugs: Bupivacaine, Tezacaftor 25mg every 8 hours, Tizanidine 500mg as needed.","['Bupivacaine', 'Tezacaftor', 'Tizanidine']",1,3,risk or severity of adverse effects,"patient: 48f. drugs: bupivacaine, tezacaftor 25mg every 8 hours, tizanidine 500mg as needed.","['patient', '48f', 'drugs', 'bupivacaine', 'tezacaftor', '25', 'mg', '8', 'hours', 'tizanidine', '500', 'mg', 'needed']",13
"Patient: 55F. Drugs: Tegafur 500mg every 6 hours, Calcium levulinate 25mg three times daily, Clobetasol propionate 50mg every 6 hours, Felodipine.","['Tegafur', 'Calcium levulinate', 'Clobetasol propionate', 'Felodipine']",1,1,therapeutic efficacy,"patient: 55f. drugs: tegafur 500mg every 6 hours, calcium levulinate 25mg three times daily, clobetasol propionate 50mg every 6 hours, felodipine.","['patient', '55f', 'drugs', 'tegafur', '500', 'mg', '6', 'hours', 'calcium', 'levulinate', '25', 'mg', 'times', 'daily', 'clobetasol', 'propionate', '50', 'mg', '6', 'hours', 'felodipine']",21
"Patient: 48F. Drugs: Leflunomide 100mg every 8 hours, Butenafine 25mg as needed, Quinethazone.","['Leflunomide', 'Butenafine', 'Quinethazone']",1,1,therapeutic efficacy,"patient: 48f. drugs: leflunomide 100mg every 8 hours, butenafine 25mg as needed, quinethazone.","['patient', '48f', 'drugs', 'leflunomide', '100', 'mg', '8', 'hours', 'butenafine', '25', 'mg', 'needed', 'quinethazone']",13
"Patient: 75M. Drugs: Mometasone 200mg every 12 hours, Cyclizine 200mg before meals, Methyl salicylate 200mg twice daily, Vardenafil 75mg once daily.","['Mometasone', 'Cyclizine', 'Methyl salicylate', 'Vardenafil']",1,3,risk or severity of adverse effects,"patient: 75m. drugs: mometasone 200mg every 12 hours, cyclizine 200mg before meals, methyl salicylate 200mg twice daily, vardenafil 75mg once daily.","['patient', '75', 'm.', 'drugs', 'mometasone', '200', 'mg', '12', 'hours', 'cyclizine', '200', 'mg', 'meals', 'methyl', 'salicylate', '200', 'mg', 'twice', 'daily', 'vardenafil', '75', 'mg', 'daily']",23
"Patient: 30M. Drugs: Nafcillin, Mefloquine 50mg twice daily, DL-Methylephedrine 75mg before meals, Griseofulvin 100mg every 8 hours.","['Nafcillin', 'Mefloquine', 'DL-Methylephedrine', 'Griseofulvin']",0,0,none,"patient: 30m. drugs: nafcillin, mefloquine 50mg twice daily, dlmethylephedrine 75mg before meals, griseofulvin 100mg every 8 hours.","['patient', '30', 'm.', 'drugs', 'nafcillin', 'mefloquine', '50', 'mg', 'twice', 'daily', 'dlmethylephedrine', '75', 'mg', 'meals', 'griseofulvin', '100', 'mg', '8', 'hours']",19
"Patient: 75M. Drugs: Pravastatin, Diazepam.","['Pravastatin', 'Diazepam']",1,2,serum concentration,"patient: 75m. drugs: pravastatin, diazepam.","['patient', '75', 'm.', 'drugs', 'pravastatin', 'diazepam']",6
"Patient: 52M. Drugs: Benzphetamine 500mg every 12 hours, Carvedilol 50mg after meals.","['Benzphetamine', 'Carvedilol']",1,2,atrioventricular blocking (AV block) activities,"patient: 52m. drugs: benzphetamine 500mg every 12 hours, carvedilol 50mg after meals.","['patient', '52', 'm.', 'drugs', 'benzphetamine', '500', 'mg', '12', 'hours', 'carvedilol', '50', 'mg', 'meals']",13
"Patient: 48F. Drugs: Diclofenac, Pralatrexate 75mg once daily.","['Diclofenac', 'Pralatrexate']",1,2,serum concentration,"patient: 48f. drugs: diclofenac, pralatrexate 75mg once daily.","['patient', '48f', 'drugs', 'diclofenac', 'pralatrexate', '75', 'mg', 'daily']",8
"Patient: 60F. Drugs: Etacrynic acid, Dexbrompheniramine, Trolamine salicylate 200mg three times daily, Temsirolimus 50mg once daily.","['Etacrynic acid', 'Dexbrompheniramine', 'Trolamine salicylate', 'Temsirolimus']",1,1,therapeutic efficacy,"patient: 60f. drugs: etacrynic acid, dexbrompheniramine, trolamine salicylate 200mg three times daily, temsirolimus 50mg once daily.","['patient', '60f', 'drugs', 'etacrynic', 'acid', 'dexbrompheniramine', 'trolamine', 'salicylate', '200', 'mg', 'times', 'daily', 'temsirolimus', '50', 'mg', 'daily']",16
"Patient: 55F. Drugs: Benzatropine 50mg three times daily, Benzylpenicilloyl Polylysine.","['Benzatropine', 'Benzylpenicilloyl Polylysine']",1,1,diagnostic agent,"patient: 55f. drugs: benzatropine 50mg three times daily, benzylpenicilloyl polylysine.","['patient', '55f', 'drugs', 'benzatropine', '50', 'mg', 'times', 'daily', 'benzylpenicilloyl', 'polylysine']",10
"Patient: 55F. Drugs: Ofloxacin 100mg twice daily, Calcium gluconate 100mg before meals, Semaglutide 500mg every 6 hours.","['Ofloxacin', 'Calcium gluconate', 'Semaglutide']",1,1,absorption,"patient: 55f. drugs: ofloxacin 100mg twice daily, calcium gluconate 100mg before meals, semaglutide 500mg every 6 hours.","['patient', '55f', 'drugs', 'ofloxacin', '100', 'mg', 'twice', 'daily', 'calcium', 'gluconate', '100', 'mg', 'meals', 'semaglutide', '500', 'mg', '6', 'hours']",18
"Patient: 75M. Drugs: Tenoxicam, Trametinib 50mg every 6 hours, Indomethacin, Fosinopril 75mg every 12 hours.","['Tenoxicam', 'Trametinib', 'Indomethacin', 'Fosinopril']",1,3,risk or severity of adverse effects,"patient: 75m. drugs: tenoxicam, trametinib 50mg every 6 hours, indomethacin, fosinopril 75mg every 12 hours.","['patient', '75', 'm.', 'drugs', 'tenoxicam', 'trametinib', '50', 'mg', '6', 'hours', 'indomethacin', 'fosinopril', '75', 'mg', '12', 'hours']",16
"Patient: 28F. Drugs: Betamethasone 25mg every 6 hours, Phenylbutyric acid 50mg every 6 hours.","['Betamethasone', 'Phenylbutyric acid']",1,1,therapeutic efficacy,"patient: 28f. drugs: betamethasone 25mg every 6 hours, phenylbutyric acid 50mg every 6 hours.","['patient', '28f', 'drugs', 'betamethasone', '25', 'mg', '6', 'hours', 'phenylbutyric', 'acid', '50', 'mg', '6', 'hours']",14
"Patient: 70F. Drugs: Sufentanil 75mg every 6 hours, Methamphetamine, Oxaprozin 100mg twice daily.","['Sufentanil', 'Methamphetamine', 'Oxaprozin']",1,1,analgesic activities,"patient: 70f. drugs: sufentanil 75mg every 6 hours, methamphetamine, oxaprozin 100mg twice daily.","['patient', '70f', 'drugs', 'sufentanil', '75', 'mg', '6', 'hours', 'methamphetamine', 'oxaprozin', '100', 'mg', 'twice', 'daily']",14
"Patient: 58M. Drugs: Efavirenz 75mg three times daily, Crizotinib.","['Efavirenz', 'Crizotinib']",1,2,metabolism,"patient: 58m. drugs: efavirenz 75mg three times daily, crizotinib.","['patient', '58', 'm.', 'drugs', 'efavirenz', '75', 'mg', 'times', 'daily', 'crizotinib']",10
"Patient: 28F. Drugs: Terconazole 500mg three times daily, Efonidipine 75mg three times daily, Methdilazine 200mg every 6 hours.","['Terconazole', 'Efonidipine', 'Methdilazine']",1,1,therapeutic efficacy,"patient: 28f. drugs: terconazole 500mg three times daily, efonidipine 75mg three times daily, methdilazine 200mg every 6 hours.","['patient', '28f', 'drugs', 'terconazole', '500', 'mg', 'times', 'daily', 'efonidipine', '75', 'mg', 'times', 'daily', 'methdilazine', '200', 'mg', '6', 'hours']",18
"Patient: 58M. Drugs: Acetohexamide, Letrozole.","['Acetohexamide', 'Letrozole']",0,0,none,"patient: 58m. drugs: acetohexamide, letrozole.","['patient', '58', 'm.', 'drugs', 'acetohexamide', 'letrozole']",6
"Patient: 52M. Drugs: Trimipramine, Promethazine.","['Trimipramine', 'Promethazine']",1,3,risk or severity of adverse effects,"patient: 52m. drugs: trimipramine, promethazine.","['patient', '52', 'm.', 'drugs', 'trimipramine', 'promethazine']",6
"Patient: 35F. Drugs: Hydrocortisone, Mifamurtide.","['Hydrocortisone', 'Mifamurtide']",1,1,therapeutic efficacy,"patient: 35f. drugs: hydrocortisone, mifamurtide.","['patient', '35f', 'drugs', 'hydrocortisone', 'mifamurtide']",5
"Patient: 75M. Drugs: Mexiletine, Trifluoperazine.","['Mexiletine', 'Trifluoperazine']",1,2,metabolism,"patient: 75m. drugs: mexiletine, trifluoperazine.","['patient', '75', 'm.', 'drugs', 'mexiletine', 'trifluoperazine']",6
"Patient: 35F. Drugs: Anidulafungin 50mg every 12 hours, Cinnarizine 25mg every 8 hours, Flibanserin 500mg every 12 hours.","['Anidulafungin', 'Cinnarizine', 'Flibanserin']",1,1,therapeutic efficacy,"patient: 35f. drugs: anidulafungin 50mg every 12 hours, cinnarizine 25mg every 8 hours, flibanserin 500mg every 12 hours.","['patient', '35f', 'drugs', 'anidulafungin', '50', 'mg', '12', 'hours', 'cinnarizine', '25', 'mg', '8', 'hours', 'flibanserin', '500', 'mg', '12', 'hours']",18
"Patient: 25F. Drugs: Tolperisone, Tafenoquine 50mg after meals.","['Tolperisone', 'Tafenoquine']",0,0,none,"patient: 25f. drugs: tolperisone, tafenoquine 50mg after meals.","['patient', '25f', 'drugs', 'tolperisone', 'tafenoquine', '50', 'mg', 'meals']",8
"Patient: 45F. Drugs: Polythiazide 500mg three times daily, Octreotide 75mg as needed, Aclidinium 50mg before meals.","['Polythiazide', 'Octreotide', 'Aclidinium']",1,2,serum concentration,"patient: 45f. drugs: polythiazide 500mg three times daily, octreotide 75mg as needed, aclidinium 50mg before meals.","['patient', '45f', 'drugs', 'polythiazide', '500', 'mg', 'times', 'daily', 'octreotide', '75', 'mg', 'needed', 'aclidinium', '50', 'mg', 'meals']",16
"Patient: 28F. Drugs: Cyclandelate 200mg every 8 hours, Capsaicin 200mg every 12 hours, Chloroquine 100mg every 8 hours.","['Cyclandelate', 'Capsaicin', 'Chloroquine']",1,3,risk or severity of adverse effects,"patient: 28f. drugs: cyclandelate 200mg every 8 hours, capsaicin 200mg every 12 hours, chloroquine 100mg every 8 hours.","['patient', '28f', 'drugs', 'cyclandelate', '200', 'mg', '8', 'hours', 'capsaicin', '200', 'mg', '12', 'hours', 'chloroquine', '100', 'mg', '8', 'hours']",18
"Patient: 60F. Drugs: Amifostine 200mg as needed, Fimasartan 75mg before meals.","['Amifostine', 'Fimasartan']",1,3,risk or severity of adverse effects,"patient: 60f. drugs: amifostine 200mg as needed, fimasartan 75mg before meals.","['patient', '60f', 'drugs', 'amifostine', '200', 'mg', 'needed', 'fimasartan', '75', 'mg', 'meals']",11
"Patient: 52M. Drugs: Ferumoxytol 100mg once daily, Mirabegron 200mg as needed, Capecitabine 75mg as needed.","['Ferumoxytol', 'Mirabegron', 'Capecitabine']",0,0,none,"patient: 52m. drugs: ferumoxytol 100mg once daily, mirabegron 200mg as needed, capecitabine 75mg as needed.","['patient', '52', 'm.', 'drugs', 'ferumoxytol', '100', 'mg', 'daily', 'mirabegron', '200', 'mg', 'needed', 'capecitabine', '75', 'mg', 'needed']",16
"Patient: 55F. Drugs: Imiquimod, Leflunomide 100mg every 12 hours.","['Imiquimod', 'Leflunomide']",1,3,risk or severity of adverse effects,"patient: 55f. drugs: imiquimod, leflunomide 100mg every 12 hours.","['patient', '55f', 'drugs', 'imiquimod', 'leflunomide', '100', 'mg', '12', 'hours']",9
"Patient: 52M. Drugs: Sirolimus 50mg once daily, Enzalutamide.","['Sirolimus', 'Enzalutamide']",1,2,serum concentration,"patient: 52m. drugs: sirolimus 50mg once daily, enzalutamide.","['patient', '52', 'm.', 'drugs', 'sirolimus', '50', 'mg', 'daily', 'enzalutamide']",9
"Patient: 62M. Drugs: Docetaxel 500mg every 12 hours, Lenvatinib.","['Docetaxel', 'Lenvatinib']",1,3,risk or severity of adverse effects,"patient: 62m. drugs: docetaxel 500mg every 12 hours, lenvatinib.","['patient', '62', 'm.', 'drugs', 'docetaxel', '500', 'mg', '12', 'hours', 'lenvatinib']",10
"Patient: 45F. Drugs: Bicalutamide, Dihydroergocristine 500mg as needed, Rosuvastatin 200mg before meals.","['Bicalutamide', 'Dihydroergocristine', 'Rosuvastatin']",1,3,risk or severity of adverse effects,"patient: 45f. drugs: bicalutamide, dihydroergocristine 500mg as needed, rosuvastatin 200mg before meals.","['patient', '45f', 'drugs', 'bicalutamide', 'dihydroergocristine', '500', 'mg', 'needed', 'rosuvastatin', '200', 'mg', 'meals']",12
"Patient: 30M. Drugs: Fenbufen 50mg after meals, Sacubitril 500mg after meals, Avatrombopag.","['Fenbufen', 'Sacubitril', 'Avatrombopag']",1,3,risk or severity of adverse effects,"patient: 30m. drugs: fenbufen 50mg after meals, sacubitril 500mg after meals, avatrombopag.","['patient', '30', 'm.', 'drugs', 'fenbufen', '50', 'mg', 'meals', 'sacubitril', '500', 'mg', 'meals', 'avatrombopag']",13
"Patient: 48F. Drugs: Hexobarbital, Ifenprodil 500mg as needed, Mitiglinide, Medroxyprogesterone acetate 50mg once daily.","['Hexobarbital', 'Ifenprodil', 'Mitiglinide', 'Medroxyprogesterone acetate']",1,1,therapeutic efficacy,"patient: 48f. drugs: hexobarbital, ifenprodil 500mg as needed, mitiglinide, medroxyprogesterone acetate 50mg once daily.","['patient', '48f', 'drugs', 'hexobarbital', 'ifenprodil', '500', 'mg', 'needed', 'mitiglinide', 'medroxyprogesterone', 'acetate', '50', 'mg', 'daily']",14
"Patient: 68M. Drugs: Cyclosporine 100mg every 6 hours, Levobupivacaine 75mg every 6 hours, Carbocisteine 25mg every 8 hours.","['Cyclosporine', 'Levobupivacaine', 'Carbocisteine']",1,2,metabolism,"patient: 68m. drugs: cyclosporine 100mg every 6 hours, levobupivacaine 75mg every 6 hours, carbocisteine 25mg every 8 hours.","['patient', '68', 'm.', 'drugs', 'cyclosporine', '100', 'mg', '6', 'hours', 'levobupivacaine', '75', 'mg', '6', 'hours', 'carbocisteine', '25', 'mg', '8', 'hours']",19
"Patient: 62M. Drugs: Lacidipine 500mg every 12 hours, Calcium lactate 25mg once daily, Pivmecillinam 75mg as needed.","['Lacidipine', 'Calcium lactate', 'Pivmecillinam']",1,1,therapeutic efficacy,"patient: 62m. drugs: lacidipine 500mg every 12 hours, calcium lactate 25mg once daily, pivmecillinam 75mg as needed.","['patient', '62', 'm.', 'drugs', 'lacidipine', '500', 'mg', '12', 'hours', 'calcium', 'lactate', '25', 'mg', 'daily', 'pivmecillinam', '75', 'mg', 'needed']",18
"Patient: 68M. Drugs: Flupentixol, Cefoperazone 25mg before meals, Bromfenac 500mg every 12 hours.","['Flupentixol', 'Cefoperazone', 'Bromfenac']",0,0,none,"patient: 68m. drugs: flupentixol, cefoperazone 25mg before meals, bromfenac 500mg every 12 hours.","['patient', '68', 'm.', 'drugs', 'flupentixol', 'cefoperazone', '25', 'mg', 'meals', 'bromfenac', '500', 'mg', '12', 'hours']",14
"Patient: 75M. Drugs: Articaine, Brimonidine 100mg before meals, Clevidipine 75mg every 12 hours, Clavulanate.","['Articaine', 'Brimonidine', 'Clevidipine', 'Clavulanate']",1,3,risk or severity of adverse effects,"patient: 75m. drugs: articaine, brimonidine 100mg before meals, clevidipine 75mg every 12 hours, clavulanate.","['patient', '75', 'm.', 'drugs', 'articaine', 'brimonidine', '100', 'mg', 'meals', 'clevidipine', '75', 'mg', '12', 'hours', 'clavulanate']",15
"Patient: 60F. Drugs: Atazanavir 200mg after meals, Rimonabant 25mg as needed, Minaprine 50mg after meals.","['Atazanavir', 'Rimonabant', 'Minaprine']",1,2,metabolism,"patient: 60f. drugs: atazanavir 200mg after meals, rimonabant 25mg as needed, minaprine 50mg after meals.","['patient', '60f', 'drugs', 'atazanavir', '200', 'mg', 'meals', 'rimonabant', '25', 'mg', 'needed', 'minaprine', '50', 'mg', 'meals']",15
"Patient: 33M. Drugs: Levomethadyl Acetate 25mg as needed, Ketazolam 50mg as needed, Colistimethate 25mg twice daily.","['Levomethadyl Acetate', 'Ketazolam', 'Colistimethate']",1,3,risk or severity of adverse effects,"patient: 33m. drugs: levomethadyl acetate 25mg as needed, ketazolam 50mg as needed, colistimethate 25mg twice daily.","['patient', '33', 'm.', 'drugs', 'levomethadyl', 'acetate', '25', 'mg', 'needed', 'ketazolam', '50', 'mg', 'needed', 'colistimethate', '25', 'mg', 'twice', 'daily']",18
"Patient: 55F. Drugs: Betahistine 200mg after meals, Alcaftadine 200mg once daily, Oxcarbazepine 100mg as needed.","['Betahistine', 'Alcaftadine', 'Oxcarbazepine']",1,1,therapeutic efficacy,"patient: 55f. drugs: betahistine 200mg after meals, alcaftadine 200mg once daily, oxcarbazepine 100mg as needed.","['patient', '55f', 'drugs', 'betahistine', '200', 'mg', 'meals', 'alcaftadine', '200', 'mg', 'daily', 'oxcarbazepine', '100', 'mg', 'needed']",15
"Patient: 30M. Drugs: Cyclophosphamide 25mg three times daily, Imiquimod 50mg three times daily.","['Cyclophosphamide', 'Imiquimod']",1,2,cardiotoxic activities,"patient: 30m. drugs: cyclophosphamide 25mg three times daily, imiquimod 50mg three times daily.","['patient', '30', 'm.', 'drugs', 'cyclophosphamide', '25', 'mg', 'times', 'daily', 'imiquimod', '50', 'mg', 'times', 'daily']",14
"Patient: 25F. Drugs: Pancuronium 500mg every 6 hours, Alendronic acid 100mg every 6 hours, Physostigmine 75mg twice daily.","['Pancuronium', 'Alendronic acid', 'Physostigmine']",1,1,therapeutic efficacy,"patient: 25f. drugs: pancuronium 500mg every 6 hours, alendronic acid 100mg every 6 hours, physostigmine 75mg twice daily.","['patient', '25f', 'drugs', 'pancuronium', '500', 'mg', '6', 'hours', 'alendronic', 'acid', '100', 'mg', '6', 'hours', 'physostigmine', '75', 'mg', 'twice', 'daily']",19
"Patient: 60F. Drugs: Bupivacaine 50mg every 12 hours, Carteolol, Cefradine 25mg before meals.","['Bupivacaine', 'Carteolol', 'Cefradine']",1,2,serum concentration,"patient: 60f. drugs: bupivacaine 50mg every 12 hours, carteolol, cefradine 25mg before meals.","['patient', '60f', 'drugs', 'bupivacaine', '50', 'mg', '12', 'hours', 'carteolol', 'cefradine', '25', 'mg', 'meals']",13
"Patient: 58M. Drugs: Gamma Hydroxybutyric Acid, Pipotiazine.","['Gamma Hydroxybutyric Acid', 'Pipotiazine']",1,3,risk or severity of adverse effects,"patient: 58m. drugs: gamma hydroxybutyric acid, pipotiazine.","['patient', '58', 'm.', 'drugs', 'gamma', 'hydroxybutyric', 'acid', 'pipotiazine']",8
"Patient: 60F. Drugs: Selegiline 25mg as needed, Bupranolol 50mg before meals.","['Selegiline', 'Bupranolol']",1,2,hypotensive activities,"patient: 60f. drugs: selegiline 25mg as needed, bupranolol 50mg before meals.","['patient', '60f', 'drugs', 'selegiline', '25', 'mg', 'needed', 'bupranolol', '50', 'mg', 'meals']",11
"Patient: 70F. Drugs: Cimetidine 500mg every 8 hours, Carteolol 25mg every 12 hours.","['Cimetidine', 'Carteolol']",1,2,metabolism,"patient: 70f. drugs: cimetidine 500mg every 8 hours, carteolol 25mg every 12 hours.","['patient', '70f', 'drugs', 'cimetidine', '500', 'mg', '8', 'hours', 'carteolol', '25', 'mg', '12', 'hours']",13
"Patient: 33M. Drugs: Naftifine 25mg every 12 hours, Efonidipine 75mg as needed, Flumethasone 25mg every 12 hours.","['Naftifine', 'Efonidipine', 'Flumethasone']",1,1,therapeutic efficacy,"patient: 33m. drugs: naftifine 25mg every 12 hours, efonidipine 75mg as needed, flumethasone 25mg every 12 hours.","['patient', '33', 'm.', 'drugs', 'naftifine', '25', 'mg', '12', 'hours', 'efonidipine', '75', 'mg', 'needed', 'flumethasone', '25', 'mg', '12', 'hours']",18
"Patient: 25F. Drugs: Piritramide 500mg three times daily, Demeclocycline 25mg every 12 hours, Rizatriptan, Vancomycin.","['Piritramide', 'Demeclocycline', 'Rizatriptan', 'Vancomycin']",0,0,none,"patient: 25f. drugs: piritramide 500mg three times daily, demeclocycline 25mg every 12 hours, rizatriptan, vancomycin.","['patient', '25f', 'drugs', 'piritramide', '500', 'mg', 'times', 'daily', 'demeclocycline', '25', 'mg', '12', 'hours', 'rizatriptan', 'vancomycin']",15
"Patient: 33M. Drugs: Pazopanib 25mg after meals, Physostigmine 25mg before meals, Lenalidomide 50mg before meals.","['Pazopanib', 'Physostigmine', 'Lenalidomide']",0,0,none,"patient: 33m. drugs: pazopanib 25mg after meals, physostigmine 25mg before meals, lenalidomide 50mg before meals.","['patient', '33', 'm.', 'drugs', 'pazopanib', '25', 'mg', 'meals', 'physostigmine', '25', 'mg', 'meals', 'lenalidomide', '50', 'mg', 'meals']",16
"Patient: 68M. Drugs: Technetium Tc-99m mebrofenin 75mg every 12 hours, Papaverine.","['Technetium Tc-99m mebrofenin', 'Papaverine']",0,0,none,"patient: 68m. drugs: technetium tc99m mebrofenin 75mg every 12 hours, papaverine.","['patient', '68', 'm.', 'drugs', 'technetium', 'tc99', 'm', 'mebrofenin', '75', 'mg', '12', 'hours', 'papaverine']",13
"Patient: 58M. Drugs: Bortezomib 500mg after meals, Zonisamide 200mg after meals.","['Bortezomib', 'Zonisamide']",1,2,metabolism,"patient: 58m. drugs: bortezomib 500mg after meals, zonisamide 200mg after meals.","['patient', '58', 'm.', 'drugs', 'bortezomib', '500', 'mg', 'meals', 'zonisamide', '200', 'mg', 'meals']",12
"Patient: 40M. Drugs: Timolol, Phenylpropanolamine 75mg every 6 hours.","['Timolol', 'Phenylpropanolamine']",1,1,bronchodilatory activities,"patient: 40m. drugs: timolol, phenylpropanolamine 75mg every 6 hours.","['patient', '40', 'm.', 'drugs', 'timolol', 'phenylpropanolamine', '75', 'mg', '6', 'hours']",10
"Patient: 58M. Drugs: Technetium Tc-99m mebrofenin 200mg once daily, Chromium picolinate 75mg as needed.","['Technetium Tc-99m mebrofenin', 'Chromium picolinate']",0,0,none,"patient: 58m. drugs: technetium tc99m mebrofenin 200mg once daily, chromium picolinate 75mg as needed.","['patient', '58', 'm.', 'drugs', 'technetium', 'tc99', 'm', 'mebrofenin', '200', 'mg', 'daily', 'chromium', 'picolinate', '75', 'mg', 'needed']",16
"Patient: 25F. Drugs: Ebastine 75mg every 8 hours, Polaprezinc 25mg every 12 hours, Probenecid 100mg three times daily, Saquinavir 75mg once daily.","['Ebastine', 'Polaprezinc', 'Probenecid', 'Saquinavir']",0,0,none,"patient: 25f. drugs: ebastine 75mg every 8 hours, polaprezinc 25mg every 12 hours, probenecid 100mg three times daily, saquinavir 75mg once daily.","['patient', '25f', 'drugs', 'ebastine', '75', 'mg', '8', 'hours', 'polaprezinc', '25', 'mg', '12', 'hours', 'probenecid', '100', 'mg', 'times', 'daily', 'saquinavir', '75', 'mg', 'daily']",22
"Patient: 55F. Drugs: Tegafur 500mg every 6 hours, Calcium levulinate 25mg three times daily, Clobetasol propionate 50mg every 6 hours, Felodipine.","['Tegafur', 'Calcium levulinate', 'Clobetasol propionate', 'Felodipine']",1,1,therapeutic efficacy,"patient: 55f. drugs: tegafur 500mg every 6 hours, calcium levulinate 25mg three times daily, clobetasol propionate 50mg every 6 hours, felodipine.","['patient', '55f', 'drugs', 'tegafur', '500', 'mg', '6', 'hours', 'calcium', 'levulinate', '25', 'mg', 'times', 'daily', 'clobetasol', 'propionate', '50', 'mg', '6', 'hours', 'felodipine']",21
"Patient: 58M. Drugs: Zolpidem, Azelastine 500mg twice daily.","['Zolpidem', 'Azelastine']",1,2,central nervous system depressant (CNS depressant) activities,"patient: 58m. drugs: zolpidem, azelastine 500mg twice daily.","['patient', '58', 'm.', 'drugs', 'zolpidem', 'azelastine', '500', 'mg', 'twice', 'daily']",10
"Patient: 35F. Drugs: Azithromycin 75mg every 8 hours, Mitotane 50mg every 8 hours.","['Azithromycin', 'Mitotane']",1,2,serum concentration,"patient: 35f. drugs: azithromycin 75mg every 8 hours, mitotane 50mg every 8 hours.","['patient', '35f', 'drugs', 'azithromycin', '75', 'mg', '8', 'hours', 'mitotane', '50', 'mg', '8', 'hours']",13
"Patient: 58M. Drugs: Ivacaftor, Aminolevulinic acid, Zotepine 50mg three times daily, Daunorubicin 500mg every 8 hours.","['Ivacaftor', 'Aminolevulinic acid', 'Zotepine', 'Daunorubicin']",1,2,serum concentration,"patient: 58m. drugs: ivacaftor, aminolevulinic acid, zotepine 50mg three times daily, daunorubicin 500mg every 8 hours.","['patient', '58', 'm.', 'drugs', 'ivacaftor', 'aminolevulinic', 'acid', 'zotepine', '50', 'mg', 'times', 'daily', 'daunorubicin', '500', 'mg', '8', 'hours']",17
"Patient: 60F. Drugs: Paroxetine 25mg every 12 hours, Dexibuprofen 75mg after meals, Alectinib 500mg every 6 hours.","['Paroxetine', 'Dexibuprofen', 'Alectinib']",1,1,antiplatelet activities,"patient: 60f. drugs: paroxetine 25mg every 12 hours, dexibuprofen 75mg after meals, alectinib 500mg every 6 hours.","['patient', '60f', 'drugs', 'paroxetine', '25', 'mg', '12', 'hours', 'dexibuprofen', '75', 'mg', 'meals', 'alectinib', '500', 'mg', '6', 'hours']",17
"Patient: 60F. Drugs: Labetalol 25mg every 12 hours, Carprofen 500mg three times daily.","['Labetalol', 'Carprofen']",1,2,antihypertensive activities,"patient: 60f. drugs: labetalol 25mg every 12 hours, carprofen 500mg three times daily.","['patient', '60f', 'drugs', 'labetalol', '25', 'mg', '12', 'hours', 'carprofen', '500', 'mg', 'times', 'daily']",13
"Patient: 28F. Drugs: Dinoprostone 100mg three times daily, Bromfenac 100mg after meals.","['Dinoprostone', 'Bromfenac']",1,1,therapeutic efficacy,"patient: 28f. drugs: dinoprostone 100mg three times daily, bromfenac 100mg after meals.","['patient', '28f', 'drugs', 'dinoprostone', '100', 'mg', 'times', 'daily', 'bromfenac', '100', 'mg', 'meals']",12
"Patient: 35F. Drugs: Gefitinib, Domperidone 200mg three times daily, Methenamine 100mg twice daily.","['Gefitinib', 'Domperidone', 'Methenamine']",0,0,none,"patient: 35f. drugs: gefitinib, domperidone 200mg three times daily, methenamine 100mg twice daily.","['patient', '35f', 'drugs', 'gefitinib', 'domperidone', '200', 'mg', 'times', 'daily', 'methenamine', '100', 'mg', 'twice', 'daily']",14
"Patient: 62M. Drugs: Docetaxel 500mg every 12 hours, Lenvatinib.","['Docetaxel', 'Lenvatinib']",1,3,risk or severity of adverse effects,"patient: 62m. drugs: docetaxel 500mg every 12 hours, lenvatinib.","['patient', '62', 'm.', 'drugs', 'docetaxel', '500', 'mg', '12', 'hours', 'lenvatinib']",10
"Patient: 60F. Drugs: Etacrynic acid 100mg after meals, Cerulenin.","['Etacrynic acid', 'Cerulenin']",0,0,none,"patient: 60f. drugs: etacrynic acid 100mg after meals, cerulenin.","['patient', '60f', 'drugs', 'etacrynic', 'acid', '100', 'mg', 'meals', 'cerulenin']",9
"Patient: 35F. Drugs: Primidone, Abemaciclib 200mg before meals.","['Primidone', 'Abemaciclib']",1,2,serum concentration,"patient: 35f. drugs: primidone, abemaciclib 200mg before meals.","['patient', '35f', 'drugs', 'primidone', 'abemaciclib', '200', 'mg', 'meals']",8
"Patient: 48F. Drugs: Ridogrel 200mg once daily, Deoxycholic Acid, Carisoprodol 25mg every 6 hours.","['Ridogrel', 'Deoxycholic Acid', 'Carisoprodol']",1,3,risk or severity of adverse effects,"patient: 48f. drugs: ridogrel 200mg once daily, deoxycholic acid, carisoprodol 25mg every 6 hours.","['patient', '48f', 'drugs', 'ridogrel', '200', 'mg', 'daily', 'deoxycholic', 'acid', 'carisoprodol', '25', 'mg', '6', 'hours']",14
"Patient: 58M. Drugs: Fluorouracil 500mg as needed, Leucovorin 50mg every 12 hours, Bleomycin 25mg every 8 hours.","['Fluorouracil', 'Leucovorin', 'Bleomycin']",1,3,risk or severity of adverse effects,"patient: 58m. drugs: fluorouracil 500mg as needed, leucovorin 50mg every 12 hours, bleomycin 25mg every 8 hours.","['patient', '58', 'm.', 'drugs', 'fluorouracil', '500', 'mg', 'needed', 'leucovorin', '50', 'mg', '12', 'hours', 'bleomycin', '25', 'mg', '8', 'hours']",18
"Patient: 40M. Drugs: Ticlopidine, Rotigotine 100mg as needed, Colistimethate 500mg once daily.","['Ticlopidine', 'Rotigotine', 'Colistimethate']",1,2,metabolism,"patient: 40m. drugs: ticlopidine, rotigotine 100mg as needed, colistimethate 500mg once daily.","['patient', '40', 'm.', 'drugs', 'ticlopidine', 'rotigotine', '100', 'mg', 'needed', 'colistimethate', '500', 'mg', 'daily']",13
"Patient: 33M. Drugs: Sulfapyridine 25mg three times daily, Mebeverine 75mg before meals, Cefpodoxime 100mg every 6 hours.","['Sulfapyridine', 'Mebeverine', 'Cefpodoxime']",0,0,none,"patient: 33m. drugs: sulfapyridine 25mg three times daily, mebeverine 75mg before meals, cefpodoxime 100mg every 6 hours.","['patient', '33', 'm.', 'drugs', 'sulfapyridine', '25', 'mg', 'times', 'daily', 'mebeverine', '75', 'mg', 'meals', 'cefpodoxime', '100', 'mg', '6', 'hours']",18
"Patient: 28F. Drugs: Artenimol 100mg every 12 hours, Selenium 500mg before meals, Frovatriptan.","['Artenimol', 'Selenium', 'Frovatriptan']",0,0,none,"patient: 28f. drugs: artenimol 100mg every 12 hours, selenium 500mg before meals, frovatriptan.","['patient', '28f', 'drugs', 'artenimol', '100', 'mg', '12', 'hours', 'selenium', '500', 'mg', 'meals', 'frovatriptan']",13
"Patient: 40M. Drugs: Etacrynic acid 25mg twice daily, Alogliptin 50mg twice daily, Fosfomycin.","['Etacrynic acid', 'Alogliptin', 'Fosfomycin']",1,1,therapeutic efficacy,"patient: 40m. drugs: etacrynic acid 25mg twice daily, alogliptin 50mg twice daily, fosfomycin.","['patient', '40', 'm.', 'drugs', 'etacrynic', 'acid', '25', 'mg', 'twice', 'daily', 'alogliptin', '50', 'mg', 'twice', 'daily', 'fosfomycin']",16
"Patient: 68M. Drugs: Trimipramine 500mg once daily, Salbutamol 50mg every 6 hours, Protokylol 50mg every 8 hours.","['Trimipramine', 'Salbutamol', 'Protokylol']",1,3,risk or severity of adverse effects,"patient: 68m. drugs: trimipramine 500mg once daily, salbutamol 50mg every 6 hours, protokylol 50mg every 8 hours.","['patient', '68', 'm.', 'drugs', 'trimipramine', '500', 'mg', 'daily', 'salbutamol', '50', 'mg', '6', 'hours', 'protokylol', '50', 'mg', '8', 'hours']",18
"Patient: 33M. Drugs: Nimodipine, Calcium Citrate 200mg three times daily, Triptorelin.","['Nimodipine', 'Calcium Citrate', 'Triptorelin']",1,1,therapeutic efficacy,"patient: 33m. drugs: nimodipine, calcium citrate 200mg three times daily, triptorelin.","['patient', '33', 'm.', 'drugs', 'nimodipine', 'calcium', 'citrate', '200', 'mg', 'times', 'daily', 'triptorelin']",12
"Patient: 70F. Drugs: Isoflurane 200mg every 8 hours, Quinapril 200mg twice daily.","['Isoflurane', 'Quinapril']",1,3,risk or severity of adverse effects,"patient: 70f. drugs: isoflurane 200mg every 8 hours, quinapril 200mg twice daily.","['patient', '70f', 'drugs', 'isoflurane', '200', 'mg', '8', 'hours', 'quinapril', '200', 'mg', 'twice', 'daily']",13
"Patient: 60F. Drugs: Testosterone, Propofol 75mg before meals, Bilastine 500mg three times daily, Calcidiol 100mg once daily.","['Testosterone', 'Propofol', 'Bilastine', 'Calcidiol']",0,0,none,"patient: 60f. drugs: testosterone, propofol 75mg before meals, bilastine 500mg three times daily, calcidiol 100mg once daily.","['patient', '60f', 'drugs', 'testosterone', 'propofol', '75', 'mg', 'meals', 'bilastine', '500', 'mg', 'times', 'daily', 'calcidiol', '100', 'mg', 'daily']",17
"Patient: 70F. Drugs: Remifentanil, Etacrynic acid 200mg as needed, Sodium aurothiomalate.","['Remifentanil', 'Etacrynic acid', 'Sodium aurothiomalate']",1,3,risk or severity of adverse effects,"patient: 70f. drugs: remifentanil, etacrynic acid 200mg as needed, sodium aurothiomalate.","['patient', '70f', 'drugs', 'remifentanil', 'etacrynic', 'acid', '200', 'mg', 'needed', 'sodium', 'aurothiomalate']",11
"Patient: 62M. Drugs: Carmustine 100mg every 8 hours, Roflumilast 100mg after meals, Tiludronic acid, Chlorambucil.","['Carmustine', 'Roflumilast', 'Tiludronic acid', 'Chlorambucil']",1,2,immunosuppressive activities,"patient: 62m. drugs: carmustine 100mg every 8 hours, roflumilast 100mg after meals, tiludronic acid, chlorambucil.","['patient', '62', 'm.', 'drugs', 'carmustine', '100', 'mg', '8', 'hours', 'roflumilast', '100', 'mg', 'meals', 'tiludronic', 'acid', 'chlorambucil']",16
"Patient: 45F. Drugs: Nafarelin 25mg every 8 hours, Niflumic Acid 500mg every 12 hours, Pimecrolimus 500mg after meals.","['Nafarelin', 'Niflumic Acid', 'Pimecrolimus']",1,3,risk or severity of adverse effects,"patient: 45f. drugs: nafarelin 25mg every 8 hours, niflumic acid 500mg every 12 hours, pimecrolimus 500mg after meals.","['patient', '45f', 'drugs', 'nafarelin', '25', 'mg', '8', 'hours', 'niflumic', 'acid', '500', 'mg', '12', 'hours', 'pimecrolimus', '500', 'mg', 'meals']",18
"Patient: 52M. Drugs: Ramipril, Mipomersen 100mg as needed, Clofarabine, Cefminox 50mg as needed.","['Ramipril', 'Mipomersen', 'Clofarabine', 'Cefminox']",1,3,risk or severity of adverse effects,"patient: 52m. drugs: ramipril, mipomersen 100mg as needed, clofarabine, cefminox 50mg as needed.","['patient', '52', 'm.', 'drugs', 'ramipril', 'mipomersen', '100', 'mg', 'needed', 'clofarabine', 'cefminox', '50', 'mg', 'needed']",14
"Patient: 28F. Drugs: Clorazepate 25mg before meals, Olodaterol 200mg three times daily.","['Clorazepate', 'Olodaterol']",0,0,none,"patient: 28f. drugs: clorazepate 25mg before meals, olodaterol 200mg three times daily.","['patient', '28f', 'drugs', 'clorazepate', '25', 'mg', 'meals', 'olodaterol', '200', 'mg', 'times', 'daily']",12
"Patient: 70F. Drugs: Anagrelide 50mg every 8 hours, Rabeprazole.","['Anagrelide', 'Rabeprazole']",0,0,none,"patient: 70f. drugs: anagrelide 50mg every 8 hours, rabeprazole.","['patient', '70f', 'drugs', 'anagrelide', '50', 'mg', '8', 'hours', 'rabeprazole']",9
"Patient: 62M. Drugs: Phensuximide 500mg after meals, Benzthiazide, Empagliflozin 50mg before meals.","['Phensuximide', 'Benzthiazide', 'Empagliflozin']",1,1,therapeutic efficacy,"patient: 62m. drugs: phensuximide 500mg after meals, benzthiazide, empagliflozin 50mg before meals.","['patient', '62', 'm.', 'drugs', 'phensuximide', '500', 'mg', 'meals', 'benzthiazide', 'empagliflozin', '50', 'mg', 'meals']",13
"Patient: 25F. Drugs: Dapiprazole, Levobupivacaine 75mg before meals, Labetalol 100mg once daily.","['Dapiprazole', 'Levobupivacaine', 'Labetalol']",1,3,risk or severity of adverse effects,"patient: 25f. drugs: dapiprazole, levobupivacaine 75mg before meals, labetalol 100mg once daily.","['patient', '25f', 'drugs', 'dapiprazole', 'levobupivacaine', '75', 'mg', 'meals', 'labetalol', '100', 'mg', 'daily']",12
"Patient: 60F. Drugs: Amcinonide, Lomefloxacin 25mg before meals, Pramlintide 50mg before meals.","['Amcinonide', 'Lomefloxacin', 'Pramlintide']",1,3,risk or severity of adverse effects,"patient: 60f. drugs: amcinonide, lomefloxacin 25mg before meals, pramlintide 50mg before meals.","['patient', '60f', 'drugs', 'amcinonide', 'lomefloxacin', '25', 'mg', 'meals', 'pramlintide', '50', 'mg', 'meals']",12
"Patient: 33M. Drugs: Isoetarine, Rifaximin 75mg every 6 hours, Fluciclovine (18F) 75mg before meals, Methsuximide 200mg as needed.","['Isoetarine', 'Rifaximin', 'Fluciclovine (18F)', 'Methsuximide']",1,3,risk or severity of hypotension,"patient: 33m. drugs: isoetarine, rifaximin 75mg every 6 hours, fluciclovine 18f 75mg before meals, methsuximide 200mg as needed.","['patient', '33', 'm.', 'drugs', 'isoetarine', 'rifaximin', '75', 'mg', '6', 'hours', 'fluciclovine', '18f', '75', 'mg', 'meals', 'methsuximide', '200', 'mg', 'needed']",19
"Patient: 35F. Drugs: Flupentixol 500mg before meals, Pergolide 100mg every 12 hours, Posaconazole.","['Flupentixol', 'Pergolide', 'Posaconazole']",1,2,vasoconstricting activities,"patient: 35f. drugs: flupentixol 500mg before meals, pergolide 100mg every 12 hours, posaconazole.","['patient', '35f', 'drugs', 'flupentixol', '500', 'mg', 'meals', 'pergolide', '100', 'mg', '12', 'hours', 'posaconazole']",13
"Patient: 40M. Drugs: Sodium feredetate, Perampanel 200mg every 12 hours.","['Sodium feredetate', 'Perampanel']",0,0,none,"patient: 40m. drugs: sodium feredetate, perampanel 200mg every 12 hours.","['patient', '40', 'm.', 'drugs', 'sodium', 'feredetate', 'perampanel', '200', 'mg', '12', 'hours']",11
"Patient: 48F. Drugs: Carprofen 100mg before meals, Flurandrenolide.","['Carprofen', 'Flurandrenolide']",1,3,risk or severity of adverse effects,"patient: 48f. drugs: carprofen 100mg before meals, flurandrenolide.","['patient', '48f', 'drugs', 'carprofen', '100', 'mg', 'meals', 'flurandrenolide']",8
"Patient: 68M. Drugs: Rimonabant 75mg once daily, Netupitant, Dipyridamole 25mg every 12 hours.","['Rimonabant', 'Netupitant', 'Dipyridamole']",1,2,serum concentration,"patient: 68m. drugs: rimonabant 75mg once daily, netupitant, dipyridamole 25mg every 12 hours.","['patient', '68', 'm.', 'drugs', 'rimonabant', '75', 'mg', 'daily', 'netupitant', 'dipyridamole', '25', 'mg', '12', 'hours']",14
"Patient: 35F. Drugs: Griseofulvin 500mg every 12 hours, Tubocurarine, Aztreonam 100mg twice daily.","['Griseofulvin', 'Tubocurarine', 'Aztreonam']",0,0,none,"patient: 35f. drugs: griseofulvin 500mg every 12 hours, tubocurarine, aztreonam 100mg twice daily.","['patient', '35f', 'drugs', 'griseofulvin', '500', 'mg', '12', 'hours', 'tubocurarine', 'aztreonam', '100', 'mg', 'twice', 'daily']",14
"Patient: 48F. Drugs: Sulfanilamide 75mg after meals, Ergotamine, Lomustine 75mg before meals.","['Sulfanilamide', 'Ergotamine', 'Lomustine']",1,3,risk or severity of adverse effects,"patient: 48f. drugs: sulfanilamide 75mg after meals, ergotamine, lomustine 75mg before meals.","['patient', '48f', 'drugs', 'sulfanilamide', '75', 'mg', 'meals', 'ergotamine', 'lomustine', '75', 'mg', 'meals']",12
"Patient: 25F. Drugs: Adenine 50mg every 6 hours, Abemaciclib 500mg after meals, Netilmicin 25mg as needed, Flupentixol.","['Adenine', 'Abemaciclib', 'Netilmicin', 'Flupentixol']",0,0,none,"patient: 25f. drugs: adenine 50mg every 6 hours, abemaciclib 500mg after meals, netilmicin 25mg as needed, flupentixol.","['patient', '25f', 'drugs', 'adenine', '50', 'mg', '6', 'hours', 'abemaciclib', '500', 'mg', 'meals', 'netilmicin', '25', 'mg', 'needed', 'flupentixol']",17
"Patient: 28F. Drugs: Propericiazine 200mg once daily, Esmolol, Moricizine 100mg every 8 hours.","['Propericiazine', 'Esmolol', 'Moricizine']",1,2,orthostatic hypotensive activities,"patient: 28f. drugs: propericiazine 200mg once daily, esmolol, moricizine 100mg every 8 hours.","['patient', '28f', 'drugs', 'propericiazine', '200', 'mg', 'daily', 'esmolol', 'moricizine', '100', 'mg', '8', 'hours']",13
"Patient: 58M. Drugs: Desoximetasone 100mg once daily, Idelalisib 75mg every 8 hours.","['Desoximetasone', 'Idelalisib']",1,2,serum concentration,"patient: 58m. drugs: desoximetasone 100mg once daily, idelalisib 75mg every 8 hours.","['patient', '58', 'm.', 'drugs', 'desoximetasone', '100', 'mg', 'daily', 'idelalisib', '75', 'mg', '8', 'hours']",13
"Patient: 30M. Drugs: Vemurafenib 500mg three times daily, Melperone 200mg every 8 hours, Gemfibrozil 50mg every 8 hours.","['Vemurafenib', 'Melperone', 'Gemfibrozil']",1,3,risk or severity of QTc prolongation,"patient: 30m. drugs: vemurafenib 500mg three times daily, melperone 200mg every 8 hours, gemfibrozil 50mg every 8 hours.","['patient', '30', 'm.', 'drugs', 'vemurafenib', '500', 'mg', 'times', 'daily', 'melperone', '200', 'mg', '8', 'hours', 'gemfibrozil', '50', 'mg', '8', 'hours']",19
"Patient: 25F. Drugs: Carvedilol 75mg every 12 hours, Lercanidipine 500mg every 6 hours.","['Carvedilol', 'Lercanidipine']",1,2,hypotensive activities,"patient: 25f. drugs: carvedilol 75mg every 12 hours, lercanidipine 500mg every 6 hours.","['patient', '25f', 'drugs', 'carvedilol', '75', 'mg', '12', 'hours', 'lercanidipine', '500', 'mg', '6', 'hours']",13
"Patient: 28F. Drugs: Dinoprostone 100mg three times daily, Bromfenac 100mg after meals.","['Dinoprostone', 'Bromfenac']",1,1,therapeutic efficacy,"patient: 28f. drugs: dinoprostone 100mg three times daily, bromfenac 100mg after meals.","['patient', '28f', 'drugs', 'dinoprostone', '100', 'mg', 'times', 'daily', 'bromfenac', '100', 'mg', 'meals']",12
"Patient: 62M. Drugs: Trioxsalen 25mg every 8 hours, Demeclocycline 50mg as needed, Gabapentin 50mg before meals, Promazine.","['Trioxsalen', 'Demeclocycline', 'Gabapentin', 'Promazine']",1,3,risk or severity of adverse effects,"patient: 62m. drugs: trioxsalen 25mg every 8 hours, demeclocycline 50mg as needed, gabapentin 50mg before meals, promazine.","['patient', '62', 'm.', 'drugs', 'trioxsalen', '25', 'mg', '8', 'hours', 'demeclocycline', '50', 'mg', 'needed', 'gabapentin', '50', 'mg', 'meals', 'promazine']",18
"Patient: 45F. Drugs: Sulfadimethoxine 500mg as needed, Amantadine 50mg twice daily, Rifaximin 100mg every 8 hours, Rimonabant 200mg three times daily.","['Sulfadimethoxine', 'Amantadine', 'Rifaximin', 'Rimonabant']",1,2,serum concentration,"patient: 45f. drugs: sulfadimethoxine 500mg as needed, amantadine 50mg twice daily, rifaximin 100mg every 8 hours, rimonabant 200mg three times daily.","['patient', '45f', 'drugs', 'sulfadimethoxine', '500', 'mg', 'needed', 'amantadine', '50', 'mg', 'twice', 'daily', 'rifaximin', '100', 'mg', '8', 'hours', 'rimonabant', '200', 'mg', 'times', 'daily']",22
"Patient: 70F. Drugs: Secobarbital 100mg every 8 hours, Medroxyprogesterone acetate 100mg before meals.","['Secobarbital', 'Medroxyprogesterone acetate']",1,1,therapeutic efficacy,"patient: 70f. drugs: secobarbital 100mg every 8 hours, medroxyprogesterone acetate 100mg before meals.","['patient', '70f', 'drugs', 'secobarbital', '100', 'mg', '8', 'hours', 'medroxyprogesterone', 'acetate', '100', 'mg', 'meals']",13
"Patient: 75M. Drugs: Gatifloxacin 500mg three times daily, Seratrodast, Benzophenone 100mg every 12 hours.","['Gatifloxacin', 'Seratrodast', 'Benzophenone']",1,2,neuroexcitatory activities,"patient: 75m. drugs: gatifloxacin 500mg three times daily, seratrodast, benzophenone 100mg every 12 hours.","['patient', '75', 'm.', 'drugs', 'gatifloxacin', '500', 'mg', 'times', 'daily', 'seratrodast', 'benzophenone', '100', 'mg', '12', 'hours']",15
"Patient: 52M. Drugs: Dydrogesterone 100mg every 12 hours, Phenprocoumon 200mg every 8 hours.","['Dydrogesterone', 'Phenprocoumon']",1,1,therapeutic efficacy,"patient: 52m. drugs: dydrogesterone 100mg every 12 hours, phenprocoumon 200mg every 8 hours.","['patient', '52', 'm.', 'drugs', 'dydrogesterone', '100', 'mg', '12', 'hours', 'phenprocoumon', '200', 'mg', '8', 'hours']",14
"Patient: 30M. Drugs: Imipramine 200mg every 6 hours, Piritramide.","['Imipramine', 'Piritramide']",1,3,risk or severity of adverse effects,"patient: 30m. drugs: imipramine 200mg every 6 hours, piritramide.","['patient', '30', 'm.', 'drugs', 'imipramine', '200', 'mg', '6', 'hours', 'piritramide']",10
"Patient: 52M. Drugs: Megestrol acetate 25mg every 6 hours, Phenformin 200mg every 8 hours.","['Megestrol acetate', 'Phenformin']",1,1,therapeutic efficacy,"patient: 52m. drugs: megestrol acetate 25mg every 6 hours, phenformin 200mg every 8 hours.","['patient', '52', 'm.', 'drugs', 'megestrol', 'acetate', '25', 'mg', '6', 'hours', 'phenformin', '200', 'mg', '8', 'hours']",15
"Patient: 45F. Drugs: Digoxin, Almasilate 500mg three times daily, Vigabatrin, Fusafungine 500mg every 12 hours.","['Digoxin', 'Almasilate', 'Vigabatrin', 'Fusafungine']",0,0,none,"patient: 45f. drugs: digoxin, almasilate 500mg three times daily, vigabatrin, fusafungine 500mg every 12 hours.","['patient', '45f', 'drugs', 'digoxin', 'almasilate', '500', 'mg', 'times', 'daily', 'vigabatrin', 'fusafungine', '500', 'mg', '12', 'hours']",15
"Patient: 75M. Drugs: Terlipressin, Nebivolol 75mg every 12 hours.","['Terlipressin', 'Nebivolol']",1,2,hypotensive activities,"patient: 75m. drugs: terlipressin, nebivolol 75mg every 12 hours.","['patient', '75', 'm.', 'drugs', 'terlipressin', 'nebivolol', '75', 'mg', '12', 'hours']",10
"Patient: 48F. Drugs: Riluzole, Enalapril 25mg every 8 hours, Guanadrel.","['Riluzole', 'Enalapril', 'Guanadrel']",1,2,hypotensive activities,"patient: 48f. drugs: riluzole, enalapril 25mg every 8 hours, guanadrel.","['patient', '48f', 'drugs', 'riluzole', 'enalapril', '25', 'mg', '8', 'hours', 'guanadrel']",10
"Patient: 70F. Drugs: Phenytoin 25mg after meals, Liotrix 200mg once daily.","['Phenytoin', 'Liotrix']",1,2,serum concentration,"patient: 70f. drugs: phenytoin 25mg after meals, liotrix 200mg once daily.","['patient', '70f', 'drugs', 'phenytoin', '25', 'mg', 'meals', 'liotrix', '200', 'mg', 'daily']",11
"Patient: 35F. Drugs: Flavoxate 75mg as needed, Methscopolamine 75mg twice daily.","['Flavoxate', 'Methscopolamine']",1,3,risk or severity of adverse effects,"patient: 35f. drugs: flavoxate 75mg as needed, methscopolamine 75mg twice daily.","['patient', '35f', 'drugs', 'flavoxate', '75', 'mg', 'needed', 'methscopolamine', '75', 'mg', 'twice', 'daily']",12
"Patient: 62M. Drugs: Miglitol 200mg as needed, Sirolimus, Testosterone undecanoate 100mg once daily.","['Miglitol', 'Sirolimus', 'Testosterone undecanoate']",1,1,therapeutic efficacy,"patient: 62m. drugs: miglitol 200mg as needed, sirolimus, testosterone undecanoate 100mg once daily.","['patient', '62', 'm.', 'drugs', 'miglitol', '200', 'mg', 'needed', 'sirolimus', 'testosterone', 'undecanoate', '100', 'mg', 'daily']",14
"Patient: 58M. Drugs: Clonazepam 50mg once daily, Desvenlafaxine 500mg before meals.","['Clonazepam', 'Desvenlafaxine']",1,3,risk or severity of adverse effects,"patient: 58m. drugs: clonazepam 50mg once daily, desvenlafaxine 500mg before meals.","['patient', '58', 'm.', 'drugs', 'clonazepam', '50', 'mg', 'daily', 'desvenlafaxine', '500', 'mg', 'meals']",12
"Patient: 48F. Drugs: Norgestimate 75mg twice daily, Malathion 200mg as needed, Molsidomine 25mg before meals, Procyclidine.","['Norgestimate', 'Malathion', 'Molsidomine', 'Procyclidine']",1,1,therapeutic efficacy,"patient: 48f. drugs: norgestimate 75mg twice daily, malathion 200mg as needed, molsidomine 25mg before meals, procyclidine.","['patient', '48f', 'drugs', 'norgestimate', '75', 'mg', 'twice', 'daily', 'malathion', '200', 'mg', 'needed', 'molsidomine', '25', 'mg', 'meals', 'procyclidine']",17
"Patient: 52M. Drugs: Tizanidine, Ofloxacin 500mg before meals.","['Tizanidine', 'Ofloxacin']",1,2,QTc-prolonging activities,"patient: 52m. drugs: tizanidine, ofloxacin 500mg before meals.","['patient', '52', 'm.', 'drugs', 'tizanidine', 'ofloxacin', '500', 'mg', 'meals']",9
"Patient: 75M. Drugs: Phenazopyridine 100mg before meals, Medrogestone.","['Phenazopyridine', 'Medrogestone']",0,0,none,"patient: 75m. drugs: phenazopyridine 100mg before meals, medrogestone.","['patient', '75', 'm.', 'drugs', 'phenazopyridine', '100', 'mg', 'meals', 'medrogestone']",9
