prescription_text,drugs,has_interaction,severity,interaction_type,preprocessed_text,tokens,token_count,extracted_drugs
"Patient: 33M. Drugs: Colchicine 25mg every 6 hours, Flavoxate 75mg every 6 hours.","['Colchicine', 'Flavoxate']",0,0,none,"patient: 33m. drugs: colchicine 25mg every 6 hours, flavoxate 75mg every 6 hours.","['patient', '33', 'm.', 'drugs', 'colchicine', '25', 'mg', '6', 'hours', 'flavoxate', '75', 'mg', '6', 'hours']",14,"['Colchicine', 'Flavoxate']"
"Patient: 45F. Drugs: Lamotrigine 100mg after meals, Calcium Phosphate 500mg every 12 hours.","['Lamotrigine', 'Calcium Phosphate']",1,1,therapeutic efficacy,"patient: 45f. drugs: lamotrigine 100mg after meals, calcium phosphate 500mg every 12 hours.","['patient', '45f', 'drugs', 'lamotrigine', '100', 'mg', 'meals', 'calcium', 'phosphate', '500', 'mg', '12', 'hours']",13,"['Lamotrigine', 'Calcium Phosphate']"
"Patient: 28F. Drugs: Rilmenidine 100mg every 6 hours, Icosapent ethyl 25mg three times daily, Diltiazem 25mg once daily, Chlormezanone.","['Rilmenidine', 'Icosapent ethyl', 'Diltiazem', 'Chlormezanone']",1,2,hypotensive activities,"patient: 28f. drugs: rilmenidine 100mg every 6 hours, icosapent ethyl 25mg three times daily, diltiazem 25mg once daily, chlormezanone.","['patient', '28f', 'drugs', 'rilmenidine', '100', 'mg', '6', 'hours', 'icosapent', 'ethyl', '25', 'mg', 'times', 'daily', 'diltiazem', '25', 'mg', 'daily', 'chlormezanone']",19,"['Chlormezanone', 'Icosapent ethyl', 'Diltiazem', 'Rilmenidine']"
"Patient: 40M. Drugs: Ropinirole, Empagliflozin, Amoxicillin 100mg twice daily.","['Ropinirole', 'Empagliflozin', 'Amoxicillin']",1,3,risk or severity of adverse effects,"patient: 40m. drugs: ropinirole, empagliflozin, amoxicillin 100mg twice daily.","['patient', '40', 'm.', 'drugs', 'ropinirole', 'empagliflozin', 'amoxicillin', '100', 'mg', 'twice', 'daily']",11,"['Amoxicillin', 'Ropinirole', 'Empagliflozin']"
"Patient: 45F. Drugs: Indapamide, Leflunomide 500mg every 8 hours.","['Indapamide', 'Leflunomide']",1,1,therapeutic efficacy,"patient: 45f. drugs: indapamide, leflunomide 500mg every 8 hours.","['patient', '45f', 'drugs', 'indapamide', 'leflunomide', '500', 'mg', '8', 'hours']",9,"['Leflunomide', 'Indapamide']"
"Patient: 58M. Drugs: Losartan 75mg every 12 hours, Pirlindole.","['Losartan', 'Pirlindole']",1,2,hypotensive activities,"patient: 58m. drugs: losartan 75mg every 12 hours, pirlindole.","['patient', '58', 'm.', 'drugs', 'losartan', '75', 'mg', '12', 'hours', 'pirlindole']",10,"['Losartan', 'Pirlindole']"
"Patient: 28F. Drugs: Quinethazone 75mg before meals, Empagliflozin 500mg every 8 hours.","['Quinethazone', 'Empagliflozin']",1,1,therapeutic efficacy,"patient: 28f. drugs: quinethazone 75mg before meals, empagliflozin 500mg every 8 hours.","['patient', '28f', 'drugs', 'quinethazone', '75', 'mg', 'meals', 'empagliflozin', '500', 'mg', '8', 'hours']",12,"['Quinethazone', 'Empagliflozin']"
"Patient: 58M. Drugs: Ciprofloxacin 50mg before meals, Ketamine 500mg every 12 hours.","['Ciprofloxacin', 'Ketamine']",0,0,none,"patient: 58m. drugs: ciprofloxacin 50mg before meals, ketamine 500mg every 12 hours.","['patient', '58', 'm.', 'drugs', 'ciprofloxacin', '50', 'mg', 'meals', 'ketamine', '500', 'mg', '12', 'hours']",13,"['Ketamine', 'Ciprofloxacin']"
"Patient: 33M. Drugs: Tadalafil 200mg every 6 hours, Etizolam 75mg before meals, Nitrous oxide 100mg every 8 hours.","['Tadalafil', 'Etizolam', 'Nitrous oxide']",1,3,risk or severity of adverse effects,"patient: 33m. drugs: tadalafil 200mg every 6 hours, etizolam 75mg before meals, nitrous oxide 100mg every 8 hours.","['patient', '33', 'm.', 'drugs', 'tadalafil', '200', 'mg', '6', 'hours', 'etizolam', '75', 'mg', 'meals', 'nitrous', 'oxide', '100', 'mg', '8', 'hours']",19,"['Tadalafil', 'Nitrous oxide', 'Etizolam']"
"Patient: 48F. Drugs: Aprepitant, Ivabradine.","['Aprepitant', 'Ivabradine']",1,2,serum concentration,"patient: 48f. drugs: aprepitant, ivabradine.","['patient', '48f', 'drugs', 'aprepitant', 'ivabradine']",5,"['Aprepitant', 'Ivabradine']"
"Patient: 62M. Drugs: Cisatracurium 200mg every 8 hours, Tetracycline 100mg three times daily, Tavaborole 200mg once daily.","['Cisatracurium', 'Tetracycline', 'Tavaborole']",1,2,neuromuscular blocking activities,"patient: 62m. drugs: cisatracurium 200mg every 8 hours, tetracycline 100mg three times daily, tavaborole 200mg once daily.","['patient', '62', 'm.', 'drugs', 'cisatracurium', '200', 'mg', '8', 'hours', 'tetracycline', '100', 'mg', 'times', 'daily', 'tavaborole', '200', 'mg', 'daily']",18,"['Tetracycline', 'Cisatracurium', 'Tavaborole']"
"Patient: 68M. Drugs: Frovatriptan 500mg three times daily, Micafungin 500mg after meals, Clomifene, Arbutamine.","['Frovatriptan', 'Micafungin', 'Clomifene', 'Arbutamine']",0,0,none,"patient: 68m. drugs: frovatriptan 500mg three times daily, micafungin 500mg after meals, clomifene, arbutamine.","['patient', '68', 'm.', 'drugs', 'frovatriptan', '500', 'mg', 'times', 'daily', 'micafungin', '500', 'mg', 'meals', 'clomifene', 'arbutamine']",15,"['Micafungin', 'Arbutamine', 'Frovatriptan', 'Clomifene']"
"Patient: 68M. Drugs: Mesalazine 500mg three times daily, Alimemazine 25mg every 12 hours, Piretanide.","['Mesalazine', 'Alimemazine', 'Piretanide']",1,1,therapeutic efficacy,"patient: 68m. drugs: mesalazine 500mg three times daily, alimemazine 25mg every 12 hours, piretanide.","['patient', '68', 'm.', 'drugs', 'mesalazine', '500', 'mg', 'times', 'daily', 'alimemazine', '25', 'mg', '12', 'hours', 'piretanide']",15,"['Mesalazine', 'Piretanide', 'Alimemazine']"
"Patient: 35F. Drugs: Sodium glycerophosphate 500mg as needed, Bismuth subnitrate 25mg twice daily, Ethionamide 200mg every 12 hours.","['Sodium glycerophosphate', 'Bismuth subnitrate', 'Ethionamide']",1,1,absorption,"patient: 35f. drugs: sodium glycerophosphate 500mg as needed, bismuth subnitrate 25mg twice daily, ethionamide 200mg every 12 hours.","['patient', '35f', 'drugs', 'sodium', 'glycerophosphate', '500', 'mg', 'needed', 'bismuth', 'subnitrate', '25', 'mg', 'twice', 'daily', 'ethionamide', '200', 'mg', '12', 'hours']",19,"['Bismuth subnitrate', 'Sodium glycerophosphate', 'Ethionamide']"
"Patient: 62M. Drugs: Prasterone, Pindolol 25mg every 8 hours, Clomifene 500mg twice daily, Isosorbide Mononitrate 500mg every 12 hours.","['Prasterone', 'Pindolol', 'Clomifene', 'Isosorbide Mononitrate']",1,3,risk or severity of adverse effects,"patient: 62m. drugs: prasterone, pindolol 25mg every 8 hours, clomifene 500mg twice daily, isosorbide mononitrate 500mg every 12 hours.","['patient', '62', 'm.', 'drugs', 'prasterone', 'pindolol', '25', 'mg', '8', 'hours', 'clomifene', '500', 'mg', 'twice', 'daily', 'isosorbide', 'mononitrate', '500', 'mg', '12', 'hours']",21,"['Isosorbide Mononitrate', 'Prasterone', 'Pindolol', 'Clomifene']"
"Patient: 45F. Drugs: Chloroprocaine 500mg before meals, Dantrolene 50mg every 12 hours.","['Chloroprocaine', 'Dantrolene']",1,3,risk or severity of adverse effects,"patient: 45f. drugs: chloroprocaine 500mg before meals, dantrolene 50mg every 12 hours.","['patient', '45f', 'drugs', 'chloroprocaine', '500', 'mg', 'meals', 'dantrolene', '50', 'mg', '12', 'hours']",12,"['Chloroprocaine', 'Dantrolene']"
"Patient: 35F. Drugs: Amlodipine 500mg every 8 hours, Picosulfuric acid 50mg every 12 hours, Acetyl sulfisoxazole 200mg after meals, Calcium Citrate 100mg once daily.","['Amlodipine', 'Picosulfuric acid', 'Acetyl sulfisoxazole', 'Calcium Citrate']",1,2,metabolism,"patient: 35f. drugs: amlodipine 500mg every 8 hours, picosulfuric acid 50mg every 12 hours, acetyl sulfisoxazole 200mg after meals, calcium citrate 100mg once daily.","['patient', '35f', 'drugs', 'amlodipine', '500', 'mg', '8', 'hours', 'picosulfuric', 'acid', '50', 'mg', '12', 'hours', 'acetyl', 'sulfisoxazole', '200', 'mg', 'meals', 'calcium', 'citrate', '100', 'mg', 'daily']",24,"['Amlodipine', 'Picosulfuric acid', 'Acetyl sulfisoxazole', 'Calcium Citrate']"
"Patient: 60F. Drugs: Moexipril 100mg every 12 hours, Acetylsalicylic acid, Sevoflurane.","['Moexipril', 'Acetylsalicylic acid', 'Sevoflurane']",1,1,therapeutic efficacy,"patient: 60f. drugs: moexipril 100mg every 12 hours, acetylsalicylic acid, sevoflurane.","['patient', '60f', 'drugs', 'moexipril', '100', 'mg', '12', 'hours', 'acetylsalicylic', 'acid', 'sevoflurane']",11,"['Sevoflurane', 'Moexipril', 'Acetylsalicylic acid']"
"Patient: 68M. Drugs: Ambenonium 500mg every 8 hours, Clobetasol 200mg once daily, Naldemedine 25mg once daily.","['Ambenonium', 'Clobetasol', 'Naldemedine']",1,3,risk or severity of adverse effects,"patient: 68m. drugs: ambenonium 500mg every 8 hours, clobetasol 200mg once daily, naldemedine 25mg once daily.","['patient', '68', 'm.', 'drugs', 'ambenonium', '500', 'mg', '8', 'hours', 'clobetasol', '200', 'mg', 'daily', 'naldemedine', '25', 'mg', 'daily']",17,"['Clobetasol', 'Naldemedine', 'Ambenonium']"
"Patient: 52M. Drugs: Propiomazine 50mg every 6 hours, Nylidrin, Glucosamine 75mg three times daily.","['Propiomazine', 'Nylidrin', 'Glucosamine']",1,2,vasoconstricting activities,"patient: 52m. drugs: propiomazine 50mg every 6 hours, nylidrin, glucosamine 75mg three times daily.","['patient', '52', 'm.', 'drugs', 'propiomazine', '50', 'mg', '6', 'hours', 'nylidrin', 'glucosamine', '75', 'mg', 'times', 'daily']",15,"['Glucosamine', 'Propiomazine', 'Nylidrin']"
"Patient: 45F. Drugs: Pyridostigmine 100mg every 6 hours, Nisoldipine 500mg twice daily.","['Pyridostigmine', 'Nisoldipine']",0,0,none,"patient: 45f. drugs: pyridostigmine 100mg every 6 hours, nisoldipine 500mg twice daily.","['patient', '45f', 'drugs', 'pyridostigmine', '100', 'mg', '6', 'hours', 'nisoldipine', '500', 'mg', 'twice', 'daily']",13,"['Nisoldipine', 'Pyridostigmine']"
"Patient: 30M. Drugs: Cyclosporine 500mg three times daily, Sucralfate, Melperone.","['Cyclosporine', 'Sucralfate', 'Melperone']",1,1,absorption,"patient: 30m. drugs: cyclosporine 500mg three times daily, sucralfate, melperone.","['patient', '30', 'm.', 'drugs', 'cyclosporine', '500', 'mg', 'times', 'daily', 'sucralfate', 'melperone']",11,"['Melperone', 'Cyclosporine', 'Sucralfate']"
"Patient: 25F. Drugs: Ifosfamide 500mg every 12 hours, Fingolimod 25mg once daily, Moxifloxacin 75mg three times daily.","['Ifosfamide', 'Fingolimod', 'Moxifloxacin']",1,2,immunosuppressive activities,"patient: 25f. drugs: ifosfamide 500mg every 12 hours, fingolimod 25mg once daily, moxifloxacin 75mg three times daily.","['patient', '25f', 'drugs', 'ifosfamide', '500', 'mg', '12', 'hours', 'fingolimod', '25', 'mg', 'daily', 'moxifloxacin', '75', 'mg', 'times', 'daily']",17,"['Fingolimod', 'Ifosfamide', 'Moxifloxacin']"
"Patient: 68M. Drugs: Tipranavir 75mg once daily, Telaprevir 25mg as needed, Stiripentol.","['Tipranavir', 'Telaprevir', 'Stiripentol']",1,2,serum concentration,"patient: 68m. drugs: tipranavir 75mg once daily, telaprevir 25mg as needed, stiripentol.","['patient', '68', 'm.', 'drugs', 'tipranavir', '75', 'mg', 'daily', 'telaprevir', '25', 'mg', 'needed', 'stiripentol']",13,"['Stiripentol', 'Telaprevir', 'Tipranavir']"
"Patient: 75M. Drugs: Methohexital 500mg after meals, Thiothixene 75mg once daily, Praziquantel 100mg every 12 hours.","['Methohexital', 'Thiothixene', 'Praziquantel']",1,3,risk or severity of adverse effects,"patient: 75m. drugs: methohexital 500mg after meals, thiothixene 75mg once daily, praziquantel 100mg every 12 hours.","['patient', '75', 'm.', 'drugs', 'methohexital', '500', 'mg', 'meals', 'thiothixene', '75', 'mg', 'daily', 'praziquantel', '100', 'mg', '12', 'hours']",17,"['Methohexital', 'Thiothixene', 'Praziquantel']"
"Patient: 52M. Drugs: Phenylbutyric acid 50mg twice daily, Bosentan 50mg every 6 hours, Indomethacin 75mg every 8 hours, Phenformin 50mg as needed.","['Phenylbutyric acid', 'Bosentan', 'Indomethacin', 'Phenformin']",0,0,none,"patient: 52m. drugs: phenylbutyric acid 50mg twice daily, bosentan 50mg every 6 hours, indomethacin 75mg every 8 hours, phenformin 50mg as needed.","['patient', '52', 'm.', 'drugs', 'phenylbutyric', 'acid', '50', 'mg', 'twice', 'daily', 'bosentan', '50', 'mg', '6', 'hours', 'indomethacin', '75', 'mg', '8', 'hours', 'phenformin', '50', 'mg', 'needed']",24,"['Phenylbutyric acid', 'Phenformin', 'Bosentan', 'Indomethacin']"
"Patient: 40M. Drugs: Bisoprolol 50mg every 8 hours, Physostigmine 50mg twice daily, Flupentixol.","['Bisoprolol', 'Physostigmine', 'Flupentixol']",1,2,bradycardic activities,"patient: 40m. drugs: bisoprolol 50mg every 8 hours, physostigmine 50mg twice daily, flupentixol.","['patient', '40', 'm.', 'drugs', 'bisoprolol', '50', 'mg', '8', 'hours', 'physostigmine', '50', 'mg', 'twice', 'daily', 'flupentixol']",15,"['Flupentixol', 'Physostigmine', 'Bisoprolol']"
"Patient: 68M. Drugs: Norfloxacin 75mg every 8 hours, Pemirolast 500mg every 12 hours, Desloratadine, Acetohydroxamic Acid 200mg every 12 hours.","['Norfloxacin', 'Pemirolast', 'Desloratadine', 'Acetohydroxamic Acid']",0,0,none,"patient: 68m. drugs: norfloxacin 75mg every 8 hours, pemirolast 500mg every 12 hours, desloratadine, acetohydroxamic acid 200mg every 12 hours.","['patient', '68', 'm.', 'drugs', 'norfloxacin', '75', 'mg', '8', 'hours', 'pemirolast', '500', 'mg', '12', 'hours', 'desloratadine', 'acetohydroxamic', 'acid', '200', 'mg', '12', 'hours']",21,"['Norfloxacin', 'Desloratadine', 'Pemirolast', 'Acetohydroxamic Acid']"
"Patient: 45F. Drugs: Oxybutynin, Metoclopramide 200mg as needed, Tolazoline 50mg before meals.","['Oxybutynin', 'Metoclopramide', 'Tolazoline']",1,1,therapeutic efficacy,"patient: 45f. drugs: oxybutynin, metoclopramide 200mg as needed, tolazoline 50mg before meals.","['patient', '45f', 'drugs', 'oxybutynin', 'metoclopramide', '200', 'mg', 'needed', 'tolazoline', '50', 'mg', 'meals']",12,"['Tolazoline', 'Oxybutynin', 'Metoclopramide']"
"Patient: 60F. Drugs: Corticorelin ovine triflutate 25mg twice daily, Difluocortolone 500mg as needed, Cinnarizine.","['Corticorelin ovine triflutate', 'Difluocortolone', 'Cinnarizine']",1,1,therapeutic efficacy,"patient: 60f. drugs: corticorelin ovine triflutate 25mg twice daily, difluocortolone 500mg as needed, cinnarizine.","['patient', '60f', 'drugs', 'corticorelin', 'ovine', 'triflutate', '25', 'mg', 'twice', 'daily', 'difluocortolone', '500', 'mg', 'needed', 'cinnarizine']",15,"['Corticorelin ovine triflutate', 'Difluocortolone', 'Cinnarizine']"
"Patient: 30M. Drugs: Amphetamine 200mg after meals, Remikiren 100mg as needed, Cilazapril, Alfentanil.","['Amphetamine', 'Remikiren', 'Cilazapril', 'Alfentanil']",1,3,risk or severity of adverse effects,"patient: 30m. drugs: amphetamine 200mg after meals, remikiren 100mg as needed, cilazapril, alfentanil.","['patient', '30', 'm.', 'drugs', 'amphetamine', '200', 'mg', 'meals', 'remikiren', '100', 'mg', 'needed', 'cilazapril', 'alfentanil']",14,"['Alfentanil', 'Cilazapril', 'Amphetamine', 'Remikiren']"
"Patient: 33M. Drugs: Indomethacin 100mg every 6 hours, Unoprostone, Etafedrine 50mg before meals.","['Indomethacin', 'Unoprostone', 'Etafedrine']",1,1,therapeutic efficacy,"patient: 33m. drugs: indomethacin 100mg every 6 hours, unoprostone, etafedrine 50mg before meals.","['patient', '33', 'm.', 'drugs', 'indomethacin', '100', 'mg', '6', 'hours', 'unoprostone', 'etafedrine', '50', 'mg', 'meals']",14,"['Unoprostone', 'Etafedrine', 'Indomethacin']"
"Patient: 52M. Drugs: Olmesartan 500mg every 6 hours, Levobunolol 200mg every 8 hours.","['Olmesartan', 'Levobunolol']",1,3,risk or severity of adverse effects,"patient: 52m. drugs: olmesartan 500mg every 6 hours, levobunolol 200mg every 8 hours.","['patient', '52', 'm.', 'drugs', 'olmesartan', '500', 'mg', '6', 'hours', 'levobunolol', '200', 'mg', '8', 'hours']",14,"['Levobunolol', 'Olmesartan']"
"Patient: 52M. Drugs: Ibuprofen 75mg twice daily, Carbinoxamine 500mg every 6 hours.","['Ibuprofen', 'Carbinoxamine']",0,0,none,"patient: 52m. drugs: ibuprofen 75mg twice daily, carbinoxamine 500mg every 6 hours.","['patient', '52', 'm.', 'drugs', 'ibuprofen', '75', 'mg', 'twice', 'daily', 'carbinoxamine', '500', 'mg', '6', 'hours']",14,"['Carbinoxamine', 'Ibuprofen']"
"Patient: 25F. Drugs: Midostaurin, Carbamazepine, Thioproperazine.","['Midostaurin', 'Carbamazepine', 'Thioproperazine']",1,2,metabolism,"patient: 25f. drugs: midostaurin, carbamazepine, thioproperazine.","['patient', '25f', 'drugs', 'midostaurin', 'carbamazepine', 'thioproperazine']",6,"['Thioproperazine', 'Midostaurin', 'Carbamazepine']"
"Patient: 33M. Drugs: Arbutamine 50mg every 12 hours, Triethylenetetramine 75mg every 6 hours.","['Arbutamine', 'Triethylenetetramine']",0,0,none,"patient: 33m. drugs: arbutamine 50mg every 12 hours, triethylenetetramine 75mg every 6 hours.","['patient', '33', 'm.', 'drugs', 'arbutamine', '50', 'mg', '12', 'hours', 'triethylenetetramine', '75', 'mg', '6', 'hours']",14,"['Arbutamine', 'Triethylenetetramine']"
"Patient: 40M. Drugs: Gemeprost 100mg once daily, Hydrocodone 200mg after meals, Romidepsin, Diflunisal 25mg every 8 hours.","['Gemeprost', 'Hydrocodone', 'Romidepsin', 'Diflunisal']",1,1,therapeutic efficacy,"patient: 40m. drugs: gemeprost 100mg once daily, hydrocodone 200mg after meals, romidepsin, diflunisal 25mg every 8 hours.","['patient', '40', 'm.', 'drugs', 'gemeprost', '100', 'mg', 'daily', 'hydrocodone', '200', 'mg', 'meals', 'romidepsin', 'diflunisal', '25', 'mg', '8', 'hours']",18,"['Hydrocodone', 'Romidepsin', 'Gemeprost', 'Diflunisal']"
"Patient: 35F. Drugs: Alizapride 100mg twice daily, Griseofulvin 500mg twice daily, Minaprine 100mg once daily.","['Alizapride', 'Griseofulvin', 'Minaprine']",0,0,none,"patient: 35f. drugs: alizapride 100mg twice daily, griseofulvin 500mg twice daily, minaprine 100mg once daily.","['patient', '35f', 'drugs', 'alizapride', '100', 'mg', 'twice', 'daily', 'griseofulvin', '500', 'mg', 'twice', 'daily', 'minaprine', '100', 'mg', 'daily']",17,"['Minaprine', 'Griseofulvin', 'Alizapride']"
"Patient: 45F. Drugs: Oxybutynin, Metoclopramide 200mg as needed, Tolazoline 50mg before meals.","['Oxybutynin', 'Metoclopramide', 'Tolazoline']",1,1,therapeutic efficacy,"patient: 45f. drugs: oxybutynin, metoclopramide 200mg as needed, tolazoline 50mg before meals.","['patient', '45f', 'drugs', 'oxybutynin', 'metoclopramide', '200', 'mg', 'needed', 'tolazoline', '50', 'mg', 'meals']",12,"['Tolazoline', 'Oxybutynin', 'Metoclopramide']"
"Patient: 35F. Drugs: Potassium Chloride, Flupentixol 100mg every 6 hours, Dabigatran etexilate 50mg after meals.","['Potassium Chloride', 'Flupentixol', 'Dabigatran etexilate']",1,2,serum concentration of active metabolites,"patient: 35f. drugs: potassium chloride, flupentixol 100mg every 6 hours, dabigatran etexilate 50mg after meals.","['patient', '35f', 'drugs', 'potassium', 'chloride', 'flupentixol', '100', 'mg', '6', 'hours', 'dabigatran', 'etexilate', '50', 'mg', 'meals']",15,"['Potassium Chloride', 'Flupentixol', 'Dabigatran etexilate']"
"Patient: 55F. Drugs: Rosiglitazone 50mg three times daily, Pipotiazine 25mg before meals, Viloxazine 75mg every 8 hours.","['Rosiglitazone', 'Pipotiazine', 'Viloxazine']",1,1,therapeutic efficacy,"patient: 55f. drugs: rosiglitazone 50mg three times daily, pipotiazine 25mg before meals, viloxazine 75mg every 8 hours.","['patient', '55f', 'drugs', 'rosiglitazone', '50', 'mg', 'times', 'daily', 'pipotiazine', '25', 'mg', 'meals', 'viloxazine', '75', 'mg', '8', 'hours']",17,"['Rosiglitazone', 'Viloxazine', 'Pipotiazine']"
"Patient: 52M. Drugs: Phenmetrazine, Terbutaline 75mg twice daily.","['Phenmetrazine', 'Terbutaline']",1,3,risk or severity of adverse effects,"patient: 52m. drugs: phenmetrazine, terbutaline 75mg twice daily.","['patient', '52', 'm.', 'drugs', 'phenmetrazine', 'terbutaline', '75', 'mg', 'twice', 'daily']",10,"['Terbutaline', 'Phenmetrazine']"
"Patient: 45F. Drugs: Indapamide, Leflunomide 500mg every 8 hours.","['Indapamide', 'Leflunomide']",1,1,therapeutic efficacy,"patient: 45f. drugs: indapamide, leflunomide 500mg every 8 hours.","['patient', '45f', 'drugs', 'indapamide', 'leflunomide', '500', 'mg', '8', 'hours']",9,"['Leflunomide', 'Indapamide']"
"Patient: 33M. Drugs: Magnesium oxide, Permethrin 75mg every 6 hours.","['Magnesium oxide', 'Permethrin']",0,0,none,"patient: 33m. drugs: magnesium oxide, permethrin 75mg every 6 hours.","['patient', '33', 'm.', 'drugs', 'magnesium', 'oxide', 'permethrin', '75', 'mg', '6', 'hours']",11,"['Permethrin', 'Magnesium oxide']"
"Patient: 28F. Drugs: Diethylstilbestrol 100mg every 6 hours, Pindolol, Fesoterodine 50mg before meals.","['Diethylstilbestrol', 'Pindolol', 'Fesoterodine']",1,2,serum concentration of active metabolites,"patient: 28f. drugs: diethylstilbestrol 100mg every 6 hours, pindolol, fesoterodine 50mg before meals.","['patient', '28f', 'drugs', 'diethylstilbestrol', '100', 'mg', '6', 'hours', 'pindolol', 'fesoterodine', '50', 'mg', 'meals']",13,"['Diethylstilbestrol', 'Fesoterodine', 'Pindolol']"
"Patient: 75M. Drugs: Desipramine, Carprofen 75mg every 8 hours, Aminosalicylic Acid.","['Desipramine', 'Carprofen', 'Aminosalicylic Acid']",1,3,risk or severity of adverse effects,"patient: 75m. drugs: desipramine, carprofen 75mg every 8 hours, aminosalicylic acid.","['patient', '75', 'm.', 'drugs', 'desipramine', 'carprofen', '75', 'mg', '8', 'hours', 'aminosalicylic', 'acid']",12,"['Aminosalicylic Acid', 'Desipramine', 'Carprofen']"
"Patient: 28F. Drugs: Methamphetamine, Cefepime 25mg once daily, Acrivastine 200mg three times daily, Azelnidipine 100mg three times daily.","['Methamphetamine', 'Cefepime', 'Acrivastine', 'Azelnidipine']",1,2,sedative activities,"patient: 28f. drugs: methamphetamine, cefepime 25mg once daily, acrivastine 200mg three times daily, azelnidipine 100mg three times daily.","['patient', '28f', 'drugs', 'methamphetamine', 'cefepime', '25', 'mg', 'daily', 'acrivastine', '200', 'mg', 'times', 'daily', 'azelnidipine', '100', 'mg', 'times', 'daily']",18,"['Methamphetamine', 'Acrivastine', 'Cefepime', 'Azelnidipine']"
"Patient: 48F. Drugs: Azelastine, Levocabastine 50mg after meals, Pimecrolimus 75mg every 12 hours.","['Azelastine', 'Levocabastine', 'Pimecrolimus']",1,2,central nervous system depressant (CNS depressant) activities,"patient: 48f. drugs: azelastine, levocabastine 50mg after meals, pimecrolimus 75mg every 12 hours.","['patient', '48f', 'drugs', 'azelastine', 'levocabastine', '50', 'mg', 'meals', 'pimecrolimus', '75', 'mg', '12', 'hours']",13,"['Levocabastine', 'Pimecrolimus', 'Azelastine']"
"Patient: 35F. Drugs: Unoprostone 25mg as needed, Acemetacin 500mg every 8 hours, Ketamine.","['Unoprostone', 'Acemetacin', 'Ketamine']",1,1,therapeutic efficacy,"patient: 35f. drugs: unoprostone 25mg as needed, acemetacin 500mg every 8 hours, ketamine.","['patient', '35f', 'drugs', 'unoprostone', '25', 'mg', 'needed', 'acemetacin', '500', 'mg', '8', 'hours', 'ketamine']",13,"['Ketamine', 'Unoprostone', 'Acemetacin']"
"Patient: 68M. Drugs: Fluvoxamine 75mg as needed, Enflurane 25mg every 8 hours, Ribociclib 500mg three times daily.","['Fluvoxamine', 'Enflurane', 'Ribociclib']",1,3,risk or severity of adverse effects,"patient: 68m. drugs: fluvoxamine 75mg as needed, enflurane 25mg every 8 hours, ribociclib 500mg three times daily.","['patient', '68', 'm.', 'drugs', 'fluvoxamine', '75', 'mg', 'needed', 'enflurane', '25', 'mg', '8', 'hours', 'ribociclib', '500', 'mg', 'times', 'daily']",18,"['Ribociclib', 'Fluvoxamine', 'Enflurane']"
"Patient: 45F. Drugs: Haloperidol, Asunaprevir 100mg as needed, Lomefloxacin 75mg after meals.","['Haloperidol', 'Asunaprevir', 'Lomefloxacin']",1,2,serum concentration,"patient: 45f. drugs: haloperidol, asunaprevir 100mg as needed, lomefloxacin 75mg after meals.","['patient', '45f', 'drugs', 'haloperidol', 'asunaprevir', '100', 'mg', 'needed', 'lomefloxacin', '75', 'mg', 'meals']",12,"['Haloperidol', 'Lomefloxacin', 'Asunaprevir']"
"Patient: 30M. Drugs: Flavoxate 500mg three times daily, Dasatinib.","['Flavoxate', 'Dasatinib']",0,0,none,"patient: 30m. drugs: flavoxate 500mg three times daily, dasatinib.","['patient', '30', 'm.', 'drugs', 'flavoxate', '500', 'mg', 'times', 'daily', 'dasatinib']",10,"['Dasatinib', 'Flavoxate']"
"Patient: 62M. Drugs: Lercanidipine 500mg every 8 hours, Iloperidone 25mg every 8 hours.","['Lercanidipine', 'Iloperidone']",1,3,risk or severity of hypotension,"patient: 62m. drugs: lercanidipine 500mg every 8 hours, iloperidone 25mg every 8 hours.","['patient', '62', 'm.', 'drugs', 'lercanidipine', '500', 'mg', '8', 'hours', 'iloperidone', '25', 'mg', '8', 'hours']",14,"['Iloperidone', 'Lercanidipine']"
"Patient: 52M. Drugs: Sulfamerazine 50mg after meals, Perospirone 75mg every 12 hours, Thiocolchicoside 200mg once daily.","['Sulfamerazine', 'Perospirone', 'Thiocolchicoside']",0,0,none,"patient: 52m. drugs: sulfamerazine 50mg after meals, perospirone 75mg every 12 hours, thiocolchicoside 200mg once daily.","['patient', '52', 'm.', 'drugs', 'sulfamerazine', '50', 'mg', 'meals', 'perospirone', '75', 'mg', '12', 'hours', 'thiocolchicoside', '200', 'mg', 'daily']",17,"['Thiocolchicoside', 'Sulfamerazine', 'Perospirone']"
"Patient: 70F. Drugs: Palonosetron 75mg before meals, Lumacaftor, Antazoline.","['Palonosetron', 'Lumacaftor', 'Antazoline']",1,2,metabolism,"patient: 70f. drugs: palonosetron 75mg before meals, lumacaftor, antazoline.","['patient', '70f', 'drugs', 'palonosetron', '75', 'mg', 'meals', 'lumacaftor', 'antazoline']",9,"['Palonosetron', 'Antazoline', 'Lumacaftor']"
"Patient: 60F. Drugs: Butriptyline 500mg every 6 hours, Goserelin, Dihydrocodeine 50mg every 12 hours, Fimasartan.","['Butriptyline', 'Goserelin', 'Dihydrocodeine', 'Fimasartan']",0,0,none,"patient: 60f. drugs: butriptyline 500mg every 6 hours, goserelin, dihydrocodeine 50mg every 12 hours, fimasartan.","['patient', '60f', 'drugs', 'butriptyline', '500', 'mg', '6', 'hours', 'goserelin', 'dihydrocodeine', '50', 'mg', '12', 'hours', 'fimasartan']",15,"['Goserelin', 'Dihydrocodeine', 'Fimasartan', 'Butriptyline']"
"Patient: 70F. Drugs: Acetohexamide, Benzthiazide 25mg as needed.","['Acetohexamide', 'Benzthiazide']",1,1,therapeutic efficacy,"patient: 70f. drugs: acetohexamide, benzthiazide 25mg as needed.","['patient', '70f', 'drugs', 'acetohexamide', 'benzthiazide', '25', 'mg', 'needed']",8,"['Benzthiazide', 'Acetohexamide']"
"Patient: 33M. Drugs: Enflurane 100mg before meals, Etacrynic acid 100mg before meals, Tranilast 50mg twice daily.","['Enflurane', 'Etacrynic acid', 'Tranilast']",1,1,therapeutic efficacy,"patient: 33m. drugs: enflurane 100mg before meals, etacrynic acid 100mg before meals, tranilast 50mg twice daily.","['patient', '33', 'm.', 'drugs', 'enflurane', '100', 'mg', 'meals', 'etacrynic', 'acid', '100', 'mg', 'meals', 'tranilast', '50', 'mg', 'twice', 'daily']",18,"['Tranilast', 'Etacrynic acid', 'Enflurane']"
"Patient: 25F. Drugs: Eplerenone 500mg before meals, Clomipramine, Anagrelide 100mg before meals.","['Eplerenone', 'Clomipramine', 'Anagrelide']",1,3,risk or severity of adverse effects,"patient: 25f. drugs: eplerenone 500mg before meals, clomipramine, anagrelide 100mg before meals.","['patient', '25f', 'drugs', 'eplerenone', '500', 'mg', 'meals', 'clomipramine', 'anagrelide', '100', 'mg', 'meals']",12,"['Anagrelide', 'Eplerenone', 'Clomipramine']"
"Patient: 25F. Drugs: Methyl salicylate 100mg every 8 hours, Oxycodone 500mg three times daily, Naftifine.","['Methyl salicylate', 'Oxycodone', 'Naftifine']",0,0,none,"patient: 25f. drugs: methyl salicylate 100mg every 8 hours, oxycodone 500mg three times daily, naftifine.","['patient', '25f', 'drugs', 'methyl', 'salicylate', '100', 'mg', '8', 'hours', 'oxycodone', '500', 'mg', 'times', 'daily', 'naftifine']",15,"['Oxycodone', 'Methyl salicylate', 'Naftifine']"
"Patient: 40M. Drugs: Tacrolimus, Pramlintide 500mg every 6 hours.","['Tacrolimus', 'Pramlintide']",1,1,therapeutic efficacy,"patient: 40m. drugs: tacrolimus, pramlintide 500mg every 6 hours.","['patient', '40', 'm.', 'drugs', 'tacrolimus', 'pramlintide', '500', 'mg', '6', 'hours']",10,"['Tacrolimus', 'Pramlintide']"
"Patient: 35F. Drugs: Alvimopan 50mg before meals, Methylnaltrexone.","['Alvimopan', 'Methylnaltrexone']",1,3,risk or severity of adverse effects,"patient: 35f. drugs: alvimopan 50mg before meals, methylnaltrexone.","['patient', '35f', 'drugs', 'alvimopan', '50', 'mg', 'meals', 'methylnaltrexone']",8,"['Alvimopan', 'Methylnaltrexone']"
"Patient: 25F. Drugs: Tropicamide 25mg twice daily, Metoclopramide 75mg once daily.","['Tropicamide', 'Metoclopramide']",1,1,therapeutic efficacy,"patient: 25f. drugs: tropicamide 25mg twice daily, metoclopramide 75mg once daily.","['patient', '25f', 'drugs', 'tropicamide', '25', 'mg', 'twice', 'daily', 'metoclopramide', '75', 'mg', 'daily']",12,"['Tropicamide', 'Metoclopramide']"
"Patient: 30M. Drugs: Rosuvastatin 25mg three times daily, Ranitidine 100mg every 8 hours, Succimer 25mg every 12 hours.","['Rosuvastatin', 'Ranitidine', 'Succimer']",1,2,serum concentration,"patient: 30m. drugs: rosuvastatin 25mg three times daily, ranitidine 100mg every 8 hours, succimer 25mg every 12 hours.","['patient', '30', 'm.', 'drugs', 'rosuvastatin', '25', 'mg', 'times', 'daily', 'ranitidine', '100', 'mg', '8', 'hours', 'succimer', '25', 'mg', '12', 'hours']",19,"['Succimer', 'Ranitidine', 'Rosuvastatin']"
"Patient: 60F. Drugs: Artemether 75mg every 12 hours, Ciprofibrate 200mg after meals, Bacitracin 25mg once daily.","['Artemether', 'Ciprofibrate', 'Bacitracin']",0,0,none,"patient: 60f. drugs: artemether 75mg every 12 hours, ciprofibrate 200mg after meals, bacitracin 25mg once daily.","['patient', '60f', 'drugs', 'artemether', '75', 'mg', '12', 'hours', 'ciprofibrate', '200', 'mg', 'meals', 'bacitracin', '25', 'mg', 'daily']",16,"['Ciprofibrate', 'Bacitracin', 'Artemether']"
"Patient: 30M. Drugs: Etidocaine, Perazine 200mg every 6 hours, Phenylbutazone 75mg twice daily.","['Etidocaine', 'Perazine', 'Phenylbutazone']",1,3,risk or severity of adverse effects,"patient: 30m. drugs: etidocaine, perazine 200mg every 6 hours, phenylbutazone 75mg twice daily.","['patient', '30', 'm.', 'drugs', 'etidocaine', 'perazine', '200', 'mg', '6', 'hours', 'phenylbutazone', '75', 'mg', 'twice', 'daily']",15,"['Perazine', 'Phenylbutazone', 'Etidocaine']"
"Patient: 75M. Drugs: Furosemide, Lumiracoxib 200mg three times daily.","['Furosemide', 'Lumiracoxib']",1,1,therapeutic efficacy,"patient: 75m. drugs: furosemide, lumiracoxib 200mg three times daily.","['patient', '75', 'm.', 'drugs', 'furosemide', 'lumiracoxib', '200', 'mg', 'times', 'daily']",10,"['Lumiracoxib', 'Furosemide']"
"Patient: 45F. Drugs: Pioglitazone 50mg before meals, Trazodone 500mg three times daily, Oxcarbazepine 500mg once daily, Isotretinoin.","['Pioglitazone', 'Trazodone', 'Oxcarbazepine', 'Isotretinoin']",0,0,none,"patient: 45f. drugs: pioglitazone 50mg before meals, trazodone 500mg three times daily, oxcarbazepine 500mg once daily, isotretinoin.","['patient', '45f', 'drugs', 'pioglitazone', '50', 'mg', 'meals', 'trazodone', '500', 'mg', 'times', 'daily', 'oxcarbazepine', '500', 'mg', 'daily', 'isotretinoin']",17,"['Isotretinoin', 'Trazodone', 'Pioglitazone', 'Oxcarbazepine']"
"Patient: 35F. Drugs: Erlotinib 500mg before meals, Phenyl aminosalicylate 500mg before meals, Acetophenazine 100mg every 12 hours, Meprednisone.","['Erlotinib', 'Phenyl aminosalicylate', 'Acetophenazine', 'Meprednisone']",0,0,none,"patient: 35f. drugs: erlotinib 500mg before meals, phenyl aminosalicylate 500mg before meals, acetophenazine 100mg every 12 hours, meprednisone.","['patient', '35f', 'drugs', 'erlotinib', '500', 'mg', 'meals', 'phenyl', 'aminosalicylate', '500', 'mg', 'meals', 'acetophenazine', '100', 'mg', '12', 'hours', 'meprednisone']",18,"['Meprednisone', 'Acetophenazine', 'Phenyl aminosalicylate', 'Erlotinib']"
"Patient: 33M. Drugs: Rosiglitazone 100mg every 12 hours, Salicylic acid 25mg every 8 hours.","['Rosiglitazone', 'Salicylic acid']",1,3,risk or severity of adverse effects,"patient: 33m. drugs: rosiglitazone 100mg every 12 hours, salicylic acid 25mg every 8 hours.","['patient', '33', 'm.', 'drugs', 'rosiglitazone', '100', 'mg', '12', 'hours', 'salicylic', 'acid', '25', 'mg', '8', 'hours']",15,"['Rosiglitazone', 'Salicylic acid']"
"Patient: 75M. Drugs: Rolapitant, Ertugliflozin.","['Rolapitant', 'Ertugliflozin']",1,2,serum concentration,"patient: 75m. drugs: rolapitant, ertugliflozin.","['patient', '75', 'm.', 'drugs', 'rolapitant', 'ertugliflozin']",6,"['Ertugliflozin', 'Rolapitant']"
"Patient: 48F. Drugs: Axitinib, Pancuronium 25mg before meals, Sodium stibogluconate 75mg twice daily.","['Axitinib', 'Pancuronium', 'Sodium stibogluconate']",0,0,none,"patient: 48f. drugs: axitinib, pancuronium 25mg before meals, sodium stibogluconate 75mg twice daily.","['patient', '48f', 'drugs', 'axitinib', 'pancuronium', '25', 'mg', 'meals', 'sodium', 'stibogluconate', '75', 'mg', 'twice', 'daily']",14,"['Axitinib', 'Pancuronium', 'Sodium stibogluconate']"
"Patient: 28F. Drugs: Quinethazone 75mg before meals, Empagliflozin 500mg every 8 hours.","['Quinethazone', 'Empagliflozin']",1,1,therapeutic efficacy,"patient: 28f. drugs: quinethazone 75mg before meals, empagliflozin 500mg every 8 hours.","['patient', '28f', 'drugs', 'quinethazone', '75', 'mg', 'meals', 'empagliflozin', '500', 'mg', '8', 'hours']",12,"['Quinethazone', 'Empagliflozin']"
"Patient: 68M. Drugs: Delavirdine 50mg twice daily, Epinastine 25mg once daily.","['Delavirdine', 'Epinastine']",1,1,absorption,"patient: 68m. drugs: delavirdine 50mg twice daily, epinastine 25mg once daily.","['patient', '68', 'm.', 'drugs', 'delavirdine', '50', 'mg', 'twice', 'daily', 'epinastine', '25', 'mg', 'daily']",13,"['Epinastine', 'Delavirdine']"
"Patient: 28F. Drugs: Nicotine 200mg after meals, Chloramphenicol 100mg after meals, Verteporfin.","['Nicotine', 'Chloramphenicol', 'Verteporfin']",1,2,metabolism,"patient: 28f. drugs: nicotine 200mg after meals, chloramphenicol 100mg after meals, verteporfin.","['patient', '28f', 'drugs', 'nicotine', '200', 'mg', 'meals', 'chloramphenicol', '100', 'mg', 'meals', 'verteporfin']",12,"['Verteporfin', 'Nicotine', 'Chloramphenicol']"
"Patient: 62M. Drugs: Cabazitaxel 200mg after meals, Phenylbutyric acid.","['Cabazitaxel', 'Phenylbutyric acid']",1,3,risk or severity of adverse effects,"patient: 62m. drugs: cabazitaxel 200mg after meals, phenylbutyric acid.","['patient', '62', 'm.', 'drugs', 'cabazitaxel', '200', 'mg', 'meals', 'phenylbutyric', 'acid']",10,"['Phenylbutyric acid', 'Cabazitaxel']"
"Patient: 25F. Drugs: Lisinopril 75mg every 6 hours, Aminosalicylic Acid 500mg twice daily, Ciprofibrate 100mg every 6 hours.","['Lisinopril', 'Aminosalicylic Acid', 'Ciprofibrate']",1,1,therapeutic efficacy,"patient: 25f. drugs: lisinopril 75mg every 6 hours, aminosalicylic acid 500mg twice daily, ciprofibrate 100mg every 6 hours.","['patient', '25f', 'drugs', 'lisinopril', '75', 'mg', '6', 'hours', 'aminosalicylic', 'acid', '500', 'mg', 'twice', 'daily', 'ciprofibrate', '100', 'mg', '6', 'hours']",19,"['Ciprofibrate', 'Aminosalicylic Acid', 'Lisinopril']"
"Patient: 45F. Drugs: Tamoxifen 200mg after meals, Doxorubicin 25mg as needed, Propantheline 50mg every 8 hours.","['Tamoxifen', 'Doxorubicin', 'Propantheline']",1,2,serum concentration,"patient: 45f. drugs: tamoxifen 200mg after meals, doxorubicin 25mg as needed, propantheline 50mg every 8 hours.","['patient', '45f', 'drugs', 'tamoxifen', '200', 'mg', 'meals', 'doxorubicin', '25', 'mg', 'needed', 'propantheline', '50', 'mg', '8', 'hours']",16,"['Propantheline', 'Doxorubicin', 'Tamoxifen']"
"Patient: 33M. Drugs: Tetracycline 200mg as needed, Pivmecillinam 500mg every 12 hours.","['Tetracycline', 'Pivmecillinam']",1,1,therapeutic efficacy,"patient: 33m. drugs: tetracycline 200mg as needed, pivmecillinam 500mg every 12 hours.","['patient', '33', 'm.', 'drugs', 'tetracycline', '200', 'mg', 'needed', 'pivmecillinam', '500', 'mg', '12', 'hours']",13,"['Tetracycline', 'Pivmecillinam']"
"Patient: 25F. Drugs: Niacin, Salicylic acid, Olmesartan 50mg every 12 hours.","['Niacin', 'Salicylic acid', 'Olmesartan']",1,3,risk or severity of adverse effects,"patient: 25f. drugs: niacin, salicylic acid, olmesartan 50mg every 12 hours.","['patient', '25f', 'drugs', 'niacin', 'salicylic', 'acid', 'olmesartan', '50', 'mg', '12', 'hours']",11,"['Olmesartan', 'Niacin', 'Salicylic acid']"
"Patient: 48F. Drugs: Ketotifen, Moexipril 500mg twice daily.","['Ketotifen', 'Moexipril']",0,0,none,"patient: 48f. drugs: ketotifen, moexipril 500mg twice daily.","['patient', '48f', 'drugs', 'ketotifen', 'moexipril', '500', 'mg', 'twice', 'daily']",9,"['Ketotifen', 'Moexipril']"
"Patient: 55F. Drugs: Rosiglitazone 50mg three times daily, Pipotiazine 25mg before meals, Viloxazine 75mg every 8 hours.","['Rosiglitazone', 'Pipotiazine', 'Viloxazine']",1,1,therapeutic efficacy,"patient: 55f. drugs: rosiglitazone 50mg three times daily, pipotiazine 25mg before meals, viloxazine 75mg every 8 hours.","['patient', '55f', 'drugs', 'rosiglitazone', '50', 'mg', 'times', 'daily', 'pipotiazine', '25', 'mg', 'meals', 'viloxazine', '75', 'mg', '8', 'hours']",17,"['Rosiglitazone', 'Viloxazine', 'Pipotiazine']"
"Patient: 60F. Drugs: Hydrochlorothiazide 75mg once daily, Elvitegravir.","['Hydrochlorothiazide', 'Elvitegravir']",0,0,none,"patient: 60f. drugs: hydrochlorothiazide 75mg once daily, elvitegravir.","['patient', '60f', 'drugs', 'hydrochlorothiazide', '75', 'mg', 'daily', 'elvitegravir']",8,"['Hydrochlorothiazide', 'Elvitegravir']"
"Patient: 33M. Drugs: Felbamate 25mg every 8 hours, Chlormezanone 500mg three times daily.","['Felbamate', 'Chlormezanone']",1,3,risk or severity of adverse effects,"patient: 33m. drugs: felbamate 25mg every 8 hours, chlormezanone 500mg three times daily.","['patient', '33', 'm.', 'drugs', 'felbamate', '25', 'mg', '8', 'hours', 'chlormezanone', '500', 'mg', 'times', 'daily']",14,"['Chlormezanone', 'Felbamate']"
"Patient: 52M. Drugs: Oxandrolone, Nalmefene.","['Oxandrolone', 'Nalmefene']",0,0,none,"patient: 52m. drugs: oxandrolone, nalmefene.","['patient', '52', 'm.', 'drugs', 'oxandrolone', 'nalmefene']",6,"['Oxandrolone', 'Nalmefene']"
"Patient: 35F. Drugs: Warfarin 75mg every 12 hours, Glutethimide.","['Warfarin', 'Glutethimide']",1,2,metabolism,"patient: 35f. drugs: warfarin 75mg every 12 hours, glutethimide.","['patient', '35f', 'drugs', 'warfarin', '75', 'mg', '12', 'hours', 'glutethimide']",9,"['Glutethimide', 'Warfarin']"
"Patient: 55F. Drugs: Choline C 11 25mg as needed, Epinastine 75mg three times daily.","['Choline C 11', 'Epinastine']",0,0,none,"patient: 55f. drugs: choline c 11 25mg as needed, epinastine 75mg three times daily.","['patient', '55f', 'drugs', 'choline', 'c', '11', '25', 'mg', 'needed', 'epinastine', '75', 'mg', 'times', 'daily']",14,"['Choline C 11', 'Epinastine']"
"Patient: 28F. Drugs: Acepromazine 100mg as needed, Copper.","['Acepromazine', 'Copper']",0,0,none,"patient: 28f. drugs: acepromazine 100mg as needed, copper.","['patient', '28f', 'drugs', 'acepromazine', '100', 'mg', 'needed', 'copper']",8,"['Acepromazine', 'Copper']"
"Patient: 45F. Drugs: Oxybutynin, Metoclopramide 200mg as needed, Tolazoline 50mg before meals.","['Oxybutynin', 'Metoclopramide', 'Tolazoline']",1,1,therapeutic efficacy,"patient: 45f. drugs: oxybutynin, metoclopramide 200mg as needed, tolazoline 50mg before meals.","['patient', '45f', 'drugs', 'oxybutynin', 'metoclopramide', '200', 'mg', 'needed', 'tolazoline', '50', 'mg', 'meals']",12,"['Tolazoline', 'Oxybutynin', 'Metoclopramide']"
"Patient: 58M. Drugs: Nitroglycerin 75mg twice daily, Azilsartan medoxomil 200mg every 12 hours.","['Nitroglycerin', 'Azilsartan medoxomil']",1,3,risk or severity of adverse effects,"patient: 58m. drugs: nitroglycerin 75mg twice daily, azilsartan medoxomil 200mg every 12 hours.","['patient', '58', 'm.', 'drugs', 'nitroglycerin', '75', 'mg', 'twice', 'daily', 'azilsartan', 'medoxomil', '200', 'mg', '12', 'hours']",15,"['Azilsartan medoxomil', 'Nitroglycerin']"
"Patient: 60F. Drugs: Mequinol, Biperiden 500mg after meals.","['Mequinol', 'Biperiden']",0,0,none,"patient: 60f. drugs: mequinol, biperiden 500mg after meals.","['patient', '60f', 'drugs', 'mequinol', 'biperiden', '500', 'mg', 'meals']",8,"['Mequinol', 'Biperiden']"
"Patient: 52M. Drugs: Mefenamic acid 50mg three times daily, Bumetanide 500mg once daily, Dexmethylphenidate 500mg every 12 hours.","['Mefenamic acid', 'Bumetanide', 'Dexmethylphenidate']",1,1,therapeutic efficacy,"patient: 52m. drugs: mefenamic acid 50mg three times daily, bumetanide 500mg once daily, dexmethylphenidate 500mg every 12 hours.","['patient', '52', 'm.', 'drugs', 'mefenamic', 'acid', '50', 'mg', 'times', 'daily', 'bumetanide', '500', 'mg', 'daily', 'dexmethylphenidate', '500', 'mg', '12', 'hours']",19,"['Mefenamic acid', 'Bumetanide', 'Dexmethylphenidate']"
"Patient: 33M. Drugs: Cefotetan 100mg as needed, Macimorelin 200mg three times daily, Vortioxetine 50mg every 6 hours.","['Cefotetan', 'Macimorelin', 'Vortioxetine']",0,0,none,"patient: 33m. drugs: cefotetan 100mg as needed, macimorelin 200mg three times daily, vortioxetine 50mg every 6 hours.","['patient', '33', 'm.', 'drugs', 'cefotetan', '100', 'mg', 'needed', 'macimorelin', '200', 'mg', 'times', 'daily', 'vortioxetine', '50', 'mg', '6', 'hours']",18,"['Vortioxetine', 'Cefotetan', 'Macimorelin']"
"Patient: 30M. Drugs: Cyclosporine 500mg three times daily, Sucralfate, Melperone.","['Cyclosporine', 'Sucralfate', 'Melperone']",1,1,absorption,"patient: 30m. drugs: cyclosporine 500mg three times daily, sucralfate, melperone.","['patient', '30', 'm.', 'drugs', 'cyclosporine', '500', 'mg', 'times', 'daily', 'sucralfate', 'melperone']",11,"['Melperone', 'Cyclosporine', 'Sucralfate']"
"Patient: 62M. Drugs: Norelgestromin 100mg as needed, Zinc 100mg as needed, Salbutamol 75mg after meals.","['Norelgestromin', 'Zinc', 'Salbutamol']",0,0,none,"patient: 62m. drugs: norelgestromin 100mg as needed, zinc 100mg as needed, salbutamol 75mg after meals.","['patient', '62', 'm.', 'drugs', 'norelgestromin', '100', 'mg', 'needed', 'zinc', '100', 'mg', 'needed', 'salbutamol', '75', 'mg', 'meals']",16,"['Salbutamol', 'Zinc', 'Norelgestromin']"
"Patient: 40M. Drugs: Aranidipine 25mg every 6 hours, Calcium lactate 100mg as needed.","['Aranidipine', 'Calcium lactate']",1,1,therapeutic efficacy,"patient: 40m. drugs: aranidipine 25mg every 6 hours, calcium lactate 100mg as needed.","['patient', '40', 'm.', 'drugs', 'aranidipine', '25', 'mg', '6', 'hours', 'calcium', 'lactate', '100', 'mg', 'needed']",14,"['Calcium lactate', 'Aranidipine']"
"Patient: 58M. Drugs: Melatonin 50mg once daily, Memantine 200mg every 6 hours, Chloramphenicol 100mg twice daily.","['Melatonin', 'Memantine', 'Chloramphenicol']",1,2,metabolism,"patient: 58m. drugs: melatonin 50mg once daily, memantine 200mg every 6 hours, chloramphenicol 100mg twice daily.","['patient', '58', 'm.', 'drugs', 'melatonin', '50', 'mg', 'daily', 'memantine', '200', 'mg', '6', 'hours', 'chloramphenicol', '100', 'mg', 'twice', 'daily']",18,"['Chloramphenicol', 'Memantine', 'Melatonin']"
"Patient: 25F. Drugs: Lidocaine 75mg every 6 hours, Tacrine 500mg twice daily.","['Lidocaine', 'Tacrine']",1,2,metabolism,"patient: 25f. drugs: lidocaine 75mg every 6 hours, tacrine 500mg twice daily.","['patient', '25f', 'drugs', 'lidocaine', '75', 'mg', '6', 'hours', 'tacrine', '500', 'mg', 'twice', 'daily']",13,"['Lidocaine', 'Tacrine']"
"Patient: 33M. Drugs: Felbamate 25mg every 8 hours, Chlormezanone 500mg three times daily.","['Felbamate', 'Chlormezanone']",1,3,risk or severity of adverse effects,"patient: 33m. drugs: felbamate 25mg every 8 hours, chlormezanone 500mg three times daily.","['patient', '33', 'm.', 'drugs', 'felbamate', '25', 'mg', '8', 'hours', 'chlormezanone', '500', 'mg', 'times', 'daily']",14,"['Chlormezanone', 'Felbamate']"
"Patient: 62M. Drugs: Dexbrompheniramine, Butorphanol 200mg once daily.","['Dexbrompheniramine', 'Butorphanol']",1,3,risk or severity of adverse effects,"patient: 62m. drugs: dexbrompheniramine, butorphanol 200mg once daily.","['patient', '62', 'm.', 'drugs', 'dexbrompheniramine', 'butorphanol', '200', 'mg', 'daily']",9,"['Dexbrompheniramine', 'Butorphanol']"
"Patient: 45F. Drugs: Ezetimibe 75mg twice daily, Oxycodone 200mg every 12 hours, Trifluoperazine 100mg every 12 hours.","['Ezetimibe', 'Oxycodone', 'Trifluoperazine']",1,3,risk or severity of adverse effects,"patient: 45f. drugs: ezetimibe 75mg twice daily, oxycodone 200mg every 12 hours, trifluoperazine 100mg every 12 hours.","['patient', '45f', 'drugs', 'ezetimibe', '75', 'mg', 'twice', 'daily', 'oxycodone', '200', 'mg', '12', 'hours', 'trifluoperazine', '100', 'mg', '12', 'hours']",18,"['Oxycodone', 'Trifluoperazine', 'Ezetimibe']"
"Patient: 45F. Drugs: Oxybutynin, Metoclopramide 200mg as needed, Tolazoline 50mg before meals.","['Oxybutynin', 'Metoclopramide', 'Tolazoline']",1,1,therapeutic efficacy,"patient: 45f. drugs: oxybutynin, metoclopramide 200mg as needed, tolazoline 50mg before meals.","['patient', '45f', 'drugs', 'oxybutynin', 'metoclopramide', '200', 'mg', 'needed', 'tolazoline', '50', 'mg', 'meals']",12,"['Tolazoline', 'Oxybutynin', 'Metoclopramide']"
"Patient: 33M. Drugs: Isosorbide Mononitrate, Triamterene, Desflurane.","['Isosorbide Mononitrate', 'Triamterene', 'Desflurane']",1,3,risk or severity of adverse effects,"patient: 33m. drugs: isosorbide mononitrate, triamterene, desflurane.","['patient', '33', 'm.', 'drugs', 'isosorbide', 'mononitrate', 'triamterene', 'desflurane']",8,"['Isosorbide Mononitrate', 'Triamterene', 'Desflurane']"
"Patient: 60F. Drugs: Primidone, Somatostatin 200mg before meals, Roflumilast 25mg once daily.","['Primidone', 'Somatostatin', 'Roflumilast']",1,3,risk or severity of adverse effects,"patient: 60f. drugs: primidone, somatostatin 200mg before meals, roflumilast 25mg once daily.","['patient', '60f', 'drugs', 'primidone', 'somatostatin', '200', 'mg', 'meals', 'roflumilast', '25', 'mg', 'daily']",12,"['Somatostatin', 'Primidone', 'Roflumilast']"
"Patient: 52M. Drugs: Goserelin 100mg before meals, Felodipine.","['Goserelin', 'Felodipine']",0,0,none,"patient: 52m. drugs: goserelin 100mg before meals, felodipine.","['patient', '52', 'm.', 'drugs', 'goserelin', '100', 'mg', 'meals', 'felodipine']",9,"['Goserelin', 'Felodipine']"
"Patient: 62M. Drugs: Tramadol 200mg as needed, Metolazone 75mg every 6 hours, Pentoxifylline 25mg after meals.","['Tramadol', 'Metolazone', 'Pentoxifylline']",1,3,risk or severity of adverse effects,"patient: 62m. drugs: tramadol 200mg as needed, metolazone 75mg every 6 hours, pentoxifylline 25mg after meals.","['patient', '62', 'm.', 'drugs', 'tramadol', '200', 'mg', 'needed', 'metolazone', '75', 'mg', '6', 'hours', 'pentoxifylline', '25', 'mg', 'meals']",17,"['Pentoxifylline', 'Metolazone', 'Tramadol']"
"Patient: 45F. Drugs: Spiramycin 100mg twice daily, Butenafine 200mg every 6 hours, Ziprasidone 100mg every 8 hours.","['Spiramycin', 'Butenafine', 'Ziprasidone']",1,2,metabolism,"patient: 45f. drugs: spiramycin 100mg twice daily, butenafine 200mg every 6 hours, ziprasidone 100mg every 8 hours.","['patient', '45f', 'drugs', 'spiramycin', '100', 'mg', 'twice', 'daily', 'butenafine', '200', 'mg', '6', 'hours', 'ziprasidone', '100', 'mg', '8', 'hours']",18,"['Butenafine', 'Spiramycin', 'Ziprasidone']"
"Patient: 60F. Drugs: Debrisoquin 100mg before meals, Valaciclovir 25mg every 8 hours.","['Debrisoquin', 'Valaciclovir']",0,0,none,"patient: 60f. drugs: debrisoquin 100mg before meals, valaciclovir 25mg every 8 hours.","['patient', '60f', 'drugs', 'debrisoquin', '100', 'mg', 'meals', 'valaciclovir', '25', 'mg', '8', 'hours']",12,"['Valaciclovir', 'Debrisoquin']"
"Patient: 55F. Drugs: Posaconazole 50mg once daily, Clevidipine 200mg before meals, Adenine.","['Posaconazole', 'Clevidipine', 'Adenine']",1,1,therapeutic efficacy,"patient: 55f. drugs: posaconazole 50mg once daily, clevidipine 200mg before meals, adenine.","['patient', '55f', 'drugs', 'posaconazole', '50', 'mg', 'daily', 'clevidipine', '200', 'mg', 'meals', 'adenine']",12,"['Adenine', 'Posaconazole', 'Clevidipine']"
"Patient: 48F. Drugs: Nitroxoline 50mg after meals, Efonidipine, Emtricitabine.","['Nitroxoline', 'Efonidipine', 'Emtricitabine']",1,1,therapeutic efficacy,"patient: 48f. drugs: nitroxoline 50mg after meals, efonidipine, emtricitabine.","['patient', '48f', 'drugs', 'nitroxoline', '50', 'mg', 'meals', 'efonidipine', 'emtricitabine']",9,"['Efonidipine', 'Nitroxoline', 'Emtricitabine']"
"Patient: 52M. Drugs: Loteprednol, Cyclothiazide, Deserpidine 25mg every 12 hours.","['Loteprednol', 'Cyclothiazide', 'Deserpidine']",1,2,hypotensive activities,"patient: 52m. drugs: loteprednol, cyclothiazide, deserpidine 25mg every 12 hours.","['patient', '52', 'm.', 'drugs', 'loteprednol', 'cyclothiazide', 'deserpidine', '25', 'mg', '12', 'hours']",11,"['Loteprednol', 'Cyclothiazide', 'Deserpidine']"
"Patient: 62M. Drugs: Ambenonium, Dihydroergotamine 200mg once daily, Lubiprostone 200mg once daily.","['Ambenonium', 'Dihydroergotamine', 'Lubiprostone']",0,0,none,"patient: 62m. drugs: ambenonium, dihydroergotamine 200mg once daily, lubiprostone 200mg once daily.","['patient', '62', 'm.', 'drugs', 'ambenonium', 'dihydroergotamine', '200', 'mg', 'daily', 'lubiprostone', '200', 'mg', 'daily']",13,"['Dihydroergotamine', 'Lubiprostone', 'Ambenonium']"
"Patient: 30M. Drugs: Mycophenolic acid 500mg after meals, Acemetacin 75mg after meals, Oritavancin 25mg as needed.","['Mycophenolic acid', 'Acemetacin', 'Oritavancin']",1,3,risk or severity of adverse effects,"patient: 30m. drugs: mycophenolic acid 500mg after meals, acemetacin 75mg after meals, oritavancin 25mg as needed.","['patient', '30', 'm.', 'drugs', 'mycophenolic', 'acid', '500', 'mg', 'meals', 'acemetacin', '75', 'mg', 'meals', 'oritavancin', '25', 'mg', 'needed']",17,"['Oritavancin', 'Mycophenolic acid', 'Acemetacin']"
"Patient: 75M. Drugs: Apraclonidine 100mg three times daily, Mianserin 200mg after meals, Ferrous sulfate 100mg before meals.","['Apraclonidine', 'Mianserin', 'Ferrous sulfate']",1,1,therapeutic efficacy,"patient: 75m. drugs: apraclonidine 100mg three times daily, mianserin 200mg after meals, ferrous sulfate 100mg before meals.","['patient', '75', 'm.', 'drugs', 'apraclonidine', '100', 'mg', 'times', 'daily', 'mianserin', '200', 'mg', 'meals', 'ferrous', 'sulfate', '100', 'mg', 'meals']",18,"['Ferrous sulfate', 'Mianserin', 'Apraclonidine']"
"Patient: 58M. Drugs: Neostigmine 500mg twice daily, Fluprednisolone, Natamycin 200mg every 6 hours.","['Neostigmine', 'Fluprednisolone', 'Natamycin']",1,3,risk or severity of adverse effects,"patient: 58m. drugs: neostigmine 500mg twice daily, fluprednisolone, natamycin 200mg every 6 hours.","['patient', '58', 'm.', 'drugs', 'neostigmine', '500', 'mg', 'twice', 'daily', 'fluprednisolone', 'natamycin', '200', 'mg', '6', 'hours']",15,"['Neostigmine', 'Natamycin', 'Fluprednisolone']"
"Patient: 55F. Drugs: Fosaprepitant 100mg after meals, Sonidegib.","['Fosaprepitant', 'Sonidegib']",1,2,serum concentration,"patient: 55f. drugs: fosaprepitant 100mg after meals, sonidegib.","['patient', '55f', 'drugs', 'fosaprepitant', '100', 'mg', 'meals', 'sonidegib']",8,"['Sonidegib', 'Fosaprepitant']"
"Patient: 62M. Drugs: Isoetarine 500mg as needed, Perospirone 50mg before meals, Clomifene 100mg after meals.","['Isoetarine', 'Perospirone', 'Clomifene']",0,0,none,"patient: 62m. drugs: isoetarine 500mg as needed, perospirone 50mg before meals, clomifene 100mg after meals.","['patient', '62', 'm.', 'drugs', 'isoetarine', '500', 'mg', 'needed', 'perospirone', '50', 'mg', 'meals', 'clomifene', '100', 'mg', 'meals']",16,"['Perospirone', 'Isoetarine', 'Clomifene']"
"Patient: 25F. Drugs: Alfuzosin 100mg before meals, Oxtriphylline 200mg after meals, Formestane, Tramadol 75mg every 8 hours.","['Alfuzosin', 'Oxtriphylline', 'Formestane', 'Tramadol']",0,0,none,"patient: 25f. drugs: alfuzosin 100mg before meals, oxtriphylline 200mg after meals, formestane, tramadol 75mg every 8 hours.","['patient', '25f', 'drugs', 'alfuzosin', '100', 'mg', 'meals', 'oxtriphylline', '200', 'mg', 'meals', 'formestane', 'tramadol', '75', 'mg', '8', 'hours']",17,"['Alfuzosin', 'Formestane', 'Oxtriphylline', 'Tramadol']"
"Patient: 68M. Drugs: Tolfenamic Acid, Cyclopenthiazide 75mg after meals, L-Glutamine 200mg every 12 hours.","['Tolfenamic Acid', 'Cyclopenthiazide', 'L-Glutamine']",1,1,therapeutic efficacy,"patient: 68m. drugs: tolfenamic acid, cyclopenthiazide 75mg after meals, lglutamine 200mg every 12 hours.","['patient', '68', 'm.', 'drugs', 'tolfenamic', 'acid', 'cyclopenthiazide', '75', 'mg', 'meals', 'lglutamine', '200', 'mg', '12', 'hours']",15,"['Cyclopenthiazide', 'L-Glutamine', 'Tolfenamic Acid']"
"Patient: 28F. Drugs: Butalbital 200mg once daily, Dexmethylphenidate 200mg every 12 hours.","['Butalbital', 'Dexmethylphenidate']",0,0,none,"patient: 28f. drugs: butalbital 200mg once daily, dexmethylphenidate 200mg every 12 hours.","['patient', '28f', 'drugs', 'butalbital', '200', 'mg', 'daily', 'dexmethylphenidate', '200', 'mg', '12', 'hours']",12,"['Butalbital', 'Dexmethylphenidate']"
"Patient: 30M. Drugs: Amrinone 25mg three times daily, Nitroxoline, Piracetam 100mg after meals.","['Amrinone', 'Nitroxoline', 'Piracetam']",1,1,therapeutic efficacy,"patient: 30m. drugs: amrinone 25mg three times daily, nitroxoline, piracetam 100mg after meals.","['patient', '30', 'm.', 'drugs', 'amrinone', '25', 'mg', 'times', 'daily', 'nitroxoline', 'piracetam', '100', 'mg', 'meals']",14,"['Amrinone', 'Nitroxoline', 'Piracetam']"
"Patient: 28F. Drugs: Cerulenin 75mg before meals, Dirithromycin, Zinc sulfate, Mebeverine.","['Cerulenin', 'Dirithromycin', 'Zinc sulfate', 'Mebeverine']",0,0,none,"patient: 28f. drugs: cerulenin 75mg before meals, dirithromycin, zinc sulfate, mebeverine.","['patient', '28f', 'drugs', 'cerulenin', '75', 'mg', 'meals', 'dirithromycin', 'zinc', 'sulfate', 'mebeverine']",11,"['Zinc sulfate', 'Cerulenin', 'Dirithromycin', 'Mebeverine']"
"Patient: 58M. Drugs: Reserpine 25mg twice daily, Meclizine 500mg every 12 hours, Lactulose 100mg after meals.","['Reserpine', 'Meclizine', 'Lactulose']",1,3,risk or severity of adverse effects,"patient: 58m. drugs: reserpine 25mg twice daily, meclizine 500mg every 12 hours, lactulose 100mg after meals.","['patient', '58', 'm.', 'drugs', 'reserpine', '25', 'mg', 'twice', 'daily', 'meclizine', '500', 'mg', '12', 'hours', 'lactulose', '100', 'mg', 'meals']",18,"['Lactulose', 'Reserpine', 'Meclizine']"
"Patient: 30M. Drugs: Trimethobenzamide 50mg three times daily, Clavulanate 200mg every 8 hours.","['Trimethobenzamide', 'Clavulanate']",0,0,none,"patient: 30m. drugs: trimethobenzamide 50mg three times daily, clavulanate 200mg every 8 hours.","['patient', '30', 'm.', 'drugs', 'trimethobenzamide', '50', 'mg', 'times', 'daily', 'clavulanate', '200', 'mg', '8', 'hours']",14,"['Clavulanate', 'Trimethobenzamide']"
"Patient: 40M. Drugs: Saquinavir, Chenodeoxycholic acid 75mg every 8 hours, Fenbufen.","['Saquinavir', 'Chenodeoxycholic acid', 'Fenbufen']",1,2,metabolism,"patient: 40m. drugs: saquinavir, chenodeoxycholic acid 75mg every 8 hours, fenbufen.","['patient', '40', 'm.', 'drugs', 'saquinavir', 'chenodeoxycholic', 'acid', '75', 'mg', '8', 'hours', 'fenbufen']",12,"['Chenodeoxycholic acid', 'Fenbufen', 'Saquinavir']"
"Patient: 48F. Drugs: Dirithromycin 25mg every 8 hours, Histamine 25mg once daily, Magnesium silicate 100mg twice daily, Levosimendan 200mg three times daily.","['Dirithromycin', 'Histamine', 'Magnesium silicate', 'Levosimendan']",0,0,none,"patient: 48f. drugs: dirithromycin 25mg every 8 hours, histamine 25mg once daily, magnesium silicate 100mg twice daily, levosimendan 200mg three times daily.","['patient', '48f', 'drugs', 'dirithromycin', '25', 'mg', '8', 'hours', 'histamine', '25', 'mg', 'daily', 'magnesium', 'silicate', '100', 'mg', 'twice', 'daily', 'levosimendan', '200', 'mg', 'times', 'daily']",23,"['Histamine', 'Magnesium silicate', 'Levosimendan', 'Dirithromycin']"
"Patient: 45F. Drugs: Pregnenolone 75mg as needed, Dexketoprofen 25mg every 12 hours.","['Pregnenolone', 'Dexketoprofen']",1,3,risk or severity of adverse effects,"patient: 45f. drugs: pregnenolone 75mg as needed, dexketoprofen 25mg every 12 hours.","['patient', '45f', 'drugs', 'pregnenolone', '75', 'mg', 'needed', 'dexketoprofen', '25', 'mg', '12', 'hours']",12,"['Pregnenolone', 'Dexketoprofen']"
"Patient: 25F. Drugs: Cholecalciferol 500mg twice daily, Alfacalcidol 100mg every 6 hours, Ambroxol.","['Cholecalciferol', 'Alfacalcidol', 'Ambroxol']",1,3,risk or severity of adverse effects,"patient: 25f. drugs: cholecalciferol 500mg twice daily, alfacalcidol 100mg every 6 hours, ambroxol.","['patient', '25f', 'drugs', 'cholecalciferol', '500', 'mg', 'twice', 'daily', 'alfacalcidol', '100', 'mg', '6', 'hours', 'ambroxol']",14,"['Ambroxol', 'Cholecalciferol', 'Alfacalcidol']"
"Patient: 75M. Drugs: Brompheniramine 75mg three times daily, Flunarizine 75mg twice daily, Cefpodoxime 500mg every 6 hours.","['Brompheniramine', 'Flunarizine', 'Cefpodoxime']",1,3,risk or severity of adverse effects,"patient: 75m. drugs: brompheniramine 75mg three times daily, flunarizine 75mg twice daily, cefpodoxime 500mg every 6 hours.","['patient', '75', 'm.', 'drugs', 'brompheniramine', '75', 'mg', 'times', 'daily', 'flunarizine', '75', 'mg', 'twice', 'daily', 'cefpodoxime', '500', 'mg', '6', 'hours']",19,"['Cefpodoxime', 'Flunarizine', 'Brompheniramine']"
"Patient: 52M. Drugs: Ciclesonide 25mg after meals, Antipyrine 200mg every 12 hours, Fluconazole 75mg once daily.","['Ciclesonide', 'Antipyrine', 'Fluconazole']",1,3,risk or severity of adverse effects,"patient: 52m. drugs: ciclesonide 25mg after meals, antipyrine 200mg every 12 hours, fluconazole 75mg once daily.","['patient', '52', 'm.', 'drugs', 'ciclesonide', '25', 'mg', 'meals', 'antipyrine', '200', 'mg', '12', 'hours', 'fluconazole', '75', 'mg', 'daily']",17,"['Fluconazole', 'Ciclesonide', 'Antipyrine']"
"Patient: 45F. Drugs: Methadone, Doxepin 75mg every 8 hours, Lacosamide.","['Methadone', 'Doxepin', 'Lacosamide']",1,3,risk or severity of adverse effects,"patient: 45f. drugs: methadone, doxepin 75mg every 8 hours, lacosamide.","['patient', '45f', 'drugs', 'methadone', 'doxepin', '75', 'mg', '8', 'hours', 'lacosamide']",10,"['Doxepin', 'Lacosamide', 'Methadone']"
"Patient: 60F. Drugs: Fenoterol, Magnesium sulfate 25mg once daily, Cefotaxime 100mg every 8 hours.","['Fenoterol', 'Magnesium sulfate', 'Cefotaxime']",0,0,none,"patient: 60f. drugs: fenoterol, magnesium sulfate 25mg once daily, cefotaxime 100mg every 8 hours.","['patient', '60f', 'drugs', 'fenoterol', 'magnesium', 'sulfate', '25', 'mg', 'daily', 'cefotaxime', '100', 'mg', '8', 'hours']",14,"['Magnesium sulfate', 'Fenoterol', 'Cefotaxime']"
"Patient: 75M. Drugs: Penicillamine 500mg three times daily, Bilastine 75mg three times daily, Glycerin 100mg once daily.","['Penicillamine', 'Bilastine', 'Glycerin']",0,0,none,"patient: 75m. drugs: penicillamine 500mg three times daily, bilastine 75mg three times daily, glycerin 100mg once daily.","['patient', '75', 'm.', 'drugs', 'penicillamine', '500', 'mg', 'times', 'daily', 'bilastine', '75', 'mg', 'times', 'daily', 'glycerin', '100', 'mg', 'daily']",18,"['Penicillamine', 'Bilastine', 'Glycerin']"
"Patient: 60F. Drugs: Ipratropium bromide, Pyridoxine 50mg after meals.","['Ipratropium bromide', 'Pyridoxine']",0,0,none,"patient: 60f. drugs: ipratropium bromide, pyridoxine 50mg after meals.","['patient', '60f', 'drugs', 'ipratropium', 'bromide', 'pyridoxine', '50', 'mg', 'meals']",9,"['Ipratropium bromide', 'Pyridoxine']"
"Patient: 62M. Drugs: Bortezomib, Estramustine 500mg after meals.","['Bortezomib', 'Estramustine']",1,2,metabolism,"patient: 62m. drugs: bortezomib, estramustine 500mg after meals.","['patient', '62', 'm.', 'drugs', 'bortezomib', 'estramustine', '500', 'mg', 'meals']",9,"['Bortezomib', 'Estramustine']"
"Patient: 58M. Drugs: Gamma Hydroxybutyric Acid, Suvorexant 25mg before meals.","['Gamma Hydroxybutyric Acid', 'Suvorexant']",1,2,central nervous system depressant (CNS depressant) activities,"patient: 58m. drugs: gamma hydroxybutyric acid, suvorexant 25mg before meals.","['patient', '58', 'm.', 'drugs', 'gamma', 'hydroxybutyric', 'acid', 'suvorexant', '25', 'mg', 'meals']",11,"['Suvorexant', 'Gamma Hydroxybutyric Acid']"
"Patient: 48F. Drugs: Norfloxacin 50mg three times daily, Delamanid 75mg after meals.","['Norfloxacin', 'Delamanid']",1,2,QTc-prolonging activities,"patient: 48f. drugs: norfloxacin 50mg three times daily, delamanid 75mg after meals.","['patient', '48f', 'drugs', 'norfloxacin', '50', 'mg', 'times', 'daily', 'delamanid', '75', 'mg', 'meals']",12,"['Norfloxacin', 'Delamanid']"
"Patient: 62M. Drugs: Suprofen 500mg after meals, Leflunomide 100mg every 12 hours.","['Suprofen', 'Leflunomide']",1,3,risk or severity of adverse effects,"patient: 62m. drugs: suprofen 500mg after meals, leflunomide 100mg every 12 hours.","['patient', '62', 'm.', 'drugs', 'suprofen', '500', 'mg', 'meals', 'leflunomide', '100', 'mg', '12', 'hours']",13,"['Leflunomide', 'Suprofen']"
"Patient: 33M. Drugs: Amoxicillin, Acenocoumarol 100mg every 8 hours, Terconazole 100mg once daily.","['Amoxicillin', 'Acenocoumarol', 'Terconazole']",1,2,anticoagulant activities,"patient: 33m. drugs: amoxicillin, acenocoumarol 100mg every 8 hours, terconazole 100mg once daily.","['patient', '33', 'm.', 'drugs', 'amoxicillin', 'acenocoumarol', '100', 'mg', '8', 'hours', 'terconazole', '100', 'mg', 'daily']",14,"['Acenocoumarol', 'Amoxicillin', 'Terconazole']"
"Patient: 58M. Drugs: Citalopram 25mg before meals, Dexchlorpheniramine maleate 50mg as needed.","['Citalopram', 'Dexchlorpheniramine maleate']",1,2,metabolism,"patient: 58m. drugs: citalopram 25mg before meals, dexchlorpheniramine maleate 50mg as needed.","['patient', '58', 'm.', 'drugs', 'citalopram', '25', 'mg', 'meals', 'dexchlorpheniramine', 'maleate', '50', 'mg', 'needed']",13,"['Dexchlorpheniramine maleate', 'Citalopram']"
"Patient: 30M. Drugs: Venlafaxine 500mg after meals, Morniflumate 500mg twice daily, Fluoxetine 75mg as needed.","['Venlafaxine', 'Morniflumate', 'Fluoxetine']",1,1,antiplatelet activities,"patient: 30m. drugs: venlafaxine 500mg after meals, morniflumate 500mg twice daily, fluoxetine 75mg as needed.","['patient', '30', 'm.', 'drugs', 'venlafaxine', '500', 'mg', 'meals', 'morniflumate', '500', 'mg', 'twice', 'daily', 'fluoxetine', '75', 'mg', 'needed']",17,"['Fluoxetine', 'Morniflumate', 'Venlafaxine']"
"Patient: 52M. Drugs: Clobazam 75mg after meals, Lopinavir 200mg every 6 hours, Brimonidine.","['Clobazam', 'Lopinavir', 'Brimonidine']",1,2,metabolism,"patient: 52m. drugs: clobazam 75mg after meals, lopinavir 200mg every 6 hours, brimonidine.","['patient', '52', 'm.', 'drugs', 'clobazam', '75', 'mg', 'meals', 'lopinavir', '200', 'mg', '6', 'hours', 'brimonidine']",14,"['Brimonidine', 'Clobazam', 'Lopinavir']"
"Patient: 30M. Drugs: Temozolomide 50mg as needed, Metronidazole 75mg every 8 hours, Triflusal 100mg once daily, Estramustine 75mg every 8 hours.","['Temozolomide', 'Metronidazole', 'Triflusal', 'Estramustine']",0,0,none,"patient: 30m. drugs: temozolomide 50mg as needed, metronidazole 75mg every 8 hours, triflusal 100mg once daily, estramustine 75mg every 8 hours.","['patient', '30', 'm.', 'drugs', 'temozolomide', '50', 'mg', 'needed', 'metronidazole', '75', 'mg', '8', 'hours', 'triflusal', '100', 'mg', 'daily', 'estramustine', '75', 'mg', '8', 'hours']",22,"['Temozolomide', 'Estramustine', 'Metronidazole', 'Triflusal']"
"Patient: 75M. Drugs: Ergonovine 25mg once daily, Nicotinamide 50mg before meals, Fluticasone.","['Ergonovine', 'Nicotinamide', 'Fluticasone']",1,3,risk or severity of adverse effects,"patient: 75m. drugs: ergonovine 25mg once daily, nicotinamide 50mg before meals, fluticasone.","['patient', '75', 'm.', 'drugs', 'ergonovine', '25', 'mg', 'daily', 'nicotinamide', '50', 'mg', 'meals', 'fluticasone']",13,"['Ergonovine', 'Nicotinamide', 'Fluticasone']"
"Patient: 48F. Drugs: Toloxatone 75mg as needed, Resveratrol, Brimonidine 75mg every 12 hours, Tiaprofenic acid 200mg after meals.","['Toloxatone', 'Resveratrol', 'Brimonidine', 'Tiaprofenic acid']",1,3,risk or severity of adverse effects,"patient: 48f. drugs: toloxatone 75mg as needed, resveratrol, brimonidine 75mg every 12 hours, tiaprofenic acid 200mg after meals.","['patient', '48f', 'drugs', 'toloxatone', '75', 'mg', 'needed', 'resveratrol', 'brimonidine', '75', 'mg', '12', 'hours', 'tiaprofenic', 'acid', '200', 'mg', 'meals']",18,"['Toloxatone', 'Resveratrol', 'Brimonidine', 'Tiaprofenic acid']"
"Patient: 30M. Drugs: Ethchlorvynol 100mg every 12 hours, Thiopental 75mg every 12 hours.","['Ethchlorvynol', 'Thiopental']",1,3,risk or severity of adverse effects,"patient: 30m. drugs: ethchlorvynol 100mg every 12 hours, thiopental 75mg every 12 hours.","['patient', '30', 'm.', 'drugs', 'ethchlorvynol', '100', 'mg', '12', 'hours', 'thiopental', '75', 'mg', '12', 'hours']",14,"['Ethchlorvynol', 'Thiopental']"
"Patient: 30M. Drugs: Pregabalin 25mg every 8 hours, Tetrabenazine 200mg every 6 hours.","['Pregabalin', 'Tetrabenazine']",1,1,therapeutic efficacy,"patient: 30m. drugs: pregabalin 25mg every 8 hours, tetrabenazine 200mg every 6 hours.","['patient', '30', 'm.', 'drugs', 'pregabalin', '25', 'mg', '8', 'hours', 'tetrabenazine', '200', 'mg', '6', 'hours']",14,"['Tetrabenazine', 'Pregabalin']"
"Patient: 25F. Drugs: Lisinopril 75mg every 6 hours, Aminosalicylic Acid 500mg twice daily, Ciprofibrate 100mg every 6 hours.","['Lisinopril', 'Aminosalicylic Acid', 'Ciprofibrate']",1,1,therapeutic efficacy,"patient: 25f. drugs: lisinopril 75mg every 6 hours, aminosalicylic acid 500mg twice daily, ciprofibrate 100mg every 6 hours.","['patient', '25f', 'drugs', 'lisinopril', '75', 'mg', '6', 'hours', 'aminosalicylic', 'acid', '500', 'mg', 'twice', 'daily', 'ciprofibrate', '100', 'mg', '6', 'hours']",19,"['Ciprofibrate', 'Aminosalicylic Acid', 'Lisinopril']"
"Patient: 35F. Drugs: Lidocaine, Thioridazine 200mg every 12 hours.","['Lidocaine', 'Thioridazine']",1,2,serum concentration,"patient: 35f. drugs: lidocaine, thioridazine 200mg every 12 hours.","['patient', '35f', 'drugs', 'lidocaine', 'thioridazine', '200', 'mg', '12', 'hours']",9,"['Thioridazine', 'Lidocaine']"
"Patient: 33M. Drugs: Halothane, Barnidipine 500mg twice daily.","['Halothane', 'Barnidipine']",1,3,risk or severity of adverse effects,"patient: 33m. drugs: halothane, barnidipine 500mg twice daily.","['patient', '33', 'm.', 'drugs', 'halothane', 'barnidipine', '500', 'mg', 'twice', 'daily']",10,"['Barnidipine', 'Halothane']"
"Patient: 68M. Drugs: Moxifloxacin, Panobinostat 500mg every 8 hours.","['Moxifloxacin', 'Panobinostat']",1,2,QTc-prolonging activities,"patient: 68m. drugs: moxifloxacin, panobinostat 500mg every 8 hours.","['patient', '68', 'm.', 'drugs', 'moxifloxacin', 'panobinostat', '500', 'mg', '8', 'hours']",10,"['Panobinostat', 'Moxifloxacin']"
"Patient: 28F. Drugs: Dolutegravir 500mg after meals, Zinc oxide 50mg once daily.","['Dolutegravir', 'Zinc oxide']",1,2,serum concentration,"patient: 28f. drugs: dolutegravir 500mg after meals, zinc oxide 50mg once daily.","['patient', '28f', 'drugs', 'dolutegravir', '500', 'mg', 'meals', 'zinc', 'oxide', '50', 'mg', 'daily']",12,"['Zinc oxide', 'Dolutegravir']"
"Patient: 62M. Drugs: Alvimopan, Cabozantinib 500mg after meals, Dexlansoprazole 75mg three times daily.","['Alvimopan', 'Cabozantinib', 'Dexlansoprazole']",0,0,none,"patient: 62m. drugs: alvimopan, cabozantinib 500mg after meals, dexlansoprazole 75mg three times daily.","['patient', '62', 'm.', 'drugs', 'alvimopan', 'cabozantinib', '500', 'mg', 'meals', 'dexlansoprazole', '75', 'mg', 'times', 'daily']",14,"['Cabozantinib', 'Alvimopan', 'Dexlansoprazole']"
"Patient: 60F. Drugs: Chlorthalidone, Bretylium 500mg twice daily.","['Chlorthalidone', 'Bretylium']",1,2,hypotensive activities,"patient: 60f. drugs: chlorthalidone, bretylium 500mg twice daily.","['patient', '60f', 'drugs', 'chlorthalidone', 'bretylium', '500', 'mg', 'twice', 'daily']",9,"['Chlorthalidone', 'Bretylium']"
"Patient: 58M. Drugs: Fluticasone propionate 100mg every 8 hours, Nordazepam 25mg three times daily.","['Fluticasone propionate', 'Nordazepam']",1,3,risk or severity of adverse effects,"patient: 58m. drugs: fluticasone propionate 100mg every 8 hours, nordazepam 25mg three times daily.","['patient', '58', 'm.', 'drugs', 'fluticasone', 'propionate', '100', 'mg', '8', 'hours', 'nordazepam', '25', 'mg', 'times', 'daily']",15,"['Nordazepam', 'Fluticasone propionate']"
"Patient: 75M. Drugs: Mesalazine 200mg after meals, Ibandronate 25mg three times daily.","['Mesalazine', 'Ibandronate']",1,3,risk or severity of adverse effects,"patient: 75m. drugs: mesalazine 200mg after meals, ibandronate 25mg three times daily.","['patient', '75', 'm.', 'drugs', 'mesalazine', '200', 'mg', 'meals', 'ibandronate', '25', 'mg', 'times', 'daily']",13,"['Ibandronate', 'Mesalazine']"
"Patient: 58M. Drugs: Dimetotiazine 200mg after meals, Tolvaptan 25mg twice daily.","['Dimetotiazine', 'Tolvaptan']",0,0,none,"patient: 58m. drugs: dimetotiazine 200mg after meals, tolvaptan 25mg twice daily.","['patient', '58', 'm.', 'drugs', 'dimetotiazine', '200', 'mg', 'meals', 'tolvaptan', '25', 'mg', 'twice', 'daily']",13,"['Tolvaptan', 'Dimetotiazine']"
"Patient: 45F. Drugs: Artesunate 75mg every 12 hours, Azilsartan medoxomil 25mg every 12 hours.","['Artesunate', 'Azilsartan medoxomil']",0,0,none,"patient: 45f. drugs: artesunate 75mg every 12 hours, azilsartan medoxomil 25mg every 12 hours.","['patient', '45f', 'drugs', 'artesunate', '75', 'mg', '12', 'hours', 'azilsartan', 'medoxomil', '25', 'mg', '12', 'hours']",14,"['Azilsartan medoxomil', 'Artesunate']"
"Patient: 60F. Drugs: Quinupristin, Glycerol Phenylbutyrate, Dexchlorpheniramine maleate 25mg every 6 hours.","['Quinupristin', 'Glycerol Phenylbutyrate', 'Dexchlorpheniramine maleate']",0,0,none,"patient: 60f. drugs: quinupristin, glycerol phenylbutyrate, dexchlorpheniramine maleate 25mg every 6 hours.","['patient', '60f', 'drugs', 'quinupristin', 'glycerol', 'phenylbutyrate', 'dexchlorpheniramine', 'maleate', '25', 'mg', '6', 'hours']",12,"['Quinupristin', 'Glycerol Phenylbutyrate', 'Dexchlorpheniramine maleate']"
"Patient: 68M. Drugs: Tranylcypromine 200mg every 12 hours, Isoflurane 25mg before meals.","['Tranylcypromine', 'Isoflurane']",1,3,risk or severity of adverse effects,"patient: 68m. drugs: tranylcypromine 200mg every 12 hours, isoflurane 25mg before meals.","['patient', '68', 'm.', 'drugs', 'tranylcypromine', '200', 'mg', '12', 'hours', 'isoflurane', '25', 'mg', 'meals']",13,"['Isoflurane', 'Tranylcypromine']"
"Patient: 75M. Drugs: Azidocillin 75mg twice daily, Formoterol 500mg twice daily, Cisatracurium 200mg after meals, Ioversol.","['Azidocillin', 'Formoterol', 'Cisatracurium', 'Ioversol']",0,0,none,"patient: 75m. drugs: azidocillin 75mg twice daily, formoterol 500mg twice daily, cisatracurium 200mg after meals, ioversol.","['patient', '75', 'm.', 'drugs', 'azidocillin', '75', 'mg', 'twice', 'daily', 'formoterol', '500', 'mg', 'twice', 'daily', 'cisatracurium', '200', 'mg', 'meals', 'ioversol']",19,"['Formoterol', 'Cisatracurium', 'Azidocillin', 'Ioversol']"
"Patient: 68M. Drugs: Strontium ranelate 200mg twice daily, Capreomycin, Isoniazid 25mg twice daily, Methyl aminolevulinate 75mg once daily.","['Strontium ranelate', 'Capreomycin', 'Isoniazid', 'Methyl aminolevulinate']",0,0,none,"patient: 68m. drugs: strontium ranelate 200mg twice daily, capreomycin, isoniazid 25mg twice daily, methyl aminolevulinate 75mg once daily.","['patient', '68', 'm.', 'drugs', 'strontium', 'ranelate', '200', 'mg', 'twice', 'daily', 'capreomycin', 'isoniazid', '25', 'mg', 'twice', 'daily', 'methyl', 'aminolevulinate', '75', 'mg', 'daily']",21,"['Capreomycin', 'Isoniazid', 'Strontium ranelate', 'Methyl aminolevulinate']"
"Patient: 75M. Drugs: Clidinium 50mg as needed, Asenapine, Levonordefrin 25mg three times daily.","['Clidinium', 'Asenapine', 'Levonordefrin']",1,3,risk or severity of adverse effects,"patient: 75m. drugs: clidinium 50mg as needed, asenapine, levonordefrin 25mg three times daily.","['patient', '75', 'm.', 'drugs', 'clidinium', '50', 'mg', 'needed', 'asenapine', 'levonordefrin', '25', 'mg', 'times', 'daily']",14,"['Clidinium', 'Asenapine', 'Levonordefrin']"
"Patient: 48F. Drugs: Natamycin, Bepridil, Testolactone, Deflazacort 75mg once daily.","['Natamycin', 'Bepridil', 'Testolactone', 'Deflazacort']",1,1,therapeutic efficacy,"patient: 48f. drugs: natamycin, bepridil, testolactone, deflazacort 75mg once daily.","['patient', '48f', 'drugs', 'natamycin', 'bepridil', 'testolactone', 'deflazacort', '75', 'mg', 'daily']",10,"['Testolactone', 'Deflazacort', 'Bepridil', 'Natamycin']"
"Patient: 75M. Drugs: Pizotifen 200mg twice daily, Xylometazoline 50mg every 6 hours.","['Pizotifen', 'Xylometazoline']",1,2,vasoconstricting activities,"patient: 75m. drugs: pizotifen 200mg twice daily, xylometazoline 50mg every 6 hours.","['patient', '75', 'm.', 'drugs', 'pizotifen', '200', 'mg', 'twice', 'daily', 'xylometazoline', '50', 'mg', '6', 'hours']",14,"['Xylometazoline', 'Pizotifen']"
"Patient: 52M. Drugs: Levothyroxine, Dosulepin 200mg twice daily.","['Levothyroxine', 'Dosulepin']",1,2,arrhythmogenic activities,"patient: 52m. drugs: levothyroxine, dosulepin 200mg twice daily.","['patient', '52', 'm.', 'drugs', 'levothyroxine', 'dosulepin', '200', 'mg', 'twice', 'daily']",10,"['Levothyroxine', 'Dosulepin']"
"Patient: 60F. Drugs: Nicotine 50mg once daily, Lidocaine 200mg three times daily.","['Nicotine', 'Lidocaine']",1,2,metabolism,"patient: 60f. drugs: nicotine 50mg once daily, lidocaine 200mg three times daily.","['patient', '60f', 'drugs', 'nicotine', '50', 'mg', 'daily', 'lidocaine', '200', 'mg', 'times', 'daily']",12,"['Lidocaine', 'Nicotine']"
"Patient: 62M. Drugs: Amoxicillin 50mg every 8 hours, Lumacaftor 100mg as needed.","['Amoxicillin', 'Lumacaftor']",1,2,serum concentration,"patient: 62m. drugs: amoxicillin 50mg every 8 hours, lumacaftor 100mg as needed.","['patient', '62', 'm.', 'drugs', 'amoxicillin', '50', 'mg', '8', 'hours', 'lumacaftor', '100', 'mg', 'needed']",13,"['Amoxicillin', 'Lumacaftor']"
"Patient: 60F. Drugs: Demecarium 100mg every 12 hours, Thiotepa 500mg every 8 hours, Benzthiazide 25mg three times daily, Naftifine.","['Demecarium', 'Thiotepa', 'Benzthiazide', 'Naftifine']",1,1,therapeutic efficacy,"patient: 60f. drugs: demecarium 100mg every 12 hours, thiotepa 500mg every 8 hours, benzthiazide 25mg three times daily, naftifine.","['patient', '60f', 'drugs', 'demecarium', '100', 'mg', '12', 'hours', 'thiotepa', '500', 'mg', '8', 'hours', 'benzthiazide', '25', 'mg', 'times', 'daily', 'naftifine']",19,"['Benzthiazide', 'Naftifine', 'Thiotepa', 'Demecarium']"
"Patient: 33M. Drugs: Bromocriptine 75mg after meals, Zotepine 200mg before meals, Flavoxate 200mg before meals.","['Bromocriptine', 'Zotepine', 'Flavoxate']",1,1,therapeutic efficacy,"patient: 33m. drugs: bromocriptine 75mg after meals, zotepine 200mg before meals, flavoxate 200mg before meals.","['patient', '33', 'm.', 'drugs', 'bromocriptine', '75', 'mg', 'meals', 'zotepine', '200', 'mg', 'meals', 'flavoxate', '200', 'mg', 'meals']",16,"['Flavoxate', 'Bromocriptine', 'Zotepine']"
"Patient: 48F. Drugs: Losartan 500mg every 12 hours, Zaltoprofen 500mg twice daily, Zileuton 50mg every 12 hours.","['Losartan', 'Zaltoprofen', 'Zileuton']",1,2,metabolism,"patient: 48f. drugs: losartan 500mg every 12 hours, zaltoprofen 500mg twice daily, zileuton 50mg every 12 hours.","['patient', '48f', 'drugs', 'losartan', '500', 'mg', '12', 'hours', 'zaltoprofen', '500', 'mg', 'twice', 'daily', 'zileuton', '50', 'mg', '12', 'hours']",18,"['Zileuton', 'Losartan', 'Zaltoprofen']"
"Patient: 35F. Drugs: Entecavir 50mg twice daily, Aceclofenac, Trilostane.","['Entecavir', 'Aceclofenac', 'Trilostane']",0,0,none,"patient: 35f. drugs: entecavir 50mg twice daily, aceclofenac, trilostane.","['patient', '35f', 'drugs', 'entecavir', '50', 'mg', 'twice', 'daily', 'aceclofenac', 'trilostane']",10,"['Entecavir', 'Aceclofenac', 'Trilostane']"
"Patient: 52M. Drugs: Alprostadil 100mg three times daily, Bufexamac 50mg after meals.","['Alprostadil', 'Bufexamac']",1,1,therapeutic efficacy,"patient: 52m. drugs: alprostadil 100mg three times daily, bufexamac 50mg after meals.","['patient', '52', 'm.', 'drugs', 'alprostadil', '100', 'mg', 'times', 'daily', 'bufexamac', '50', 'mg', 'meals']",13,"['Bufexamac', 'Alprostadil']"
"Patient: 30M. Drugs: Tranylcypromine 50mg once daily, Clonazepam 100mg every 8 hours, Ergonovine 50mg every 6 hours.","['Tranylcypromine', 'Clonazepam', 'Ergonovine']",1,3,risk or severity of adverse effects,"patient: 30m. drugs: tranylcypromine 50mg once daily, clonazepam 100mg every 8 hours, ergonovine 50mg every 6 hours.","['patient', '30', 'm.', 'drugs', 'tranylcypromine', '50', 'mg', 'daily', 'clonazepam', '100', 'mg', '8', 'hours', 'ergonovine', '50', 'mg', '6', 'hours']",18,"['Ergonovine', 'Clonazepam', 'Tranylcypromine']"
"Patient: 35F. Drugs: Lopinavir 500mg every 8 hours, Eperisone, Methylergometrine.","['Lopinavir', 'Eperisone', 'Methylergometrine']",1,3,risk or severity of adverse effects,"patient: 35f. drugs: lopinavir 500mg every 8 hours, eperisone, methylergometrine.","['patient', '35f', 'drugs', 'lopinavir', '500', 'mg', '8', 'hours', 'eperisone', 'methylergometrine']",10,"['Eperisone', 'Methylergometrine', 'Lopinavir']"
"Patient: 45F. Drugs: Pyridostigmine 100mg every 6 hours, Nisoldipine 500mg twice daily.","['Pyridostigmine', 'Nisoldipine']",0,0,none,"patient: 45f. drugs: pyridostigmine 100mg every 6 hours, nisoldipine 500mg twice daily.","['patient', '45f', 'drugs', 'pyridostigmine', '100', 'mg', '6', 'hours', 'nisoldipine', '500', 'mg', 'twice', 'daily']",13,"['Nisoldipine', 'Pyridostigmine']"
"Patient: 52M. Drugs: Quinethazone, Niflumic Acid 25mg twice daily, Captopril 50mg as needed.","['Quinethazone', 'Niflumic Acid', 'Captopril']",1,1,therapeutic efficacy,"patient: 52m. drugs: quinethazone, niflumic acid 25mg twice daily, captopril 50mg as needed.","['patient', '52', 'm.', 'drugs', 'quinethazone', 'niflumic', 'acid', '25', 'mg', 'twice', 'daily', 'captopril', '50', 'mg', 'needed']",15,"['Quinethazone', 'Captopril', 'Niflumic Acid']"
"Patient: 58M. Drugs: Fluticasone propionate 25mg once daily, Testosterone enanthate 200mg three times daily, Letrozole.","['Fluticasone propionate', 'Testosterone enanthate', 'Letrozole']",1,3,risk or severity of edema formation,"patient: 58m. drugs: fluticasone propionate 25mg once daily, testosterone enanthate 200mg three times daily, letrozole.","['patient', '58', 'm.', 'drugs', 'fluticasone', 'propionate', '25', 'mg', 'daily', 'testosterone', 'enanthate', '200', 'mg', 'times', 'daily', 'letrozole']",16,"['Testosterone enanthate', 'Letrozole', 'Fluticasone propionate']"
"Patient: 58M. Drugs: Acipimox 100mg after meals, Somatostatin 75mg before meals.","['Acipimox', 'Somatostatin']",0,0,none,"patient: 58m. drugs: acipimox 100mg after meals, somatostatin 75mg before meals.","['patient', '58', 'm.', 'drugs', 'acipimox', '100', 'mg', 'meals', 'somatostatin', '75', 'mg', 'meals']",12,"['Somatostatin', 'Acipimox']"
"Patient: 60F. Drugs: Canrenoic acid, Yohimbine 75mg as needed, Dydrogesterone.","['Canrenoic acid', 'Yohimbine', 'Dydrogesterone']",0,0,none,"patient: 60f. drugs: canrenoic acid, yohimbine 75mg as needed, dydrogesterone.","['patient', '60f', 'drugs', 'canrenoic', 'acid', 'yohimbine', '75', 'mg', 'needed', 'dydrogesterone']",10,"['Yohimbine', 'Dydrogesterone', 'Canrenoic acid']"
"Patient: 75M. Drugs: Maxacalcitol 75mg every 12 hours, Tenoxicam 25mg every 8 hours, Phenindamine 200mg every 6 hours.","['Maxacalcitol', 'Tenoxicam', 'Phenindamine']",0,0,none,"patient: 75m. drugs: maxacalcitol 75mg every 12 hours, tenoxicam 25mg every 8 hours, phenindamine 200mg every 6 hours.","['patient', '75', 'm.', 'drugs', 'maxacalcitol', '75', 'mg', '12', 'hours', 'tenoxicam', '25', 'mg', '8', 'hours', 'phenindamine', '200', 'mg', '6', 'hours']",19,"['Maxacalcitol', 'Tenoxicam', 'Phenindamine']"
"Patient: 25F. Drugs: Norelgestromin 200mg after meals, Manidipine 50mg after meals, Guanadrel 500mg every 6 hours.","['Norelgestromin', 'Manidipine', 'Guanadrel']",1,2,hypotensive activities,"patient: 25f. drugs: norelgestromin 200mg after meals, manidipine 50mg after meals, guanadrel 500mg every 6 hours.","['patient', '25f', 'drugs', 'norelgestromin', '200', 'mg', 'meals', 'manidipine', '50', 'mg', 'meals', 'guanadrel', '500', 'mg', '6', 'hours']",16,"['Guanadrel', 'Manidipine', 'Norelgestromin']"
"Patient: 55F. Drugs: Nilotinib 200mg before meals, Thioproperazine.","['Nilotinib', 'Thioproperazine']",0,0,none,"patient: 55f. drugs: nilotinib 200mg before meals, thioproperazine.","['patient', '55f', 'drugs', 'nilotinib', '200', 'mg', 'meals', 'thioproperazine']",8,"['Thioproperazine', 'Nilotinib']"
"Patient: 60F. Drugs: Demecarium 100mg every 12 hours, Thiotepa 500mg every 8 hours, Benzthiazide 25mg three times daily, Naftifine.","['Demecarium', 'Thiotepa', 'Benzthiazide', 'Naftifine']",1,1,therapeutic efficacy,"patient: 60f. drugs: demecarium 100mg every 12 hours, thiotepa 500mg every 8 hours, benzthiazide 25mg three times daily, naftifine.","['patient', '60f', 'drugs', 'demecarium', '100', 'mg', '12', 'hours', 'thiotepa', '500', 'mg', '8', 'hours', 'benzthiazide', '25', 'mg', 'times', 'daily', 'naftifine']",19,"['Benzthiazide', 'Naftifine', 'Thiotepa', 'Demecarium']"
"Patient: 68M. Drugs: Fluconazole 200mg every 12 hours, Aranidipine 50mg as needed, Vitamin C.","['Fluconazole', 'Aranidipine', 'Vitamin C']",1,1,therapeutic efficacy,"patient: 68m. drugs: fluconazole 200mg every 12 hours, aranidipine 50mg as needed, vitamin c.","['patient', '68', 'm.', 'drugs', 'fluconazole', '200', 'mg', '12', 'hours', 'aranidipine', '50', 'mg', 'needed', 'vitamin', 'c.']",15,"['Fluconazole', 'Vitamin', 'Aranidipine']"
"Patient: 48F. Drugs: Clonidine 25mg three times daily, Flupentixol.","['Clonidine', 'Flupentixol']",1,3,risk or severity of adverse effects,"patient: 48f. drugs: clonidine 25mg three times daily, flupentixol.","['patient', '48f', 'drugs', 'clonidine', '25', 'mg', 'times', 'daily', 'flupentixol']",9,"['Clonidine', 'Flupentixol']"
"Patient: 70F. Drugs: Acetohexamide, Benzthiazide 25mg as needed.","['Acetohexamide', 'Benzthiazide']",1,1,therapeutic efficacy,"patient: 70f. drugs: acetohexamide, benzthiazide 25mg as needed.","['patient', '70f', 'drugs', 'acetohexamide', 'benzthiazide', '25', 'mg', 'needed']",8,"['Benzthiazide', 'Acetohexamide']"
"Patient: 25F. Drugs: Mycophenolate mofetil 75mg once daily, Cefuroxime 100mg every 8 hours.","['Mycophenolate mofetil', 'Cefuroxime']",0,0,none,"patient: 25f. drugs: mycophenolate mofetil 75mg once daily, cefuroxime 100mg every 8 hours.","['patient', '25f', 'drugs', 'mycophenolate', 'mofetil', '75', 'mg', 'daily', 'cefuroxime', '100', 'mg', '8', 'hours']",13,"['Mycophenolate mofetil', 'Cefuroxime']"
"Patient: 55F. Drugs: Antipyrine 75mg before meals, Piretanide, Pholcodine 50mg three times daily.","['Antipyrine', 'Piretanide', 'Pholcodine']",1,1,therapeutic efficacy,"patient: 55f. drugs: antipyrine 75mg before meals, piretanide, pholcodine 50mg three times daily.","['patient', '55f', 'drugs', 'antipyrine', '75', 'mg', 'meals', 'piretanide', 'pholcodine', '50', 'mg', 'times', 'daily']",13,"['Antipyrine', 'Piretanide', 'Pholcodine']"
"Patient: 35F. Drugs: Latanoprostene Bunod 75mg once daily, Sulfameter, Artemotil 500mg before meals.","['Latanoprostene Bunod', 'Sulfameter', 'Artemotil']",0,0,none,"patient: 35f. drugs: latanoprostene bunod 75mg once daily, sulfameter, artemotil 500mg before meals.","['patient', '35f', 'drugs', 'latanoprostene', 'bunod', '75', 'mg', 'daily', 'sulfameter', 'artemotil', '500', 'mg', 'meals']",13,"['Artemotil', 'Latanoprostene Bunod', 'Sulfameter']"
"Patient: 35F. Drugs: Nafarelin 50mg three times daily, Hydrocortamate, Quinestrol 75mg three times daily, Dihydrotachysterol.","['Nafarelin', 'Hydrocortamate', 'Quinestrol', 'Dihydrotachysterol']",0,0,none,"patient: 35f. drugs: nafarelin 50mg three times daily, hydrocortamate, quinestrol 75mg three times daily, dihydrotachysterol.","['patient', '35f', 'drugs', 'nafarelin', '50', 'mg', 'times', 'daily', 'hydrocortamate', 'quinestrol', '75', 'mg', 'times', 'daily', 'dihydrotachysterol']",15,"['Hydrocortamate', 'Dihydrotachysterol', 'Nafarelin', 'Quinestrol']"
"Patient: 52M. Drugs: Butorphanol, Methamphetamine.","['Butorphanol', 'Methamphetamine']",1,1,analgesic activities,"patient: 52m. drugs: butorphanol, methamphetamine.","['patient', '52', 'm.', 'drugs', 'butorphanol', 'methamphetamine']",6,"['Methamphetamine', 'Butorphanol']"
"Patient: 58M. Drugs: Teniposide, Ergonovine 500mg once daily, Angiotensin II 50mg twice daily.","['Teniposide', 'Ergonovine', 'Angiotensin II']",1,3,risk or severity of adverse effects,"patient: 58m. drugs: teniposide, ergonovine 500mg once daily, angiotensin ii 50mg twice daily.","['patient', '58', 'm.', 'drugs', 'teniposide', 'ergonovine', '500', 'mg', 'daily', 'angiotensin', 'ii', '50', 'mg', 'twice', 'daily']",15,"['Ergonovine', 'Teniposide', 'Angiotensin II']"
"Patient: 45F. Drugs: Norflurane 50mg after meals, Chlordiazepoxide 25mg before meals.","['Norflurane', 'Chlordiazepoxide']",1,3,risk or severity of adverse effects,"patient: 45f. drugs: norflurane 50mg after meals, chlordiazepoxide 25mg before meals.","['patient', '45f', 'drugs', 'norflurane', '50', 'mg', 'meals', 'chlordiazepoxide', '25', 'mg', 'meals']",11,"['Chlordiazepoxide', 'Norflurane']"
"Patient: 45F. Drugs: Carbamazepine 75mg once daily, Benzyl alcohol 75mg every 8 hours, Dimenhydrinate 25mg every 6 hours.","['Carbamazepine', 'Benzyl alcohol', 'Dimenhydrinate']",1,2,metabolism,"patient: 45f. drugs: carbamazepine 75mg once daily, benzyl alcohol 75mg every 8 hours, dimenhydrinate 25mg every 6 hours.","['patient', '45f', 'drugs', 'carbamazepine', '75', 'mg', 'daily', 'benzyl', 'alcohol', '75', 'mg', '8', 'hours', 'dimenhydrinate', '25', 'mg', '6', 'hours']",18,"['Carbamazepine', 'Dimenhydrinate', 'Benzyl alcohol']"
"Patient: 25F. Drugs: Pirenzepine 500mg as needed, Fluciclovine (18F) 500mg as needed, Mafenide.","['Pirenzepine', 'Fluciclovine (18F)', 'Mafenide']",0,0,none,"patient: 25f. drugs: pirenzepine 500mg as needed, fluciclovine 18f 500mg as needed, mafenide.","['patient', '25f', 'drugs', 'pirenzepine', '500', 'mg', 'needed', 'fluciclovine', '18f', '500', 'mg', 'needed', 'mafenide']",13,"['Pirenzepine', 'Mafenide', 'Fluciclovine (18F)']"
"Patient: 68M. Drugs: Delavirdine 50mg twice daily, Epinastine 25mg once daily.","['Delavirdine', 'Epinastine']",1,1,absorption,"patient: 68m. drugs: delavirdine 50mg twice daily, epinastine 25mg once daily.","['patient', '68', 'm.', 'drugs', 'delavirdine', '50', 'mg', 'twice', 'daily', 'epinastine', '25', 'mg', 'daily']",13,"['Epinastine', 'Delavirdine']"
"Patient: 48F. Drugs: Tramadol 50mg every 8 hours, Torasemide 75mg every 12 hours, Candesartan cilexetil 25mg once daily.","['Tramadol', 'Torasemide', 'Candesartan cilexetil']",1,3,risk or severity of adverse effects,"patient: 48f. drugs: tramadol 50mg every 8 hours, torasemide 75mg every 12 hours, candesartan cilexetil 25mg once daily.","['patient', '48f', 'drugs', 'tramadol', '50', 'mg', '8', 'hours', 'torasemide', '75', 'mg', '12', 'hours', 'candesartan', 'cilexetil', '25', 'mg', 'daily']",18,"['Candesartan cilexetil', 'Torasemide', 'Tramadol']"
"Patient: 58M. Drugs: Calcium Carbonate 500mg every 6 hours, Morniflumate 100mg after meals.","['Calcium Carbonate', 'Morniflumate']",0,0,none,"patient: 58m. drugs: calcium carbonate 500mg every 6 hours, morniflumate 100mg after meals.","['patient', '58', 'm.', 'drugs', 'calcium', 'carbonate', '500', 'mg', '6', 'hours', 'morniflumate', '100', 'mg', 'meals']",14,"['Morniflumate', 'Calcium Carbonate']"
"Patient: 55F. Drugs: Antipyrine 75mg before meals, Piretanide, Pholcodine 50mg three times daily.","['Antipyrine', 'Piretanide', 'Pholcodine']",1,1,therapeutic efficacy,"patient: 55f. drugs: antipyrine 75mg before meals, piretanide, pholcodine 50mg three times daily.","['patient', '55f', 'drugs', 'antipyrine', '75', 'mg', 'meals', 'piretanide', 'pholcodine', '50', 'mg', 'times', 'daily']",13,"['Antipyrine', 'Piretanide', 'Pholcodine']"
"Patient: 55F. Drugs: Bromfenac 25mg every 8 hours, Dexibuprofen 50mg before meals, Clobazam.","['Bromfenac', 'Dexibuprofen', 'Clobazam']",1,3,risk or severity of adverse effects,"patient: 55f. drugs: bromfenac 25mg every 8 hours, dexibuprofen 50mg before meals, clobazam.","['patient', '55f', 'drugs', 'bromfenac', '25', 'mg', '8', 'hours', 'dexibuprofen', '50', 'mg', 'meals', 'clobazam']",13,"['Clobazam', 'Bromfenac', 'Dexibuprofen']"
"Patient: 55F. Drugs: Econazole 50mg every 8 hours, Dipivefrin 100mg every 8 hours.","['Econazole', 'Dipivefrin']",0,0,none,"patient: 55f. drugs: econazole 50mg every 8 hours, dipivefrin 100mg every 8 hours.","['patient', '55f', 'drugs', 'econazole', '50', 'mg', '8', 'hours', 'dipivefrin', '100', 'mg', '8', 'hours']",13,"['Dipivefrin', 'Econazole']"
"Patient: 62M. Drugs: Efavirenz 75mg every 8 hours, Cobicistat, Ammonium chloride 25mg every 8 hours.","['Efavirenz', 'Cobicistat', 'Ammonium chloride']",1,2,metabolism,"patient: 62m. drugs: efavirenz 75mg every 8 hours, cobicistat, ammonium chloride 25mg every 8 hours.","['patient', '62', 'm.', 'drugs', 'efavirenz', '75', 'mg', '8', 'hours', 'cobicistat', 'ammonium', 'chloride', '25', 'mg', '8', 'hours']",16,"['Efavirenz', 'Cobicistat', 'Ammonium chloride']"
"Patient: 30M. Drugs: Bimatoprost 100mg before meals, Benzydamine.","['Bimatoprost', 'Benzydamine']",1,1,therapeutic efficacy,"patient: 30m. drugs: bimatoprost 100mg before meals, benzydamine.","['patient', '30', 'm.', 'drugs', 'bimatoprost', '100', 'mg', 'meals', 'benzydamine']",9,"['Benzydamine', 'Bimatoprost']"
"Patient: 48F. Drugs: Butoconazole, Efonidipine.","['Butoconazole', 'Efonidipine']",1,1,therapeutic efficacy,"patient: 48f. drugs: butoconazole, efonidipine.","['patient', '48f', 'drugs', 'butoconazole', 'efonidipine']",5,"['Efonidipine', 'Butoconazole']"
"Patient: 35F. Drugs: Hydromorphone 100mg three times daily, Lorcaserin 100mg three times daily, Carteolol 25mg every 12 hours.","['Hydromorphone', 'Lorcaserin', 'Carteolol']",1,2,metabolism,"patient: 35f. drugs: hydromorphone 100mg three times daily, lorcaserin 100mg three times daily, carteolol 25mg every 12 hours.","['patient', '35f', 'drugs', 'hydromorphone', '100', 'mg', 'times', 'daily', 'lorcaserin', '100', 'mg', 'times', 'daily', 'carteolol', '25', 'mg', '12', 'hours']",18,"['Carteolol', 'Hydromorphone', 'Lorcaserin']"
"Patient: 48F. Drugs: Raltitrexed, Obeticholic acid 50mg after meals, Bortezomib 50mg three times daily.","['Raltitrexed', 'Obeticholic acid', 'Bortezomib']",0,0,none,"patient: 48f. drugs: raltitrexed, obeticholic acid 50mg after meals, bortezomib 50mg three times daily.","['patient', '48f', 'drugs', 'raltitrexed', 'obeticholic', 'acid', '50', 'mg', 'meals', 'bortezomib', '50', 'mg', 'times', 'daily']",14,"['Raltitrexed', 'Bortezomib', 'Obeticholic acid']"
"Patient: 62M. Drugs: Sodium feredetate 500mg every 8 hours, Esmolol, Bromfenac 50mg once daily.","['Sodium feredetate', 'Esmolol', 'Bromfenac']",1,2,antihypertensive activities,"patient: 62m. drugs: sodium feredetate 500mg every 8 hours, esmolol, bromfenac 50mg once daily.","['patient', '62', 'm.', 'drugs', 'sodium', 'feredetate', '500', 'mg', '8', 'hours', 'esmolol', 'bromfenac', '50', 'mg', 'daily']",15,"['Bromfenac', 'Sodium feredetate', 'Esmolol']"
"Patient: 35F. Drugs: Norethisterone 50mg after meals, Dactinomycin, Sodium stibogluconate 75mg before meals, Fluticasone 75mg after meals.","['Norethisterone', 'Dactinomycin', 'Sodium stibogluconate', 'Fluticasone']",0,0,none,"patient: 35f. drugs: norethisterone 50mg after meals, dactinomycin, sodium stibogluconate 75mg before meals, fluticasone 75mg after meals.","['patient', '35f', 'drugs', 'norethisterone', '50', 'mg', 'meals', 'dactinomycin', 'sodium', 'stibogluconate', '75', 'mg', 'meals', 'fluticasone', '75', 'mg', 'meals']",17,"['Norethisterone', 'Dactinomycin', 'Fluticasone', 'Sodium stibogluconate']"
"Patient: 70F. Drugs: Mecamylamine 50mg as needed, Heroin 25mg once daily, Diflorasone.","['Mecamylamine', 'Heroin', 'Diflorasone']",1,3,risk or severity of adverse effects,"patient: 70f. drugs: mecamylamine 50mg as needed, heroin 25mg once daily, diflorasone.","['patient', '70f', 'drugs', 'mecamylamine', '50', 'mg', 'needed', 'heroin', '25', 'mg', 'daily', 'diflorasone']",12,"['Diflorasone', 'Mecamylamine', 'Heroin']"
"Patient: 30M. Drugs: Bepridil, Hexetidine 500mg every 12 hours, Temazepam 75mg three times daily.","['Bepridil', 'Hexetidine', 'Temazepam']",1,1,therapeutic efficacy,"patient: 30m. drugs: bepridil, hexetidine 500mg every 12 hours, temazepam 75mg three times daily.","['patient', '30', 'm.', 'drugs', 'bepridil', 'hexetidine', '500', 'mg', '12', 'hours', 'temazepam', '75', 'mg', 'times', 'daily']",15,"['Hexetidine', 'Bepridil', 'Temazepam']"
"Patient: 55F. Drugs: Antipyrine 75mg before meals, Piretanide, Pholcodine 50mg three times daily.","['Antipyrine', 'Piretanide', 'Pholcodine']",1,1,therapeutic efficacy,"patient: 55f. drugs: antipyrine 75mg before meals, piretanide, pholcodine 50mg three times daily.","['patient', '55f', 'drugs', 'antipyrine', '75', 'mg', 'meals', 'piretanide', 'pholcodine', '50', 'mg', 'times', 'daily']",13,"['Antipyrine', 'Piretanide', 'Pholcodine']"
"Patient: 30M. Drugs: Methyclothiazide, Spironolactone 50mg three times daily, Naltrexone 25mg twice daily.","['Methyclothiazide', 'Spironolactone', 'Naltrexone']",1,3,risk or severity of adverse effects,"patient: 30m. drugs: methyclothiazide, spironolactone 50mg three times daily, naltrexone 25mg twice daily.","['patient', '30', 'm.', 'drugs', 'methyclothiazide', 'spironolactone', '50', 'mg', 'times', 'daily', 'naltrexone', '25', 'mg', 'twice', 'daily']",15,"['Naltrexone', 'Spironolactone', 'Methyclothiazide']"
"Patient: 40M. Drugs: Stiripentol, Paroxetine, Pancuronium 100mg every 8 hours, Sotalol.","['Stiripentol', 'Paroxetine', 'Pancuronium', 'Sotalol']",1,2,metabolism,"patient: 40m. drugs: stiripentol, paroxetine, pancuronium 100mg every 8 hours, sotalol.","['patient', '40', 'm.', 'drugs', 'stiripentol', 'paroxetine', 'pancuronium', '100', 'mg', '8', 'hours', 'sotalol']",12,"['Stiripentol', 'Paroxetine', 'Sotalol', 'Pancuronium']"
"Patient: 52M. Drugs: Pimecrolimus 25mg after meals, Oxaprozin 100mg three times daily, Pirlindole 75mg after meals.","['Pimecrolimus', 'Oxaprozin', 'Pirlindole']",1,3,risk or severity of adverse effects,"patient: 52m. drugs: pimecrolimus 25mg after meals, oxaprozin 100mg three times daily, pirlindole 75mg after meals.","['patient', '52', 'm.', 'drugs', 'pimecrolimus', '25', 'mg', 'meals', 'oxaprozin', '100', 'mg', 'times', 'daily', 'pirlindole', '75', 'mg', 'meals']",17,"['Pirlindole', 'Oxaprozin', 'Pimecrolimus']"
"Patient: 62M. Drugs: Gallium nitrate, Tadalafil 50mg twice daily, Dipyridamole 75mg twice daily, Mestranol 75mg three times daily.","['Gallium nitrate', 'Tadalafil', 'Dipyridamole', 'Mestranol']",1,3,risk or severity of adverse effects,"patient: 62m. drugs: gallium nitrate, tadalafil 50mg twice daily, dipyridamole 75mg twice daily, mestranol 75mg three times daily.","['patient', '62', 'm.', 'drugs', 'gallium', 'nitrate', 'tadalafil', '50', 'mg', 'twice', 'daily', 'dipyridamole', '75', 'mg', 'twice', 'daily', 'mestranol', '75', 'mg', 'times', 'daily']",21,"['Tadalafil', 'Dipyridamole', 'Gallium nitrate', 'Mestranol']"
"Patient: 25F. Drugs: Timolol 75mg before meals, Loxoprofen 75mg after meals.","['Timolol', 'Loxoprofen']",1,2,antihypertensive activities,"patient: 25f. drugs: timolol 75mg before meals, loxoprofen 75mg after meals.","['patient', '25f', 'drugs', 'timolol', '75', 'mg', 'meals', 'loxoprofen', '75', 'mg', 'meals']",11,"['Timolol', 'Loxoprofen']"
"Patient: 75M. Drugs: Dantrolene 50mg twice daily, Lofexidine 200mg once daily, Cephalexin 500mg three times daily.","['Dantrolene', 'Lofexidine', 'Cephalexin']",1,1,therapeutic efficacy,"patient: 75m. drugs: dantrolene 50mg twice daily, lofexidine 200mg once daily, cephalexin 500mg three times daily.","['patient', '75', 'm.', 'drugs', 'dantrolene', '50', 'mg', 'twice', 'daily', 'lofexidine', '200', 'mg', 'daily', 'cephalexin', '500', 'mg', 'times', 'daily']",18,"['Cephalexin', 'Dantrolene', 'Lofexidine']"
"Patient: 68M. Drugs: Ibuprofen 500mg every 8 hours, Progesterone 500mg before meals, Dexmethylphenidate 50mg three times daily.","['Ibuprofen', 'Progesterone', 'Dexmethylphenidate']",0,0,none,"patient: 68m. drugs: ibuprofen 500mg every 8 hours, progesterone 500mg before meals, dexmethylphenidate 50mg three times daily.","['patient', '68', 'm.', 'drugs', 'ibuprofen', '500', 'mg', '8', 'hours', 'progesterone', '500', 'mg', 'meals', 'dexmethylphenidate', '50', 'mg', 'times', 'daily']",18,"['Dexmethylphenidate', 'Ibuprofen', 'Progesterone']"
"Patient: 55F. Drugs: Tapentadol 25mg as needed, Butamben 200mg before meals, Entacapone 100mg as needed.","['Tapentadol', 'Butamben', 'Entacapone']",1,2,central nervous system depressant (CNS depressant) activities,"patient: 55f. drugs: tapentadol 25mg as needed, butamben 200mg before meals, entacapone 100mg as needed.","['patient', '55f', 'drugs', 'tapentadol', '25', 'mg', 'needed', 'butamben', '200', 'mg', 'meals', 'entacapone', '100', 'mg', 'needed']",15,"['Butamben', 'Tapentadol', 'Entacapone']"
"Patient: 58M. Drugs: Abemaciclib 500mg twice daily, Phenindione 500mg three times daily, Didanosine, Vorinostat 25mg once daily.","['Abemaciclib', 'Phenindione', 'Didanosine', 'Vorinostat']",1,2,anticoagulant activities,"patient: 58m. drugs: abemaciclib 500mg twice daily, phenindione 500mg three times daily, didanosine, vorinostat 25mg once daily.","['patient', '58', 'm.', 'drugs', 'abemaciclib', '500', 'mg', 'twice', 'daily', 'phenindione', '500', 'mg', 'times', 'daily', 'didanosine', 'vorinostat', '25', 'mg', 'daily']",19,"['Didanosine', 'Vorinostat', 'Abemaciclib', 'Phenindione']"
"Patient: 58M. Drugs: Arbutamine, Choline C 11 200mg every 6 hours.","['Arbutamine', 'Choline C 11']",0,0,none,"patient: 58m. drugs: arbutamine, choline c 11 200mg every 6 hours.","['patient', '58', 'm.', 'drugs', 'arbutamine', 'choline', 'c', '11', '200', 'mg', '6', 'hours']",12,"['Choline C 11', 'Arbutamine']"
"Patient: 40M. Drugs: Tacrolimus, Pramlintide 500mg every 6 hours.","['Tacrolimus', 'Pramlintide']",1,1,therapeutic efficacy,"patient: 40m. drugs: tacrolimus, pramlintide 500mg every 6 hours.","['patient', '40', 'm.', 'drugs', 'tacrolimus', 'pramlintide', '500', 'mg', '6', 'hours']",10,"['Tacrolimus', 'Pramlintide']"
"Patient: 55F. Drugs: Tropisetron 100mg three times daily, Etizolam 25mg every 8 hours, Diatrizoate 100mg after meals, Rucaparib 75mg every 6 hours.","['Tropisetron', 'Etizolam', 'Diatrizoate', 'Rucaparib']",1,2,metabolism,"patient: 55f. drugs: tropisetron 100mg three times daily, etizolam 25mg every 8 hours, diatrizoate 100mg after meals, rucaparib 75mg every 6 hours.","['patient', '55f', 'drugs', 'tropisetron', '100', 'mg', 'times', 'daily', 'etizolam', '25', 'mg', '8', 'hours', 'diatrizoate', '100', 'mg', 'meals', 'rucaparib', '75', 'mg', '6', 'hours']",22,"['Diatrizoate', 'Rucaparib', 'Etizolam', 'Tropisetron']"
"Patient: 33M. Drugs: Tramadol, Morphine.","['Tramadol', 'Morphine']",1,3,risk or severity of adverse effects,"patient: 33m. drugs: tramadol, morphine.","['patient', '33', 'm.', 'drugs', 'tramadol', 'morphine']",6,"['Morphine', 'Tramadol']"
"Patient: 48F. Drugs: Moxifloxacin 200mg before meals, Delamanid, Lomefloxacin.","['Moxifloxacin', 'Delamanid', 'Lomefloxacin']",1,2,QTc-prolonging activities,"patient: 48f. drugs: moxifloxacin 200mg before meals, delamanid, lomefloxacin.","['patient', '48f', 'drugs', 'moxifloxacin', '200', 'mg', 'meals', 'delamanid', 'lomefloxacin']",9,"['Lomefloxacin', 'Delamanid', 'Moxifloxacin']"
"Patient: 40M. Drugs: Carbamazepine 50mg after meals, Triprolidine 500mg before meals, Phylloquinone 50mg twice daily, Diethylpropion 500mg twice daily.","['Carbamazepine', 'Triprolidine', 'Phylloquinone', 'Diethylpropion']",1,3,risk or severity of adverse effects,"patient: 40m. drugs: carbamazepine 50mg after meals, triprolidine 500mg before meals, phylloquinone 50mg twice daily, diethylpropion 500mg twice daily.","['patient', '40', 'm.', 'drugs', 'carbamazepine', '50', 'mg', 'meals', 'triprolidine', '500', 'mg', 'meals', 'phylloquinone', '50', 'mg', 'twice', 'daily', 'diethylpropion', '500', 'mg', 'twice', 'daily']",22,"['Triprolidine', 'Phylloquinone', 'Carbamazepine', 'Diethylpropion']"
"Patient: 70F. Drugs: Vinblastine 200mg twice daily, Dabrafenib 100mg every 12 hours, Idelalisib 200mg every 8 hours.","['Vinblastine', 'Dabrafenib', 'Idelalisib']",1,2,serum concentration,"patient: 70f. drugs: vinblastine 200mg twice daily, dabrafenib 100mg every 12 hours, idelalisib 200mg every 8 hours.","['patient', '70f', 'drugs', 'vinblastine', '200', 'mg', 'twice', 'daily', 'dabrafenib', '100', 'mg', '12', 'hours', 'idelalisib', '200', 'mg', '8', 'hours']",18,"['Dabrafenib', 'Idelalisib', 'Vinblastine']"
"Patient: 75M. Drugs: Methyclothiazide 75mg every 12 hours, Paroxetine.","['Methyclothiazide', 'Paroxetine']",1,2,hyponatremic activities,"patient: 75m. drugs: methyclothiazide 75mg every 12 hours, paroxetine.","['patient', '75', 'm.', 'drugs', 'methyclothiazide', '75', 'mg', '12', 'hours', 'paroxetine']",10,"['Paroxetine', 'Methyclothiazide']"
"Patient: 25F. Drugs: Tropicamide 25mg twice daily, Metoclopramide 75mg once daily.","['Tropicamide', 'Metoclopramide']",1,1,therapeutic efficacy,"patient: 25f. drugs: tropicamide 25mg twice daily, metoclopramide 75mg once daily.","['patient', '25f', 'drugs', 'tropicamide', '25', 'mg', 'twice', 'daily', 'metoclopramide', '75', 'mg', 'daily']",12,"['Tropicamide', 'Metoclopramide']"
"Patient: 75M. Drugs: Eflornithine 50mg as needed, Captodiame 75mg as needed, Zoledronic acid, Arbekacin 25mg every 12 hours.","['Eflornithine', 'Captodiame', 'Zoledronic acid', 'Arbekacin']",1,2,hypocalcemic activities,"patient: 75m. drugs: eflornithine 50mg as needed, captodiame 75mg as needed, zoledronic acid, arbekacin 25mg every 12 hours.","['patient', '75', 'm.', 'drugs', 'eflornithine', '50', 'mg', 'needed', 'captodiame', '75', 'mg', 'needed', 'zoledronic', 'acid', 'arbekacin', '25', 'mg', '12', 'hours']",19,"['Arbekacin', 'Zoledronic acid', 'Captodiame', 'Eflornithine']"
"Patient: 40M. Drugs: Orphenadrine 75mg every 8 hours, Huperzine A 25mg once daily.","['Orphenadrine', 'Huperzine A']",1,1,therapeutic efficacy,"patient: 40m. drugs: orphenadrine 75mg every 8 hours, huperzine a 25mg once daily.","['patient', '40', 'm.', 'drugs', 'orphenadrine', '75', 'mg', '8', 'hours', 'huperzine', '25', 'mg', 'daily']",13,"['Huperzine A', 'Orphenadrine']"
"Patient: 60F. Drugs: Hexetidine 100mg as needed, Eletriptan 50mg every 6 hours.","['Hexetidine', 'Eletriptan']",0,0,none,"patient: 60f. drugs: hexetidine 100mg as needed, eletriptan 50mg every 6 hours.","['patient', '60f', 'drugs', 'hexetidine', '100', 'mg', 'needed', 'eletriptan', '50', 'mg', '6', 'hours']",12,"['Hexetidine', 'Eletriptan']"
"Patient: 58M. Drugs: Clarithromycin 50mg every 6 hours, Vorinostat 75mg once daily, Deutetrabenazine 25mg twice daily.","['Clarithromycin', 'Vorinostat', 'Deutetrabenazine']",1,2,QTc-prolonging activities,"patient: 58m. drugs: clarithromycin 50mg every 6 hours, vorinostat 75mg once daily, deutetrabenazine 25mg twice daily.","['patient', '58', 'm.', 'drugs', 'clarithromycin', '50', 'mg', '6', 'hours', 'vorinostat', '75', 'mg', 'daily', 'deutetrabenazine', '25', 'mg', 'twice', 'daily']",18,"['Deutetrabenazine', 'Vorinostat', 'Clarithromycin']"
"Patient: 30M. Drugs: Procaine, Hydroflumethiazide 100mg as needed.","['Procaine', 'Hydroflumethiazide']",1,2,hypotensive activities,"patient: 30m. drugs: procaine, hydroflumethiazide 100mg as needed.","['patient', '30', 'm.', 'drugs', 'procaine', 'hydroflumethiazide', '100', 'mg', 'needed']",9,"['Hydroflumethiazide', 'Procaine']"
"Patient: 62M. Drugs: Gonadorelin 50mg as needed, Scopolamine 75mg three times daily, Sodium Citrate 50mg once daily.","['Gonadorelin', 'Scopolamine', 'Sodium Citrate']",0,0,none,"patient: 62m. drugs: gonadorelin 50mg as needed, scopolamine 75mg three times daily, sodium citrate 50mg once daily.","['patient', '62', 'm.', 'drugs', 'gonadorelin', '50', 'mg', 'needed', 'scopolamine', '75', 'mg', 'times', 'daily', 'sodium', 'citrate', '50', 'mg', 'daily']",18,"['Scopolamine', 'Sodium Citrate', 'Gonadorelin']"
"Patient: 62M. Drugs: Lymecycline 500mg twice daily, Tianeptine 500mg three times daily, Bufexamac, Zinc sulfate.","['Lymecycline', 'Tianeptine', 'Bufexamac', 'Zinc sulfate']",0,0,none,"patient: 62m. drugs: lymecycline 500mg twice daily, tianeptine 500mg three times daily, bufexamac, zinc sulfate.","['patient', '62', 'm.', 'drugs', 'lymecycline', '500', 'mg', 'twice', 'daily', 'tianeptine', '500', 'mg', 'times', 'daily', 'bufexamac', 'zinc', 'sulfate']",17,"['Bufexamac', 'Zinc sulfate', 'Lymecycline', 'Tianeptine']"
"Patient: 30M. Drugs: Fluticasone propionate, Nitrazepam, Calcium levulinate 50mg after meals.","['Fluticasone propionate', 'Nitrazepam', 'Calcium levulinate']",1,3,risk or severity of adverse effects,"patient: 30m. drugs: fluticasone propionate, nitrazepam, calcium levulinate 50mg after meals.","['patient', '30', 'm.', 'drugs', 'fluticasone', 'propionate', 'nitrazepam', 'calcium', 'levulinate', '50', 'mg', 'meals']",12,"['Calcium levulinate', 'Nitrazepam', 'Fluticasone propionate']"
"Patient: 48F. Drugs: Sulfisoxazole, Isavuconazonium 500mg after meals, Lapatinib 100mg before meals.","['Sulfisoxazole', 'Isavuconazonium', 'Lapatinib']",1,2,metabolism,"patient: 48f. drugs: sulfisoxazole, isavuconazonium 500mg after meals, lapatinib 100mg before meals.","['patient', '48f', 'drugs', 'sulfisoxazole', 'isavuconazonium', '500', 'mg', 'meals', 'lapatinib', '100', 'mg', 'meals']",12,"['Lapatinib', 'Sulfisoxazole', 'Isavuconazonium']"
"Patient: 25F. Drugs: Oxtriphylline 200mg three times daily, Lobeglitazone 75mg three times daily.","['Oxtriphylline', 'Lobeglitazone']",1,2,metabolism,"patient: 25f. drugs: oxtriphylline 200mg three times daily, lobeglitazone 75mg three times daily.","['patient', '25f', 'drugs', 'oxtriphylline', '200', 'mg', 'times', 'daily', 'lobeglitazone', '75', 'mg', 'times', 'daily']",13,"['Lobeglitazone', 'Oxtriphylline']"
"Patient: 25F. Drugs: Prochlorperazine, Hexobarbital, Mometasone.","['Prochlorperazine', 'Hexobarbital', 'Mometasone']",1,3,risk or severity of adverse effects,"patient: 25f. drugs: prochlorperazine, hexobarbital, mometasone.","['patient', '25f', 'drugs', 'prochlorperazine', 'hexobarbital', 'mometasone']",6,"['Prochlorperazine', 'Mometasone', 'Hexobarbital']"
"Patient: 28F. Drugs: Sulfaphenazole 25mg twice daily, Bilastine, Ferric sulfate, Ethambutol 100mg every 12 hours.","['Sulfaphenazole', 'Bilastine', 'Ferric sulfate', 'Ethambutol']",0,0,none,"patient: 28f. drugs: sulfaphenazole 25mg twice daily, bilastine, ferric sulfate, ethambutol 100mg every 12 hours.","['patient', '28f', 'drugs', 'sulfaphenazole', '25', 'mg', 'twice', 'daily', 'bilastine', 'ferric', 'sulfate', 'ethambutol', '100', 'mg', '12', 'hours']",16,"['Bilastine', 'Ferric sulfate', 'Sulfaphenazole', 'Ethambutol']"
"Patient: 52M. Drugs: Dyclonine 500mg after meals, Eprosartan 200mg before meals, Captopril 25mg before meals, Paroxetine 25mg twice daily.","['Dyclonine', 'Eprosartan', 'Captopril', 'Paroxetine']",1,3,risk or severity of adverse effects,"patient: 52m. drugs: dyclonine 500mg after meals, eprosartan 200mg before meals, captopril 25mg before meals, paroxetine 25mg twice daily.","['patient', '52', 'm.', 'drugs', 'dyclonine', '500', 'mg', 'meals', 'eprosartan', '200', 'mg', 'meals', 'captopril', '25', 'mg', 'meals', 'paroxetine', '25', 'mg', 'twice', 'daily']",21,"['Paroxetine', 'Eprosartan', 'Dyclonine', 'Captopril']"
"Patient: 30M. Drugs: Verapamil 75mg every 8 hours, Atorvastatin 500mg before meals, Somatostatin 500mg three times daily.","['Verapamil', 'Atorvastatin', 'Somatostatin']",1,1,absorption,"patient: 30m. drugs: verapamil 75mg every 8 hours, atorvastatin 500mg before meals, somatostatin 500mg three times daily.","['patient', '30', 'm.', 'drugs', 'verapamil', '75', 'mg', '8', 'hours', 'atorvastatin', '500', 'mg', 'meals', 'somatostatin', '500', 'mg', 'times', 'daily']",18,"['Atorvastatin', 'Somatostatin', 'Verapamil']"
"Patient: 68M. Drugs: Phenylpropanolamine 50mg three times daily, Promazine 75mg as needed, Methadyl Acetate.","['Phenylpropanolamine', 'Promazine', 'Methadyl Acetate']",1,2,vasoconstricting activities,"patient: 68m. drugs: phenylpropanolamine 50mg three times daily, promazine 75mg as needed, methadyl acetate.","['patient', '68', 'm.', 'drugs', 'phenylpropanolamine', '50', 'mg', 'times', 'daily', 'promazine', '75', 'mg', 'needed', 'methadyl', 'acetate']",15,"['Promazine', 'Phenylpropanolamine', 'Methadyl Acetate']"
"Patient: 30M. Drugs: Darifenacin, Tamoxifen 50mg before meals.","['Darifenacin', 'Tamoxifen']",1,2,serum concentration,"patient: 30m. drugs: darifenacin, tamoxifen 50mg before meals.","['patient', '30', 'm.', 'drugs', 'darifenacin', 'tamoxifen', '50', 'mg', 'meals']",9,"['Tamoxifen', 'Darifenacin']"
"Patient: 55F. Drugs: Antipyrine 75mg before meals, Piretanide, Pholcodine 50mg three times daily.","['Antipyrine', 'Piretanide', 'Pholcodine']",1,1,therapeutic efficacy,"patient: 55f. drugs: antipyrine 75mg before meals, piretanide, pholcodine 50mg three times daily.","['patient', '55f', 'drugs', 'antipyrine', '75', 'mg', 'meals', 'piretanide', 'pholcodine', '50', 'mg', 'times', 'daily']",13,"['Antipyrine', 'Piretanide', 'Pholcodine']"
"Patient: 70F. Drugs: L-Phenylalanine 500mg every 6 hours, Benzyl alcohol 200mg every 8 hours, Ecabet 75mg every 6 hours, Prucalopride 25mg as needed.","['L-Phenylalanine', 'Benzyl alcohol', 'Ecabet', 'Prucalopride']",0,0,none,"patient: 70f. drugs: lphenylalanine 500mg every 6 hours, benzyl alcohol 200mg every 8 hours, ecabet 75mg every 6 hours, prucalopride 25mg as needed.","['patient', '70f', 'drugs', 'lphenylalanine', '500', 'mg', '6', 'hours', 'benzyl', 'alcohol', '200', 'mg', '8', 'hours', 'ecabet', '75', 'mg', '6', 'hours', 'prucalopride', '25', 'mg', 'needed']",23,"['Ecabet', 'Prucalopride', 'Benzyl alcohol', 'L-Phenylalanine']"
"Patient: 62M. Drugs: Lymecycline 500mg twice daily, Tianeptine 500mg three times daily, Bufexamac, Zinc sulfate.","['Lymecycline', 'Tianeptine', 'Bufexamac', 'Zinc sulfate']",0,0,none,"patient: 62m. drugs: lymecycline 500mg twice daily, tianeptine 500mg three times daily, bufexamac, zinc sulfate.","['patient', '62', 'm.', 'drugs', 'lymecycline', '500', 'mg', 'twice', 'daily', 'tianeptine', '500', 'mg', 'times', 'daily', 'bufexamac', 'zinc', 'sulfate']",17,"['Bufexamac', 'Zinc sulfate', 'Lymecycline', 'Tianeptine']"
"Patient: 62M. Drugs: Lisdexamfetamine, Demeclocycline 75mg as needed, Quinapril 100mg as needed.","['Lisdexamfetamine', 'Demeclocycline', 'Quinapril']",1,1,absorption,"patient: 62m. drugs: lisdexamfetamine, demeclocycline 75mg as needed, quinapril 100mg as needed.","['patient', '62', 'm.', 'drugs', 'lisdexamfetamine', 'demeclocycline', '75', 'mg', 'needed', 'quinapril', '100', 'mg', 'needed']",13,"['Lisdexamfetamine', 'Demeclocycline', 'Quinapril']"
"Patient: 25F. Drugs: Avibactam, Udenafil 50mg as needed, Edoxaban 25mg every 12 hours, Pomalidomide 200mg before meals.","['Avibactam', 'Udenafil', 'Edoxaban', 'Pomalidomide']",0,0,none,"patient: 25f. drugs: avibactam, udenafil 50mg as needed, edoxaban 25mg every 12 hours, pomalidomide 200mg before meals.","['patient', '25f', 'drugs', 'avibactam', 'udenafil', '50', 'mg', 'needed', 'edoxaban', '25', 'mg', '12', 'hours', 'pomalidomide', '200', 'mg', 'meals']",17,"['Edoxaban', 'Udenafil', 'Pomalidomide', 'Avibactam']"
"Patient: 33M. Drugs: Luliconazole 25mg once daily, Propiverine, Buprenorphine 50mg every 12 hours.","['Luliconazole', 'Propiverine', 'Buprenorphine']",1,2,serum concentration,"patient: 33m. drugs: luliconazole 25mg once daily, propiverine, buprenorphine 50mg every 12 hours.","['patient', '33', 'm.', 'drugs', 'luliconazole', '25', 'mg', 'daily', 'propiverine', 'buprenorphine', '50', 'mg', '12', 'hours']",14,"['Luliconazole', 'Propiverine', 'Buprenorphine']"
"Patient: 60F. Drugs: Paroxetine, Topotecan 25mg before meals.","['Paroxetine', 'Topotecan']",1,2,serum concentration,"patient: 60f. drugs: paroxetine, topotecan 25mg before meals.","['patient', '60f', 'drugs', 'paroxetine', 'topotecan', '25', 'mg', 'meals']",8,"['Paroxetine', 'Topotecan']"
"Patient: 68M. Drugs: Mesalazine 500mg three times daily, Alimemazine 25mg every 12 hours, Piretanide.","['Mesalazine', 'Alimemazine', 'Piretanide']",1,1,therapeutic efficacy,"patient: 68m. drugs: mesalazine 500mg three times daily, alimemazine 25mg every 12 hours, piretanide.","['patient', '68', 'm.', 'drugs', 'mesalazine', '500', 'mg', 'times', 'daily', 'alimemazine', '25', 'mg', '12', 'hours', 'piretanide']",15,"['Mesalazine', 'Piretanide', 'Alimemazine']"
"Patient: 25F. Drugs: Ibuprofen, Alclofenac 75mg after meals.","['Ibuprofen', 'Alclofenac']",1,3,risk or severity of adverse effects,"patient: 25f. drugs: ibuprofen, alclofenac 75mg after meals.","['patient', '25f', 'drugs', 'ibuprofen', 'alclofenac', '75', 'mg', 'meals']",8,"['Alclofenac', 'Ibuprofen']"
"Patient: 60F. Drugs: Acetylsalicylic acid 500mg once daily, Dosulepin, Everolimus.","['Acetylsalicylic acid', 'Dosulepin', 'Everolimus']",1,2,metabolism,"patient: 60f. drugs: acetylsalicylic acid 500mg once daily, dosulepin, everolimus.","['patient', '60f', 'drugs', 'acetylsalicylic', 'acid', '500', 'mg', 'daily', 'dosulepin', 'everolimus']",10,"['Dosulepin', 'Acetylsalicylic acid', 'Everolimus']"
"Patient: 52M. Drugs: Eprosartan, Warfarin 100mg every 8 hours, Adenine 50mg three times daily, Apomorphine 500mg every 8 hours.","['Eprosartan', 'Warfarin', 'Adenine', 'Apomorphine']",1,3,risk or severity of adverse effects,"patient: 52m. drugs: eprosartan, warfarin 100mg every 8 hours, adenine 50mg three times daily, apomorphine 500mg every 8 hours.","['patient', '52', 'm.', 'drugs', 'eprosartan', 'warfarin', '100', 'mg', '8', 'hours', 'adenine', '50', 'mg', 'times', 'daily', 'apomorphine', '500', 'mg', '8', 'hours']",20,"['Adenine', 'Apomorphine', 'Eprosartan', 'Warfarin']"
"Patient: 52M. Drugs: Butorphanol, Methamphetamine.","['Butorphanol', 'Methamphetamine']",1,1,analgesic activities,"patient: 52m. drugs: butorphanol, methamphetamine.","['patient', '52', 'm.', 'drugs', 'butorphanol', 'methamphetamine']",6,"['Methamphetamine', 'Butorphanol']"
"Patient: 52M. Drugs: Amiodarone 25mg before meals, Estradiol valerate 50mg every 6 hours.","['Amiodarone', 'Estradiol valerate']",1,2,metabolism,"patient: 52m. drugs: amiodarone 25mg before meals, estradiol valerate 50mg every 6 hours.","['patient', '52', 'm.', 'drugs', 'amiodarone', '25', 'mg', 'meals', 'estradiol', 'valerate', '50', 'mg', '6', 'hours']",14,"['Estradiol valerate', 'Amiodarone']"
"Patient: 33M. Drugs: Etomidate, Hexobarbital 200mg three times daily, Dronabinol.","['Etomidate', 'Hexobarbital', 'Dronabinol']",1,3,risk or severity of adverse effects,"patient: 33m. drugs: etomidate, hexobarbital 200mg three times daily, dronabinol.","['patient', '33', 'm.', 'drugs', 'etomidate', 'hexobarbital', '200', 'mg', 'times', 'daily', 'dronabinol']",11,"['Etomidate', 'Dronabinol', 'Hexobarbital']"
"Patient: 33M. Drugs: Oxyphenbutazone 200mg every 12 hours, Dinoprost.","['Oxyphenbutazone', 'Dinoprost']",1,1,therapeutic efficacy,"patient: 33m. drugs: oxyphenbutazone 200mg every 12 hours, dinoprost.","['patient', '33', 'm.', 'drugs', 'oxyphenbutazone', '200', 'mg', '12', 'hours', 'dinoprost']",10,"['Oxyphenbutazone', 'Dinoprost']"
"Patient: 60F. Drugs: Corticorelin ovine triflutate 25mg twice daily, Difluocortolone 500mg as needed, Cinnarizine.","['Corticorelin ovine triflutate', 'Difluocortolone', 'Cinnarizine']",1,1,therapeutic efficacy,"patient: 60f. drugs: corticorelin ovine triflutate 25mg twice daily, difluocortolone 500mg as needed, cinnarizine.","['patient', '60f', 'drugs', 'corticorelin', 'ovine', 'triflutate', '25', 'mg', 'twice', 'daily', 'difluocortolone', '500', 'mg', 'needed', 'cinnarizine']",15,"['Corticorelin ovine triflutate', 'Difluocortolone', 'Cinnarizine']"
"Patient: 52M. Drugs: Isosorbide Mononitrate 50mg every 6 hours, Phenobarbital 75mg after meals, Magnesium silicate 75mg every 8 hours.","['Isosorbide Mononitrate', 'Phenobarbital', 'Magnesium silicate']",1,2,metabolism,"patient: 52m. drugs: isosorbide mononitrate 50mg every 6 hours, phenobarbital 75mg after meals, magnesium silicate 75mg every 8 hours.","['patient', '52', 'm.', 'drugs', 'isosorbide', 'mononitrate', '50', 'mg', '6', 'hours', 'phenobarbital', '75', 'mg', 'meals', 'magnesium', 'silicate', '75', 'mg', '8', 'hours']",20,"['Isosorbide Mononitrate', 'Phenobarbital', 'Magnesium silicate']"
"Patient: 40M. Drugs: Ketoconazole 25mg before meals, Aranidipine 75mg as needed.","['Ketoconazole', 'Aranidipine']",1,1,therapeutic efficacy,"patient: 40m. drugs: ketoconazole 25mg before meals, aranidipine 75mg as needed.","['patient', '40', 'm.', 'drugs', 'ketoconazole', '25', 'mg', 'meals', 'aranidipine', '75', 'mg', 'needed']",12,"['Ketoconazole', 'Aranidipine']"
"Patient: 70F. Drugs: Clomipramine, Empagliflozin 50mg twice daily.","['Clomipramine', 'Empagliflozin']",1,3,risk or severity of adverse effects,"patient: 70f. drugs: clomipramine, empagliflozin 50mg twice daily.","['patient', '70f', 'drugs', 'clomipramine', 'empagliflozin', '50', 'mg', 'twice', 'daily']",9,"['Empagliflozin', 'Clomipramine']"
"Patient: 35F. Drugs: Efavirenz 200mg every 12 hours, Dopamine 25mg every 12 hours.","['Efavirenz', 'Dopamine']",1,2,metabolism,"patient: 35f. drugs: efavirenz 200mg every 12 hours, dopamine 25mg every 12 hours.","['patient', '35f', 'drugs', 'efavirenz', '200', 'mg', '12', 'hours', 'dopamine', '25', 'mg', '12', 'hours']",13,"['Efavirenz', 'Dopamine']"
"Patient: 55F. Drugs: Rosiglitazone 50mg three times daily, Pipotiazine 25mg before meals, Viloxazine 75mg every 8 hours.","['Rosiglitazone', 'Pipotiazine', 'Viloxazine']",1,1,therapeutic efficacy,"patient: 55f. drugs: rosiglitazone 50mg three times daily, pipotiazine 25mg before meals, viloxazine 75mg every 8 hours.","['patient', '55f', 'drugs', 'rosiglitazone', '50', 'mg', 'times', 'daily', 'pipotiazine', '25', 'mg', 'meals', 'viloxazine', '75', 'mg', '8', 'hours']",17,"['Rosiglitazone', 'Viloxazine', 'Pipotiazine']"
"Patient: 68M. Drugs: Fluconazole 200mg every 12 hours, Aranidipine 50mg as needed, Vitamin C.","['Fluconazole', 'Aranidipine', 'Vitamin C']",1,1,therapeutic efficacy,"patient: 68m. drugs: fluconazole 200mg every 12 hours, aranidipine 50mg as needed, vitamin c.","['patient', '68', 'm.', 'drugs', 'fluconazole', '200', 'mg', '12', 'hours', 'aranidipine', '50', 'mg', 'needed', 'vitamin', 'c.']",15,"['Fluconazole', 'Vitamin', 'Aranidipine']"
"Patient: 75M. Drugs: Oxamniquine 200mg three times daily, Nomegestrol acetate, Ergotamine 50mg after meals, Doxacurium chloride.","['Oxamniquine', 'Nomegestrol acetate', 'Ergotamine', 'Doxacurium chloride']",0,0,none,"patient: 75m. drugs: oxamniquine 200mg three times daily, nomegestrol acetate, ergotamine 50mg after meals, doxacurium chloride.","['patient', '75', 'm.', 'drugs', 'oxamniquine', '200', 'mg', 'times', 'daily', 'nomegestrol', 'acetate', 'ergotamine', '50', 'mg', 'meals', 'doxacurium', 'chloride']",17,"['Nomegestrol acetate', 'Ergotamine', 'Oxamniquine', 'Doxacurium chloride']"
"Patient: 28F. Drugs: Gadoteric acid, Oxymetholone.","['Gadoteric acid', 'Oxymetholone']",0,0,none,"patient: 28f. drugs: gadoteric acid, oxymetholone.","['patient', '28f', 'drugs', 'gadoteric', 'acid', 'oxymetholone']",6,"['Gadoteric acid', 'Oxymetholone']"
"Patient: 58M. Drugs: Nimesulide 50mg twice daily, Artemether.","['Nimesulide', 'Artemether']",1,1,therapeutic efficacy,"patient: 58m. drugs: nimesulide 50mg twice daily, artemether.","['patient', '58', 'm.', 'drugs', 'nimesulide', '50', 'mg', 'twice', 'daily', 'artemether']",10,"['Nimesulide', 'Artemether']"
"Patient: 60F. Drugs: Butriptyline 500mg every 6 hours, Goserelin, Dihydrocodeine 50mg every 12 hours, Fimasartan.","['Butriptyline', 'Goserelin', 'Dihydrocodeine', 'Fimasartan']",0,0,none,"patient: 60f. drugs: butriptyline 500mg every 6 hours, goserelin, dihydrocodeine 50mg every 12 hours, fimasartan.","['patient', '60f', 'drugs', 'butriptyline', '500', 'mg', '6', 'hours', 'goserelin', 'dihydrocodeine', '50', 'mg', '12', 'hours', 'fimasartan']",15,"['Goserelin', 'Dihydrocodeine', 'Fimasartan', 'Butriptyline']"
"Patient: 35F. Drugs: Ethosuximide 100mg once daily, Agomelatine 100mg every 8 hours.","['Ethosuximide', 'Agomelatine']",1,3,risk or severity of adverse effects,"patient: 35f. drugs: ethosuximide 100mg once daily, agomelatine 100mg every 8 hours.","['patient', '35f', 'drugs', 'ethosuximide', '100', 'mg', 'daily', 'agomelatine', '100', 'mg', '8', 'hours']",12,"['Agomelatine', 'Ethosuximide']"
"Patient: 45F. Drugs: Lamotrigine 100mg after meals, Calcium Phosphate 500mg every 12 hours.","['Lamotrigine', 'Calcium Phosphate']",1,1,therapeutic efficacy,"patient: 45f. drugs: lamotrigine 100mg after meals, calcium phosphate 500mg every 12 hours.","['patient', '45f', 'drugs', 'lamotrigine', '100', 'mg', 'meals', 'calcium', 'phosphate', '500', 'mg', '12', 'hours']",13,"['Lamotrigine', 'Calcium Phosphate']"
"Patient: 70F. Drugs: Prilocaine 200mg before meals, Cyclobenzaprine 500mg before meals, Fosinopril.","['Prilocaine', 'Cyclobenzaprine', 'Fosinopril']",1,3,risk or severity of adverse effects,"patient: 70f. drugs: prilocaine 200mg before meals, cyclobenzaprine 500mg before meals, fosinopril.","['patient', '70f', 'drugs', 'prilocaine', '200', 'mg', 'meals', 'cyclobenzaprine', '500', 'mg', 'meals', 'fosinopril']",12,"['Cyclobenzaprine', 'Fosinopril', 'Prilocaine']"
"Patient: 40M. Drugs: Aranidipine 25mg every 6 hours, Calcium lactate 100mg as needed.","['Aranidipine', 'Calcium lactate']",1,1,therapeutic efficacy,"patient: 40m. drugs: aranidipine 25mg every 6 hours, calcium lactate 100mg as needed.","['patient', '40', 'm.', 'drugs', 'aranidipine', '25', 'mg', '6', 'hours', 'calcium', 'lactate', '100', 'mg', 'needed']",14,"['Calcium lactate', 'Aranidipine']"
"Patient: 52M. Drugs: Butorphanol, Methamphetamine.","['Butorphanol', 'Methamphetamine']",1,1,analgesic activities,"patient: 52m. drugs: butorphanol, methamphetamine.","['patient', '52', 'm.', 'drugs', 'butorphanol', 'methamphetamine']",6,"['Methamphetamine', 'Butorphanol']"
"Patient: 58M. Drugs: Micafungin 100mg three times daily, Methysergide 100mg three times daily, Bepridil, Nalbuphine 500mg once daily.","['Micafungin', 'Methysergide', 'Bepridil', 'Nalbuphine']",1,1,therapeutic efficacy,"patient: 58m. drugs: micafungin 100mg three times daily, methysergide 100mg three times daily, bepridil, nalbuphine 500mg once daily.","['patient', '58', 'm.', 'drugs', 'micafungin', '100', 'mg', 'times', 'daily', 'methysergide', '100', 'mg', 'times', 'daily', 'bepridil', 'nalbuphine', '500', 'mg', 'daily']",19,"['Micafungin', 'Nalbuphine', 'Bepridil', 'Methysergide']"
"Patient: 40M. Drugs: Cetirizine, Pixantrone 200mg before meals, Vigabatrin 200mg once daily.","['Cetirizine', 'Pixantrone', 'Vigabatrin']",1,3,risk or severity of adverse effects,"patient: 40m. drugs: cetirizine, pixantrone 200mg before meals, vigabatrin 200mg once daily.","['patient', '40', 'm.', 'drugs', 'cetirizine', 'pixantrone', '200', 'mg', 'meals', 'vigabatrin', '200', 'mg', 'daily']",13,"['Pixantrone', 'Cetirizine', 'Vigabatrin']"
"Patient: 58M. Drugs: Salicylamide 25mg once daily, Estrone, Ethylmorphine.","['Salicylamide', 'Estrone', 'Ethylmorphine']",1,3,risk or severity of adverse effects,"patient: 58m. drugs: salicylamide 25mg once daily, estrone, ethylmorphine.","['patient', '58', 'm.', 'drugs', 'salicylamide', '25', 'mg', 'daily', 'estrone', 'ethylmorphine']",10,"['Ethylmorphine', 'Salicylamide', 'Estrone']"
"Patient: 75M. Drugs: Apraclonidine 100mg three times daily, Mianserin 200mg after meals, Ferrous sulfate 100mg before meals.","['Apraclonidine', 'Mianserin', 'Ferrous sulfate']",1,1,therapeutic efficacy,"patient: 75m. drugs: apraclonidine 100mg three times daily, mianserin 200mg after meals, ferrous sulfate 100mg before meals.","['patient', '75', 'm.', 'drugs', 'apraclonidine', '100', 'mg', 'times', 'daily', 'mianserin', '200', 'mg', 'meals', 'ferrous', 'sulfate', '100', 'mg', 'meals']",18,"['Ferrous sulfate', 'Mianserin', 'Apraclonidine']"
"Patient: 62M. Drugs: Bethanechol 50mg every 12 hours, Cidofovir 50mg twice daily, Fluticasone furoate 500mg every 6 hours, Hexoprenaline 200mg every 12 hours.","['Bethanechol', 'Cidofovir', 'Fluticasone furoate', 'Hexoprenaline']",0,0,none,"patient: 62m. drugs: bethanechol 50mg every 12 hours, cidofovir 50mg twice daily, fluticasone furoate 500mg every 6 hours, hexoprenaline 200mg every 12 hours.","['patient', '62', 'm.', 'drugs', 'bethanechol', '50', 'mg', '12', 'hours', 'cidofovir', '50', 'mg', 'twice', 'daily', 'fluticasone', 'furoate', '500', 'mg', '6', 'hours', 'hexoprenaline', '200', 'mg', '12', 'hours']",25,"['Hexoprenaline', 'Cidofovir', 'Fluticasone furoate', 'Bethanechol']"
"Patient: 35F. Drugs: Erlotinib 500mg before meals, Phenyl aminosalicylate 500mg before meals, Acetophenazine 100mg every 12 hours, Meprednisone.","['Erlotinib', 'Phenyl aminosalicylate', 'Acetophenazine', 'Meprednisone']",0,0,none,"patient: 35f. drugs: erlotinib 500mg before meals, phenyl aminosalicylate 500mg before meals, acetophenazine 100mg every 12 hours, meprednisone.","['patient', '35f', 'drugs', 'erlotinib', '500', 'mg', 'meals', 'phenyl', 'aminosalicylate', '500', 'mg', 'meals', 'acetophenazine', '100', 'mg', '12', 'hours', 'meprednisone']",18,"['Meprednisone', 'Acetophenazine', 'Phenyl aminosalicylate', 'Erlotinib']"
"Patient: 28F. Drugs: Lorazepam 100mg once daily, Grazoprevir, Fostamatinib, Selexipag 500mg before meals.","['Lorazepam', 'Grazoprevir', 'Fostamatinib', 'Selexipag']",1,2,antihypertensive activities,"patient: 28f. drugs: lorazepam 100mg once daily, grazoprevir, fostamatinib, selexipag 500mg before meals.","['patient', '28f', 'drugs', 'lorazepam', '100', 'mg', 'daily', 'grazoprevir', 'fostamatinib', 'selexipag', '500', 'mg', 'meals']",13,"['Fostamatinib', 'Selexipag', 'Lorazepam', 'Grazoprevir']"
"Patient: 48F. Drugs: Ketotifen, Moexipril 500mg twice daily.","['Ketotifen', 'Moexipril']",0,0,none,"patient: 48f. drugs: ketotifen, moexipril 500mg twice daily.","['patient', '48f', 'drugs', 'ketotifen', 'moexipril', '500', 'mg', 'twice', 'daily']",9,"['Ketotifen', 'Moexipril']"
"Patient: 40M. Drugs: Tenoxicam 200mg twice daily, Dexibuprofen, Pirlindole.","['Tenoxicam', 'Dexibuprofen', 'Pirlindole']",1,3,risk or severity of adverse effects,"patient: 40m. drugs: tenoxicam 200mg twice daily, dexibuprofen, pirlindole.","['patient', '40', 'm.', 'drugs', 'tenoxicam', '200', 'mg', 'twice', 'daily', 'dexibuprofen', 'pirlindole']",11,"['Tenoxicam', 'Pirlindole', 'Dexibuprofen']"
"Patient: 45F. Drugs: Ibandronate, Calcium Phosphate.","['Ibandronate', 'Calcium Phosphate']",1,2,serum concentration,"patient: 45f. drugs: ibandronate, calcium phosphate.","['patient', '45f', 'drugs', 'ibandronate', 'calcium', 'phosphate']",6,"['Ibandronate', 'Calcium Phosphate']"
"Patient: 40M. Drugs: Amphetamine 25mg every 8 hours, Apraclonidine 75mg once daily.","['Amphetamine', 'Apraclonidine']",1,3,risk or severity of adverse effects,"patient: 40m. drugs: amphetamine 25mg every 8 hours, apraclonidine 75mg once daily.","['patient', '40', 'm.', 'drugs', 'amphetamine', '25', 'mg', '8', 'hours', 'apraclonidine', '75', 'mg', 'daily']",13,"['Amphetamine', 'Apraclonidine']"
"Patient: 70F. Drugs: Acetohexamide, Benzthiazide 25mg as needed.","['Acetohexamide', 'Benzthiazide']",1,1,therapeutic efficacy,"patient: 70f. drugs: acetohexamide, benzthiazide 25mg as needed.","['patient', '70f', 'drugs', 'acetohexamide', 'benzthiazide', '25', 'mg', 'needed']",8,"['Benzthiazide', 'Acetohexamide']"
"Patient: 48F. Drugs: Dinoprost Tromethamine 200mg every 8 hours, Loxoprofen, Flurandrenolide 75mg every 12 hours.","['Dinoprost Tromethamine', 'Loxoprofen', 'Flurandrenolide']",1,1,therapeutic efficacy,"patient: 48f. drugs: dinoprost tromethamine 200mg every 8 hours, loxoprofen, flurandrenolide 75mg every 12 hours.","['patient', '48f', 'drugs', 'dinoprost', 'tromethamine', '200', 'mg', '8', 'hours', 'loxoprofen', 'flurandrenolide', '75', 'mg', '12', 'hours']",15,"['Dinoprost Tromethamine', 'Flurandrenolide', 'Loxoprofen']"
"Patient: 48F. Drugs: Levonordefrin 200mg after meals, Vorinostat 500mg twice daily, Procainamide 50mg every 6 hours, Tadalafil.","['Levonordefrin', 'Vorinostat', 'Procainamide', 'Tadalafil']",1,2,QTc-prolonging activities,"patient: 48f. drugs: levonordefrin 200mg after meals, vorinostat 500mg twice daily, procainamide 50mg every 6 hours, tadalafil.","['patient', '48f', 'drugs', 'levonordefrin', '200', 'mg', 'meals', 'vorinostat', '500', 'mg', 'twice', 'daily', 'procainamide', '50', 'mg', '6', 'hours', 'tadalafil']",18,"['Tadalafil', 'Vorinostat', 'Procainamide', 'Levonordefrin']"
"Patient: 68M. Drugs: Triflupromazine 50mg every 6 hours, Fludiazepam.","['Triflupromazine', 'Fludiazepam']",1,3,risk or severity of adverse effects,"patient: 68m. drugs: triflupromazine 50mg every 6 hours, fludiazepam.","['patient', '68', 'm.', 'drugs', 'triflupromazine', '50', 'mg', '6', 'hours', 'fludiazepam']",10,"['Fludiazepam', 'Triflupromazine']"
"Patient: 62M. Drugs: Dihydroergotamine 500mg twice daily, Primaquine 75mg every 6 hours, Edetic Acid 100mg every 6 hours.","['Dihydroergotamine', 'Primaquine', 'Edetic Acid']",1,3,risk or severity of adverse effects,"patient: 62m. drugs: dihydroergotamine 500mg twice daily, primaquine 75mg every 6 hours, edetic acid 100mg every 6 hours.","['patient', '62', 'm.', 'drugs', 'dihydroergotamine', '500', 'mg', 'twice', 'daily', 'primaquine', '75', 'mg', '6', 'hours', 'edetic', 'acid', '100', 'mg', '6', 'hours']",20,"['Dihydroergotamine', 'Edetic Acid', 'Primaquine']"
"Patient: 40M. Drugs: Carbamazepine 50mg after meals, Triprolidine 500mg before meals, Phylloquinone 50mg twice daily, Diethylpropion 500mg twice daily.","['Carbamazepine', 'Triprolidine', 'Phylloquinone', 'Diethylpropion']",1,3,risk or severity of adverse effects,"patient: 40m. drugs: carbamazepine 50mg after meals, triprolidine 500mg before meals, phylloquinone 50mg twice daily, diethylpropion 500mg twice daily.","['patient', '40', 'm.', 'drugs', 'carbamazepine', '50', 'mg', 'meals', 'triprolidine', '500', 'mg', 'meals', 'phylloquinone', '50', 'mg', 'twice', 'daily', 'diethylpropion', '500', 'mg', 'twice', 'daily']",22,"['Triprolidine', 'Phylloquinone', 'Carbamazepine', 'Diethylpropion']"
"Patient: 55F. Drugs: Ketotifen 100mg three times daily, Normethadone 50mg every 6 hours.","['Ketotifen', 'Normethadone']",0,0,none,"patient: 55f. drugs: ketotifen 100mg three times daily, normethadone 50mg every 6 hours.","['patient', '55f', 'drugs', 'ketotifen', '100', 'mg', 'times', 'daily', 'normethadone', '50', 'mg', '6', 'hours']",13,"['Normethadone', 'Ketotifen']"
"Patient: 60F. Drugs: Primidone, Somatostatin 200mg before meals, Roflumilast 25mg once daily.","['Primidone', 'Somatostatin', 'Roflumilast']",1,3,risk or severity of adverse effects,"patient: 60f. drugs: primidone, somatostatin 200mg before meals, roflumilast 25mg once daily.","['patient', '60f', 'drugs', 'primidone', 'somatostatin', '200', 'mg', 'meals', 'roflumilast', '25', 'mg', 'daily']",12,"['Somatostatin', 'Primidone', 'Roflumilast']"
"Patient: 58M. Drugs: Lornoxicam 25mg every 8 hours, Flumazenil 500mg before meals, Sulpiride.","['Lornoxicam', 'Flumazenil', 'Sulpiride']",0,0,none,"patient: 58m. drugs: lornoxicam 25mg every 8 hours, flumazenil 500mg before meals, sulpiride.","['patient', '58', 'm.', 'drugs', 'lornoxicam', '25', 'mg', '8', 'hours', 'flumazenil', '500', 'mg', 'meals', 'sulpiride']",14,"['Flumazenil', 'Lornoxicam', 'Sulpiride']"
"Patient: 60F. Drugs: Oxaprozin 200mg once daily, Tixocortol 75mg every 8 hours, Tolmetin 200mg every 6 hours.","['Oxaprozin', 'Tixocortol', 'Tolmetin']",1,3,risk or severity of adverse effects,"patient: 60f. drugs: oxaprozin 200mg once daily, tixocortol 75mg every 8 hours, tolmetin 200mg every 6 hours.","['patient', '60f', 'drugs', 'oxaprozin', '200', 'mg', 'daily', 'tixocortol', '75', 'mg', '8', 'hours', 'tolmetin', '200', 'mg', '6', 'hours']",17,"['Tixocortol', 'Oxaprozin', 'Tolmetin']"
"Patient: 33M. Drugs: Bromocriptine 75mg after meals, Zotepine 200mg before meals, Flavoxate 200mg before meals.","['Bromocriptine', 'Zotepine', 'Flavoxate']",1,1,therapeutic efficacy,"patient: 33m. drugs: bromocriptine 75mg after meals, zotepine 200mg before meals, flavoxate 200mg before meals.","['patient', '33', 'm.', 'drugs', 'bromocriptine', '75', 'mg', 'meals', 'zotepine', '200', 'mg', 'meals', 'flavoxate', '200', 'mg', 'meals']",16,"['Flavoxate', 'Bromocriptine', 'Zotepine']"
"Patient: 30M. Drugs: Cyclosporine 500mg three times daily, Sucralfate, Melperone.","['Cyclosporine', 'Sucralfate', 'Melperone']",1,1,absorption,"patient: 30m. drugs: cyclosporine 500mg three times daily, sucralfate, melperone.","['patient', '30', 'm.', 'drugs', 'cyclosporine', '500', 'mg', 'times', 'daily', 'sucralfate', 'melperone']",11,"['Melperone', 'Cyclosporine', 'Sucralfate']"
"Patient: 40M. Drugs: Carbachol 75mg every 6 hours, Dihydroergocristine 200mg every 12 hours, Secobarbital, Stiripentol 100mg every 6 hours.","['Carbachol', 'Dihydroergocristine', 'Secobarbital', 'Stiripentol']",1,3,risk or severity of adverse effects,"patient: 40m. drugs: carbachol 75mg every 6 hours, dihydroergocristine 200mg every 12 hours, secobarbital, stiripentol 100mg every 6 hours.","['patient', '40', 'm.', 'drugs', 'carbachol', '75', 'mg', '6', 'hours', 'dihydroergocristine', '200', 'mg', '12', 'hours', 'secobarbital', 'stiripentol', '100', 'mg', '6', 'hours']",20,"['Stiripentol', 'Dihydroergocristine', 'Carbachol', 'Secobarbital']"
"Patient: 40M. Drugs: Orlistat 50mg every 6 hours, Meclofenamic acid, Alprostadil 75mg after meals, Chloroprocaine.","['Orlistat', 'Meclofenamic acid', 'Alprostadil', 'Chloroprocaine']",1,1,therapeutic efficacy,"patient: 40m. drugs: orlistat 50mg every 6 hours, meclofenamic acid, alprostadil 75mg after meals, chloroprocaine.","['patient', '40', 'm.', 'drugs', 'orlistat', '50', 'mg', '6', 'hours', 'meclofenamic', 'acid', 'alprostadil', '75', 'mg', 'meals', 'chloroprocaine']",16,"['Chloroprocaine', 'Alprostadil', 'Orlistat', 'Meclofenamic acid']"
"Patient: 35F. Drugs: Voriconazole, Chlorambucil 75mg twice daily, Ciprofloxacin 50mg before meals.","['Voriconazole', 'Chlorambucil', 'Ciprofloxacin']",1,2,QTc-prolonging activities,"patient: 35f. drugs: voriconazole, chlorambucil 75mg twice daily, ciprofloxacin 50mg before meals.","['patient', '35f', 'drugs', 'voriconazole', 'chlorambucil', '75', 'mg', 'twice', 'daily', 'ciprofloxacin', '50', 'mg', 'meals']",13,"['Voriconazole', 'Chlorambucil', 'Ciprofloxacin']"
"Patient: 45F. Drugs: Dienogest 75mg before meals, Rupatadine 25mg twice daily, Dimercaprol 100mg three times daily, Bumetanide 75mg every 6 hours.","['Dienogest', 'Rupatadine', 'Dimercaprol', 'Bumetanide']",0,0,none,"patient: 45f. drugs: dienogest 75mg before meals, rupatadine 25mg twice daily, dimercaprol 100mg three times daily, bumetanide 75mg every 6 hours.","['patient', '45f', 'drugs', 'dienogest', '75', 'mg', 'meals', 'rupatadine', '25', 'mg', 'twice', 'daily', 'dimercaprol', '100', 'mg', 'times', 'daily', 'bumetanide', '75', 'mg', '6', 'hours']",22,"['Rupatadine', 'Dienogest', 'Bumetanide', 'Dimercaprol']"
"Patient: 70F. Drugs: Umeclidinium 200mg after meals, Telaprevir 75mg every 12 hours, Cholesterol, Cefpodoxime 200mg once daily.","['Umeclidinium', 'Telaprevir', 'Cholesterol', 'Cefpodoxime']",0,0,none,"patient: 70f. drugs: umeclidinium 200mg after meals, telaprevir 75mg every 12 hours, cholesterol, cefpodoxime 200mg once daily.","['patient', '70f', 'drugs', 'umeclidinium', '200', 'mg', 'meals', 'telaprevir', '75', 'mg', '12', 'hours', 'cholesterol', 'cefpodoxime', '200', 'mg', 'daily']",17,"['Telaprevir', 'Umeclidinium', 'Cefpodoxime', 'Cholesterol']"
"Patient: 35F. Drugs: Paramethadione 25mg every 8 hours, Pioglitazone, Thiosulfuric acid 100mg every 8 hours.","['Paramethadione', 'Pioglitazone', 'Thiosulfuric acid']",1,2,metabolism,"patient: 35f. drugs: paramethadione 25mg every 8 hours, pioglitazone, thiosulfuric acid 100mg every 8 hours.","['patient', '35f', 'drugs', 'paramethadione', '25', 'mg', '8', 'hours', 'pioglitazone', 'thiosulfuric', 'acid', '100', 'mg', '8', 'hours']",15,"['Pioglitazone', 'Paramethadione', 'Thiosulfuric acid']"
"Patient: 58M. Drugs: Methsuximide 75mg after meals, Guanabenz 25mg after meals, Gamma Hydroxybutyric Acid 25mg three times daily.","['Methsuximide', 'Guanabenz', 'Gamma Hydroxybutyric Acid']",1,3,risk or severity of adverse effects,"patient: 58m. drugs: methsuximide 75mg after meals, guanabenz 25mg after meals, gamma hydroxybutyric acid 25mg three times daily.","['patient', '58', 'm.', 'drugs', 'methsuximide', '75', 'mg', 'meals', 'guanabenz', '25', 'mg', 'meals', 'gamma', 'hydroxybutyric', 'acid', '25', 'mg', 'times', 'daily']",19,"['Methsuximide', 'Gamma Hydroxybutyric Acid', 'Guanabenz']"
"Patient: 70F. Drugs: Cocaine 50mg as needed, Molindone 100mg before meals, Nilutamide.","['Cocaine', 'Molindone', 'Nilutamide']",1,3,risk or severity of adverse effects,"patient: 70f. drugs: cocaine 50mg as needed, molindone 100mg before meals, nilutamide.","['patient', '70f', 'drugs', 'cocaine', '50', 'mg', 'needed', 'molindone', '100', 'mg', 'meals', 'nilutamide']",12,"['Nilutamide', 'Molindone', 'Cocaine']"
"Patient: 45F. Drugs: Pyrimethamine 25mg every 8 hours, Alosetron 75mg every 8 hours, Tiotropium.","['Pyrimethamine', 'Alosetron', 'Tiotropium']",1,2,metabolism,"patient: 45f. drugs: pyrimethamine 25mg every 8 hours, alosetron 75mg every 8 hours, tiotropium.","['patient', '45f', 'drugs', 'pyrimethamine', '25', 'mg', '8', 'hours', 'alosetron', '75', 'mg', '8', 'hours', 'tiotropium']",14,"['Pyrimethamine', 'Alosetron', 'Tiotropium']"
"Patient: 75M. Drugs: Carprofen 50mg every 12 hours, Trolamine salicylate 200mg every 12 hours, Tigecycline 100mg three times daily.","['Carprofen', 'Trolamine salicylate', 'Tigecycline']",1,3,risk or severity of adverse effects,"patient: 75m. drugs: carprofen 50mg every 12 hours, trolamine salicylate 200mg every 12 hours, tigecycline 100mg three times daily.","['patient', '75', 'm.', 'drugs', 'carprofen', '50', 'mg', '12', 'hours', 'trolamine', 'salicylate', '200', 'mg', '12', 'hours', 'tigecycline', '100', 'mg', 'times', 'daily']",20,"['Tigecycline', 'Trolamine salicylate', 'Carprofen']"
"Patient: 58M. Drugs: Acipimox 100mg after meals, Somatostatin 75mg before meals.","['Acipimox', 'Somatostatin']",0,0,none,"patient: 58m. drugs: acipimox 100mg after meals, somatostatin 75mg before meals.","['patient', '58', 'm.', 'drugs', 'acipimox', '100', 'mg', 'meals', 'somatostatin', '75', 'mg', 'meals']",12,"['Somatostatin', 'Acipimox']"
"Patient: 68M. Drugs: Clobazam, Rifampicin 75mg twice daily, Tasosartan 25mg every 8 hours.","['Clobazam', 'Rifampicin', 'Tasosartan']",1,2,metabolism,"patient: 68m. drugs: clobazam, rifampicin 75mg twice daily, tasosartan 25mg every 8 hours.","['patient', '68', 'm.', 'drugs', 'clobazam', 'rifampicin', '75', 'mg', 'twice', 'daily', 'tasosartan', '25', 'mg', '8', 'hours']",15,"['Clobazam', 'Rifampicin', 'Tasosartan']"
"Patient: 48F. Drugs: Nisoldipine, Sirolimus.","['Nisoldipine', 'Sirolimus']",1,1,therapeutic efficacy,"patient: 48f. drugs: nisoldipine, sirolimus.","['patient', '48f', 'drugs', 'nisoldipine', 'sirolimus']",5,"['Nisoldipine', 'Sirolimus']"
"Patient: 48F. Drugs: Efavirenz 100mg after meals, Piritramide 500mg as needed, Benidipine 200mg before meals.","['Efavirenz', 'Piritramide', 'Benidipine']",1,3,risk or severity of adverse effects,"patient: 48f. drugs: efavirenz 100mg after meals, piritramide 500mg as needed, benidipine 200mg before meals.","['patient', '48f', 'drugs', 'efavirenz', '100', 'mg', 'meals', 'piritramide', '500', 'mg', 'needed', 'benidipine', '200', 'mg', 'meals']",15,"['Efavirenz', 'Piritramide', 'Benidipine']"
"Patient: 52M. Drugs: Metronidazole 100mg twice daily, Lactic Acid.","['Metronidazole', 'Lactic Acid']",0,0,none,"patient: 52m. drugs: metronidazole 100mg twice daily, lactic acid.","['patient', '52', 'm.', 'drugs', 'metronidazole', '100', 'mg', 'twice', 'daily', 'lactic', 'acid']",11,"['Metronidazole', 'Lactic Acid']"
"Patient: 75M. Drugs: Colistimethate 500mg as needed, Axitinib.","['Colistimethate', 'Axitinib']",0,0,none,"patient: 75m. drugs: colistimethate 500mg as needed, axitinib.","['patient', '75', 'm.', 'drugs', 'colistimethate', '500', 'mg', 'needed', 'axitinib']",9,"['Axitinib', 'Colistimethate']"
"Patient: 45F. Drugs: Flibanserin 25mg every 6 hours, Lofexidine 25mg every 6 hours.","['Flibanserin', 'Lofexidine']",1,1,therapeutic efficacy,"patient: 45f. drugs: flibanserin 25mg every 6 hours, lofexidine 25mg every 6 hours.","['patient', '45f', 'drugs', 'flibanserin', '25', 'mg', '6', 'hours', 'lofexidine', '25', 'mg', '6', 'hours']",13,"['Lofexidine', 'Flibanserin']"
"Patient: 40M. Drugs: Budesonide 200mg every 12 hours, Seratrodast, Difluocortolone 500mg every 6 hours.","['Budesonide', 'Seratrodast', 'Difluocortolone']",1,3,risk or severity of adverse effects,"patient: 40m. drugs: budesonide 200mg every 12 hours, seratrodast, difluocortolone 500mg every 6 hours.","['patient', '40', 'm.', 'drugs', 'budesonide', '200', 'mg', '12', 'hours', 'seratrodast', 'difluocortolone', '500', 'mg', '6', 'hours']",15,"['Budesonide', 'Seratrodast', 'Difluocortolone']"
"Patient: 30M. Drugs: Carisoprodol 500mg every 12 hours, Oxybuprocaine 500mg three times daily.","['Carisoprodol', 'Oxybuprocaine']",1,3,risk or severity of adverse effects,"patient: 30m. drugs: carisoprodol 500mg every 12 hours, oxybuprocaine 500mg three times daily.","['patient', '30', 'm.', 'drugs', 'carisoprodol', '500', 'mg', '12', 'hours', 'oxybuprocaine', '500', 'mg', 'times', 'daily']",14,"['Oxybuprocaine', 'Carisoprodol']"
"Patient: 62M. Drugs: Pentobarbital 50mg once daily, Trimebutine.","['Pentobarbital', 'Trimebutine']",1,2,metabolism,"patient: 62m. drugs: pentobarbital 50mg once daily, trimebutine.","['patient', '62', 'm.', 'drugs', 'pentobarbital', '50', 'mg', 'daily', 'trimebutine']",9,"['Pentobarbital', 'Trimebutine']"
"Patient: 60F. Drugs: Moexipril 100mg every 12 hours, Acetylsalicylic acid, Sevoflurane.","['Moexipril', 'Acetylsalicylic acid', 'Sevoflurane']",1,1,therapeutic efficacy,"patient: 60f. drugs: moexipril 100mg every 12 hours, acetylsalicylic acid, sevoflurane.","['patient', '60f', 'drugs', 'moexipril', '100', 'mg', '12', 'hours', 'acetylsalicylic', 'acid', 'sevoflurane']",11,"['Sevoflurane', 'Moexipril', 'Acetylsalicylic acid']"
"Patient: 25F. Drugs: Norgestimate 25mg after meals, Empagliflozin 500mg as needed.","['Norgestimate', 'Empagliflozin']",1,1,therapeutic efficacy,"patient: 25f. drugs: norgestimate 25mg after meals, empagliflozin 500mg as needed.","['patient', '25f', 'drugs', 'norgestimate', '25', 'mg', 'meals', 'empagliflozin', '500', 'mg', 'needed']",11,"['Norgestimate', 'Empagliflozin']"
"Patient: 52M. Drugs: Citalopram 500mg before meals, Fentanyl 100mg three times daily.","['Citalopram', 'Fentanyl']",1,3,risk or severity of adverse effects,"patient: 52m. drugs: citalopram 500mg before meals, fentanyl 100mg three times daily.","['patient', '52', 'm.', 'drugs', 'citalopram', '500', 'mg', 'meals', 'fentanyl', '100', 'mg', 'times', 'daily']",13,"['Fentanyl', 'Citalopram']"
"Patient: 45F. Drugs: Tioguanine 50mg twice daily, Protriptyline 75mg every 8 hours, Levosalbutamol 50mg once daily.","['Tioguanine', 'Protriptyline', 'Levosalbutamol']",1,3,risk or severity of adverse effects,"patient: 45f. drugs: tioguanine 50mg twice daily, protriptyline 75mg every 8 hours, levosalbutamol 50mg once daily.","['patient', '45f', 'drugs', 'tioguanine', '50', 'mg', 'twice', 'daily', 'protriptyline', '75', 'mg', '8', 'hours', 'levosalbutamol', '50', 'mg', 'daily']",17,"['Tioguanine', 'Protriptyline', 'Levosalbutamol']"
"Patient: 40M. Drugs: Tubocurarine, Chlortetracycline 50mg every 8 hours, Ditazole 25mg every 8 hours.","['Tubocurarine', 'Chlortetracycline', 'Ditazole']",1,2,neuromuscular blocking activities,"patient: 40m. drugs: tubocurarine, chlortetracycline 50mg every 8 hours, ditazole 25mg every 8 hours.","['patient', '40', 'm.', 'drugs', 'tubocurarine', 'chlortetracycline', '50', 'mg', '8', 'hours', 'ditazole', '25', 'mg', '8', 'hours']",15,"['Ditazole', 'Chlortetracycline', 'Tubocurarine']"
"Patient: 70F. Drugs: Acetohydroxamic Acid 500mg as needed, Repaglinide 75mg every 8 hours, Mitiglinide 200mg twice daily, Nedaplatin 500mg as needed.","['Acetohydroxamic Acid', 'Repaglinide', 'Mitiglinide', 'Nedaplatin']",1,2,hypoglycemic activities,"patient: 70f. drugs: acetohydroxamic acid 500mg as needed, repaglinide 75mg every 8 hours, mitiglinide 200mg twice daily, nedaplatin 500mg as needed.","['patient', '70f', 'drugs', 'acetohydroxamic', 'acid', '500', 'mg', 'needed', 'repaglinide', '75', 'mg', '8', 'hours', 'mitiglinide', '200', 'mg', 'twice', 'daily', 'nedaplatin', '500', 'mg', 'needed']",22,"['Nedaplatin', 'Mitiglinide', 'Repaglinide', 'Acetohydroxamic Acid']"
"Patient: 60F. Drugs: Nilotinib, Aloglutamol 50mg every 12 hours, Mitomycin.","['Nilotinib', 'Aloglutamol', 'Mitomycin']",1,2,serum concentration,"patient: 60f. drugs: nilotinib, aloglutamol 50mg every 12 hours, mitomycin.","['patient', '60f', 'drugs', 'nilotinib', 'aloglutamol', '50', 'mg', '12', 'hours', 'mitomycin']",10,"['Aloglutamol', 'Nilotinib', 'Mitomycin']"
"Patient: 45F. Drugs: Tolbutamide 25mg every 6 hours, Doxapram 200mg once daily.","['Tolbutamide', 'Doxapram']",0,0,none,"patient: 45f. drugs: tolbutamide 25mg every 6 hours, doxapram 200mg once daily.","['patient', '45f', 'drugs', 'tolbutamide', '25', 'mg', '6', 'hours', 'doxapram', '200', 'mg', 'daily']",12,"['Tolbutamide', 'Doxapram']"
"Patient: 45F. Drugs: Busulfan 50mg every 6 hours, Propericiazine, Pioglitazone.","['Busulfan', 'Propericiazine', 'Pioglitazone']",0,0,none,"patient: 45f. drugs: busulfan 50mg every 6 hours, propericiazine, pioglitazone.","['patient', '45f', 'drugs', 'busulfan', '50', 'mg', '6', 'hours', 'propericiazine', 'pioglitazone']",10,"['Busulfan', 'Pioglitazone', 'Propericiazine']"
"Patient: 40M. Drugs: Simeprevir, Baricitinib.","['Simeprevir', 'Baricitinib']",1,2,serum concentration,"patient: 40m. drugs: simeprevir, baricitinib.","['patient', '40', 'm.', 'drugs', 'simeprevir', 'baricitinib']",6,"['Simeprevir', 'Baricitinib']"
"Patient: 60F. Drugs: Propranolol, Ecabet 50mg as needed.","['Propranolol', 'Ecabet']",0,0,none,"patient: 60f. drugs: propranolol, ecabet 50mg as needed.","['patient', '60f', 'drugs', 'propranolol', 'ecabet', '50', 'mg', 'needed']",8,"['Ecabet', 'Propranolol']"
"Patient: 52M. Drugs: Sulfamerazine 50mg after meals, Perospirone 75mg every 12 hours, Thiocolchicoside 200mg once daily.","['Sulfamerazine', 'Perospirone', 'Thiocolchicoside']",0,0,none,"patient: 52m. drugs: sulfamerazine 50mg after meals, perospirone 75mg every 12 hours, thiocolchicoside 200mg once daily.","['patient', '52', 'm.', 'drugs', 'sulfamerazine', '50', 'mg', 'meals', 'perospirone', '75', 'mg', '12', 'hours', 'thiocolchicoside', '200', 'mg', 'daily']",17,"['Thiocolchicoside', 'Sulfamerazine', 'Perospirone']"
"Patient: 60F. Drugs: Propranolol, Ecabet 50mg as needed.","['Propranolol', 'Ecabet']",0,0,none,"patient: 60f. drugs: propranolol, ecabet 50mg as needed.","['patient', '60f', 'drugs', 'propranolol', 'ecabet', '50', 'mg', 'needed']",8,"['Ecabet', 'Propranolol']"
"Patient: 58M. Drugs: Nitrendipine 200mg before meals, Clevidipine 100mg three times daily.","['Nitrendipine', 'Clevidipine']",1,3,risk or severity of adverse effects,"patient: 58m. drugs: nitrendipine 200mg before meals, clevidipine 100mg three times daily.","['patient', '58', 'm.', 'drugs', 'nitrendipine', '200', 'mg', 'meals', 'clevidipine', '100', 'mg', 'times', 'daily']",13,"['Nitrendipine', 'Clevidipine']"
"Patient: 33M. Drugs: Adenine 50mg twice daily, Imidafenacin 25mg after meals.","['Adenine', 'Imidafenacin']",0,0,none,"patient: 33m. drugs: adenine 50mg twice daily, imidafenacin 25mg after meals.","['patient', '33', 'm.', 'drugs', 'adenine', '50', 'mg', 'twice', 'daily', 'imidafenacin', '25', 'mg', 'meals']",13,"['Adenine', 'Imidafenacin']"
"Patient: 35F. Drugs: Sodium glycerophosphate 500mg as needed, Bismuth subnitrate 25mg twice daily, Ethionamide 200mg every 12 hours.","['Sodium glycerophosphate', 'Bismuth subnitrate', 'Ethionamide']",1,1,absorption,"patient: 35f. drugs: sodium glycerophosphate 500mg as needed, bismuth subnitrate 25mg twice daily, ethionamide 200mg every 12 hours.","['patient', '35f', 'drugs', 'sodium', 'glycerophosphate', '500', 'mg', 'needed', 'bismuth', 'subnitrate', '25', 'mg', 'twice', 'daily', 'ethionamide', '200', 'mg', '12', 'hours']",19,"['Bismuth subnitrate', 'Sodium glycerophosphate', 'Ethionamide']"
"Patient: 25F. Drugs: Duloxetine 200mg once daily, Bromfenac, Prednisolone 75mg three times daily.","['Duloxetine', 'Bromfenac', 'Prednisolone']",1,1,antiplatelet activities,"patient: 25f. drugs: duloxetine 200mg once daily, bromfenac, prednisolone 75mg three times daily.","['patient', '25f', 'drugs', 'duloxetine', '200', 'mg', 'daily', 'bromfenac', 'prednisolone', '75', 'mg', 'times', 'daily']",13,"['Bromfenac', 'Prednisolone', 'Duloxetine']"
"Patient: 40M. Drugs: Carbamazepine 50mg after meals, Triprolidine 500mg before meals, Phylloquinone 50mg twice daily, Diethylpropion 500mg twice daily.","['Carbamazepine', 'Triprolidine', 'Phylloquinone', 'Diethylpropion']",1,3,risk or severity of adverse effects,"patient: 40m. drugs: carbamazepine 50mg after meals, triprolidine 500mg before meals, phylloquinone 50mg twice daily, diethylpropion 500mg twice daily.","['patient', '40', 'm.', 'drugs', 'carbamazepine', '50', 'mg', 'meals', 'triprolidine', '500', 'mg', 'meals', 'phylloquinone', '50', 'mg', 'twice', 'daily', 'diethylpropion', '500', 'mg', 'twice', 'daily']",22,"['Triprolidine', 'Phylloquinone', 'Carbamazepine', 'Diethylpropion']"
"Patient: 45F. Drugs: Isoflurane 25mg every 12 hours, Thiotepa 75mg three times daily.","['Isoflurane', 'Thiotepa']",1,2,metabolism,"patient: 45f. drugs: isoflurane 25mg every 12 hours, thiotepa 75mg three times daily.","['patient', '45f', 'drugs', 'isoflurane', '25', 'mg', '12', 'hours', 'thiotepa', '75', 'mg', 'times', 'daily']",13,"['Isoflurane', 'Thiotepa']"
"Patient: 48F. Drugs: Estrone sulfate, Acebutolol 500mg every 8 hours, Ombitasvir 75mg twice daily.","['Estrone sulfate', 'Acebutolol', 'Ombitasvir']",0,0,none,"patient: 48f. drugs: estrone sulfate, acebutolol 500mg every 8 hours, ombitasvir 75mg twice daily.","['patient', '48f', 'drugs', 'estrone', 'sulfate', 'acebutolol', '500', 'mg', '8', 'hours', 'ombitasvir', '75', 'mg', 'twice', 'daily']",15,"['Ombitasvir', 'Acebutolol', 'Estrone sulfate']"
"Patient: 75M. Drugs: Apraclonidine 100mg three times daily, Mianserin 200mg after meals, Ferrous sulfate 100mg before meals.","['Apraclonidine', 'Mianserin', 'Ferrous sulfate']",1,1,therapeutic efficacy,"patient: 75m. drugs: apraclonidine 100mg three times daily, mianserin 200mg after meals, ferrous sulfate 100mg before meals.","['patient', '75', 'm.', 'drugs', 'apraclonidine', '100', 'mg', 'times', 'daily', 'mianserin', '200', 'mg', 'meals', 'ferrous', 'sulfate', '100', 'mg', 'meals']",18,"['Ferrous sulfate', 'Mianserin', 'Apraclonidine']"
"Patient: 62M. Drugs: Olmesartan 200mg every 12 hours, Cyclacillin, Alprenolol 200mg twice daily, Amisulpride 75mg three times daily.","['Olmesartan', 'Cyclacillin', 'Alprenolol', 'Amisulpride']",1,2,hypotensive activities,"patient: 62m. drugs: olmesartan 200mg every 12 hours, cyclacillin, alprenolol 200mg twice daily, amisulpride 75mg three times daily.","['patient', '62', 'm.', 'drugs', 'olmesartan', '200', 'mg', '12', 'hours', 'cyclacillin', 'alprenolol', '200', 'mg', 'twice', 'daily', 'amisulpride', '75', 'mg', 'times', 'daily']",20,"['Cyclacillin', 'Amisulpride', 'Alprenolol', 'Olmesartan']"
"Patient: 58M. Drugs: Salicylamide 25mg once daily, Estrone, Ethylmorphine.","['Salicylamide', 'Estrone', 'Ethylmorphine']",1,3,risk or severity of adverse effects,"patient: 58m. drugs: salicylamide 25mg once daily, estrone, ethylmorphine.","['patient', '58', 'm.', 'drugs', 'salicylamide', '25', 'mg', 'daily', 'estrone', 'ethylmorphine']",10,"['Ethylmorphine', 'Salicylamide', 'Estrone']"
"Patient: 68M. Drugs: Clobetasol propionate, Strontium ranelate 500mg as needed.","['Clobetasol propionate', 'Strontium ranelate']",0,0,none,"patient: 68m. drugs: clobetasol propionate, strontium ranelate 500mg as needed.","['patient', '68', 'm.', 'drugs', 'clobetasol', 'propionate', 'strontium', 'ranelate', '500', 'mg', 'needed']",11,"['Clobetasol propionate', 'Strontium ranelate']"
"Patient: 60F. Drugs: Nimodipine 25mg after meals, Melatonin 200mg before meals.","['Nimodipine', 'Melatonin']",1,2,antihypertensive activities,"patient: 60f. drugs: nimodipine 25mg after meals, melatonin 200mg before meals.","['patient', '60f', 'drugs', 'nimodipine', '25', 'mg', 'meals', 'melatonin', '200', 'mg', 'meals']",11,"['Melatonin', 'Nimodipine']"
"Patient: 28F. Drugs: Acepromazine 100mg as needed, Copper.","['Acepromazine', 'Copper']",0,0,none,"patient: 28f. drugs: acepromazine 100mg as needed, copper.","['patient', '28f', 'drugs', 'acepromazine', '100', 'mg', 'needed', 'copper']",8,"['Acepromazine', 'Copper']"
"Patient: 55F. Drugs: Aztreonam, Testosterone cypionate 200mg after meals.","['Aztreonam', 'Testosterone cypionate']",0,0,none,"patient: 55f. drugs: aztreonam, testosterone cypionate 200mg after meals.","['patient', '55f', 'drugs', 'aztreonam', 'testosterone', 'cypionate', '200', 'mg', 'meals']",9,"['Testosterone cypionate', 'Aztreonam']"
"Patient: 52M. Drugs: Betaxolol, Desflurane.","['Betaxolol', 'Desflurane']",1,3,risk or severity of adverse effects,"patient: 52m. drugs: betaxolol, desflurane.","['patient', '52', 'm.', 'drugs', 'betaxolol', 'desflurane']",6,"['Desflurane', 'Betaxolol']"
"Patient: 45F. Drugs: Moclobemide 25mg every 12 hours, Midostaurin 200mg every 6 hours.","['Moclobemide', 'Midostaurin']",1,2,metabolism,"patient: 45f. drugs: moclobemide 25mg every 12 hours, midostaurin 200mg every 6 hours.","['patient', '45f', 'drugs', 'moclobemide', '25', 'mg', '12', 'hours', 'midostaurin', '200', 'mg', '6', 'hours']",13,"['Midostaurin', 'Moclobemide']"
"Patient: 33M. Drugs: Magnesium oxide, Permethrin 75mg every 6 hours.","['Magnesium oxide', 'Permethrin']",0,0,none,"patient: 33m. drugs: magnesium oxide, permethrin 75mg every 6 hours.","['patient', '33', 'm.', 'drugs', 'magnesium', 'oxide', 'permethrin', '75', 'mg', '6', 'hours']",11,"['Permethrin', 'Magnesium oxide']"
"Patient: 45F. Drugs: Alcaftadine, L-Tryptophan, Amlodipine 100mg as needed.","['Alcaftadine', 'L-Tryptophan', 'Amlodipine']",0,0,none,"patient: 45f. drugs: alcaftadine, ltryptophan, amlodipine 100mg as needed.","['patient', '45f', 'drugs', 'alcaftadine', 'ltryptophan', 'amlodipine', '100', 'mg', 'needed']",9,"['L-Tryptophan', 'Amlodipine', 'Alcaftadine']"
"Patient: 52M. Drugs: Duloxetine, Barnidipine.","['Duloxetine', 'Barnidipine']",1,2,orthostatic hypotensive activities,"patient: 52m. drugs: duloxetine, barnidipine.","['patient', '52', 'm.', 'drugs', 'duloxetine', 'barnidipine']",6,"['Barnidipine', 'Duloxetine']"
"Patient: 25F. Drugs: Imipramine 100mg every 8 hours, Hexobarbital 100mg before meals, Chlortetracycline 25mg as needed.","['Imipramine', 'Hexobarbital', 'Chlortetracycline']",1,2,metabolism,"patient: 25f. drugs: imipramine 100mg every 8 hours, hexobarbital 100mg before meals, chlortetracycline 25mg as needed.","['patient', '25f', 'drugs', 'imipramine', '100', 'mg', '8', 'hours', 'hexobarbital', '100', 'mg', 'meals', 'chlortetracycline', '25', 'mg', 'needed']",16,"['Chlortetracycline', 'Hexobarbital', 'Imipramine']"
"Patient: 40M. Drugs: Amphetamine 25mg every 8 hours, Apraclonidine 75mg once daily.","['Amphetamine', 'Apraclonidine']",1,3,risk or severity of adverse effects,"patient: 40m. drugs: amphetamine 25mg every 8 hours, apraclonidine 75mg once daily.","['patient', '40', 'm.', 'drugs', 'amphetamine', '25', 'mg', '8', 'hours', 'apraclonidine', '75', 'mg', 'daily']",13,"['Amphetamine', 'Apraclonidine']"
"Patient: 40M. Drugs: Verapamil 25mg every 6 hours, Ibrutinib 100mg three times daily, Mitiglinide 25mg three times daily.","['Verapamil', 'Ibrutinib', 'Mitiglinide']",1,2,serum concentration,"patient: 40m. drugs: verapamil 25mg every 6 hours, ibrutinib 100mg three times daily, mitiglinide 25mg three times daily.","['patient', '40', 'm.', 'drugs', 'verapamil', '25', 'mg', '6', 'hours', 'ibrutinib', '100', 'mg', 'times', 'daily', 'mitiglinide', '25', 'mg', 'times', 'daily']",19,"['Mitiglinide', 'Ibrutinib', 'Verapamil']"
"Patient: 58M. Drugs: Micafungin 100mg three times daily, Methysergide 100mg three times daily, Bepridil, Nalbuphine 500mg once daily.","['Micafungin', 'Methysergide', 'Bepridil', 'Nalbuphine']",1,1,therapeutic efficacy,"patient: 58m. drugs: micafungin 100mg three times daily, methysergide 100mg three times daily, bepridil, nalbuphine 500mg once daily.","['patient', '58', 'm.', 'drugs', 'micafungin', '100', 'mg', 'times', 'daily', 'methysergide', '100', 'mg', 'times', 'daily', 'bepridil', 'nalbuphine', '500', 'mg', 'daily']",19,"['Micafungin', 'Nalbuphine', 'Bepridil', 'Methysergide']"
"Patient: 30M. Drugs: Prochlorperazine, Cefalotin, Amisulpride, Dihydroergocornine 75mg twice daily.","['Prochlorperazine', 'Cefalotin', 'Amisulpride', 'Dihydroergocornine']",1,2,antipsychotic activities,"patient: 30m. drugs: prochlorperazine, cefalotin, amisulpride, dihydroergocornine 75mg twice daily.","['patient', '30', 'm.', 'drugs', 'prochlorperazine', 'cefalotin', 'amisulpride', 'dihydroergocornine', '75', 'mg', 'twice', 'daily']",12,"['Cefalotin', 'Amisulpride', 'Prochlorperazine', 'Dihydroergocornine']"
"Patient: 68M. Drugs: Triflupromazine 50mg every 6 hours, Fludiazepam.","['Triflupromazine', 'Fludiazepam']",1,3,risk or severity of adverse effects,"patient: 68m. drugs: triflupromazine 50mg every 6 hours, fludiazepam.","['patient', '68', 'm.', 'drugs', 'triflupromazine', '50', 'mg', '6', 'hours', 'fludiazepam']",10,"['Fludiazepam', 'Triflupromazine']"
"Patient: 62M. Drugs: Citalopram 200mg before meals, Tenoxicam 500mg every 12 hours.","['Citalopram', 'Tenoxicam']",1,1,antiplatelet activities,"patient: 62m. drugs: citalopram 200mg before meals, tenoxicam 500mg every 12 hours.","['patient', '62', 'm.', 'drugs', 'citalopram', '200', 'mg', 'meals', 'tenoxicam', '500', 'mg', '12', 'hours']",13,"['Tenoxicam', 'Citalopram']"
"Patient: 45F. Drugs: Lactulose 50mg three times daily, Chlorphenamine 500mg three times daily, Benzophenone.","['Lactulose', 'Chlorphenamine', 'Benzophenone']",0,0,none,"patient: 45f. drugs: lactulose 50mg three times daily, chlorphenamine 500mg three times daily, benzophenone.","['patient', '45f', 'drugs', 'lactulose', '50', 'mg', 'times', 'daily', 'chlorphenamine', '500', 'mg', 'times', 'daily', 'benzophenone']",14,"['Lactulose', 'Chlorphenamine', 'Benzophenone']"
"Patient: 25F. Drugs: Lisinopril 75mg every 6 hours, Aminosalicylic Acid 500mg twice daily, Ciprofibrate 100mg every 6 hours.","['Lisinopril', 'Aminosalicylic Acid', 'Ciprofibrate']",1,1,therapeutic efficacy,"patient: 25f. drugs: lisinopril 75mg every 6 hours, aminosalicylic acid 500mg twice daily, ciprofibrate 100mg every 6 hours.","['patient', '25f', 'drugs', 'lisinopril', '75', 'mg', '6', 'hours', 'aminosalicylic', 'acid', '500', 'mg', 'twice', 'daily', 'ciprofibrate', '100', 'mg', '6', 'hours']",19,"['Ciprofibrate', 'Aminosalicylic Acid', 'Lisinopril']"
"Patient: 60F. Drugs: Methotrexate 50mg as needed, Ifenprodil 200mg every 8 hours.","['Methotrexate', 'Ifenprodil']",0,0,none,"patient: 60f. drugs: methotrexate 50mg as needed, ifenprodil 200mg every 8 hours.","['patient', '60f', 'drugs', 'methotrexate', '50', 'mg', 'needed', 'ifenprodil', '200', 'mg', '8', 'hours']",12,"['Ifenprodil', 'Methotrexate']"
"Patient: 25F. Drugs: Nordazepam 75mg before meals, Zinc sulfate, Velpatasvir 100mg once daily, Naloxegol.","['Nordazepam', 'Zinc sulfate', 'Velpatasvir', 'Naloxegol']",1,2,serum concentration,"patient: 25f. drugs: nordazepam 75mg before meals, zinc sulfate, velpatasvir 100mg once daily, naloxegol.","['patient', '25f', 'drugs', 'nordazepam', '75', 'mg', 'meals', 'zinc', 'sulfate', 'velpatasvir', '100', 'mg', 'daily', 'naloxegol']",14,"['Naloxegol', 'Nordazepam', 'Zinc sulfate', 'Velpatasvir']"
"Patient: 30M. Drugs: Mycophenolic acid 500mg after meals, Acemetacin 75mg after meals, Oritavancin 25mg as needed.","['Mycophenolic acid', 'Acemetacin', 'Oritavancin']",1,3,risk or severity of adverse effects,"patient: 30m. drugs: mycophenolic acid 500mg after meals, acemetacin 75mg after meals, oritavancin 25mg as needed.","['patient', '30', 'm.', 'drugs', 'mycophenolic', 'acid', '500', 'mg', 'meals', 'acemetacin', '75', 'mg', 'meals', 'oritavancin', '25', 'mg', 'needed']",17,"['Oritavancin', 'Mycophenolic acid', 'Acemetacin']"
"Patient: 60F. Drugs: Ethyl loflazepate 500mg every 12 hours, Fospropofol 75mg every 12 hours, Minocycline.","['Ethyl loflazepate', 'Fospropofol', 'Minocycline']",1,3,risk or severity of adverse effects,"patient: 60f. drugs: ethyl loflazepate 500mg every 12 hours, fospropofol 75mg every 12 hours, minocycline.","['patient', '60f', 'drugs', 'ethyl', 'loflazepate', '500', 'mg', '12', 'hours', 'fospropofol', '75', 'mg', '12', 'hours', 'minocycline']",15,"['Fospropofol', 'Minocycline', 'Ethyl loflazepate']"
"Patient: 45F. Drugs: Lamotrigine 100mg after meals, Calcium Phosphate 500mg every 12 hours.","['Lamotrigine', 'Calcium Phosphate']",1,1,therapeutic efficacy,"patient: 45f. drugs: lamotrigine 100mg after meals, calcium phosphate 500mg every 12 hours.","['patient', '45f', 'drugs', 'lamotrigine', '100', 'mg', 'meals', 'calcium', 'phosphate', '500', 'mg', '12', 'hours']",13,"['Lamotrigine', 'Calcium Phosphate']"
"Patient: 75M. Drugs: Piperazine 50mg after meals, Saxagliptin 500mg as needed, Ceftazidime 200mg three times daily.","['Piperazine', 'Saxagliptin', 'Ceftazidime']",1,1,therapeutic efficacy,"patient: 75m. drugs: piperazine 50mg after meals, saxagliptin 500mg as needed, ceftazidime 200mg three times daily.","['patient', '75', 'm.', 'drugs', 'piperazine', '50', 'mg', 'meals', 'saxagliptin', '500', 'mg', 'needed', 'ceftazidime', '200', 'mg', 'times', 'daily']",17,"['Saxagliptin', 'Ceftazidime', 'Piperazine']"
"Patient: 35F. Drugs: Unoprostone 25mg as needed, Acemetacin 500mg every 8 hours, Ketamine.","['Unoprostone', 'Acemetacin', 'Ketamine']",1,1,therapeutic efficacy,"patient: 35f. drugs: unoprostone 25mg as needed, acemetacin 500mg every 8 hours, ketamine.","['patient', '35f', 'drugs', 'unoprostone', '25', 'mg', 'needed', 'acemetacin', '500', 'mg', '8', 'hours', 'ketamine']",13,"['Ketamine', 'Unoprostone', 'Acemetacin']"
"Patient: 48F. Drugs: Adefovir Dipivoxil 200mg after meals, Dinoprost, Clobetasol 75mg every 8 hours, Pentoxifylline 75mg once daily.","['Adefovir Dipivoxil', 'Dinoprost', 'Clobetasol', 'Pentoxifylline']",0,0,none,"patient: 48f. drugs: adefovir dipivoxil 200mg after meals, dinoprost, clobetasol 75mg every 8 hours, pentoxifylline 75mg once daily.","['patient', '48f', 'drugs', 'adefovir', 'dipivoxil', '200', 'mg', 'meals', 'dinoprost', 'clobetasol', '75', 'mg', '8', 'hours', 'pentoxifylline', '75', 'mg', 'daily']",18,"['Adefovir Dipivoxil', 'Pentoxifylline', 'Dinoprost', 'Clobetasol']"
"Patient: 62M. Drugs: Cinchocaine 75mg every 6 hours, Pentazocine 25mg before meals, Omeprazole 25mg once daily.","['Cinchocaine', 'Pentazocine', 'Omeprazole']",1,3,risk or severity of adverse effects,"patient: 62m. drugs: cinchocaine 75mg every 6 hours, pentazocine 25mg before meals, omeprazole 25mg once daily.","['patient', '62', 'm.', 'drugs', 'cinchocaine', '75', 'mg', '6', 'hours', 'pentazocine', '25', 'mg', 'meals', 'omeprazole', '25', 'mg', 'daily']",17,"['Cinchocaine', 'Omeprazole', 'Pentazocine']"
"Patient: 30M. Drugs: Bimatoprost 100mg before meals, Benzydamine.","['Bimatoprost', 'Benzydamine']",1,1,therapeutic efficacy,"patient: 30m. drugs: bimatoprost 100mg before meals, benzydamine.","['patient', '30', 'm.', 'drugs', 'bimatoprost', '100', 'mg', 'meals', 'benzydamine']",9,"['Benzydamine', 'Bimatoprost']"
"Patient: 40M. Drugs: Mefloquine, Prednisone, Phenylbutazone.","['Mefloquine', 'Prednisone', 'Phenylbutazone']",1,3,risk or severity of adverse effects,"patient: 40m. drugs: mefloquine, prednisone, phenylbutazone.","['patient', '40', 'm.', 'drugs', 'mefloquine', 'prednisone', 'phenylbutazone']",7,"['Mefloquine', 'Phenylbutazone', 'Prednisone']"
"Patient: 52M. Drugs: Goserelin 100mg before meals, Felodipine.","['Goserelin', 'Felodipine']",0,0,none,"patient: 52m. drugs: goserelin 100mg before meals, felodipine.","['patient', '52', 'm.', 'drugs', 'goserelin', '100', 'mg', 'meals', 'felodipine']",9,"['Goserelin', 'Felodipine']"
"Patient: 55F. Drugs: Losartan, Atorvastatin 100mg before meals, Remifentanil 50mg three times daily.","['Losartan', 'Atorvastatin', 'Remifentanil']",1,3,risk or severity of adverse effects,"patient: 55f. drugs: losartan, atorvastatin 100mg before meals, remifentanil 50mg three times daily.","['patient', '55f', 'drugs', 'losartan', 'atorvastatin', '100', 'mg', 'meals', 'remifentanil', '50', 'mg', 'times', 'daily']",13,"['Remifentanil', 'Atorvastatin', 'Losartan']"
"Patient: 30M. Drugs: Bepridil, Hexetidine 500mg every 12 hours, Temazepam 75mg three times daily.","['Bepridil', 'Hexetidine', 'Temazepam']",1,1,therapeutic efficacy,"patient: 30m. drugs: bepridil, hexetidine 500mg every 12 hours, temazepam 75mg three times daily.","['patient', '30', 'm.', 'drugs', 'bepridil', 'hexetidine', '500', 'mg', '12', 'hours', 'temazepam', '75', 'mg', 'times', 'daily']",15,"['Hexetidine', 'Bepridil', 'Temazepam']"
"Patient: 25F. Drugs: Tolvaptan 75mg as needed, Aloglutamol 50mg three times daily, Methylphenidate 200mg three times daily, Tiotropium 100mg after meals.","['Tolvaptan', 'Aloglutamol', 'Methylphenidate', 'Tiotropium']",1,1,absorption,"patient: 25f. drugs: tolvaptan 75mg as needed, aloglutamol 50mg three times daily, methylphenidate 200mg three times daily, tiotropium 100mg after meals.","['patient', '25f', 'drugs', 'tolvaptan', '75', 'mg', 'needed', 'aloglutamol', '50', 'mg', 'times', 'daily', 'methylphenidate', '200', 'mg', 'times', 'daily', 'tiotropium', '100', 'mg', 'meals']",21,"['Tolvaptan', 'Methylphenidate', 'Aloglutamol', 'Tiotropium']"
"Patient: 35F. Drugs: Voriconazole, Exemestane 100mg as needed.","['Voriconazole', 'Exemestane']",1,2,metabolism,"patient: 35f. drugs: voriconazole, exemestane 100mg as needed.","['patient', '35f', 'drugs', 'voriconazole', 'exemestane', '100', 'mg', 'needed']",8,"['Voriconazole', 'Exemestane']"
"Patient: 70F. Drugs: Clemastine 50mg every 6 hours, Lisuride 100mg every 8 hours.","['Clemastine', 'Lisuride']",1,3,risk or severity of adverse effects,"patient: 70f. drugs: clemastine 50mg every 6 hours, lisuride 100mg every 8 hours.","['patient', '70f', 'drugs', 'clemastine', '50', 'mg', '6', 'hours', 'lisuride', '100', 'mg', '8', 'hours']",13,"['Lisuride', 'Clemastine']"
"Patient: 30M. Drugs: Pregabalin 25mg every 8 hours, Tetrabenazine 200mg every 6 hours.","['Pregabalin', 'Tetrabenazine']",1,1,therapeutic efficacy,"patient: 30m. drugs: pregabalin 25mg every 8 hours, tetrabenazine 200mg every 6 hours.","['patient', '30', 'm.', 'drugs', 'pregabalin', '25', 'mg', '8', 'hours', 'tetrabenazine', '200', 'mg', '6', 'hours']",14,"['Tetrabenazine', 'Pregabalin']"
"Patient: 60F. Drugs: Hydromorphone 25mg every 8 hours, Lurasidone 25mg every 12 hours.","['Hydromorphone', 'Lurasidone']",1,3,risk or severity of adverse effects,"patient: 60f. drugs: hydromorphone 25mg every 8 hours, lurasidone 25mg every 12 hours.","['patient', '60f', 'drugs', 'hydromorphone', '25', 'mg', '8', 'hours', 'lurasidone', '25', 'mg', '12', 'hours']",13,"['Lurasidone', 'Hydromorphone']"
"Patient: 28F. Drugs: Quinidine 25mg as needed, Practolol 75mg every 12 hours.","['Quinidine', 'Practolol']",1,2,orthostatic hypotensive activities,"patient: 28f. drugs: quinidine 25mg as needed, practolol 75mg every 12 hours.","['patient', '28f', 'drugs', 'quinidine', '25', 'mg', 'needed', 'practolol', '75', 'mg', '12', 'hours']",12,"['Practolol', 'Quinidine']"
"Patient: 33M. Drugs: Flucytosine, Carbocisteine, Chlorprothixene 500mg every 6 hours, Tafluprost 50mg every 6 hours.","['Flucytosine', 'Carbocisteine', 'Chlorprothixene', 'Tafluprost']",0,0,none,"patient: 33m. drugs: flucytosine, carbocisteine, chlorprothixene 500mg every 6 hours, tafluprost 50mg every 6 hours.","['patient', '33', 'm.', 'drugs', 'flucytosine', 'carbocisteine', 'chlorprothixene', '500', 'mg', '6', 'hours', 'tafluprost', '50', 'mg', '6', 'hours']",16,"['Flucytosine', 'Chlorprothixene', 'Tafluprost', 'Carbocisteine']"
"Patient: 48F. Drugs: Nisoldipine, Sirolimus.","['Nisoldipine', 'Sirolimus']",1,1,therapeutic efficacy,"patient: 48f. drugs: nisoldipine, sirolimus.","['patient', '48f', 'drugs', 'nisoldipine', 'sirolimus']",5,"['Nisoldipine', 'Sirolimus']"
"Patient: 30M. Drugs: Perindopril, Methylscopolamine bromide 200mg after meals, Valganciclovir 200mg before meals.","['Perindopril', 'Methylscopolamine bromide', 'Valganciclovir']",0,0,none,"patient: 30m. drugs: perindopril, methylscopolamine bromide 200mg after meals, valganciclovir 200mg before meals.","['patient', '30', 'm.', 'drugs', 'perindopril', 'methylscopolamine', 'bromide', '200', 'mg', 'meals', 'valganciclovir', '200', 'mg', 'meals']",14,"['Methylscopolamine bromide', 'Valganciclovir', 'Perindopril']"
"Patient: 40M. Drugs: Tenoxicam 200mg twice daily, Dexibuprofen, Pirlindole.","['Tenoxicam', 'Dexibuprofen', 'Pirlindole']",1,3,risk or severity of adverse effects,"patient: 40m. drugs: tenoxicam 200mg twice daily, dexibuprofen, pirlindole.","['patient', '40', 'm.', 'drugs', 'tenoxicam', '200', 'mg', 'twice', 'daily', 'dexibuprofen', 'pirlindole']",11,"['Tenoxicam', 'Pirlindole', 'Dexibuprofen']"
"Patient: 58M. Drugs: Dihydralazine, Treprostinil, Pimozide, Hexafluronium.","['Dihydralazine', 'Treprostinil', 'Pimozide', 'Hexafluronium']",1,2,hypotensive activities,"patient: 58m. drugs: dihydralazine, treprostinil, pimozide, hexafluronium.","['patient', '58', 'm.', 'drugs', 'dihydralazine', 'treprostinil', 'pimozide', 'hexafluronium']",8,"['Pimozide', 'Dihydralazine', 'Hexafluronium', 'Treprostinil']"
"Patient: 55F. Drugs: Rosiglitazone 50mg three times daily, Pipotiazine 25mg before meals, Viloxazine 75mg every 8 hours.","['Rosiglitazone', 'Pipotiazine', 'Viloxazine']",1,1,therapeutic efficacy,"patient: 55f. drugs: rosiglitazone 50mg three times daily, pipotiazine 25mg before meals, viloxazine 75mg every 8 hours.","['patient', '55f', 'drugs', 'rosiglitazone', '50', 'mg', 'times', 'daily', 'pipotiazine', '25', 'mg', 'meals', 'viloxazine', '75', 'mg', '8', 'hours']",17,"['Rosiglitazone', 'Viloxazine', 'Pipotiazine']"
"Patient: 25F. Drugs: Iloperidone 50mg every 6 hours, Lynestrenol 500mg twice daily, Lofexidine.","['Iloperidone', 'Lynestrenol', 'Lofexidine']",1,1,therapeutic efficacy,"patient: 25f. drugs: iloperidone 50mg every 6 hours, lynestrenol 500mg twice daily, lofexidine.","['patient', '25f', 'drugs', 'iloperidone', '50', 'mg', '6', 'hours', 'lynestrenol', '500', 'mg', 'twice', 'daily', 'lofexidine']",14,"['Iloperidone', 'Lynestrenol', 'Lofexidine']"
"Patient: 45F. Drugs: Dasatinib 50mg every 8 hours, Desloratadine.","['Dasatinib', 'Desloratadine']",0,0,none,"patient: 45f. drugs: dasatinib 50mg every 8 hours, desloratadine.","['patient', '45f', 'drugs', 'dasatinib', '50', 'mg', '8', 'hours', 'desloratadine']",9,"['Dasatinib', 'Desloratadine']"
"Patient: 62M. Drugs: Guanethidine 75mg every 8 hours, Levonordefrin 75mg twice daily.","['Guanethidine', 'Levonordefrin']",0,0,none,"patient: 62m. drugs: guanethidine 75mg every 8 hours, levonordefrin 75mg twice daily.","['patient', '62', 'm.', 'drugs', 'guanethidine', '75', 'mg', '8', 'hours', 'levonordefrin', '75', 'mg', 'twice', 'daily']",14,"['Guanethidine', 'Levonordefrin']"
"Patient: 25F. Drugs: Nelfinavir 75mg three times daily, Ketoconazole, Pramlintide.","['Nelfinavir', 'Ketoconazole', 'Pramlintide']",1,2,metabolism,"patient: 25f. drugs: nelfinavir 75mg three times daily, ketoconazole, pramlintide.","['patient', '25f', 'drugs', 'nelfinavir', '75', 'mg', 'times', 'daily', 'ketoconazole', 'pramlintide']",10,"['Pramlintide', 'Ketoconazole', 'Nelfinavir']"
"Patient: 28F. Drugs: Quinethazone 75mg before meals, Empagliflozin 500mg every 8 hours.","['Quinethazone', 'Empagliflozin']",1,1,therapeutic efficacy,"patient: 28f. drugs: quinethazone 75mg before meals, empagliflozin 500mg every 8 hours.","['patient', '28f', 'drugs', 'quinethazone', '75', 'mg', 'meals', 'empagliflozin', '500', 'mg', '8', 'hours']",12,"['Quinethazone', 'Empagliflozin']"
"Patient: 40M. Drugs: Gemeprost 100mg once daily, Hydrocodone 200mg after meals, Romidepsin, Diflunisal 25mg every 8 hours.","['Gemeprost', 'Hydrocodone', 'Romidepsin', 'Diflunisal']",1,1,therapeutic efficacy,"patient: 40m. drugs: gemeprost 100mg once daily, hydrocodone 200mg after meals, romidepsin, diflunisal 25mg every 8 hours.","['patient', '40', 'm.', 'drugs', 'gemeprost', '100', 'mg', 'daily', 'hydrocodone', '200', 'mg', 'meals', 'romidepsin', 'diflunisal', '25', 'mg', '8', 'hours']",18,"['Hydrocodone', 'Romidepsin', 'Gemeprost', 'Diflunisal']"
"Patient: 48F. Drugs: Dinoprost Tromethamine 200mg every 8 hours, Loxoprofen, Flurandrenolide 75mg every 12 hours.","['Dinoprost Tromethamine', 'Loxoprofen', 'Flurandrenolide']",1,1,therapeutic efficacy,"patient: 48f. drugs: dinoprost tromethamine 200mg every 8 hours, loxoprofen, flurandrenolide 75mg every 12 hours.","['patient', '48f', 'drugs', 'dinoprost', 'tromethamine', '200', 'mg', '8', 'hours', 'loxoprofen', 'flurandrenolide', '75', 'mg', '12', 'hours']",15,"['Dinoprost Tromethamine', 'Flurandrenolide', 'Loxoprofen']"
"Patient: 58M. Drugs: Reserpine 25mg twice daily, Meclizine 500mg every 12 hours, Lactulose 100mg after meals.","['Reserpine', 'Meclizine', 'Lactulose']",1,3,risk or severity of adverse effects,"patient: 58m. drugs: reserpine 25mg twice daily, meclizine 500mg every 12 hours, lactulose 100mg after meals.","['patient', '58', 'm.', 'drugs', 'reserpine', '25', 'mg', 'twice', 'daily', 'meclizine', '500', 'mg', '12', 'hours', 'lactulose', '100', 'mg', 'meals']",18,"['Lactulose', 'Reserpine', 'Meclizine']"
"Patient: 68M. Drugs: Propiomazine 50mg once daily, Bopindolol 500mg once daily, Clavulanate 25mg three times daily.","['Propiomazine', 'Bopindolol', 'Clavulanate']",1,2,orthostatic hypotensive activities,"patient: 68m. drugs: propiomazine 50mg once daily, bopindolol 500mg once daily, clavulanate 25mg three times daily.","['patient', '68', 'm.', 'drugs', 'propiomazine', '50', 'mg', 'daily', 'bopindolol', '500', 'mg', 'daily', 'clavulanate', '25', 'mg', 'times', 'daily']",17,"['Propiomazine', 'Clavulanate', 'Bopindolol']"
"Patient: 55F. Drugs: Rosiglitazone 50mg three times daily, Pipotiazine 25mg before meals, Viloxazine 75mg every 8 hours.","['Rosiglitazone', 'Pipotiazine', 'Viloxazine']",1,1,therapeutic efficacy,"patient: 55f. drugs: rosiglitazone 50mg three times daily, pipotiazine 25mg before meals, viloxazine 75mg every 8 hours.","['patient', '55f', 'drugs', 'rosiglitazone', '50', 'mg', 'times', 'daily', 'pipotiazine', '25', 'mg', 'meals', 'viloxazine', '75', 'mg', '8', 'hours']",17,"['Rosiglitazone', 'Viloxazine', 'Pipotiazine']"
"Patient: 52M. Drugs: Ouabain 50mg three times daily, Capecitabine 25mg twice daily, Diphenylpyraline 100mg as needed.","['Ouabain', 'Capecitabine', 'Diphenylpyraline']",1,2,cardiotoxic activities,"patient: 52m. drugs: ouabain 50mg three times daily, capecitabine 25mg twice daily, diphenylpyraline 100mg as needed.","['patient', '52', 'm.', 'drugs', 'ouabain', '50', 'mg', 'times', 'daily', 'capecitabine', '25', 'mg', 'twice', 'daily', 'diphenylpyraline', '100', 'mg', 'needed']",18,"['Capecitabine', 'Diphenylpyraline', 'Ouabain']"
"Patient: 52M. Drugs: Mefenamic acid 50mg three times daily, Bumetanide 500mg once daily, Dexmethylphenidate 500mg every 12 hours.","['Mefenamic acid', 'Bumetanide', 'Dexmethylphenidate']",1,1,therapeutic efficacy,"patient: 52m. drugs: mefenamic acid 50mg three times daily, bumetanide 500mg once daily, dexmethylphenidate 500mg every 12 hours.","['patient', '52', 'm.', 'drugs', 'mefenamic', 'acid', '50', 'mg', 'times', 'daily', 'bumetanide', '500', 'mg', 'daily', 'dexmethylphenidate', '500', 'mg', '12', 'hours']",19,"['Mefenamic acid', 'Bumetanide', 'Dexmethylphenidate']"
"Patient: 75M. Drugs: Alfacalcidol 100mg every 6 hours, Exemestane 75mg before meals, Vitamin C 200mg every 6 hours.","['Alfacalcidol', 'Exemestane', 'Vitamin C']",0,0,none,"patient: 75m. drugs: alfacalcidol 100mg every 6 hours, exemestane 75mg before meals, vitamin c 200mg every 6 hours.","['patient', '75', 'm.', 'drugs', 'alfacalcidol', '100', 'mg', '6', 'hours', 'exemestane', '75', 'mg', 'meals', 'vitamin', 'c', '200', 'mg', '6', 'hours']",19,"['Alfacalcidol', 'Vitamin C', 'Exemestane']"
"Patient: 40M. Drugs: Dextromethorphan 75mg every 8 hours, Levomilnacipran 500mg every 12 hours.","['Dextromethorphan', 'Levomilnacipran']",1,2,serotonergic activities,"patient: 40m. drugs: dextromethorphan 75mg every 8 hours, levomilnacipran 500mg every 12 hours.","['patient', '40', 'm.', 'drugs', 'dextromethorphan', '75', 'mg', '8', 'hours', 'levomilnacipran', '500', 'mg', '12', 'hours']",14,"['Dextromethorphan', 'Levomilnacipran']"
"Patient: 48F. Drugs: Natamycin, Bepridil, Testolactone, Deflazacort 75mg once daily.","['Natamycin', 'Bepridil', 'Testolactone', 'Deflazacort']",1,1,therapeutic efficacy,"patient: 48f. drugs: natamycin, bepridil, testolactone, deflazacort 75mg once daily.","['patient', '48f', 'drugs', 'natamycin', 'bepridil', 'testolactone', 'deflazacort', '75', 'mg', 'daily']",10,"['Testolactone', 'Deflazacort', 'Bepridil', 'Natamycin']"
"Patient: 75M. Drugs: Magnesium sulfate 500mg as needed, Metaxalone 50mg every 8 hours.","['Magnesium sulfate', 'Metaxalone']",1,1,therapeutic efficacy,"patient: 75m. drugs: magnesium sulfate 500mg as needed, metaxalone 50mg every 8 hours.","['patient', '75', 'm.', 'drugs', 'magnesium', 'sulfate', '500', 'mg', 'needed', 'metaxalone', '50', 'mg', '8', 'hours']",14,"['Metaxalone', 'Magnesium sulfate']"
"Patient: 33M. Drugs: Halothane, Barnidipine 500mg twice daily.","['Halothane', 'Barnidipine']",1,3,risk or severity of adverse effects,"patient: 33m. drugs: halothane, barnidipine 500mg twice daily.","['patient', '33', 'm.', 'drugs', 'halothane', 'barnidipine', '500', 'mg', 'twice', 'daily']",10,"['Barnidipine', 'Halothane']"
"Patient: 70F. Drugs: Nitroglycerin, Pindolol, Nevirapine.","['Nitroglycerin', 'Pindolol', 'Nevirapine']",1,3,risk or severity of adverse effects,"patient: 70f. drugs: nitroglycerin, pindolol, nevirapine.","['patient', '70f', 'drugs', 'nitroglycerin', 'pindolol', 'nevirapine']",6,"['Nitroglycerin', 'Nevirapine', 'Pindolol']"
"Patient: 25F. Drugs: Methsuximide, Curcumin 50mg three times daily.","['Methsuximide', 'Curcumin']",0,0,none,"patient: 25f. drugs: methsuximide, curcumin 50mg three times daily.","['patient', '25f', 'drugs', 'methsuximide', 'curcumin', '50', 'mg', 'times', 'daily']",9,"['Methsuximide', 'Curcumin']"
"Patient: 48F. Drugs: Rizatriptan 200mg every 12 hours, Chlorprothixene 500mg every 8 hours, Oxaliplatin.","['Rizatriptan', 'Chlorprothixene', 'Oxaliplatin']",1,3,risk or severity of adverse effects,"patient: 48f. drugs: rizatriptan 200mg every 12 hours, chlorprothixene 500mg every 8 hours, oxaliplatin.","['patient', '48f', 'drugs', 'rizatriptan', '200', 'mg', '12', 'hours', 'chlorprothixene', '500', 'mg', '8', 'hours', 'oxaliplatin']",14,"['Oxaliplatin', 'Chlorprothixene', 'Rizatriptan']"
"Patient: 30M. Drugs: Verapamil 75mg every 8 hours, Atorvastatin 500mg before meals, Somatostatin 500mg three times daily.","['Verapamil', 'Atorvastatin', 'Somatostatin']",1,1,absorption,"patient: 30m. drugs: verapamil 75mg every 8 hours, atorvastatin 500mg before meals, somatostatin 500mg three times daily.","['patient', '30', 'm.', 'drugs', 'verapamil', '75', 'mg', '8', 'hours', 'atorvastatin', '500', 'mg', 'meals', 'somatostatin', '500', 'mg', 'times', 'daily']",18,"['Atorvastatin', 'Somatostatin', 'Verapamil']"
"Patient: 30M. Drugs: Adapalene 100mg every 12 hours, Piretanide 100mg every 6 hours.","['Adapalene', 'Piretanide']",1,1,therapeutic efficacy,"patient: 30m. drugs: adapalene 100mg every 12 hours, piretanide 100mg every 6 hours.","['patient', '30', 'm.', 'drugs', 'adapalene', '100', 'mg', '12', 'hours', 'piretanide', '100', 'mg', '6', 'hours']",14,"['Adapalene', 'Piretanide']"
"Patient: 30M. Drugs: Terbutaline, Huperzine A 100mg before meals.","['Terbutaline', 'Huperzine A']",1,2,bradycardic activities,"patient: 30m. drugs: terbutaline, huperzine a 100mg before meals.","['patient', '30', 'm.', 'drugs', 'terbutaline', 'huperzine', '100', 'mg', 'meals']",9,"['Terbutaline', 'Huperzine A']"
"Patient: 62M. Drugs: Cephaloridine 200mg three times daily, Ledipasvir 500mg every 12 hours, Desonide.","['Cephaloridine', 'Ledipasvir', 'Desonide']",0,0,none,"patient: 62m. drugs: cephaloridine 200mg three times daily, ledipasvir 500mg every 12 hours, desonide.","['patient', '62', 'm.', 'drugs', 'cephaloridine', '200', 'mg', 'times', 'daily', 'ledipasvir', '500', 'mg', '12', 'hours', 'desonide']",15,"['Desonide', 'Ledipasvir', 'Cephaloridine']"
"Patient: 40M. Drugs: Maraviroc, Artenimol 200mg once daily, Terconazole 50mg every 8 hours, Ramelteon 500mg once daily.","['Maraviroc', 'Artenimol', 'Terconazole', 'Ramelteon']",0,0,none,"patient: 40m. drugs: maraviroc, artenimol 200mg once daily, terconazole 50mg every 8 hours, ramelteon 500mg once daily.","['patient', '40', 'm.', 'drugs', 'maraviroc', 'artenimol', '200', 'mg', 'daily', 'terconazole', '50', 'mg', '8', 'hours', 'ramelteon', '500', 'mg', 'daily']",18,"['Artenimol', 'Terconazole', 'Ramelteon', 'Maraviroc']"
"Patient: 30M. Drugs: Glycerin 50mg twice daily, Levomenol 75mg after meals.","['Glycerin', 'Levomenol']",0,0,none,"patient: 30m. drugs: glycerin 50mg twice daily, levomenol 75mg after meals.","['patient', '30', 'm.', 'drugs', 'glycerin', '50', 'mg', 'twice', 'daily', 'levomenol', '75', 'mg', 'meals']",13,"['Levomenol', 'Glycerin']"
"Patient: 52M. Drugs: Celecoxib 100mg every 8 hours, Trazodone 50mg as needed.","['Celecoxib', 'Trazodone']",1,2,metabolism,"patient: 52m. drugs: celecoxib 100mg every 8 hours, trazodone 50mg as needed.","['patient', '52', 'm.', 'drugs', 'celecoxib', '100', 'mg', '8', 'hours', 'trazodone', '50', 'mg', 'needed']",13,"['Celecoxib', 'Trazodone']"
"Patient: 55F. Drugs: Amitriptyline, Verapamil 25mg as needed.","['Amitriptyline', 'Verapamil']",1,2,antihypertensive activities,"patient: 55f. drugs: amitriptyline, verapamil 25mg as needed.","['patient', '55f', 'drugs', 'amitriptyline', 'verapamil', '25', 'mg', 'needed']",8,"['Amitriptyline', 'Verapamil']"
"Patient: 58M. Drugs: Aclidinium 100mg as needed, Normethadone.","['Aclidinium', 'Normethadone']",1,3,risk or severity of adverse effects,"patient: 58m. drugs: aclidinium 100mg as needed, normethadone.","['patient', '58', 'm.', 'drugs', 'aclidinium', '100', 'mg', 'needed', 'normethadone']",9,"['Aclidinium', 'Normethadone']"
"Patient: 68M. Drugs: Norfloxacin, Bismuth subnitrate 200mg after meals, Abacavir 25mg three times daily.","['Norfloxacin', 'Bismuth subnitrate', 'Abacavir']",1,1,absorption,"patient: 68m. drugs: norfloxacin, bismuth subnitrate 200mg after meals, abacavir 25mg three times daily.","['patient', '68', 'm.', 'drugs', 'norfloxacin', 'bismuth', 'subnitrate', '200', 'mg', 'meals', 'abacavir', '25', 'mg', 'times', 'daily']",15,"['Abacavir', 'Bismuth subnitrate', 'Norfloxacin']"
"Patient: 40M. Drugs: Etravirine 500mg after meals, Heptabarbital 50mg every 6 hours, Corticorelin ovine triflutate, Quinacrine 25mg every 12 hours.","['Etravirine', 'Heptabarbital', 'Corticorelin ovine triflutate', 'Quinacrine']",0,0,none,"patient: 40m. drugs: etravirine 500mg after meals, heptabarbital 50mg every 6 hours, corticorelin ovine triflutate, quinacrine 25mg every 12 hours.","['patient', '40', 'm.', 'drugs', 'etravirine', '500', 'mg', 'meals', 'heptabarbital', '50', 'mg', '6', 'hours', 'corticorelin', 'ovine', 'triflutate', 'quinacrine', '25', 'mg', '12', 'hours']",21,"['Corticorelin ovine triflutate', 'Heptabarbital', 'Etravirine', 'Quinacrine']"
"Patient: 28F. Drugs: Masoprocol, Talniflumate.","['Masoprocol', 'Talniflumate']",1,3,risk or severity of adverse effects,"patient: 28f. drugs: masoprocol, talniflumate.","['patient', '28f', 'drugs', 'masoprocol', 'talniflumate']",5,"['Masoprocol', 'Talniflumate']"
"Patient: 52M. Drugs: Mefenamic acid 50mg three times daily, Bumetanide 500mg once daily, Dexmethylphenidate 500mg every 12 hours.","['Mefenamic acid', 'Bumetanide', 'Dexmethylphenidate']",1,1,therapeutic efficacy,"patient: 52m. drugs: mefenamic acid 50mg three times daily, bumetanide 500mg once daily, dexmethylphenidate 500mg every 12 hours.","['patient', '52', 'm.', 'drugs', 'mefenamic', 'acid', '50', 'mg', 'times', 'daily', 'bumetanide', '500', 'mg', 'daily', 'dexmethylphenidate', '500', 'mg', '12', 'hours']",19,"['Mefenamic acid', 'Bumetanide', 'Dexmethylphenidate']"
"Patient: 75M. Drugs: Ceftaroline fosamil 100mg before meals, Lorazepam 25mg before meals, Varenicline.","['Ceftaroline fosamil', 'Lorazepam', 'Varenicline']",0,0,none,"patient: 75m. drugs: ceftaroline fosamil 100mg before meals, lorazepam 25mg before meals, varenicline.","['patient', '75', 'm.', 'drugs', 'ceftaroline', 'fosamil', '100', 'mg', 'meals', 'lorazepam', '25', 'mg', 'meals', 'varenicline']",14,"['Ceftaroline fosamil', 'Lorazepam', 'Varenicline']"
"Patient: 28F. Drugs: Quinethazone 75mg before meals, Empagliflozin 500mg every 8 hours.","['Quinethazone', 'Empagliflozin']",1,1,therapeutic efficacy,"patient: 28f. drugs: quinethazone 75mg before meals, empagliflozin 500mg every 8 hours.","['patient', '28f', 'drugs', 'quinethazone', '75', 'mg', 'meals', 'empagliflozin', '500', 'mg', '8', 'hours']",12,"['Quinethazone', 'Empagliflozin']"
"Patient: 60F. Drugs: Pentobarbital 25mg once daily, Rimonabant 500mg twice daily.","['Pentobarbital', 'Rimonabant']",1,2,metabolism,"patient: 60f. drugs: pentobarbital 25mg once daily, rimonabant 500mg twice daily.","['patient', '60f', 'drugs', 'pentobarbital', '25', 'mg', 'daily', 'rimonabant', '500', 'mg', 'twice', 'daily']",12,"['Rimonabant', 'Pentobarbital']"
"Patient: 62M. Drugs: Clemastine 25mg before meals, Axitinib 500mg as needed, Semaglutide 50mg three times daily.","['Clemastine', 'Axitinib', 'Semaglutide']",1,2,metabolism,"patient: 62m. drugs: clemastine 25mg before meals, axitinib 500mg as needed, semaglutide 50mg three times daily.","['patient', '62', 'm.', 'drugs', 'clemastine', '25', 'mg', 'meals', 'axitinib', '500', 'mg', 'needed', 'semaglutide', '50', 'mg', 'times', 'daily']",17,"['Axitinib', 'Semaglutide', 'Clemastine']"
"Patient: 35F. Drugs: Diltiazem, Tolnaftate 50mg every 8 hours.","['Diltiazem', 'Tolnaftate']",1,1,therapeutic efficacy,"patient: 35f. drugs: diltiazem, tolnaftate 50mg every 8 hours.","['patient', '35f', 'drugs', 'diltiazem', 'tolnaftate', '50', 'mg', '8', 'hours']",9,"['Diltiazem', 'Tolnaftate']"
"Patient: 30M. Drugs: Etidocaine, Perazine 200mg every 6 hours, Phenylbutazone 75mg twice daily.","['Etidocaine', 'Perazine', 'Phenylbutazone']",1,3,risk or severity of adverse effects,"patient: 30m. drugs: etidocaine, perazine 200mg every 6 hours, phenylbutazone 75mg twice daily.","['patient', '30', 'm.', 'drugs', 'etidocaine', 'perazine', '200', 'mg', '6', 'hours', 'phenylbutazone', '75', 'mg', 'twice', 'daily']",15,"['Perazine', 'Phenylbutazone', 'Etidocaine']"
"Patient: 25F. Drugs: Timolol 50mg twice daily, Levamisole 500mg every 12 hours.","['Timolol', 'Levamisole']",0,0,none,"patient: 25f. drugs: timolol 50mg twice daily, levamisole 500mg every 12 hours.","['patient', '25f', 'drugs', 'timolol', '50', 'mg', 'twice', 'daily', 'levamisole', '500', 'mg', '12', 'hours']",13,"['Timolol', 'Levamisole']"
"Patient: 33M. Drugs: Iloprost, Desoximetasone, Ofloxacin 500mg before meals, Estrone sulfate 75mg as needed.","['Iloprost', 'Desoximetasone', 'Ofloxacin', 'Estrone sulfate']",1,3,risk or severity of adverse effects,"patient: 33m. drugs: iloprost, desoximetasone, ofloxacin 500mg before meals, estrone sulfate 75mg as needed.","['patient', '33', 'm.', 'drugs', 'iloprost', 'desoximetasone', 'ofloxacin', '500', 'mg', 'meals', 'estrone', 'sulfate', '75', 'mg', 'needed']",15,"['Ofloxacin', 'Estrone sulfate', 'Iloprost', 'Desoximetasone']"
"Patient: 58M. Drugs: Benzylpenicillin 50mg twice daily, Dimethyl sulfoxide.","['Benzylpenicillin', 'Dimethyl sulfoxide']",0,0,none,"patient: 58m. drugs: benzylpenicillin 50mg twice daily, dimethyl sulfoxide.","['patient', '58', 'm.', 'drugs', 'benzylpenicillin', '50', 'mg', 'twice', 'daily', 'dimethyl', 'sulfoxide']",11,"['Benzylpenicillin', 'Dimethyl sulfoxide']"
"Patient: 25F. Drugs: Dronabinol 200mg before meals, Pentaerythritol Tetranitrate 200mg as needed, Phenmetrazine 75mg after meals.","['Dronabinol', 'Pentaerythritol Tetranitrate', 'Phenmetrazine']",1,2,tachycardic activities,"patient: 25f. drugs: dronabinol 200mg before meals, pentaerythritol tetranitrate 200mg as needed, phenmetrazine 75mg after meals.","['patient', '25f', 'drugs', 'dronabinol', '200', 'mg', 'meals', 'pentaerythritol', 'tetranitrate', '200', 'mg', 'needed', 'phenmetrazine', '75', 'mg', 'meals']",16,"['Phenmetrazine', 'Dronabinol', 'Pentaerythritol Tetranitrate']"
"Patient: 62M. Drugs: Leucovorin 25mg before meals, Quinine 500mg as needed, Luliconazole 100mg after meals, Flunisolide.","['Leucovorin', 'Quinine', 'Luliconazole', 'Flunisolide']",1,2,serum concentration,"patient: 62m. drugs: leucovorin 25mg before meals, quinine 500mg as needed, luliconazole 100mg after meals, flunisolide.","['patient', '62', 'm.', 'drugs', 'leucovorin', '25', 'mg', 'meals', 'quinine', '500', 'mg', 'needed', 'luliconazole', '100', 'mg', 'meals', 'flunisolide']",17,"['Quinine', 'Luliconazole', 'Leucovorin', 'Flunisolide']"
"Patient: 35F. Drugs: Selegiline, Ioflupane I-123, Bromotheophylline.","['Selegiline', 'Ioflupane I-123', 'Bromotheophylline']",1,1,diagnostic agent,"patient: 35f. drugs: selegiline, ioflupane i123, bromotheophylline.","['patient', '35f', 'drugs', 'selegiline', 'ioflupane', 'i123', 'bromotheophylline']",7,"['Selegiline', 'Bromotheophylline', 'Ioflupane I-123']"
"Patient: 35F. Drugs: Quinestrol 50mg after meals, Azathioprine 75mg three times daily, Cephalexin 100mg twice daily, Perflubutane.","['Quinestrol', 'Azathioprine', 'Cephalexin', 'Perflubutane']",0,0,none,"patient: 35f. drugs: quinestrol 50mg after meals, azathioprine 75mg three times daily, cephalexin 100mg twice daily, perflubutane.","['patient', '35f', 'drugs', 'quinestrol', '50', 'mg', 'meals', 'azathioprine', '75', 'mg', 'times', 'daily', 'cephalexin', '100', 'mg', 'twice', 'daily', 'perflubutane']",18,"['Cephalexin', 'Perflubutane', 'Azathioprine', 'Quinestrol']"
"Patient: 58M. Drugs: Teniposide, Ergonovine 500mg once daily, Angiotensin II 50mg twice daily.","['Teniposide', 'Ergonovine', 'Angiotensin II']",1,3,risk or severity of adverse effects,"patient: 58m. drugs: teniposide, ergonovine 500mg once daily, angiotensin ii 50mg twice daily.","['patient', '58', 'm.', 'drugs', 'teniposide', 'ergonovine', '500', 'mg', 'daily', 'angiotensin', 'ii', '50', 'mg', 'twice', 'daily']",15,"['Ergonovine', 'Teniposide', 'Angiotensin II']"
"Patient: 28F. Drugs: Imipramine 200mg three times daily, Sotalol, Tropisetron 200mg before meals.","['Imipramine', 'Sotalol', 'Tropisetron']",1,2,QTc-prolonging activities,"patient: 28f. drugs: imipramine 200mg three times daily, sotalol, tropisetron 200mg before meals.","['patient', '28f', 'drugs', 'imipramine', '200', 'mg', 'times', 'daily', 'sotalol', 'tropisetron', '200', 'mg', 'meals']",13,"['Sotalol', 'Tropisetron', 'Imipramine']"
"Patient: 25F. Drugs: Trimipramine 500mg every 8 hours, Ethylmorphine, Alvimopan.","['Trimipramine', 'Ethylmorphine', 'Alvimopan']",1,3,risk or severity of adverse effects,"patient: 25f. drugs: trimipramine 500mg every 8 hours, ethylmorphine, alvimopan.","['patient', '25f', 'drugs', 'trimipramine', '500', 'mg', '8', 'hours', 'ethylmorphine', 'alvimopan']",10,"['Ethylmorphine', 'Alvimopan', 'Trimipramine']"
"Patient: 60F. Drugs: Clobetasol propionate 100mg before meals, Balsalazide, Etoposide 200mg twice daily.","['Clobetasol propionate', 'Balsalazide', 'Etoposide']",1,3,risk or severity of adverse effects,"patient: 60f. drugs: clobetasol propionate 100mg before meals, balsalazide, etoposide 200mg twice daily.","['patient', '60f', 'drugs', 'clobetasol', 'propionate', '100', 'mg', 'meals', 'balsalazide', 'etoposide', '200', 'mg', 'twice', 'daily']",14,"['Clobetasol propionate', 'Etoposide', 'Balsalazide']"
"Patient: 35F. Drugs: Ceritinib 75mg every 8 hours, Cycloserine.","['Ceritinib', 'Cycloserine']",0,0,none,"patient: 35f. drugs: ceritinib 75mg every 8 hours, cycloserine.","['patient', '35f', 'drugs', 'ceritinib', '75', 'mg', '8', 'hours', 'cycloserine']",9,"['Ceritinib', 'Cycloserine']"
"Patient: 40M. Drugs: Sertindole 200mg once daily, Clofazimine 200mg twice daily, Tinidazole 50mg once daily.","['Sertindole', 'Clofazimine', 'Tinidazole']",0,0,none,"patient: 40m. drugs: sertindole 200mg once daily, clofazimine 200mg twice daily, tinidazole 50mg once daily.","['patient', '40', 'm.', 'drugs', 'sertindole', '200', 'mg', 'daily', 'clofazimine', '200', 'mg', 'twice', 'daily', 'tinidazole', '50', 'mg', 'daily']",17,"['Clofazimine', 'Sertindole', 'Tinidazole']"
"Patient: 40M. Drugs: Ketoconazole 25mg before meals, Aranidipine 75mg as needed.","['Ketoconazole', 'Aranidipine']",1,1,therapeutic efficacy,"patient: 40m. drugs: ketoconazole 25mg before meals, aranidipine 75mg as needed.","['patient', '40', 'm.', 'drugs', 'ketoconazole', '25', 'mg', 'meals', 'aranidipine', '75', 'mg', 'needed']",12,"['Ketoconazole', 'Aranidipine']"
"Patient: 28F. Drugs: Mefloquine 75mg twice daily, Nepafenac 50mg after meals.","['Mefloquine', 'Nepafenac']",0,0,none,"patient: 28f. drugs: mefloquine 75mg twice daily, nepafenac 50mg after meals.","['patient', '28f', 'drugs', 'mefloquine', '75', 'mg', 'twice', 'daily', 'nepafenac', '50', 'mg', 'meals']",12,"['Mefloquine', 'Nepafenac']"
"Patient: 25F. Drugs: Sertindole 75mg as needed, Midazolam 75mg twice daily, Daptomycin 75mg as needed.","['Sertindole', 'Midazolam', 'Daptomycin']",1,3,risk or severity of adverse effects,"patient: 25f. drugs: sertindole 75mg as needed, midazolam 75mg twice daily, daptomycin 75mg as needed.","['patient', '25f', 'drugs', 'sertindole', '75', 'mg', 'needed', 'midazolam', '75', 'mg', 'twice', 'daily', 'daptomycin', '75', 'mg', 'needed']",16,"['Daptomycin', 'Sertindole', 'Midazolam']"
"Patient: 40M. Drugs: Dextropropoxyphene, Paromomycin 200mg every 6 hours, Vigabatrin 75mg after meals.","['Dextropropoxyphene', 'Paromomycin', 'Vigabatrin']",1,3,risk or severity of adverse effects,"patient: 40m. drugs: dextropropoxyphene, paromomycin 200mg every 6 hours, vigabatrin 75mg after meals.","['patient', '40', 'm.', 'drugs', 'dextropropoxyphene', 'paromomycin', '200', 'mg', '6', 'hours', 'vigabatrin', '75', 'mg', 'meals']",14,"['Dextropropoxyphene', 'Paromomycin', 'Vigabatrin']"
"Patient: 33M. Drugs: Bromocriptine 75mg after meals, Zotepine 200mg before meals, Flavoxate 200mg before meals.","['Bromocriptine', 'Zotepine', 'Flavoxate']",1,1,therapeutic efficacy,"patient: 33m. drugs: bromocriptine 75mg after meals, zotepine 200mg before meals, flavoxate 200mg before meals.","['patient', '33', 'm.', 'drugs', 'bromocriptine', '75', 'mg', 'meals', 'zotepine', '200', 'mg', 'meals', 'flavoxate', '200', 'mg', 'meals']",16,"['Flavoxate', 'Bromocriptine', 'Zotepine']"
"Patient: 58M. Drugs: Nitric Oxide, Spironolactone 75mg twice daily, Ouabain 200mg every 8 hours.","['Nitric Oxide', 'Spironolactone', 'Ouabain']",1,3,risk or severity of adverse effects,"patient: 58m. drugs: nitric oxide, spironolactone 75mg twice daily, ouabain 200mg every 8 hours.","['patient', '58', 'm.', 'drugs', 'nitric', 'oxide', 'spironolactone', '75', 'mg', 'twice', 'daily', 'ouabain', '200', 'mg', '8', 'hours']",16,"['Spironolactone', 'Nitric Oxide', 'Ouabain']"
"Patient: 40M. Drugs: Topiramate 50mg every 12 hours, Dihydroergocornine 75mg as needed, Potassium Iodide 50mg as needed, Lumefantrine 75mg every 8 hours.","['Topiramate', 'Dihydroergocornine', 'Potassium Iodide', 'Lumefantrine']",0,0,none,"patient: 40m. drugs: topiramate 50mg every 12 hours, dihydroergocornine 75mg as needed, potassium iodide 50mg as needed, lumefantrine 75mg every 8 hours.","['patient', '40', 'm.', 'drugs', 'topiramate', '50', 'mg', '12', 'hours', 'dihydroergocornine', '75', 'mg', 'needed', 'potassium', 'iodide', '50', 'mg', 'needed', 'lumefantrine', '75', 'mg', '8', 'hours']",23,"['Topiramate', 'Lumefantrine', 'Dihydroergocornine', 'Potassium Iodide']"
"Patient: 45F. Drugs: Nevirapine 500mg once daily, Trimipramine 50mg every 8 hours, Loxapine.","['Nevirapine', 'Trimipramine', 'Loxapine']",1,2,metabolism,"patient: 45f. drugs: nevirapine 500mg once daily, trimipramine 50mg every 8 hours, loxapine.","['patient', '45f', 'drugs', 'nevirapine', '500', 'mg', 'daily', 'trimipramine', '50', 'mg', '8', 'hours', 'loxapine']",13,"['Loxapine', 'Nevirapine', 'Trimipramine']"
"Patient: 75M. Drugs: Apraclonidine 100mg three times daily, Mianserin 200mg after meals, Ferrous sulfate 100mg before meals.","['Apraclonidine', 'Mianserin', 'Ferrous sulfate']",1,1,therapeutic efficacy,"patient: 75m. drugs: apraclonidine 100mg three times daily, mianserin 200mg after meals, ferrous sulfate 100mg before meals.","['patient', '75', 'm.', 'drugs', 'apraclonidine', '100', 'mg', 'times', 'daily', 'mianserin', '200', 'mg', 'meals', 'ferrous', 'sulfate', '100', 'mg', 'meals']",18,"['Ferrous sulfate', 'Mianserin', 'Apraclonidine']"
"Patient: 33M. Drugs: Cisplatin 200mg three times daily, Curcumin 500mg every 8 hours, Irbesartan 50mg three times daily.","['Cisplatin', 'Curcumin', 'Irbesartan']",1,3,risk or severity of adverse effects,"patient: 33m. drugs: cisplatin 200mg three times daily, curcumin 500mg every 8 hours, irbesartan 50mg three times daily.","['patient', '33', 'm.', 'drugs', 'cisplatin', '200', 'mg', 'times', 'daily', 'curcumin', '500', 'mg', '8', 'hours', 'irbesartan', '50', 'mg', 'times', 'daily']",19,"['Cisplatin', 'Curcumin', 'Irbesartan']"
"Patient: 68M. Drugs: Carisoprodol 500mg as needed, Remikiren 200mg once daily.","['Carisoprodol', 'Remikiren']",0,0,none,"patient: 68m. drugs: carisoprodol 500mg as needed, remikiren 200mg once daily.","['patient', '68', 'm.', 'drugs', 'carisoprodol', '500', 'mg', 'needed', 'remikiren', '200', 'mg', 'daily']",12,"['Remikiren', 'Carisoprodol']"
"Patient: 75M. Drugs: Triamterene 25mg twice daily, Carboplatin 75mg as needed, Debrisoquin.","['Triamterene', 'Carboplatin', 'Debrisoquin']",0,0,none,"patient: 75m. drugs: triamterene 25mg twice daily, carboplatin 75mg as needed, debrisoquin.","['patient', '75', 'm.', 'drugs', 'triamterene', '25', 'mg', 'twice', 'daily', 'carboplatin', '75', 'mg', 'needed', 'debrisoquin']",14,"['Triamterene', 'Debrisoquin', 'Carboplatin']"
"Patient: 33M. Drugs: Lurasidone, Tetracaine.","['Lurasidone', 'Tetracaine']",1,3,risk or severity of adverse effects,"patient: 33m. drugs: lurasidone, tetracaine.","['patient', '33', 'm.', 'drugs', 'lurasidone', 'tetracaine']",6,"['Tetracaine', 'Lurasidone']"
"Patient: 35F. Drugs: Astemizole, Propylthiouracil 200mg before meals, Metyrosine.","['Astemizole', 'Propylthiouracil', 'Metyrosine']",0,0,none,"patient: 35f. drugs: astemizole, propylthiouracil 200mg before meals, metyrosine.","['patient', '35f', 'drugs', 'astemizole', 'propylthiouracil', '200', 'mg', 'meals', 'metyrosine']",9,"['Metyrosine', 'Propylthiouracil', 'Astemizole']"
"Patient: 45F. Drugs: Dorzolamide, Cefamandole 500mg after meals, Sildenafil 75mg three times daily.","['Dorzolamide', 'Cefamandole', 'Sildenafil']",1,2,antihypertensive activities,"patient: 45f. drugs: dorzolamide, cefamandole 500mg after meals, sildenafil 75mg three times daily.","['patient', '45f', 'drugs', 'dorzolamide', 'cefamandole', '500', 'mg', 'meals', 'sildenafil', '75', 'mg', 'times', 'daily']",13,"['Dorzolamide', 'Cefamandole', 'Sildenafil']"
"Patient: 60F. Drugs: Valbenazine 75mg every 12 hours, Gemcitabine 75mg three times daily.","['Valbenazine', 'Gemcitabine']",0,0,none,"patient: 60f. drugs: valbenazine 75mg every 12 hours, gemcitabine 75mg three times daily.","['patient', '60f', 'drugs', 'valbenazine', '75', 'mg', '12', 'hours', 'gemcitabine', '75', 'mg', 'times', 'daily']",13,"['Valbenazine', 'Gemcitabine']"
"Patient: 30M. Drugs: Amrinone 25mg three times daily, Nitroxoline, Piracetam 100mg after meals.","['Amrinone', 'Nitroxoline', 'Piracetam']",1,1,therapeutic efficacy,"patient: 30m. drugs: amrinone 25mg three times daily, nitroxoline, piracetam 100mg after meals.","['patient', '30', 'm.', 'drugs', 'amrinone', '25', 'mg', 'times', 'daily', 'nitroxoline', 'piracetam', '100', 'mg', 'meals']",14,"['Amrinone', 'Nitroxoline', 'Piracetam']"
"Patient: 68M. Drugs: Quinethazone, Hexobarbital 100mg after meals, Spirapril 500mg after meals.","['Quinethazone', 'Hexobarbital', 'Spirapril']",1,2,orthostatic hypotensive activities,"patient: 68m. drugs: quinethazone, hexobarbital 100mg after meals, spirapril 500mg after meals.","['patient', '68', 'm.', 'drugs', 'quinethazone', 'hexobarbital', '100', 'mg', 'meals', 'spirapril', '500', 'mg', 'meals']",13,"['Spirapril', 'Quinethazone', 'Hexobarbital']"
"Patient: 58M. Drugs: Salicylamide 25mg once daily, Estrone, Ethylmorphine.","['Salicylamide', 'Estrone', 'Ethylmorphine']",1,3,risk or severity of adverse effects,"patient: 58m. drugs: salicylamide 25mg once daily, estrone, ethylmorphine.","['patient', '58', 'm.', 'drugs', 'salicylamide', '25', 'mg', 'daily', 'estrone', 'ethylmorphine']",10,"['Ethylmorphine', 'Salicylamide', 'Estrone']"
"Patient: 60F. Drugs: Metaraminol 75mg as needed, Levobunolol 75mg three times daily, Leflunomide 200mg twice daily.","['Metaraminol', 'Levobunolol', 'Leflunomide']",1,2,antihypertensive activities,"patient: 60f. drugs: metaraminol 75mg as needed, levobunolol 75mg three times daily, leflunomide 200mg twice daily.","['patient', '60f', 'drugs', 'metaraminol', '75', 'mg', 'needed', 'levobunolol', '75', 'mg', 'times', 'daily', 'leflunomide', '200', 'mg', 'twice', 'daily']",17,"['Leflunomide', 'Levobunolol', 'Metaraminol']"
"Patient: 30M. Drugs: Venlafaxine 500mg after meals, Morniflumate 500mg twice daily, Fluoxetine 75mg as needed.","['Venlafaxine', 'Morniflumate', 'Fluoxetine']",1,1,antiplatelet activities,"patient: 30m. drugs: venlafaxine 500mg after meals, morniflumate 500mg twice daily, fluoxetine 75mg as needed.","['patient', '30', 'm.', 'drugs', 'venlafaxine', '500', 'mg', 'meals', 'morniflumate', '500', 'mg', 'twice', 'daily', 'fluoxetine', '75', 'mg', 'needed']",17,"['Fluoxetine', 'Morniflumate', 'Venlafaxine']"
"Patient: 40M. Drugs: Tacrolimus, Pramlintide 500mg every 6 hours.","['Tacrolimus', 'Pramlintide']",1,1,therapeutic efficacy,"patient: 40m. drugs: tacrolimus, pramlintide 500mg every 6 hours.","['patient', '40', 'm.', 'drugs', 'tacrolimus', 'pramlintide', '500', 'mg', '6', 'hours']",10,"['Tacrolimus', 'Pramlintide']"
"Patient: 28F. Drugs: Glyburide, Mebeverine 50mg twice daily, Furosemide 200mg before meals, Cabozantinib.","['Glyburide', 'Mebeverine', 'Furosemide', 'Cabozantinib']",1,1,therapeutic efficacy,"patient: 28f. drugs: glyburide, mebeverine 50mg twice daily, furosemide 200mg before meals, cabozantinib.","['patient', '28f', 'drugs', 'glyburide', 'mebeverine', '50', 'mg', 'twice', 'daily', 'furosemide', '200', 'mg', 'meals', 'cabozantinib']",14,"['Glyburide', 'Cabozantinib', 'Furosemide', 'Mebeverine']"
"Patient: 52M. Drugs: Oxybutynin 500mg every 12 hours, Flucytosine 500mg three times daily.","['Oxybutynin', 'Flucytosine']",0,0,none,"patient: 52m. drugs: oxybutynin 500mg every 12 hours, flucytosine 500mg three times daily.","['patient', '52', 'm.', 'drugs', 'oxybutynin', '500', 'mg', '12', 'hours', 'flucytosine', '500', 'mg', 'times', 'daily']",14,"['Flucytosine', 'Oxybutynin']"
"Patient: 30M. Drugs: Carisoprodol 500mg every 12 hours, Oxybuprocaine 500mg three times daily.","['Carisoprodol', 'Oxybuprocaine']",1,3,risk or severity of adverse effects,"patient: 30m. drugs: carisoprodol 500mg every 12 hours, oxybuprocaine 500mg three times daily.","['patient', '30', 'm.', 'drugs', 'carisoprodol', '500', 'mg', '12', 'hours', 'oxybuprocaine', '500', 'mg', 'times', 'daily']",14,"['Oxybuprocaine', 'Carisoprodol']"
"Patient: 75M. Drugs: Benazepril 100mg as needed, Butriptyline, Mebeverine 100mg every 12 hours.","['Benazepril', 'Butriptyline', 'Mebeverine']",1,2,serum concentration,"patient: 75m. drugs: benazepril 100mg as needed, butriptyline, mebeverine 100mg every 12 hours.","['patient', '75', 'm.', 'drugs', 'benazepril', '100', 'mg', 'needed', 'butriptyline', 'mebeverine', '100', 'mg', '12', 'hours']",14,"['Benazepril', 'Mebeverine', 'Butriptyline']"
"Patient: 48F. Drugs: Trimipramine, Agomelatine, Sodium Chloride.","['Trimipramine', 'Agomelatine', 'Sodium Chloride']",1,3,risk or severity of adverse effects,"patient: 48f. drugs: trimipramine, agomelatine, sodium chloride.","['patient', '48f', 'drugs', 'trimipramine', 'agomelatine', 'sodium', 'chloride']",7,"['Sodium Chloride', 'Agomelatine', 'Trimipramine']"
"Patient: 25F. Drugs: Tropicamide 25mg twice daily, Metoclopramide 75mg once daily.","['Tropicamide', 'Metoclopramide']",1,1,therapeutic efficacy,"patient: 25f. drugs: tropicamide 25mg twice daily, metoclopramide 75mg once daily.","['patient', '25f', 'drugs', 'tropicamide', '25', 'mg', 'twice', 'daily', 'metoclopramide', '75', 'mg', 'daily']",12,"['Tropicamide', 'Metoclopramide']"
"Patient: 58M. Drugs: Pranlukast 50mg every 8 hours, Aprobarbital 100mg every 6 hours, Pramlintide 25mg every 8 hours, Nomegestrol acetate.","['Pranlukast', 'Aprobarbital', 'Pramlintide', 'Nomegestrol acetate']",0,0,none,"patient: 58m. drugs: pranlukast 50mg every 8 hours, aprobarbital 100mg every 6 hours, pramlintide 25mg every 8 hours, nomegestrol acetate.","['patient', '58', 'm.', 'drugs', 'pranlukast', '50', 'mg', '8', 'hours', 'aprobarbital', '100', 'mg', '6', 'hours', 'pramlintide', '25', 'mg', '8', 'hours', 'nomegestrol', 'acetate']",21,"['Nomegestrol acetate', 'Pranlukast', 'Aprobarbital', 'Pramlintide']"
"Patient: 70F. Drugs: Eliglustat 50mg twice daily, Dexchlorpheniramine maleate.","['Eliglustat', 'Dexchlorpheniramine maleate']",1,2,metabolism,"patient: 70f. drugs: eliglustat 50mg twice daily, dexchlorpheniramine maleate.","['patient', '70f', 'drugs', 'eliglustat', '50', 'mg', 'twice', 'daily', 'dexchlorpheniramine', 'maleate']",10,"['Eliglustat', 'Dexchlorpheniramine maleate']"
"Patient: 28F. Drugs: Moexipril 500mg before meals, Parecoxib, Fostamatinib 500mg twice daily.","['Moexipril', 'Parecoxib', 'Fostamatinib']",1,3,risk or severity of adverse effects,"patient: 28f. drugs: moexipril 500mg before meals, parecoxib, fostamatinib 500mg twice daily.","['patient', '28f', 'drugs', 'moexipril', '500', 'mg', 'meals', 'parecoxib', 'fostamatinib', '500', 'mg', 'twice', 'daily']",13,"['Fostamatinib', 'Parecoxib', 'Moexipril']"
"Patient: 55F. Drugs: Antipyrine 75mg before meals, Piretanide, Pholcodine 50mg three times daily.","['Antipyrine', 'Piretanide', 'Pholcodine']",1,1,therapeutic efficacy,"patient: 55f. drugs: antipyrine 75mg before meals, piretanide, pholcodine 50mg three times daily.","['patient', '55f', 'drugs', 'antipyrine', '75', 'mg', 'meals', 'piretanide', 'pholcodine', '50', 'mg', 'times', 'daily']",13,"['Antipyrine', 'Piretanide', 'Pholcodine']"
"Patient: 30M. Drugs: Clemastine, Carbinoxamine, Ketorolac 100mg after meals.","['Clemastine', 'Carbinoxamine', 'Ketorolac']",1,2,metabolism,"patient: 30m. drugs: clemastine, carbinoxamine, ketorolac 100mg after meals.","['patient', '30', 'm.', 'drugs', 'clemastine', 'carbinoxamine', 'ketorolac', '100', 'mg', 'meals']",10,"['Ketorolac', 'Carbinoxamine', 'Clemastine']"
"Patient: 62M. Drugs: Risperidone, Terbutaline.","['Risperidone', 'Terbutaline']",1,2,atrioventricular blocking (AV block) activities,"patient: 62m. drugs: risperidone, terbutaline.","['patient', '62', 'm.', 'drugs', 'risperidone', 'terbutaline']",6,"['Terbutaline', 'Risperidone']"
"Patient: 52M. Drugs: Caspofungin, Carbenicillin indanyl 50mg every 8 hours.","['Caspofungin', 'Carbenicillin indanyl']",0,0,none,"patient: 52m. drugs: caspofungin, carbenicillin indanyl 50mg every 8 hours.","['patient', '52', 'm.', 'drugs', 'caspofungin', 'carbenicillin', 'indanyl', '50', 'mg', '8', 'hours']",11,"['Carbenicillin indanyl', 'Caspofungin']"
"Patient: 45F. Drugs: Flibanserin 25mg every 6 hours, Lofexidine 25mg every 6 hours.","['Flibanserin', 'Lofexidine']",1,1,therapeutic efficacy,"patient: 45f. drugs: flibanserin 25mg every 6 hours, lofexidine 25mg every 6 hours.","['patient', '45f', 'drugs', 'flibanserin', '25', 'mg', '6', 'hours', 'lofexidine', '25', 'mg', '6', 'hours']",13,"['Lofexidine', 'Flibanserin']"
"Patient: 30M. Drugs: Dasabuvir, Iopromide 500mg as needed, Dyclonine 25mg every 12 hours.","['Dasabuvir', 'Iopromide', 'Dyclonine']",0,0,none,"patient: 30m. drugs: dasabuvir, iopromide 500mg as needed, dyclonine 25mg every 12 hours.","['patient', '30', 'm.', 'drugs', 'dasabuvir', 'iopromide', '500', 'mg', 'needed', 'dyclonine', '25', 'mg', '12', 'hours']",14,"['Iopromide', 'Dasabuvir', 'Dyclonine']"
"Patient: 33M. Drugs: Cefotetan 100mg as needed, Macimorelin 200mg three times daily, Vortioxetine 50mg every 6 hours.","['Cefotetan', 'Macimorelin', 'Vortioxetine']",0,0,none,"patient: 33m. drugs: cefotetan 100mg as needed, macimorelin 200mg three times daily, vortioxetine 50mg every 6 hours.","['patient', '33', 'm.', 'drugs', 'cefotetan', '100', 'mg', 'needed', 'macimorelin', '200', 'mg', 'times', 'daily', 'vortioxetine', '50', 'mg', '6', 'hours']",18,"['Vortioxetine', 'Cefotetan', 'Macimorelin']"
"Patient: 55F. Drugs: Dexrazoxane, Piperaquine 75mg as needed.","['Dexrazoxane', 'Piperaquine']",0,0,none,"patient: 55f. drugs: dexrazoxane, piperaquine 75mg as needed.","['patient', '55f', 'drugs', 'dexrazoxane', 'piperaquine', '75', 'mg', 'needed']",8,"['Dexrazoxane', 'Piperaquine']"
"Patient: 40M. Drugs: Ketoconazole 25mg before meals, Aranidipine 75mg as needed.","['Ketoconazole', 'Aranidipine']",1,1,therapeutic efficacy,"patient: 40m. drugs: ketoconazole 25mg before meals, aranidipine 75mg as needed.","['patient', '40', 'm.', 'drugs', 'ketoconazole', '25', 'mg', 'meals', 'aranidipine', '75', 'mg', 'needed']",12,"['Ketoconazole', 'Aranidipine']"
"Patient: 45F. Drugs: Cinacalcet 100mg before meals, Dexchlorpheniramine maleate 25mg once daily.","['Cinacalcet', 'Dexchlorpheniramine maleate']",1,2,metabolism,"patient: 45f. drugs: cinacalcet 100mg before meals, dexchlorpheniramine maleate 25mg once daily.","['patient', '45f', 'drugs', 'cinacalcet', '100', 'mg', 'meals', 'dexchlorpheniramine', 'maleate', '25', 'mg', 'daily']",12,"['Cinacalcet', 'Dexchlorpheniramine maleate']"
"Patient: 35F. Drugs: Propylthiouracil 200mg twice daily, Lenalidomide 50mg before meals.","['Propylthiouracil', 'Lenalidomide']",0,0,none,"patient: 35f. drugs: propylthiouracil 200mg twice daily, lenalidomide 50mg before meals.","['patient', '35f', 'drugs', 'propylthiouracil', '200', 'mg', 'twice', 'daily', 'lenalidomide', '50', 'mg', 'meals']",12,"['Propylthiouracil', 'Lenalidomide']"
"Patient: 60F. Drugs: Chloramphenicol 25mg every 12 hours, Gliquidone, Ulipristal 75mg once daily.","['Chloramphenicol', 'Gliquidone', 'Ulipristal']",1,2,metabolism,"patient: 60f. drugs: chloramphenicol 25mg every 12 hours, gliquidone, ulipristal 75mg once daily.","['patient', '60f', 'drugs', 'chloramphenicol', '25', 'mg', '12', 'hours', 'gliquidone', 'ulipristal', '75', 'mg', 'daily']",13,"['Ulipristal', 'Gliquidone', 'Chloramphenicol']"
"Patient: 25F. Drugs: Carisoprodol 200mg every 8 hours, Propericiazine 500mg three times daily.","['Carisoprodol', 'Propericiazine']",0,0,none,"patient: 25f. drugs: carisoprodol 200mg every 8 hours, propericiazine 500mg three times daily.","['patient', '25f', 'drugs', 'carisoprodol', '200', 'mg', '8', 'hours', 'propericiazine', '500', 'mg', 'times', 'daily']",13,"['Propericiazine', 'Carisoprodol']"
"Patient: 62M. Drugs: Nordazepam 500mg every 8 hours, Mesalazine 75mg twice daily, Conivaptan, Fentanyl 100mg once daily.","['Nordazepam', 'Mesalazine', 'Conivaptan', 'Fentanyl']",1,3,risk or severity of adverse effects,"patient: 62m. drugs: nordazepam 500mg every 8 hours, mesalazine 75mg twice daily, conivaptan, fentanyl 100mg once daily.","['patient', '62', 'm.', 'drugs', 'nordazepam', '500', 'mg', '8', 'hours', 'mesalazine', '75', 'mg', 'twice', 'daily', 'conivaptan', 'fentanyl', '100', 'mg', 'daily']",19,"['Nordazepam', 'Mesalazine', 'Fentanyl', 'Conivaptan']"
"Patient: 60F. Drugs: Flavoxate 500mg once daily, Pipecuronium.","['Flavoxate', 'Pipecuronium']",1,3,risk or severity of adverse effects,"patient: 60f. drugs: flavoxate 500mg once daily, pipecuronium.","['patient', '60f', 'drugs', 'flavoxate', '500', 'mg', 'daily', 'pipecuronium']",8,"['Pipecuronium', 'Flavoxate']"
"Patient: 35F. Drugs: Selegiline, Ioflupane I-123, Bromotheophylline.","['Selegiline', 'Ioflupane I-123', 'Bromotheophylline']",1,1,diagnostic agent,"patient: 35f. drugs: selegiline, ioflupane i123, bromotheophylline.","['patient', '35f', 'drugs', 'selegiline', 'ioflupane', 'i123', 'bromotheophylline']",7,"['Selegiline', 'Bromotheophylline', 'Ioflupane I-123']"
"Patient: 40M. Drugs: Gemeprost 100mg once daily, Hydrocodone 200mg after meals, Romidepsin, Diflunisal 25mg every 8 hours.","['Gemeprost', 'Hydrocodone', 'Romidepsin', 'Diflunisal']",1,1,therapeutic efficacy,"patient: 40m. drugs: gemeprost 100mg once daily, hydrocodone 200mg after meals, romidepsin, diflunisal 25mg every 8 hours.","['patient', '40', 'm.', 'drugs', 'gemeprost', '100', 'mg', 'daily', 'hydrocodone', '200', 'mg', 'meals', 'romidepsin', 'diflunisal', '25', 'mg', '8', 'hours']",18,"['Hydrocodone', 'Romidepsin', 'Gemeprost', 'Diflunisal']"
"Patient: 48F. Drugs: Cephalexin, Clonixin 25mg once daily, Diflunisal 25mg before meals, Nitrofural 75mg every 6 hours.","['Cephalexin', 'Clonixin', 'Diflunisal', 'Nitrofural']",1,3,risk or severity of adverse effects,"patient: 48f. drugs: cephalexin, clonixin 25mg once daily, diflunisal 25mg before meals, nitrofural 75mg every 6 hours.","['patient', '48f', 'drugs', 'cephalexin', 'clonixin', '25', 'mg', 'daily', 'diflunisal', '25', 'mg', 'meals', 'nitrofural', '75', 'mg', '6', 'hours']",17,"['Clonixin', 'Cephalexin', 'Nitrofural', 'Diflunisal']"
"Patient: 52M. Drugs: Amoxapine 25mg as needed, Procainamide.","['Amoxapine', 'Procainamide']",1,2,QTc-prolonging activities,"patient: 52m. drugs: amoxapine 25mg as needed, procainamide.","['patient', '52', 'm.', 'drugs', 'amoxapine', '25', 'mg', 'needed', 'procainamide']",9,"['Procainamide', 'Amoxapine']"
"Patient: 25F. Drugs: Avibactam, Udenafil 50mg as needed, Edoxaban 25mg every 12 hours, Pomalidomide 200mg before meals.","['Avibactam', 'Udenafil', 'Edoxaban', 'Pomalidomide']",0,0,none,"patient: 25f. drugs: avibactam, udenafil 50mg as needed, edoxaban 25mg every 12 hours, pomalidomide 200mg before meals.","['patient', '25f', 'drugs', 'avibactam', 'udenafil', '50', 'mg', 'needed', 'edoxaban', '25', 'mg', '12', 'hours', 'pomalidomide', '200', 'mg', 'meals']",17,"['Edoxaban', 'Udenafil', 'Pomalidomide', 'Avibactam']"
"Patient: 25F. Drugs: Oxymorphone 200mg three times daily, Gabapentin Enacarbil.","['Oxymorphone', 'Gabapentin Enacarbil']",1,3,risk or severity of adverse effects,"patient: 25f. drugs: oxymorphone 200mg three times daily, gabapentin enacarbil.","['patient', '25f', 'drugs', 'oxymorphone', '200', 'mg', 'times', 'daily', 'gabapentin', 'enacarbil']",10,"['Gabapentin Enacarbil', 'Oxymorphone']"
"Patient: 60F. Drugs: Methohexital 200mg as needed, Pranlukast 500mg after meals, Tolfenamic Acid, Estradiol benzoate.","['Methohexital', 'Pranlukast', 'Tolfenamic Acid', 'Estradiol benzoate']",1,2,metabolism,"patient: 60f. drugs: methohexital 200mg as needed, pranlukast 500mg after meals, tolfenamic acid, estradiol benzoate.","['patient', '60f', 'drugs', 'methohexital', '200', 'mg', 'needed', 'pranlukast', '500', 'mg', 'meals', 'tolfenamic', 'acid', 'estradiol', 'benzoate']",15,"['Pranlukast', 'Tolfenamic Acid', 'Methohexital', 'Estradiol benzoate']"
"Patient: 33M. Drugs: Enflurane 100mg before meals, Etacrynic acid 100mg before meals, Tranilast 50mg twice daily.","['Enflurane', 'Etacrynic acid', 'Tranilast']",1,1,therapeutic efficacy,"patient: 33m. drugs: enflurane 100mg before meals, etacrynic acid 100mg before meals, tranilast 50mg twice daily.","['patient', '33', 'm.', 'drugs', 'enflurane', '100', 'mg', 'meals', 'etacrynic', 'acid', '100', 'mg', 'meals', 'tranilast', '50', 'mg', 'twice', 'daily']",18,"['Tranilast', 'Etacrynic acid', 'Enflurane']"
"Patient: 33M. Drugs: Ranitidine 25mg every 12 hours, Etoricoxib 25mg twice daily.","['Ranitidine', 'Etoricoxib']",0,0,none,"patient: 33m. drugs: ranitidine 25mg every 12 hours, etoricoxib 25mg twice daily.","['patient', '33', 'm.', 'drugs', 'ranitidine', '25', 'mg', '12', 'hours', 'etoricoxib', '25', 'mg', 'twice', 'daily']",14,"['Etoricoxib', 'Ranitidine']"
"Patient: 40M. Drugs: Aranidipine 25mg every 6 hours, Calcium lactate 100mg as needed.","['Aranidipine', 'Calcium lactate']",1,1,therapeutic efficacy,"patient: 40m. drugs: aranidipine 25mg every 6 hours, calcium lactate 100mg as needed.","['patient', '40', 'm.', 'drugs', 'aranidipine', '25', 'mg', '6', 'hours', 'calcium', 'lactate', '100', 'mg', 'needed']",14,"['Calcium lactate', 'Aranidipine']"
"Patient: 48F. Drugs: Nitroxoline, Aranidipine 75mg before meals, Delamanid 75mg three times daily.","['Nitroxoline', 'Aranidipine', 'Delamanid']",1,1,therapeutic efficacy,"patient: 48f. drugs: nitroxoline, aranidipine 75mg before meals, delamanid 75mg three times daily.","['patient', '48f', 'drugs', 'nitroxoline', 'aranidipine', '75', 'mg', 'meals', 'delamanid', '75', 'mg', 'times', 'daily']",13,"['Nitroxoline', 'Delamanid', 'Aranidipine']"
"Patient: 48F. Drugs: Butoconazole, Efonidipine.","['Butoconazole', 'Efonidipine']",1,1,therapeutic efficacy,"patient: 48f. drugs: butoconazole, efonidipine.","['patient', '48f', 'drugs', 'butoconazole', 'efonidipine']",5,"['Efonidipine', 'Butoconazole']"
"Patient: 48F. Drugs: Cyanocobalamin 200mg as needed, Abiraterone 50mg as needed, Phenytoin 25mg three times daily.","['Cyanocobalamin', 'Abiraterone', 'Phenytoin']",1,2,serum concentration,"patient: 48f. drugs: cyanocobalamin 200mg as needed, abiraterone 50mg as needed, phenytoin 25mg three times daily.","['patient', '48f', 'drugs', 'cyanocobalamin', '200', 'mg', 'needed', 'abiraterone', '50', 'mg', 'needed', 'phenytoin', '25', 'mg', 'times', 'daily']",16,"['Cyanocobalamin', 'Abiraterone', 'Phenytoin']"
"Patient: 58M. Drugs: Remikiren 25mg as needed, Tiagabine.","['Remikiren', 'Tiagabine']",0,0,none,"patient: 58m. drugs: remikiren 25mg as needed, tiagabine.","['patient', '58', 'm.', 'drugs', 'remikiren', '25', 'mg', 'needed', 'tiagabine']",9,"['Tiagabine', 'Remikiren']"
"Patient: 68M. Drugs: Norfloxacin, Bismuth subnitrate 200mg after meals, Abacavir 25mg three times daily.","['Norfloxacin', 'Bismuth subnitrate', 'Abacavir']",1,1,absorption,"patient: 68m. drugs: norfloxacin, bismuth subnitrate 200mg after meals, abacavir 25mg three times daily.","['patient', '68', 'm.', 'drugs', 'norfloxacin', 'bismuth', 'subnitrate', '200', 'mg', 'meals', 'abacavir', '25', 'mg', 'times', 'daily']",15,"['Abacavir', 'Bismuth subnitrate', 'Norfloxacin']"
"Patient: 40M. Drugs: Ropinirole, Empagliflozin, Amoxicillin 100mg twice daily.","['Ropinirole', 'Empagliflozin', 'Amoxicillin']",1,3,risk or severity of adverse effects,"patient: 40m. drugs: ropinirole, empagliflozin, amoxicillin 100mg twice daily.","['patient', '40', 'm.', 'drugs', 'ropinirole', 'empagliflozin', 'amoxicillin', '100', 'mg', 'twice', 'daily']",11,"['Amoxicillin', 'Ropinirole', 'Empagliflozin']"
"Patient: 68M. Drugs: Ambenonium 500mg every 8 hours, Clobetasol 200mg once daily, Naldemedine 25mg once daily.","['Ambenonium', 'Clobetasol', 'Naldemedine']",1,3,risk or severity of adverse effects,"patient: 68m. drugs: ambenonium 500mg every 8 hours, clobetasol 200mg once daily, naldemedine 25mg once daily.","['patient', '68', 'm.', 'drugs', 'ambenonium', '500', 'mg', '8', 'hours', 'clobetasol', '200', 'mg', 'daily', 'naldemedine', '25', 'mg', 'daily']",17,"['Clobetasol', 'Naldemedine', 'Ambenonium']"
"Patient: 40M. Drugs: Orlistat 50mg every 6 hours, Meclofenamic acid, Alprostadil 75mg after meals, Chloroprocaine.","['Orlistat', 'Meclofenamic acid', 'Alprostadil', 'Chloroprocaine']",1,1,therapeutic efficacy,"patient: 40m. drugs: orlistat 50mg every 6 hours, meclofenamic acid, alprostadil 75mg after meals, chloroprocaine.","['patient', '40', 'm.', 'drugs', 'orlistat', '50', 'mg', '6', 'hours', 'meclofenamic', 'acid', 'alprostadil', '75', 'mg', 'meals', 'chloroprocaine']",16,"['Chloroprocaine', 'Alprostadil', 'Orlistat', 'Meclofenamic acid']"
"Patient: 33M. Drugs: Telithromycin, Canagliflozin 25mg after meals, Vandetanib 50mg once daily.","['Telithromycin', 'Canagliflozin', 'Vandetanib']",1,2,metabolism,"patient: 33m. drugs: telithromycin, canagliflozin 25mg after meals, vandetanib 50mg once daily.","['patient', '33', 'm.', 'drugs', 'telithromycin', 'canagliflozin', '25', 'mg', 'meals', 'vandetanib', '50', 'mg', 'daily']",13,"['Vandetanib', 'Canagliflozin', 'Telithromycin']"
"Patient: 70F. Drugs: Prazepam 25mg before meals, Cobimetinib, Vorapaxar 500mg after meals.","['Prazepam', 'Cobimetinib', 'Vorapaxar']",0,0,none,"patient: 70f. drugs: prazepam 25mg before meals, cobimetinib, vorapaxar 500mg after meals.","['patient', '70f', 'drugs', 'prazepam', '25', 'mg', 'meals', 'cobimetinib', 'vorapaxar', '500', 'mg', 'meals']",12,"['Vorapaxar', 'Cobimetinib', 'Prazepam']"
"Patient: 60F. Drugs: Posaconazole, Tasimelteon 50mg every 12 hours.","['Posaconazole', 'Tasimelteon']",1,2,serum concentration,"patient: 60f. drugs: posaconazole, tasimelteon 50mg every 12 hours.","['patient', '60f', 'drugs', 'posaconazole', 'tasimelteon', '50', 'mg', '12', 'hours']",9,"['Tasimelteon', 'Posaconazole']"
"Patient: 68M. Drugs: Nafcillin, Letrozole.","['Nafcillin', 'Letrozole']",0,0,none,"patient: 68m. drugs: nafcillin, letrozole.","['patient', '68', 'm.', 'drugs', 'nafcillin', 'letrozole']",6,"['Nafcillin', 'Letrozole']"
"Patient: 33M. Drugs: Fenoterol, Zuclopenthixol, Tranilast.","['Fenoterol', 'Zuclopenthixol', 'Tranilast']",1,2,vasoconstricting activities,"patient: 33m. drugs: fenoterol, zuclopenthixol, tranilast.","['patient', '33', 'm.', 'drugs', 'fenoterol', 'zuclopenthixol', 'tranilast']",7,"['Tranilast', 'Zuclopenthixol', 'Fenoterol']"
"Patient: 68M. Drugs: Asenapine 500mg after meals, Chlorphenesin 500mg every 8 hours, Glimepiride.","['Asenapine', 'Chlorphenesin', 'Glimepiride']",1,1,therapeutic efficacy,"patient: 68m. drugs: asenapine 500mg after meals, chlorphenesin 500mg every 8 hours, glimepiride.","['patient', '68', 'm.', 'drugs', 'asenapine', '500', 'mg', 'meals', 'chlorphenesin', '500', 'mg', '8', 'hours', 'glimepiride']",14,"['Glimepiride', 'Chlorphenesin', 'Asenapine']"
"Patient: 68M. Drugs: Fluphenazine, Asenapine, Zafirlukast 200mg every 6 hours.","['Fluphenazine', 'Asenapine', 'Zafirlukast']",1,3,risk or severity of adverse effects,"patient: 68m. drugs: fluphenazine, asenapine, zafirlukast 200mg every 6 hours.","['patient', '68', 'm.', 'drugs', 'fluphenazine', 'asenapine', 'zafirlukast', '200', 'mg', '6', 'hours']",11,"['Fluphenazine', 'Zafirlukast', 'Asenapine']"
"Patient: 48F. Drugs: Dronedarone, Aranidipine.","['Dronedarone', 'Aranidipine']",1,3,risk or severity of hypotension,"patient: 48f. drugs: dronedarone, aranidipine.","['patient', '48f', 'drugs', 'dronedarone', 'aranidipine']",5,"['Dronedarone', 'Aranidipine']"
"Patient: 40M. Drugs: Orphenadrine 75mg every 8 hours, Huperzine A 25mg once daily.","['Orphenadrine', 'Huperzine A']",1,1,therapeutic efficacy,"patient: 40m. drugs: orphenadrine 75mg every 8 hours, huperzine a 25mg once daily.","['patient', '40', 'm.', 'drugs', 'orphenadrine', '75', 'mg', '8', 'hours', 'huperzine', '25', 'mg', 'daily']",13,"['Huperzine A', 'Orphenadrine']"
"Patient: 48F. Drugs: Butoconazole, Efonidipine.","['Butoconazole', 'Efonidipine']",1,1,therapeutic efficacy,"patient: 48f. drugs: butoconazole, efonidipine.","['patient', '48f', 'drugs', 'butoconazole', 'efonidipine']",5,"['Efonidipine', 'Butoconazole']"
"Patient: 58M. Drugs: Rolapitant 50mg every 6 hours, Testosterone cypionate.","['Rolapitant', 'Testosterone cypionate']",1,2,serum concentration,"patient: 58m. drugs: rolapitant 50mg every 6 hours, testosterone cypionate.","['patient', '58', 'm.', 'drugs', 'rolapitant', '50', 'mg', '6', 'hours', 'testosterone', 'cypionate']",11,"['Testosterone cypionate', 'Rolapitant']"
"Patient: 75M. Drugs: Theophylline, Loxoprofen, Procaine benzylpenicillin, Olodaterol 25mg as needed.","['Theophylline', 'Loxoprofen', 'Procaine benzylpenicillin', 'Olodaterol']",1,3,risk or severity of adverse effects,"patient: 75m. drugs: theophylline, loxoprofen, procaine benzylpenicillin, olodaterol 25mg as needed.","['patient', '75', 'm.', 'drugs', 'theophylline', 'loxoprofen', 'procaine', 'benzylpenicillin', 'olodaterol', '25', 'mg', 'needed']",12,"['Olodaterol', 'Procaine benzylpenicillin', 'Theophylline', 'Loxoprofen']"
"Patient: 45F. Drugs: Valdecoxib, Sodium phosphate 500mg as needed, Perhexiline 25mg after meals.","['Valdecoxib', 'Sodium phosphate', 'Perhexiline']",1,2,nephrotoxic activities,"patient: 45f. drugs: valdecoxib, sodium phosphate 500mg as needed, perhexiline 25mg after meals.","['patient', '45f', 'drugs', 'valdecoxib', 'sodium', 'phosphate', '500', 'mg', 'needed', 'perhexiline', '25', 'mg', 'meals']",13,"['Perhexiline', 'Valdecoxib', 'Sodium phosphate']"
"Patient: 70F. Drugs: Tolcapone 100mg as needed, Gliclazide 50mg as needed, Magnesium carbonate 25mg after meals, Moxonidine 25mg every 6 hours.","['Tolcapone', 'Gliclazide', 'Magnesium carbonate', 'Moxonidine']",1,3,risk or severity of adverse effects,"patient: 70f. drugs: tolcapone 100mg as needed, gliclazide 50mg as needed, magnesium carbonate 25mg after meals, moxonidine 25mg every 6 hours.","['patient', '70f', 'drugs', 'tolcapone', '100', 'mg', 'needed', 'gliclazide', '50', 'mg', 'needed', 'magnesium', 'carbonate', '25', 'mg', 'meals', 'moxonidine', '25', 'mg', '6', 'hours']",21,"['Tolcapone', 'Gliclazide', 'Magnesium carbonate', 'Moxonidine']"
"Patient: 28F. Drugs: Loteprednol 25mg every 6 hours, Cidofovir 50mg every 12 hours.","['Loteprednol', 'Cidofovir']",0,0,none,"patient: 28f. drugs: loteprednol 25mg every 6 hours, cidofovir 50mg every 12 hours.","['patient', '28f', 'drugs', 'loteprednol', '25', 'mg', '6', 'hours', 'cidofovir', '50', 'mg', '12', 'hours']",13,"['Loteprednol', 'Cidofovir']"
"Patient: 58M. Drugs: Nitrendipine 200mg before meals, Clevidipine 100mg three times daily.","['Nitrendipine', 'Clevidipine']",1,3,risk or severity of adverse effects,"patient: 58m. drugs: nitrendipine 200mg before meals, clevidipine 100mg three times daily.","['patient', '58', 'm.', 'drugs', 'nitrendipine', '200', 'mg', 'meals', 'clevidipine', '100', 'mg', 'times', 'daily']",13,"['Nitrendipine', 'Clevidipine']"
"Patient: 45F. Drugs: Prazosin 500mg three times daily, Pentoxifylline 200mg every 8 hours, Naloxone 25mg every 6 hours.","['Prazosin', 'Pentoxifylline', 'Naloxone']",1,2,hypotensive activities,"patient: 45f. drugs: prazosin 500mg three times daily, pentoxifylline 200mg every 8 hours, naloxone 25mg every 6 hours.","['patient', '45f', 'drugs', 'prazosin', '500', 'mg', 'times', 'daily', 'pentoxifylline', '200', 'mg', '8', 'hours', 'naloxone', '25', 'mg', '6', 'hours']",18,"['Pentoxifylline', 'Naloxone', 'Prazosin']"
"Patient: 35F. Drugs: Baclofen 200mg before meals, Cefixime 200mg as needed.","['Baclofen', 'Cefixime']",0,0,none,"patient: 35f. drugs: baclofen 200mg before meals, cefixime 200mg as needed.","['patient', '35f', 'drugs', 'baclofen', '200', 'mg', 'meals', 'cefixime', '200', 'mg', 'needed']",11,"['Baclofen', 'Cefixime']"
"Patient: 40M. Drugs: Levetiracetam 200mg twice daily, Fospropofol 200mg three times daily, Eltrombopag.","['Levetiracetam', 'Fospropofol', 'Eltrombopag']",1,3,risk or severity of adverse effects,"patient: 40m. drugs: levetiracetam 200mg twice daily, fospropofol 200mg three times daily, eltrombopag.","['patient', '40', 'm.', 'drugs', 'levetiracetam', '200', 'mg', 'twice', 'daily', 'fospropofol', '200', 'mg', 'times', 'daily', 'eltrombopag']",15,"['Fospropofol', 'Levetiracetam', 'Eltrombopag']"
"Patient: 25F. Drugs: Lovastatin 500mg every 8 hours, Ziprasidone 25mg every 6 hours, Methyl aminolevulinate 25mg as needed.","['Lovastatin', 'Ziprasidone', 'Methyl aminolevulinate']",1,2,serum concentration,"patient: 25f. drugs: lovastatin 500mg every 8 hours, ziprasidone 25mg every 6 hours, methyl aminolevulinate 25mg as needed.","['patient', '25f', 'drugs', 'lovastatin', '500', 'mg', '8', 'hours', 'ziprasidone', '25', 'mg', '6', 'hours', 'methyl', 'aminolevulinate', '25', 'mg', 'needed']",18,"['Lovastatin', 'Ziprasidone', 'Methyl aminolevulinate']"
"Patient: 48F. Drugs: Pralatrexate 25mg once daily, Niclosamide 200mg before meals, Mepivacaine 500mg every 6 hours.","['Pralatrexate', 'Niclosamide', 'Mepivacaine']",0,0,none,"patient: 48f. drugs: pralatrexate 25mg once daily, niclosamide 200mg before meals, mepivacaine 500mg every 6 hours.","['patient', '48f', 'drugs', 'pralatrexate', '25', 'mg', 'daily', 'niclosamide', '200', 'mg', 'meals', 'mepivacaine', '500', 'mg', '6', 'hours']",16,"['Niclosamide', 'Mepivacaine', 'Pralatrexate']"
"Patient: 62M. Drugs: Etoricoxib 200mg before meals, Dronedarone 200mg every 8 hours.","['Etoricoxib', 'Dronedarone']",1,2,metabolism,"patient: 62m. drugs: etoricoxib 200mg before meals, dronedarone 200mg every 8 hours.","['patient', '62', 'm.', 'drugs', 'etoricoxib', '200', 'mg', 'meals', 'dronedarone', '200', 'mg', '8', 'hours']",13,"['Dronedarone', 'Etoricoxib']"
"Patient: 35F. Drugs: Erlotinib 500mg before meals, Phenyl aminosalicylate 500mg before meals, Acetophenazine 100mg every 12 hours, Meprednisone.","['Erlotinib', 'Phenyl aminosalicylate', 'Acetophenazine', 'Meprednisone']",0,0,none,"patient: 35f. drugs: erlotinib 500mg before meals, phenyl aminosalicylate 500mg before meals, acetophenazine 100mg every 12 hours, meprednisone.","['patient', '35f', 'drugs', 'erlotinib', '500', 'mg', 'meals', 'phenyl', 'aminosalicylate', '500', 'mg', 'meals', 'acetophenazine', '100', 'mg', '12', 'hours', 'meprednisone']",18,"['Meprednisone', 'Acetophenazine', 'Phenyl aminosalicylate', 'Erlotinib']"
"Patient: 25F. Drugs: Doxorubicin, Sucralfate 200mg every 12 hours.","['Doxorubicin', 'Sucralfate']",0,0,none,"patient: 25f. drugs: doxorubicin, sucralfate 200mg every 12 hours.","['patient', '25f', 'drugs', 'doxorubicin', 'sucralfate', '200', 'mg', '12', 'hours']",9,"['Doxorubicin', 'Sucralfate']"
"Patient: 28F. Drugs: Ouabain, Palbociclib 50mg as needed.","['Ouabain', 'Palbociclib']",1,2,cardiotoxic activities,"patient: 28f. drugs: ouabain, palbociclib 50mg as needed.","['patient', '28f', 'drugs', 'ouabain', 'palbociclib', '50', 'mg', 'needed']",8,"['Palbociclib', 'Ouabain']"
"Patient: 52M. Drugs: Desmopressin 500mg once daily, Fentanyl 50mg every 8 hours, Fencamfamine 50mg every 12 hours.","['Desmopressin', 'Fentanyl', 'Fencamfamine']",1,3,risk or severity of adverse effects,"patient: 52m. drugs: desmopressin 500mg once daily, fentanyl 50mg every 8 hours, fencamfamine 50mg every 12 hours.","['patient', '52', 'm.', 'drugs', 'desmopressin', '500', 'mg', 'daily', 'fentanyl', '50', 'mg', '8', 'hours', 'fencamfamine', '50', 'mg', '12', 'hours']",18,"['Fentanyl', 'Fencamfamine', 'Desmopressin']"
"Patient: 70F. Drugs: Terbutaline 75mg twice daily, Nitrous acid 200mg every 6 hours.","['Terbutaline', 'Nitrous acid']",0,0,none,"patient: 70f. drugs: terbutaline 75mg twice daily, nitrous acid 200mg every 6 hours.","['patient', '70f', 'drugs', 'terbutaline', '75', 'mg', 'twice', 'daily', 'nitrous', 'acid', '200', 'mg', '6', 'hours']",14,"['Nitrous acid', 'Terbutaline']"
"Patient: 35F. Drugs: Pregabalin 500mg once daily, Phenytoin.","['Pregabalin', 'Phenytoin']",1,1,therapeutic efficacy,"patient: 35f. drugs: pregabalin 500mg once daily, phenytoin.","['patient', '35f', 'drugs', 'pregabalin', '500', 'mg', 'daily', 'phenytoin']",8,"['Pregabalin', 'Phenytoin']"
"Patient: 58M. Drugs: Nitrous oxide 100mg once daily, Ethyl chloride, Velpatasvir 100mg once daily.","['Nitrous oxide', 'Ethyl chloride', 'Velpatasvir']",1,3,risk or severity of adverse effects,"patient: 58m. drugs: nitrous oxide 100mg once daily, ethyl chloride, velpatasvir 100mg once daily.","['patient', '58', 'm.', 'drugs', 'nitrous', 'oxide', '100', 'mg', 'daily', 'ethyl', 'chloride', 'velpatasvir', '100', 'mg', 'daily']",15,"['Ethyl chloride', 'Nitrous oxide', 'Velpatasvir']"
"Patient: 28F. Drugs: Ethchlorvynol 75mg after meals, Fosphenytoin 200mg every 8 hours, Granisetron 200mg twice daily.","['Ethchlorvynol', 'Fosphenytoin', 'Granisetron']",1,3,risk or severity of adverse effects,"patient: 28f. drugs: ethchlorvynol 75mg after meals, fosphenytoin 200mg every 8 hours, granisetron 200mg twice daily.","['patient', '28f', 'drugs', 'ethchlorvynol', '75', 'mg', 'meals', 'fosphenytoin', '200', 'mg', '8', 'hours', 'granisetron', '200', 'mg', 'twice', 'daily']",17,"['Ethchlorvynol', 'Granisetron', 'Fosphenytoin']"
"Patient: 60F. Drugs: Zonisamide 200mg every 6 hours, Pentoxifylline 200mg every 8 hours.","['Zonisamide', 'Pentoxifylline']",0,0,none,"patient: 60f. drugs: zonisamide 200mg every 6 hours, pentoxifylline 200mg every 8 hours.","['patient', '60f', 'drugs', 'zonisamide', '200', 'mg', '6', 'hours', 'pentoxifylline', '200', 'mg', '8', 'hours']",13,"['Pentoxifylline', 'Zonisamide']"
"Patient: 25F. Drugs: Iloperidone 50mg every 6 hours, Lynestrenol 500mg twice daily, Lofexidine.","['Iloperidone', 'Lynestrenol', 'Lofexidine']",1,1,therapeutic efficacy,"patient: 25f. drugs: iloperidone 50mg every 6 hours, lynestrenol 500mg twice daily, lofexidine.","['patient', '25f', 'drugs', 'iloperidone', '50', 'mg', '6', 'hours', 'lynestrenol', '500', 'mg', 'twice', 'daily', 'lofexidine']",14,"['Iloperidone', 'Lynestrenol', 'Lofexidine']"
"Patient: 33M. Drugs: Flucytosine, Carbocisteine, Chlorprothixene 500mg every 6 hours, Tafluprost 50mg every 6 hours.","['Flucytosine', 'Carbocisteine', 'Chlorprothixene', 'Tafluprost']",0,0,none,"patient: 33m. drugs: flucytosine, carbocisteine, chlorprothixene 500mg every 6 hours, tafluprost 50mg every 6 hours.","['patient', '33', 'm.', 'drugs', 'flucytosine', 'carbocisteine', 'chlorprothixene', '500', 'mg', '6', 'hours', 'tafluprost', '50', 'mg', '6', 'hours']",16,"['Flucytosine', 'Chlorprothixene', 'Tafluprost', 'Carbocisteine']"
"Patient: 70F. Drugs: Furazolidone 100mg after meals, Carbamazepine, Framycetin 75mg once daily.","['Furazolidone', 'Carbamazepine', 'Framycetin']",1,3,risk or severity of adverse effects,"patient: 70f. drugs: furazolidone 100mg after meals, carbamazepine, framycetin 75mg once daily.","['patient', '70f', 'drugs', 'furazolidone', '100', 'mg', 'meals', 'carbamazepine', 'framycetin', '75', 'mg', 'daily']",12,"['Furazolidone', 'Carbamazepine', 'Framycetin']"
"Patient: 28F. Drugs: Medrysone 50mg after meals, Technetium Tc-99m sestamibi 50mg every 8 hours, Cyclacillin.","['Medrysone', 'Technetium Tc-99m sestamibi', 'Cyclacillin']",0,0,none,"patient: 28f. drugs: medrysone 50mg after meals, technetium tc99m sestamibi 50mg every 8 hours, cyclacillin.","['patient', '28f', 'drugs', 'medrysone', '50', 'mg', 'meals', 'technetium', 'tc99', 'm', 'sestamibi', '50', 'mg', '8', 'hours', 'cyclacillin']",16,"['Cyclacillin', 'Technetium Tc-99m sestamibi', 'Medrysone']"
"Patient: 35F. Drugs: Oxtriphylline 200mg every 8 hours, Rasagiline, Celiprolol.","['Oxtriphylline', 'Rasagiline', 'Celiprolol']",1,2,hypotensive activities,"patient: 35f. drugs: oxtriphylline 200mg every 8 hours, rasagiline, celiprolol.","['patient', '35f', 'drugs', 'oxtriphylline', '200', 'mg', '8', 'hours', 'rasagiline', 'celiprolol']",10,"['Celiprolol', 'Oxtriphylline', 'Rasagiline']"
"Patient: 45F. Drugs: Indapamide, Leflunomide 500mg every 8 hours.","['Indapamide', 'Leflunomide']",1,1,therapeutic efficacy,"patient: 45f. drugs: indapamide, leflunomide 500mg every 8 hours.","['patient', '45f', 'drugs', 'indapamide', 'leflunomide', '500', 'mg', '8', 'hours']",9,"['Leflunomide', 'Indapamide']"
"Patient: 33M. Drugs: Acenocoumarol 500mg three times daily, Lopinavir 200mg every 12 hours.","['Acenocoumarol', 'Lopinavir']",1,2,metabolism,"patient: 33m. drugs: acenocoumarol 500mg three times daily, lopinavir 200mg every 12 hours.","['patient', '33', 'm.', 'drugs', 'acenocoumarol', '500', 'mg', 'times', 'daily', 'lopinavir', '200', 'mg', '12', 'hours']",14,"['Acenocoumarol', 'Lopinavir']"
"Patient: 35F. Drugs: Sodium glycerophosphate 500mg as needed, Bismuth subnitrate 25mg twice daily, Ethionamide 200mg every 12 hours.","['Sodium glycerophosphate', 'Bismuth subnitrate', 'Ethionamide']",1,1,absorption,"patient: 35f. drugs: sodium glycerophosphate 500mg as needed, bismuth subnitrate 25mg twice daily, ethionamide 200mg every 12 hours.","['patient', '35f', 'drugs', 'sodium', 'glycerophosphate', '500', 'mg', 'needed', 'bismuth', 'subnitrate', '25', 'mg', 'twice', 'daily', 'ethionamide', '200', 'mg', '12', 'hours']",19,"['Bismuth subnitrate', 'Sodium glycerophosphate', 'Ethionamide']"
"Patient: 62M. Drugs: Tramadol 200mg as needed, Metolazone 75mg every 6 hours, Pentoxifylline 25mg after meals.","['Tramadol', 'Metolazone', 'Pentoxifylline']",1,3,risk or severity of adverse effects,"patient: 62m. drugs: tramadol 200mg as needed, metolazone 75mg every 6 hours, pentoxifylline 25mg after meals.","['patient', '62', 'm.', 'drugs', 'tramadol', '200', 'mg', 'needed', 'metolazone', '75', 'mg', '6', 'hours', 'pentoxifylline', '25', 'mg', 'meals']",17,"['Pentoxifylline', 'Metolazone', 'Tramadol']"
"Patient: 68M. Drugs: Ambenonium 500mg every 8 hours, Clobetasol 200mg once daily, Naldemedine 25mg once daily.","['Ambenonium', 'Clobetasol', 'Naldemedine']",1,3,risk or severity of adverse effects,"patient: 68m. drugs: ambenonium 500mg every 8 hours, clobetasol 200mg once daily, naldemedine 25mg once daily.","['patient', '68', 'm.', 'drugs', 'ambenonium', '500', 'mg', '8', 'hours', 'clobetasol', '200', 'mg', 'daily', 'naldemedine', '25', 'mg', 'daily']",17,"['Clobetasol', 'Naldemedine', 'Ambenonium']"
"Patient: 62M. Drugs: Lidocaine, Ulipristal 100mg every 12 hours, Acenocoumarol 25mg before meals.","['Lidocaine', 'Ulipristal', 'Acenocoumarol']",1,2,metabolism,"patient: 62m. drugs: lidocaine, ulipristal 100mg every 12 hours, acenocoumarol 25mg before meals.","['patient', '62', 'm.', 'drugs', 'lidocaine', 'ulipristal', '100', 'mg', '12', 'hours', 'acenocoumarol', '25', 'mg', 'meals']",14,"['Acenocoumarol', 'Ulipristal', 'Lidocaine']"
"Patient: 45F. Drugs: Gluconic Acid, Ergonovine 25mg three times daily, Pamidronate 75mg after meals, Fenoldopam 25mg after meals.","['Gluconic Acid', 'Ergonovine', 'Pamidronate', 'Fenoldopam']",0,0,none,"patient: 45f. drugs: gluconic acid, ergonovine 25mg three times daily, pamidronate 75mg after meals, fenoldopam 25mg after meals.","['patient', '45f', 'drugs', 'gluconic', 'acid', 'ergonovine', '25', 'mg', 'times', 'daily', 'pamidronate', '75', 'mg', 'meals', 'fenoldopam', '25', 'mg', 'meals']",18,"['Fenoldopam', 'Ergonovine', 'Gluconic Acid', 'Pamidronate']"
"Patient: 55F. Drugs: Fosphenytoin 25mg after meals, Nordazepam, Pitavastatin 200mg every 6 hours.","['Fosphenytoin', 'Nordazepam', 'Pitavastatin']",1,2,serum concentration,"patient: 55f. drugs: fosphenytoin 25mg after meals, nordazepam, pitavastatin 200mg every 6 hours.","['patient', '55f', 'drugs', 'fosphenytoin', '25', 'mg', 'meals', 'nordazepam', 'pitavastatin', '200', 'mg', '6', 'hours']",13,"['Nordazepam', 'Fosphenytoin', 'Pitavastatin']"
"Patient: 70F. Drugs: Zoledronic acid 200mg after meals, Nebivolol 25mg every 12 hours.","['Zoledronic acid', 'Nebivolol']",0,0,none,"patient: 70f. drugs: zoledronic acid 200mg after meals, nebivolol 25mg every 12 hours.","['patient', '70f', 'drugs', 'zoledronic', 'acid', '200', 'mg', 'meals', 'nebivolol', '25', 'mg', '12', 'hours']",13,"['Zoledronic acid', 'Nebivolol']"
"Patient: 52M. Drugs: Dextropropoxyphene, Etizolam 50mg twice daily.","['Dextropropoxyphene', 'Etizolam']",1,3,risk or severity of adverse effects,"patient: 52m. drugs: dextropropoxyphene, etizolam 50mg twice daily.","['patient', '52', 'm.', 'drugs', 'dextropropoxyphene', 'etizolam', '50', 'mg', 'twice', 'daily']",10,"['Dextropropoxyphene', 'Etizolam']"
"Patient: 70F. Drugs: Quazepam, Asunaprevir 500mg after meals, Methyltestosterone 50mg every 12 hours.","['Quazepam', 'Asunaprevir', 'Methyltestosterone']",1,2,serum concentration,"patient: 70f. drugs: quazepam, asunaprevir 500mg after meals, methyltestosterone 50mg every 12 hours.","['patient', '70f', 'drugs', 'quazepam', 'asunaprevir', '500', 'mg', 'meals', 'methyltestosterone', '50', 'mg', '12', 'hours']",13,"['Methyltestosterone', 'Quazepam', 'Asunaprevir']"
"Patient: 48F. Drugs: Methyl aminolevulinate 50mg as needed, Rosiglitazone 25mg every 12 hours, Sulfameter 25mg after meals, Bromotheophylline.","['Methyl aminolevulinate', 'Rosiglitazone', 'Sulfameter', 'Bromotheophylline']",0,0,none,"patient: 48f. drugs: methyl aminolevulinate 50mg as needed, rosiglitazone 25mg every 12 hours, sulfameter 25mg after meals, bromotheophylline.","['patient', '48f', 'drugs', 'methyl', 'aminolevulinate', '50', 'mg', 'needed', 'rosiglitazone', '25', 'mg', '12', 'hours', 'sulfameter', '25', 'mg', 'meals', 'bromotheophylline']",18,"['Rosiglitazone', 'Bromotheophylline', 'Sulfameter', 'Methyl aminolevulinate']"
"Patient: 60F. Drugs: Prednisolone, Meprednisone, Zinc picolinate 100mg every 8 hours, Pentaerythritol Tetranitrate.","['Prednisolone', 'Meprednisone', 'Zinc picolinate', 'Pentaerythritol Tetranitrate']",0,0,none,"patient: 60f. drugs: prednisolone, meprednisone, zinc picolinate 100mg every 8 hours, pentaerythritol tetranitrate.","['patient', '60f', 'drugs', 'prednisolone', 'meprednisone', 'zinc', 'picolinate', '100', 'mg', '8', 'hours', 'pentaerythritol', 'tetranitrate']",13,"['Meprednisone', 'Prednisolone', 'Pentaerythritol Tetranitrate', 'Zinc picolinate']"
"Patient: 35F. Drugs: Thiabendazole 100mg once daily, Lovastatin 75mg every 6 hours.","['Thiabendazole', 'Lovastatin']",0,0,none,"patient: 35f. drugs: thiabendazole 100mg once daily, lovastatin 75mg every 6 hours.","['patient', '35f', 'drugs', 'thiabendazole', '100', 'mg', 'daily', 'lovastatin', '75', 'mg', '6', 'hours']",12,"['Lovastatin', 'Thiabendazole']"
"Patient: 58M. Drugs: Nimesulide 50mg twice daily, Artemether.","['Nimesulide', 'Artemether']",1,1,therapeutic efficacy,"patient: 58m. drugs: nimesulide 50mg twice daily, artemether.","['patient', '58', 'm.', 'drugs', 'nimesulide', '50', 'mg', 'twice', 'daily', 'artemether']",10,"['Nimesulide', 'Artemether']"
"Patient: 52M. Drugs: Quinethazone, Niflumic Acid 25mg twice daily, Captopril 50mg as needed.","['Quinethazone', 'Niflumic Acid', 'Captopril']",1,1,therapeutic efficacy,"patient: 52m. drugs: quinethazone, niflumic acid 25mg twice daily, captopril 50mg as needed.","['patient', '52', 'm.', 'drugs', 'quinethazone', 'niflumic', 'acid', '25', 'mg', 'twice', 'daily', 'captopril', '50', 'mg', 'needed']",15,"['Quinethazone', 'Captopril', 'Niflumic Acid']"
"Patient: 60F. Drugs: Fenfluramine, Teriflunomide.","['Fenfluramine', 'Teriflunomide']",0,0,none,"patient: 60f. drugs: fenfluramine, teriflunomide.","['patient', '60f', 'drugs', 'fenfluramine', 'teriflunomide']",5,"['Teriflunomide', 'Fenfluramine']"
"Patient: 30M. Drugs: Adapalene 100mg every 12 hours, Piretanide 100mg every 6 hours.","['Adapalene', 'Piretanide']",1,1,therapeutic efficacy,"patient: 30m. drugs: adapalene 100mg every 12 hours, piretanide 100mg every 6 hours.","['patient', '30', 'm.', 'drugs', 'adapalene', '100', 'mg', '12', 'hours', 'piretanide', '100', 'mg', '6', 'hours']",14,"['Adapalene', 'Piretanide']"
"Patient: 75M. Drugs: Furosemide, Lumiracoxib 200mg three times daily.","['Furosemide', 'Lumiracoxib']",1,1,therapeutic efficacy,"patient: 75m. drugs: furosemide, lumiracoxib 200mg three times daily.","['patient', '75', 'm.', 'drugs', 'furosemide', 'lumiracoxib', '200', 'mg', 'times', 'daily']",10,"['Lumiracoxib', 'Furosemide']"
"Patient: 48F. Drugs: Butoconazole, Efonidipine.","['Butoconazole', 'Efonidipine']",1,1,therapeutic efficacy,"patient: 48f. drugs: butoconazole, efonidipine.","['patient', '48f', 'drugs', 'butoconazole', 'efonidipine']",5,"['Efonidipine', 'Butoconazole']"
"Patient: 60F. Drugs: Celecoxib, Quetiapine, Glecaprevir 100mg three times daily.","['Celecoxib', 'Quetiapine', 'Glecaprevir']",1,2,metabolism,"patient: 60f. drugs: celecoxib, quetiapine, glecaprevir 100mg three times daily.","['patient', '60f', 'drugs', 'celecoxib', 'quetiapine', 'glecaprevir', '100', 'mg', 'times', 'daily']",10,"['Celecoxib', 'Quetiapine', 'Glecaprevir']"
"Patient: 58M. Drugs: Pranlukast 50mg every 8 hours, Aprobarbital 100mg every 6 hours, Pramlintide 25mg every 8 hours, Nomegestrol acetate.","['Pranlukast', 'Aprobarbital', 'Pramlintide', 'Nomegestrol acetate']",0,0,none,"patient: 58m. drugs: pranlukast 50mg every 8 hours, aprobarbital 100mg every 6 hours, pramlintide 25mg every 8 hours, nomegestrol acetate.","['patient', '58', 'm.', 'drugs', 'pranlukast', '50', 'mg', '8', 'hours', 'aprobarbital', '100', 'mg', '6', 'hours', 'pramlintide', '25', 'mg', '8', 'hours', 'nomegestrol', 'acetate']",21,"['Nomegestrol acetate', 'Pranlukast', 'Aprobarbital', 'Pramlintide']"
"Patient: 52M. Drugs: Primidone 25mg three times daily, Trichloroethylene.","['Primidone', 'Trichloroethylene']",1,3,risk or severity of adverse effects,"patient: 52m. drugs: primidone 25mg three times daily, trichloroethylene.","['patient', '52', 'm.', 'drugs', 'primidone', '25', 'mg', 'times', 'daily', 'trichloroethylene']",10,"['Trichloroethylene', 'Primidone']"
"Patient: 58M. Drugs: Riociguat 50mg once daily, Palbociclib 75mg before meals, Vecuronium 500mg twice daily.","['Riociguat', 'Palbociclib', 'Vecuronium']",1,2,serum concentration,"patient: 58m. drugs: riociguat 50mg once daily, palbociclib 75mg before meals, vecuronium 500mg twice daily.","['patient', '58', 'm.', 'drugs', 'riociguat', '50', 'mg', 'daily', 'palbociclib', '75', 'mg', 'meals', 'vecuronium', '500', 'mg', 'twice', 'daily']",17,"['Palbociclib', 'Vecuronium', 'Riociguat']"
"Patient: 62M. Drugs: Citalopram 200mg before meals, Tenoxicam 500mg every 12 hours.","['Citalopram', 'Tenoxicam']",1,1,antiplatelet activities,"patient: 62m. drugs: citalopram 200mg before meals, tenoxicam 500mg every 12 hours.","['patient', '62', 'm.', 'drugs', 'citalopram', '200', 'mg', 'meals', 'tenoxicam', '500', 'mg', '12', 'hours']",13,"['Tenoxicam', 'Citalopram']"
"Patient: 62M. Drugs: Nordazepam 500mg every 8 hours, Mesalazine 75mg twice daily, Conivaptan, Fentanyl 100mg once daily.","['Nordazepam', 'Mesalazine', 'Conivaptan', 'Fentanyl']",1,3,risk or severity of adverse effects,"patient: 62m. drugs: nordazepam 500mg every 8 hours, mesalazine 75mg twice daily, conivaptan, fentanyl 100mg once daily.","['patient', '62', 'm.', 'drugs', 'nordazepam', '500', 'mg', '8', 'hours', 'mesalazine', '75', 'mg', 'twice', 'daily', 'conivaptan', 'fentanyl', '100', 'mg', 'daily']",19,"['Nordazepam', 'Mesalazine', 'Fentanyl', 'Conivaptan']"
"Patient: 25F. Drugs: Latamoxef, Tinidazole 100mg after meals.","['Latamoxef', 'Tinidazole']",0,0,none,"patient: 25f. drugs: latamoxef, tinidazole 100mg after meals.","['patient', '25f', 'drugs', 'latamoxef', 'tinidazole', '100', 'mg', 'meals']",8,"['Latamoxef', 'Tinidazole']"
"Patient: 70F. Drugs: Mecamylamine 50mg as needed, Heroin 25mg once daily, Diflorasone.","['Mecamylamine', 'Heroin', 'Diflorasone']",1,3,risk or severity of adverse effects,"patient: 70f. drugs: mecamylamine 50mg as needed, heroin 25mg once daily, diflorasone.","['patient', '70f', 'drugs', 'mecamylamine', '50', 'mg', 'needed', 'heroin', '25', 'mg', 'daily', 'diflorasone']",12,"['Diflorasone', 'Mecamylamine', 'Heroin']"
"Patient: 25F. Drugs: Pirenzepine, Atomoxetine 100mg every 8 hours, Tirofiban 100mg after meals.","['Pirenzepine', 'Atomoxetine', 'Tirofiban']",0,0,none,"patient: 25f. drugs: pirenzepine, atomoxetine 100mg every 8 hours, tirofiban 100mg after meals.","['patient', '25f', 'drugs', 'pirenzepine', 'atomoxetine', '100', 'mg', '8', 'hours', 'tirofiban', '100', 'mg', 'meals']",13,"['Pirenzepine', 'Atomoxetine', 'Tirofiban']"
"Patient: 28F. Drugs: Triflupromazine 500mg before meals, Artenimol, Paliperidone.","['Triflupromazine', 'Artenimol', 'Paliperidone']",1,2,serum concentration,"patient: 28f. drugs: triflupromazine 500mg before meals, artenimol, paliperidone.","['patient', '28f', 'drugs', 'triflupromazine', '500', 'mg', 'meals', 'artenimol', 'paliperidone']",9,"['Artenimol', 'Paliperidone', 'Triflupromazine']"
"Patient: 60F. Drugs: Decitabine 75mg as needed, Imiquimod 50mg twice daily.","['Decitabine', 'Imiquimod']",0,0,none,"patient: 60f. drugs: decitabine 75mg as needed, imiquimod 50mg twice daily.","['patient', '60f', 'drugs', 'decitabine', '75', 'mg', 'needed', 'imiquimod', '50', 'mg', 'twice', 'daily']",12,"['Decitabine', 'Imiquimod']"
"Patient: 52M. Drugs: Promazine, Moclobemide 500mg once daily, Biperiden 50mg once daily.","['Promazine', 'Moclobemide', 'Biperiden']",1,2,metabolism,"patient: 52m. drugs: promazine, moclobemide 500mg once daily, biperiden 50mg once daily.","['patient', '52', 'm.', 'drugs', 'promazine', 'moclobemide', '500', 'mg', 'daily', 'biperiden', '50', 'mg', 'daily']",13,"['Promazine', 'Moclobemide', 'Biperiden']"
"Patient: 55F. Drugs: Ketobemidone 500mg as needed, Benzyl alcohol 75mg before meals, Clevidipine 500mg three times daily.","['Ketobemidone', 'Benzyl alcohol', 'Clevidipine']",1,3,risk or severity of adverse effects,"patient: 55f. drugs: ketobemidone 500mg as needed, benzyl alcohol 75mg before meals, clevidipine 500mg three times daily.","['patient', '55f', 'drugs', 'ketobemidone', '500', 'mg', 'needed', 'benzyl', 'alcohol', '75', 'mg', 'meals', 'clevidipine', '500', 'mg', 'times', 'daily']",17,"['Ketobemidone', 'Benzyl alcohol', 'Clevidipine']"
"Patient: 58M. Drugs: Benzylpenicillin 50mg twice daily, Dimethyl sulfoxide.","['Benzylpenicillin', 'Dimethyl sulfoxide']",0,0,none,"patient: 58m. drugs: benzylpenicillin 50mg twice daily, dimethyl sulfoxide.","['patient', '58', 'm.', 'drugs', 'benzylpenicillin', '50', 'mg', 'twice', 'daily', 'dimethyl', 'sulfoxide']",11,"['Benzylpenicillin', 'Dimethyl sulfoxide']"
"Patient: 68M. Drugs: Citalopram, Protriptyline 75mg twice daily, Midecamycin 50mg every 6 hours.","['Citalopram', 'Protriptyline', 'Midecamycin']",1,3,risk or severity of adverse effects,"patient: 68m. drugs: citalopram, protriptyline 75mg twice daily, midecamycin 50mg every 6 hours.","['patient', '68', 'm.', 'drugs', 'citalopram', 'protriptyline', '75', 'mg', 'twice', 'daily', 'midecamycin', '50', 'mg', '6', 'hours']",15,"['Midecamycin', 'Protriptyline', 'Citalopram']"
"Patient: 28F. Drugs: Imatinib, Prednisone, Zidovudine 200mg after meals.","['Imatinib', 'Prednisone', 'Zidovudine']",1,2,metabolism,"patient: 28f. drugs: imatinib, prednisone, zidovudine 200mg after meals.","['patient', '28f', 'drugs', 'imatinib', 'prednisone', 'zidovudine', '200', 'mg', 'meals']",9,"['Zidovudine', 'Prednisone', 'Imatinib']"
"Patient: 40M. Drugs: Lercanidipine 100mg every 8 hours, Roflumilast 100mg twice daily, Phenindamine 500mg three times daily.","['Lercanidipine', 'Roflumilast', 'Phenindamine']",0,0,none,"patient: 40m. drugs: lercanidipine 100mg every 8 hours, roflumilast 100mg twice daily, phenindamine 500mg three times daily.","['patient', '40', 'm.', 'drugs', 'lercanidipine', '100', 'mg', '8', 'hours', 'roflumilast', '100', 'mg', 'twice', 'daily', 'phenindamine', '500', 'mg', 'times', 'daily']",19,"['Lercanidipine', 'Roflumilast', 'Phenindamine']"
"Patient: 25F. Drugs: Quetiapine 200mg twice daily, Paliperidone 100mg every 8 hours.","['Quetiapine', 'Paliperidone']",1,3,risk or severity of QTc prolongation,"patient: 25f. drugs: quetiapine 200mg twice daily, paliperidone 100mg every 8 hours.","['patient', '25f', 'drugs', 'quetiapine', '200', 'mg', 'twice', 'daily', 'paliperidone', '100', 'mg', '8', 'hours']",13,"['Paliperidone', 'Quetiapine']"
"Patient: 28F. Drugs: Diflunisal 100mg as needed, Fluocinonide.","['Diflunisal', 'Fluocinonide']",1,3,risk or severity of adverse effects,"patient: 28f. drugs: diflunisal 100mg as needed, fluocinonide.","['patient', '28f', 'drugs', 'diflunisal', '100', 'mg', 'needed', 'fluocinonide']",8,"['Diflunisal', 'Fluocinonide']"
"Patient: 25F. Drugs: Duloxetine 200mg once daily, Bromfenac, Prednisolone 75mg three times daily.","['Duloxetine', 'Bromfenac', 'Prednisolone']",1,1,antiplatelet activities,"patient: 25f. drugs: duloxetine 200mg once daily, bromfenac, prednisolone 75mg three times daily.","['patient', '25f', 'drugs', 'duloxetine', '200', 'mg', 'daily', 'bromfenac', 'prednisolone', '75', 'mg', 'times', 'daily']",13,"['Bromfenac', 'Prednisolone', 'Duloxetine']"
"Patient: 75M. Drugs: Silodosin 25mg as needed, Paramethadione.","['Silodosin', 'Paramethadione']",0,0,none,"patient: 75m. drugs: silodosin 25mg as needed, paramethadione.","['patient', '75', 'm.', 'drugs', 'silodosin', '25', 'mg', 'needed', 'paramethadione']",9,"['Silodosin', 'Paramethadione']"
"Patient: 75M. Drugs: Dantrolene 50mg twice daily, Lofexidine 200mg once daily, Cephalexin 500mg three times daily.","['Dantrolene', 'Lofexidine', 'Cephalexin']",1,1,therapeutic efficacy,"patient: 75m. drugs: dantrolene 50mg twice daily, lofexidine 200mg once daily, cephalexin 500mg three times daily.","['patient', '75', 'm.', 'drugs', 'dantrolene', '50', 'mg', 'twice', 'daily', 'lofexidine', '200', 'mg', 'daily', 'cephalexin', '500', 'mg', 'times', 'daily']",18,"['Cephalexin', 'Dantrolene', 'Lofexidine']"
"Patient: 48F. Drugs: Natamycin, Bepridil, Testolactone, Deflazacort 75mg once daily.","['Natamycin', 'Bepridil', 'Testolactone', 'Deflazacort']",1,1,therapeutic efficacy,"patient: 48f. drugs: natamycin, bepridil, testolactone, deflazacort 75mg once daily.","['patient', '48f', 'drugs', 'natamycin', 'bepridil', 'testolactone', 'deflazacort', '75', 'mg', 'daily']",10,"['Testolactone', 'Deflazacort', 'Bepridil', 'Natamycin']"
"Patient: 58M. Drugs: Carvedilol, Flurbiprofen, Oxaliplatin 25mg twice daily, Aprindine 500mg every 12 hours.","['Carvedilol', 'Flurbiprofen', 'Oxaliplatin', 'Aprindine']",1,2,antihypertensive activities,"patient: 58m. drugs: carvedilol, flurbiprofen, oxaliplatin 25mg twice daily, aprindine 500mg every 12 hours.","['patient', '58', 'm.', 'drugs', 'carvedilol', 'flurbiprofen', 'oxaliplatin', '25', 'mg', 'twice', 'daily', 'aprindine', '500', 'mg', '12', 'hours']",16,"['Carvedilol', 'Oxaliplatin', 'Aprindine', 'Flurbiprofen']"
"Patient: 33M. Drugs: Hydroflumethiazide, Eflornithine 50mg every 12 hours, Nepafenac 500mg before meals.","['Hydroflumethiazide', 'Eflornithine', 'Nepafenac']",1,1,therapeutic efficacy,"patient: 33m. drugs: hydroflumethiazide, eflornithine 50mg every 12 hours, nepafenac 500mg before meals.","['patient', '33', 'm.', 'drugs', 'hydroflumethiazide', 'eflornithine', '50', 'mg', '12', 'hours', 'nepafenac', '500', 'mg', 'meals']",14,"['Hydroflumethiazide', 'Eflornithine', 'Nepafenac']"
"Patient: 58M. Drugs: Ropivacaine 500mg every 12 hours, Phenoxyethanol 50mg three times daily.","['Ropivacaine', 'Phenoxyethanol']",1,3,risk or severity of adverse effects,"patient: 58m. drugs: ropivacaine 500mg every 12 hours, phenoxyethanol 50mg three times daily.","['patient', '58', 'm.', 'drugs', 'ropivacaine', '500', 'mg', '12', 'hours', 'phenoxyethanol', '50', 'mg', 'times', 'daily']",14,"['Phenoxyethanol', 'Ropivacaine']"
"Patient: 55F. Drugs: Zidovudine, Nicardipine, Altretamine 200mg three times daily.","['Zidovudine', 'Nicardipine', 'Altretamine']",1,2,metabolism,"patient: 55f. drugs: zidovudine, nicardipine, altretamine 200mg three times daily.","['patient', '55f', 'drugs', 'zidovudine', 'nicardipine', 'altretamine', '200', 'mg', 'times', 'daily']",10,"['Zidovudine', 'Altretamine', 'Nicardipine']"
"Patient: 25F. Drugs: Benzoic Acid 25mg before meals, Lixisenatide.","['Benzoic Acid', 'Lixisenatide']",0,0,none,"patient: 25f. drugs: benzoic acid 25mg before meals, lixisenatide.","['patient', '25f', 'drugs', 'benzoic', 'acid', '25', 'mg', 'meals', 'lixisenatide']",9,"['Lixisenatide', 'Benzoic Acid']"
"Patient: 60F. Drugs: Trilostane 100mg as needed, Crizotinib, Phenazopyridine.","['Trilostane', 'Crizotinib', 'Phenazopyridine']",0,0,none,"patient: 60f. drugs: trilostane 100mg as needed, crizotinib, phenazopyridine.","['patient', '60f', 'drugs', 'trilostane', '100', 'mg', 'needed', 'crizotinib', 'phenazopyridine']",9,"['Crizotinib', 'Trilostane', 'Phenazopyridine']"
"Patient: 48F. Drugs: Dinoprost Tromethamine 200mg every 8 hours, Loxoprofen, Flurandrenolide 75mg every 12 hours.","['Dinoprost Tromethamine', 'Loxoprofen', 'Flurandrenolide']",1,1,therapeutic efficacy,"patient: 48f. drugs: dinoprost tromethamine 200mg every 8 hours, loxoprofen, flurandrenolide 75mg every 12 hours.","['patient', '48f', 'drugs', 'dinoprost', 'tromethamine', '200', 'mg', '8', 'hours', 'loxoprofen', 'flurandrenolide', '75', 'mg', '12', 'hours']",15,"['Dinoprost Tromethamine', 'Flurandrenolide', 'Loxoprofen']"
"Patient: 35F. Drugs: Disulfiram 100mg after meals, Cobicistat, Avanafil 500mg every 6 hours.","['Disulfiram', 'Cobicistat', 'Avanafil']",1,2,metabolism,"patient: 35f. drugs: disulfiram 100mg after meals, cobicistat, avanafil 500mg every 6 hours.","['patient', '35f', 'drugs', 'disulfiram', '100', 'mg', 'meals', 'cobicistat', 'avanafil', '500', 'mg', '6', 'hours']",13,"['Avanafil', 'Disulfiram', 'Cobicistat']"
"Patient: 30M. Drugs: Pregabalin 25mg every 8 hours, Tetrabenazine 200mg every 6 hours.","['Pregabalin', 'Tetrabenazine']",1,1,therapeutic efficacy,"patient: 30m. drugs: pregabalin 25mg every 8 hours, tetrabenazine 200mg every 6 hours.","['patient', '30', 'm.', 'drugs', 'pregabalin', '25', 'mg', '8', 'hours', 'tetrabenazine', '200', 'mg', '6', 'hours']",14,"['Tetrabenazine', 'Pregabalin']"
"Patient: 75M. Drugs: Dantrolene 50mg twice daily, Lofexidine 200mg once daily, Cephalexin 500mg three times daily.","['Dantrolene', 'Lofexidine', 'Cephalexin']",1,1,therapeutic efficacy,"patient: 75m. drugs: dantrolene 50mg twice daily, lofexidine 200mg once daily, cephalexin 500mg three times daily.","['patient', '75', 'm.', 'drugs', 'dantrolene', '50', 'mg', 'twice', 'daily', 'lofexidine', '200', 'mg', 'daily', 'cephalexin', '500', 'mg', 'times', 'daily']",18,"['Cephalexin', 'Dantrolene', 'Lofexidine']"
"Patient: 35F. Drugs: Galantamine 25mg before meals, Fosphenytoin 25mg every 6 hours.","['Galantamine', 'Fosphenytoin']",1,2,metabolism,"patient: 35f. drugs: galantamine 25mg before meals, fosphenytoin 25mg every 6 hours.","['patient', '35f', 'drugs', 'galantamine', '25', 'mg', 'meals', 'fosphenytoin', '25', 'mg', '6', 'hours']",12,"['Fosphenytoin', 'Galantamine']"
"Patient: 25F. Drugs: Methsuximide, Curcumin 50mg three times daily.","['Methsuximide', 'Curcumin']",0,0,none,"patient: 25f. drugs: methsuximide, curcumin 50mg three times daily.","['patient', '25f', 'drugs', 'methsuximide', 'curcumin', '50', 'mg', 'times', 'daily']",9,"['Methsuximide', 'Curcumin']"
"Patient: 45F. Drugs: Sufentanil 50mg before meals, Sodium oxybate 75mg every 12 hours.","['Sufentanil', 'Sodium oxybate']",1,2,central nervous system depressant (CNS depressant) activities,"patient: 45f. drugs: sufentanil 50mg before meals, sodium oxybate 75mg every 12 hours.","['patient', '45f', 'drugs', 'sufentanil', '50', 'mg', 'meals', 'sodium', 'oxybate', '75', 'mg', '12', 'hours']",13,"['Sodium oxybate', 'Sufentanil']"
"Patient: 25F. Drugs: Nalidixic Acid, Aluminum hydroxide 50mg once daily, Acetylcholine.","['Nalidixic Acid', 'Aluminum hydroxide', 'Acetylcholine']",1,1,absorption,"patient: 25f. drugs: nalidixic acid, aluminum hydroxide 50mg once daily, acetylcholine.","['patient', '25f', 'drugs', 'nalidixic', 'acid', 'aluminum', 'hydroxide', '50', 'mg', 'daily', 'acetylcholine']",11,"['Aluminum hydroxide', 'Acetylcholine', 'Nalidixic Acid']"
"Patient: 62M. Drugs: Isavuconazonium 100mg as needed, Ruxolitinib 100mg twice daily, Procarbazine 25mg every 12 hours.","['Isavuconazonium', 'Ruxolitinib', 'Procarbazine']",1,2,metabolism,"patient: 62m. drugs: isavuconazonium 100mg as needed, ruxolitinib 100mg twice daily, procarbazine 25mg every 12 hours.","['patient', '62', 'm.', 'drugs', 'isavuconazonium', '100', 'mg', 'needed', 'ruxolitinib', '100', 'mg', 'twice', 'daily', 'procarbazine', '25', 'mg', '12', 'hours']",18,"['Procarbazine', 'Isavuconazonium', 'Ruxolitinib']"
"Patient: 62M. Drugs: Pimozide 100mg as needed, Edetic Acid, Carmustine 200mg after meals.","['Pimozide', 'Edetic Acid', 'Carmustine']",0,0,none,"patient: 62m. drugs: pimozide 100mg as needed, edetic acid, carmustine 200mg after meals.","['patient', '62', 'm.', 'drugs', 'pimozide', '100', 'mg', 'needed', 'edetic', 'acid', 'carmustine', '200', 'mg', 'meals']",14,"['Pimozide', 'Edetic Acid', 'Carmustine']"
"Patient: 62M. Drugs: Cinchocaine 75mg every 6 hours, Pentazocine 25mg before meals, Omeprazole 25mg once daily.","['Cinchocaine', 'Pentazocine', 'Omeprazole']",1,3,risk or severity of adverse effects,"patient: 62m. drugs: cinchocaine 75mg every 6 hours, pentazocine 25mg before meals, omeprazole 25mg once daily.","['patient', '62', 'm.', 'drugs', 'cinchocaine', '75', 'mg', '6', 'hours', 'pentazocine', '25', 'mg', 'meals', 'omeprazole', '25', 'mg', 'daily']",17,"['Cinchocaine', 'Omeprazole', 'Pentazocine']"
"Patient: 40M. Drugs: Orphenadrine 75mg every 8 hours, Huperzine A 25mg once daily.","['Orphenadrine', 'Huperzine A']",1,1,therapeutic efficacy,"patient: 40m. drugs: orphenadrine 75mg every 8 hours, huperzine a 25mg once daily.","['patient', '40', 'm.', 'drugs', 'orphenadrine', '75', 'mg', '8', 'hours', 'huperzine', '25', 'mg', 'daily']",13,"['Huperzine A', 'Orphenadrine']"
"Patient: 28F. Drugs: Mefloquine 75mg twice daily, Nepafenac 50mg after meals.","['Mefloquine', 'Nepafenac']",0,0,none,"patient: 28f. drugs: mefloquine 75mg twice daily, nepafenac 50mg after meals.","['patient', '28f', 'drugs', 'mefloquine', '75', 'mg', 'twice', 'daily', 'nepafenac', '50', 'mg', 'meals']",12,"['Mefloquine', 'Nepafenac']"
"Patient: 28F. Drugs: Isoniazid 200mg three times daily, Bepridil 100mg every 8 hours, Fluticasone 200mg every 12 hours.","['Isoniazid', 'Bepridil', 'Fluticasone']",1,2,metabolism,"patient: 28f. drugs: isoniazid 200mg three times daily, bepridil 100mg every 8 hours, fluticasone 200mg every 12 hours.","['patient', '28f', 'drugs', 'isoniazid', '200', 'mg', 'times', 'daily', 'bepridil', '100', 'mg', '8', 'hours', 'fluticasone', '200', 'mg', '12', 'hours']",18,"['Bepridil', 'Isoniazid', 'Fluticasone']"
"Patient: 75M. Drugs: Apraclonidine 100mg three times daily, Mianserin 200mg after meals, Ferrous sulfate 100mg before meals.","['Apraclonidine', 'Mianserin', 'Ferrous sulfate']",1,1,therapeutic efficacy,"patient: 75m. drugs: apraclonidine 100mg three times daily, mianserin 200mg after meals, ferrous sulfate 100mg before meals.","['patient', '75', 'm.', 'drugs', 'apraclonidine', '100', 'mg', 'times', 'daily', 'mianserin', '200', 'mg', 'meals', 'ferrous', 'sulfate', '100', 'mg', 'meals']",18,"['Ferrous sulfate', 'Mianserin', 'Apraclonidine']"
"Patient: 30M. Drugs: Carisoprodol 500mg every 12 hours, Oxybuprocaine 500mg three times daily.","['Carisoprodol', 'Oxybuprocaine']",1,3,risk or severity of adverse effects,"patient: 30m. drugs: carisoprodol 500mg every 12 hours, oxybuprocaine 500mg three times daily.","['patient', '30', 'm.', 'drugs', 'carisoprodol', '500', 'mg', '12', 'hours', 'oxybuprocaine', '500', 'mg', 'times', 'daily']",14,"['Oxybuprocaine', 'Carisoprodol']"
"Patient: 48F. Drugs: Secobarbital, Chlorothiazide 200mg twice daily.","['Secobarbital', 'Chlorothiazide']",1,2,orthostatic hypotensive activities,"patient: 48f. drugs: secobarbital, chlorothiazide 200mg twice daily.","['patient', '48f', 'drugs', 'secobarbital', 'chlorothiazide', '200', 'mg', 'twice', 'daily']",9,"['Chlorothiazide', 'Secobarbital']"
"Patient: 40M. Drugs: Amyl Nitrite 500mg twice daily, Enalaprilat 75mg every 8 hours, Nifedipine 200mg once daily.","['Amyl Nitrite', 'Enalaprilat', 'Nifedipine']",1,3,risk or severity of adverse effects,"patient: 40m. drugs: amyl nitrite 500mg twice daily, enalaprilat 75mg every 8 hours, nifedipine 200mg once daily.","['patient', '40', 'm.', 'drugs', 'amyl', 'nitrite', '500', 'mg', 'twice', 'daily', 'enalaprilat', '75', 'mg', '8', 'hours', 'nifedipine', '200', 'mg', 'daily']",19,"['Enalaprilat', 'Amyl Nitrite', 'Nifedipine']"
"Patient: 70F. Drugs: Clemastine 50mg every 6 hours, Lisuride 100mg every 8 hours.","['Clemastine', 'Lisuride']",1,3,risk or severity of adverse effects,"patient: 70f. drugs: clemastine 50mg every 6 hours, lisuride 100mg every 8 hours.","['patient', '70f', 'drugs', 'clemastine', '50', 'mg', '6', 'hours', 'lisuride', '100', 'mg', '8', 'hours']",13,"['Lisuride', 'Clemastine']"
"Patient: 75M. Drugs: Fulvestrant 200mg twice daily, Netupitant, Perindopril 500mg as needed, Cisapride 75mg before meals.","['Fulvestrant', 'Netupitant', 'Perindopril', 'Cisapride']",1,2,serum concentration,"patient: 75m. drugs: fulvestrant 200mg twice daily, netupitant, perindopril 500mg as needed, cisapride 75mg before meals.","['patient', '75', 'm.', 'drugs', 'fulvestrant', '200', 'mg', 'twice', 'daily', 'netupitant', 'perindopril', '500', 'mg', 'needed', 'cisapride', '75', 'mg', 'meals']",18,"['Netupitant', 'Cisapride', 'Fulvestrant', 'Perindopril']"
"Patient: 70F. Drugs: Indomethacin 25mg every 8 hours, Arbekacin, Cabozantinib.","['Indomethacin', 'Arbekacin', 'Cabozantinib']",1,2,excretion rate of higher serum level,"patient: 70f. drugs: indomethacin 25mg every 8 hours, arbekacin, cabozantinib.","['patient', '70f', 'drugs', 'indomethacin', '25', 'mg', '8', 'hours', 'arbekacin', 'cabozantinib']",10,"['Arbekacin', 'Cabozantinib', 'Indomethacin']"
"Patient: 55F. Drugs: Posaconazole 50mg once daily, Clevidipine 200mg before meals, Adenine.","['Posaconazole', 'Clevidipine', 'Adenine']",1,1,therapeutic efficacy,"patient: 55f. drugs: posaconazole 50mg once daily, clevidipine 200mg before meals, adenine.","['patient', '55f', 'drugs', 'posaconazole', '50', 'mg', 'daily', 'clevidipine', '200', 'mg', 'meals', 'adenine']",12,"['Adenine', 'Posaconazole', 'Clevidipine']"
"Patient: 28F. Drugs: Maprotiline, Butethal 75mg before meals.","['Maprotiline', 'Butethal']",1,3,risk or severity of adverse effects,"patient: 28f. drugs: maprotiline, butethal 75mg before meals.","['patient', '28f', 'drugs', 'maprotiline', 'butethal', '75', 'mg', 'meals']",8,"['Maprotiline', 'Butethal']"
"Patient: 33M. Drugs: Bromocriptine 75mg after meals, Zotepine 200mg before meals, Flavoxate 200mg before meals.","['Bromocriptine', 'Zotepine', 'Flavoxate']",1,1,therapeutic efficacy,"patient: 33m. drugs: bromocriptine 75mg after meals, zotepine 200mg before meals, flavoxate 200mg before meals.","['patient', '33', 'm.', 'drugs', 'bromocriptine', '75', 'mg', 'meals', 'zotepine', '200', 'mg', 'meals', 'flavoxate', '200', 'mg', 'meals']",16,"['Flavoxate', 'Bromocriptine', 'Zotepine']"
"Patient: 75M. Drugs: Lidocaine, Darunavir 100mg every 6 hours, Pizotifen 500mg three times daily.","['Lidocaine', 'Darunavir', 'Pizotifen']",1,2,serum concentration,"patient: 75m. drugs: lidocaine, darunavir 100mg every 6 hours, pizotifen 500mg three times daily.","['patient', '75', 'm.', 'drugs', 'lidocaine', 'darunavir', '100', 'mg', '6', 'hours', 'pizotifen', '500', 'mg', 'times', 'daily']",15,"['Darunavir', 'Lidocaine', 'Pizotifen']"
"Patient: 45F. Drugs: Isoflurophate 100mg once daily, Alclometasone, Ranitidine.","['Isoflurophate', 'Alclometasone', 'Ranitidine']",1,3,risk or severity of adverse effects,"patient: 45f. drugs: isoflurophate 100mg once daily, alclometasone, ranitidine.","['patient', '45f', 'drugs', 'isoflurophate', '100', 'mg', 'daily', 'alclometasone', 'ranitidine']",9,"['Alclometasone', 'Ranitidine', 'Isoflurophate']"
"Patient: 58M. Drugs: Acetyldigitoxin, Acebutolol, Perospirone 50mg every 12 hours.","['Acetyldigitoxin', 'Acebutolol', 'Perospirone']",1,2,bradycardic activities,"patient: 58m. drugs: acetyldigitoxin, acebutolol, perospirone 50mg every 12 hours.","['patient', '58', 'm.', 'drugs', 'acetyldigitoxin', 'acebutolol', 'perospirone', '50', 'mg', '12', 'hours']",11,"['Acebutolol', 'Acetyldigitoxin', 'Perospirone']"
"Patient: 48F. Drugs: Methyl aminolevulinate 50mg as needed, Rosiglitazone 25mg every 12 hours, Sulfameter 25mg after meals, Bromotheophylline.","['Methyl aminolevulinate', 'Rosiglitazone', 'Sulfameter', 'Bromotheophylline']",0,0,none,"patient: 48f. drugs: methyl aminolevulinate 50mg as needed, rosiglitazone 25mg every 12 hours, sulfameter 25mg after meals, bromotheophylline.","['patient', '48f', 'drugs', 'methyl', 'aminolevulinate', '50', 'mg', 'needed', 'rosiglitazone', '25', 'mg', '12', 'hours', 'sulfameter', '25', 'mg', 'meals', 'bromotheophylline']",18,"['Rosiglitazone', 'Bromotheophylline', 'Sulfameter', 'Methyl aminolevulinate']"
"Patient: 45F. Drugs: Esmolol 100mg every 6 hours, Irbesartan 200mg every 6 hours.","['Esmolol', 'Irbesartan']",1,3,risk or severity of adverse effects,"patient: 45f. drugs: esmolol 100mg every 6 hours, irbesartan 200mg every 6 hours.","['patient', '45f', 'drugs', 'esmolol', '100', 'mg', '6', 'hours', 'irbesartan', '200', 'mg', '6', 'hours']",13,"['Irbesartan', 'Esmolol']"
"Patient: 25F. Drugs: Flutamide 100mg three times daily, Udenafil 200mg three times daily.","['Flutamide', 'Udenafil']",0,0,none,"patient: 25f. drugs: flutamide 100mg three times daily, udenafil 200mg three times daily.","['patient', '25f', 'drugs', 'flutamide', '100', 'mg', 'times', 'daily', 'udenafil', '200', 'mg', 'times', 'daily']",13,"['Udenafil', 'Flutamide']"
"Patient: 55F. Drugs: Prazepam 50mg every 6 hours, Estradiol valerate 200mg before meals, Levallorphan 25mg as needed.","['Prazepam', 'Estradiol valerate', 'Levallorphan']",0,0,none,"patient: 55f. drugs: prazepam 50mg every 6 hours, estradiol valerate 200mg before meals, levallorphan 25mg as needed.","['patient', '55f', 'drugs', 'prazepam', '50', 'mg', '6', 'hours', 'estradiol', 'valerate', '200', 'mg', 'meals', 'levallorphan', '25', 'mg', 'needed']",17,"['Levallorphan', 'Estradiol valerate', 'Prazepam']"
"Patient: 60F. Drugs: Reboxetine, Minocycline 200mg before meals, Itraconazole 75mg twice daily.","['Reboxetine', 'Minocycline', 'Itraconazole']",1,2,metabolism,"patient: 60f. drugs: reboxetine, minocycline 200mg before meals, itraconazole 75mg twice daily.","['patient', '60f', 'drugs', 'reboxetine', 'minocycline', '200', 'mg', 'meals', 'itraconazole', '75', 'mg', 'twice', 'daily']",13,"['Itraconazole', 'Reboxetine', 'Minocycline']"
"Patient: 30M. Drugs: Pregabalin 25mg every 8 hours, Tetrabenazine 200mg every 6 hours.","['Pregabalin', 'Tetrabenazine']",1,1,therapeutic efficacy,"patient: 30m. drugs: pregabalin 25mg every 8 hours, tetrabenazine 200mg every 6 hours.","['patient', '30', 'm.', 'drugs', 'pregabalin', '25', 'mg', '8', 'hours', 'tetrabenazine', '200', 'mg', '6', 'hours']",14,"['Tetrabenazine', 'Pregabalin']"
"Patient: 70F. Drugs: Tramadol, Chlorthalidone 75mg after meals, Reboxetine 500mg every 6 hours.","['Tramadol', 'Chlorthalidone', 'Reboxetine']",1,3,risk or severity of adverse effects,"patient: 70f. drugs: tramadol, chlorthalidone 75mg after meals, reboxetine 500mg every 6 hours.","['patient', '70f', 'drugs', 'tramadol', 'chlorthalidone', '75', 'mg', 'meals', 'reboxetine', '500', 'mg', '6', 'hours']",13,"['Chlorthalidone', 'Reboxetine', 'Tramadol']"
"Patient: 30M. Drugs: Cyclosporine 500mg three times daily, Sucralfate, Melperone.","['Cyclosporine', 'Sucralfate', 'Melperone']",1,1,absorption,"patient: 30m. drugs: cyclosporine 500mg three times daily, sucralfate, melperone.","['patient', '30', 'm.', 'drugs', 'cyclosporine', '500', 'mg', 'times', 'daily', 'sucralfate', 'melperone']",11,"['Melperone', 'Cyclosporine', 'Sucralfate']"
"Patient: 58M. Drugs: Nimesulide 50mg twice daily, Artemether.","['Nimesulide', 'Artemether']",1,1,therapeutic efficacy,"patient: 58m. drugs: nimesulide 50mg twice daily, artemether.","['patient', '58', 'm.', 'drugs', 'nimesulide', '50', 'mg', 'twice', 'daily', 'artemether']",10,"['Nimesulide', 'Artemether']"
"Patient: 25F. Drugs: Norgestimate 25mg after meals, Empagliflozin 500mg as needed.","['Norgestimate', 'Empagliflozin']",1,1,therapeutic efficacy,"patient: 25f. drugs: norgestimate 25mg after meals, empagliflozin 500mg as needed.","['patient', '25f', 'drugs', 'norgestimate', '25', 'mg', 'meals', 'empagliflozin', '500', 'mg', 'needed']",11,"['Norgestimate', 'Empagliflozin']"
"Patient: 25F. Drugs: Remifentanil 25mg once daily, Captopril 75mg as needed, Efonidipine 25mg before meals.","['Remifentanil', 'Captopril', 'Efonidipine']",1,3,risk or severity of adverse effects,"patient: 25f. drugs: remifentanil 25mg once daily, captopril 75mg as needed, efonidipine 25mg before meals.","['patient', '25f', 'drugs', 'remifentanil', '25', 'mg', 'daily', 'captopril', '75', 'mg', 'needed', 'efonidipine', '25', 'mg', 'meals']",15,"['Remifentanil', 'Efonidipine', 'Captopril']"
"Patient: 48F. Drugs: Nitroxoline, Aranidipine 75mg before meals, Delamanid 75mg three times daily.","['Nitroxoline', 'Aranidipine', 'Delamanid']",1,1,therapeutic efficacy,"patient: 48f. drugs: nitroxoline, aranidipine 75mg before meals, delamanid 75mg three times daily.","['patient', '48f', 'drugs', 'nitroxoline', 'aranidipine', '75', 'mg', 'meals', 'delamanid', '75', 'mg', 'times', 'daily']",13,"['Nitroxoline', 'Delamanid', 'Aranidipine']"
"Patient: 52M. Drugs: Clemastine 500mg as needed, Dinoprost 25mg after meals, Moxonidine 100mg before meals.","['Clemastine', 'Dinoprost', 'Moxonidine']",0,0,none,"patient: 52m. drugs: clemastine 500mg as needed, dinoprost 25mg after meals, moxonidine 100mg before meals.","['patient', '52', 'm.', 'drugs', 'clemastine', '500', 'mg', 'needed', 'dinoprost', '25', 'mg', 'meals', 'moxonidine', '100', 'mg', 'meals']",16,"['Moxonidine', 'Dinoprost', 'Clemastine']"
"Patient: 75M. Drugs: Acepromazine 25mg after meals, Levosalbutamol 50mg every 8 hours, Tirofiban 75mg every 8 hours.","['Acepromazine', 'Levosalbutamol', 'Tirofiban']",1,2,vasoconstricting activities,"patient: 75m. drugs: acepromazine 25mg after meals, levosalbutamol 50mg every 8 hours, tirofiban 75mg every 8 hours.","['patient', '75', 'm.', 'drugs', 'acepromazine', '25', 'mg', 'meals', 'levosalbutamol', '50', 'mg', '8', 'hours', 'tirofiban', '75', 'mg', '8', 'hours']",18,"['Acepromazine', 'Tirofiban', 'Levosalbutamol']"
"Patient: 55F. Drugs: Hydralazine 75mg after meals, Niraparib 25mg three times daily.","['Hydralazine', 'Niraparib']",0,0,none,"patient: 55f. drugs: hydralazine 75mg after meals, niraparib 25mg three times daily.","['patient', '55f', 'drugs', 'hydralazine', '75', 'mg', 'meals', 'niraparib', '25', 'mg', 'times', 'daily']",12,"['Hydralazine', 'Niraparib']"
"Patient: 48F. Drugs: Trimipramine, Agomelatine, Sodium Chloride.","['Trimipramine', 'Agomelatine', 'Sodium Chloride']",1,3,risk or severity of adverse effects,"patient: 48f. drugs: trimipramine, agomelatine, sodium chloride.","['patient', '48f', 'drugs', 'trimipramine', 'agomelatine', 'sodium', 'chloride']",7,"['Sodium Chloride', 'Agomelatine', 'Trimipramine']"
"Patient: 70F. Drugs: Idelalisib, Dalfopristin, Piperaquine 75mg every 6 hours.","['Idelalisib', 'Dalfopristin', 'Piperaquine']",1,2,metabolism,"patient: 70f. drugs: idelalisib, dalfopristin, piperaquine 75mg every 6 hours.","['patient', '70f', 'drugs', 'idelalisib', 'dalfopristin', 'piperaquine', '75', 'mg', '6', 'hours']",10,"['Idelalisib', 'Piperaquine', 'Dalfopristin']"
"Patient: 48F. Drugs: Nisoldipine, Sirolimus.","['Nisoldipine', 'Sirolimus']",1,1,therapeutic efficacy,"patient: 48f. drugs: nisoldipine, sirolimus.","['patient', '48f', 'drugs', 'nisoldipine', 'sirolimus']",5,"['Nisoldipine', 'Sirolimus']"
"Patient: 30M. Drugs: Cyclosporine 100mg twice daily, Methysergide, Zafirlukast 25mg as needed.","['Cyclosporine', 'Methysergide', 'Zafirlukast']",1,3,risk or severity of adverse effects,"patient: 30m. drugs: cyclosporine 100mg twice daily, methysergide, zafirlukast 25mg as needed.","['patient', '30', 'm.', 'drugs', 'cyclosporine', '100', 'mg', 'twice', 'daily', 'methysergide', 'zafirlukast', '25', 'mg', 'needed']",14,"['Cyclosporine', 'Zafirlukast', 'Methysergide']"
"Patient: 58M. Drugs: Teniposide, Stiripentol 200mg once daily.","['Teniposide', 'Stiripentol']",1,2,serum concentration,"patient: 58m. drugs: teniposide, stiripentol 200mg once daily.","['patient', '58', 'm.', 'drugs', 'teniposide', 'stiripentol', '200', 'mg', 'daily']",9,"['Stiripentol', 'Teniposide']"
"Patient: 60F. Drugs: Hydromorphone 25mg every 8 hours, Lurasidone 25mg every 12 hours.","['Hydromorphone', 'Lurasidone']",1,3,risk or severity of adverse effects,"patient: 60f. drugs: hydromorphone 25mg every 8 hours, lurasidone 25mg every 12 hours.","['patient', '60f', 'drugs', 'hydromorphone', '25', 'mg', '8', 'hours', 'lurasidone', '25', 'mg', '12', 'hours']",13,"['Lurasidone', 'Hydromorphone']"
"Patient: 60F. Drugs: Demecarium 100mg every 12 hours, Thiotepa 500mg every 8 hours, Benzthiazide 25mg three times daily, Naftifine.","['Demecarium', 'Thiotepa', 'Benzthiazide', 'Naftifine']",1,1,therapeutic efficacy,"patient: 60f. drugs: demecarium 100mg every 12 hours, thiotepa 500mg every 8 hours, benzthiazide 25mg three times daily, naftifine.","['patient', '60f', 'drugs', 'demecarium', '100', 'mg', '12', 'hours', 'thiotepa', '500', 'mg', '8', 'hours', 'benzthiazide', '25', 'mg', 'times', 'daily', 'naftifine']",19,"['Benzthiazide', 'Naftifine', 'Thiotepa', 'Demecarium']"
"Patient: 25F. Drugs: Lisinopril 75mg every 6 hours, Aminosalicylic Acid 500mg twice daily, Ciprofibrate 100mg every 6 hours.","['Lisinopril', 'Aminosalicylic Acid', 'Ciprofibrate']",1,1,therapeutic efficacy,"patient: 25f. drugs: lisinopril 75mg every 6 hours, aminosalicylic acid 500mg twice daily, ciprofibrate 100mg every 6 hours.","['patient', '25f', 'drugs', 'lisinopril', '75', 'mg', '6', 'hours', 'aminosalicylic', 'acid', '500', 'mg', 'twice', 'daily', 'ciprofibrate', '100', 'mg', '6', 'hours']",19,"['Ciprofibrate', 'Aminosalicylic Acid', 'Lisinopril']"
"Patient: 48F. Drugs: Methysergide 50mg twice daily, Ceritinib 50mg three times daily.","['Methysergide', 'Ceritinib']",1,3,risk or severity of adverse effects,"patient: 48f. drugs: methysergide 50mg twice daily, ceritinib 50mg three times daily.","['patient', '48f', 'drugs', 'methysergide', '50', 'mg', 'twice', 'daily', 'ceritinib', '50', 'mg', 'times', 'daily']",13,"['Ceritinib', 'Methysergide']"
"Patient: 30M. Drugs: Carbidopa 75mg once daily, Imatinib 200mg before meals, Eplerenone 75mg once daily, Vismodegib 25mg after meals.","['Carbidopa', 'Imatinib', 'Eplerenone', 'Vismodegib']",1,2,serum concentration,"patient: 30m. drugs: carbidopa 75mg once daily, imatinib 200mg before meals, eplerenone 75mg once daily, vismodegib 25mg after meals.","['patient', '30', 'm.', 'drugs', 'carbidopa', '75', 'mg', 'daily', 'imatinib', '200', 'mg', 'meals', 'eplerenone', '75', 'mg', 'daily', 'vismodegib', '25', 'mg', 'meals']",20,"['Eplerenone', 'Imatinib', 'Carbidopa', 'Vismodegib']"
"Patient: 55F. Drugs: Posaconazole 50mg once daily, Clevidipine 200mg before meals, Adenine.","['Posaconazole', 'Clevidipine', 'Adenine']",1,1,therapeutic efficacy,"patient: 55f. drugs: posaconazole 50mg once daily, clevidipine 200mg before meals, adenine.","['patient', '55f', 'drugs', 'posaconazole', '50', 'mg', 'daily', 'clevidipine', '200', 'mg', 'meals', 'adenine']",12,"['Adenine', 'Posaconazole', 'Clevidipine']"
"Patient: 48F. Drugs: Methyl aminolevulinate 50mg as needed, Rosiglitazone 25mg every 12 hours, Sulfameter 25mg after meals, Bromotheophylline.","['Methyl aminolevulinate', 'Rosiglitazone', 'Sulfameter', 'Bromotheophylline']",0,0,none,"patient: 48f. drugs: methyl aminolevulinate 50mg as needed, rosiglitazone 25mg every 12 hours, sulfameter 25mg after meals, bromotheophylline.","['patient', '48f', 'drugs', 'methyl', 'aminolevulinate', '50', 'mg', 'needed', 'rosiglitazone', '25', 'mg', '12', 'hours', 'sulfameter', '25', 'mg', 'meals', 'bromotheophylline']",18,"['Rosiglitazone', 'Bromotheophylline', 'Sulfameter', 'Methyl aminolevulinate']"
"Patient: 52M. Drugs: Brompheniramine 100mg as needed, Difenoxin 25mg once daily, Somatostatin 500mg as needed.","['Brompheniramine', 'Difenoxin', 'Somatostatin']",1,3,risk or severity of adverse effects,"patient: 52m. drugs: brompheniramine 100mg as needed, difenoxin 25mg once daily, somatostatin 500mg as needed.","['patient', '52', 'm.', 'drugs', 'brompheniramine', '100', 'mg', 'needed', 'difenoxin', '25', 'mg', 'daily', 'somatostatin', '500', 'mg', 'needed']",16,"['Difenoxin', 'Somatostatin', 'Brompheniramine']"
"Patient: 55F. Drugs: Hexetidine, Rimexolone 200mg as needed, Mefloquine.","['Hexetidine', 'Rimexolone', 'Mefloquine']",1,3,risk or severity of adverse effects,"patient: 55f. drugs: hexetidine, rimexolone 200mg as needed, mefloquine.","['patient', '55f', 'drugs', 'hexetidine', 'rimexolone', '200', 'mg', 'needed', 'mefloquine']",9,"['Mefloquine', 'Hexetidine', 'Rimexolone']"
"Patient: 60F. Drugs: Menadione 500mg as needed, Oritavancin 200mg after meals, Carbamazepine 25mg every 8 hours, Dolasetron 75mg before meals.","['Menadione', 'Oritavancin', 'Carbamazepine', 'Dolasetron']",1,2,metabolism,"patient: 60f. drugs: menadione 500mg as needed, oritavancin 200mg after meals, carbamazepine 25mg every 8 hours, dolasetron 75mg before meals.","['patient', '60f', 'drugs', 'menadione', '500', 'mg', 'needed', 'oritavancin', '200', 'mg', 'meals', 'carbamazepine', '25', 'mg', '8', 'hours', 'dolasetron', '75', 'mg', 'meals']",20,"['Oritavancin', 'Carbamazepine', 'Dolasetron', 'Menadione']"
"Patient: 58M. Drugs: Itraconazole, Clevidipine 50mg after meals, Oxybutynin 50mg once daily.","['Itraconazole', 'Clevidipine', 'Oxybutynin']",1,1,therapeutic efficacy,"patient: 58m. drugs: itraconazole, clevidipine 50mg after meals, oxybutynin 50mg once daily.","['patient', '58', 'm.', 'drugs', 'itraconazole', 'clevidipine', '50', 'mg', 'meals', 'oxybutynin', '50', 'mg', 'daily']",13,"['Itraconazole', 'Oxybutynin', 'Clevidipine']"
"Patient: 30M. Drugs: Flavoxate 500mg three times daily, Dasatinib.","['Flavoxate', 'Dasatinib']",0,0,none,"patient: 30m. drugs: flavoxate 500mg three times daily, dasatinib.","['patient', '30', 'm.', 'drugs', 'flavoxate', '500', 'mg', 'times', 'daily', 'dasatinib']",10,"['Dasatinib', 'Flavoxate']"
"Patient: 62M. Drugs: Leflunomide 25mg twice daily, Salsalate, Aminophylline 50mg every 12 hours.","['Leflunomide', 'Salsalate', 'Aminophylline']",1,3,risk or severity of adverse effects,"patient: 62m. drugs: leflunomide 25mg twice daily, salsalate, aminophylline 50mg every 12 hours.","['patient', '62', 'm.', 'drugs', 'leflunomide', '25', 'mg', 'twice', 'daily', 'salsalate', 'aminophylline', '50', 'mg', '12', 'hours']",15,"['Leflunomide', 'Salsalate', 'Aminophylline']"
"Patient: 28F. Drugs: Levofloxacin 100mg every 12 hours, Verapamil 50mg once daily.","['Levofloxacin', 'Verapamil']",0,0,none,"patient: 28f. drugs: levofloxacin 100mg every 12 hours, verapamil 50mg once daily.","['patient', '28f', 'drugs', 'levofloxacin', '100', 'mg', '12', 'hours', 'verapamil', '50', 'mg', 'daily']",12,"['Levofloxacin', 'Verapamil']"
"Patient: 33M. Drugs: Tetracycline 200mg as needed, Pivmecillinam 500mg every 12 hours.","['Tetracycline', 'Pivmecillinam']",1,1,therapeutic efficacy,"patient: 33m. drugs: tetracycline 200mg as needed, pivmecillinam 500mg every 12 hours.","['patient', '33', 'm.', 'drugs', 'tetracycline', '200', 'mg', 'needed', 'pivmecillinam', '500', 'mg', '12', 'hours']",13,"['Tetracycline', 'Pivmecillinam']"
"Patient: 52M. Drugs: Saxagliptin 500mg three times daily, Foscarnet 50mg once daily, Iopamidol 100mg every 8 hours, Ceftriaxone 100mg once daily.","['Saxagliptin', 'Foscarnet', 'Iopamidol', 'Ceftriaxone']",0,0,none,"patient: 52m. drugs: saxagliptin 500mg three times daily, foscarnet 50mg once daily, iopamidol 100mg every 8 hours, ceftriaxone 100mg once daily.","['patient', '52', 'm.', 'drugs', 'saxagliptin', '500', 'mg', 'times', 'daily', 'foscarnet', '50', 'mg', 'daily', 'iopamidol', '100', 'mg', '8', 'hours', 'ceftriaxone', '100', 'mg', 'daily']",22,"['Saxagliptin', 'Iopamidol', 'Foscarnet', 'Ceftriaxone']"
"Patient: 25F. Drugs: Terbutaline 200mg every 6 hours, Losartan.","['Terbutaline', 'Losartan']",0,0,none,"patient: 25f. drugs: terbutaline 200mg every 6 hours, losartan.","['patient', '25f', 'drugs', 'terbutaline', '200', 'mg', '6', 'hours', 'losartan']",9,"['Losartan', 'Terbutaline']"
"Patient: 40M. Drugs: Permethrin, Gadobenic acid.","['Permethrin', 'Gadobenic acid']",0,0,none,"patient: 40m. drugs: permethrin, gadobenic acid.","['patient', '40', 'm.', 'drugs', 'permethrin', 'gadobenic', 'acid']",7,"['Permethrin', 'Gadobenic acid']"
"Patient: 75M. Drugs: Bufexamac 50mg once daily, Ceforanide 25mg every 8 hours.","['Bufexamac', 'Ceforanide']",0,0,none,"patient: 75m. drugs: bufexamac 50mg once daily, ceforanide 25mg every 8 hours.","['patient', '75', 'm.', 'drugs', 'bufexamac', '50', 'mg', 'daily', 'ceforanide', '25', 'mg', '8', 'hours']",13,"['Bufexamac', 'Ceforanide']"
"Patient: 75M. Drugs: Suvorexant 50mg twice daily, Amrinone 100mg every 12 hours, Cefalotin 100mg every 8 hours, Trihexyphenidyl 50mg as needed.","['Suvorexant', 'Amrinone', 'Cefalotin', 'Trihexyphenidyl']",0,0,none,"patient: 75m. drugs: suvorexant 50mg twice daily, amrinone 100mg every 12 hours, cefalotin 100mg every 8 hours, trihexyphenidyl 50mg as needed.","['patient', '75', 'm.', 'drugs', 'suvorexant', '50', 'mg', 'twice', 'daily', 'amrinone', '100', 'mg', '12', 'hours', 'cefalotin', '100', 'mg', '8', 'hours', 'trihexyphenidyl', '50', 'mg', 'needed']",23,"['Amrinone', 'Suvorexant', 'Cefalotin', 'Trihexyphenidyl']"
"Patient: 45F. Drugs: Pregnenolone 75mg as needed, Dexketoprofen 25mg every 12 hours.","['Pregnenolone', 'Dexketoprofen']",1,3,risk or severity of adverse effects,"patient: 45f. drugs: pregnenolone 75mg as needed, dexketoprofen 25mg every 12 hours.","['patient', '45f', 'drugs', 'pregnenolone', '75', 'mg', 'needed', 'dexketoprofen', '25', 'mg', '12', 'hours']",12,"['Pregnenolone', 'Dexketoprofen']"
"Patient: 45F. Drugs: Flibanserin 25mg every 6 hours, Lofexidine 25mg every 6 hours.","['Flibanserin', 'Lofexidine']",1,1,therapeutic efficacy,"patient: 45f. drugs: flibanserin 25mg every 6 hours, lofexidine 25mg every 6 hours.","['patient', '45f', 'drugs', 'flibanserin', '25', 'mg', '6', 'hours', 'lofexidine', '25', 'mg', '6', 'hours']",13,"['Lofexidine', 'Flibanserin']"
"Patient: 25F. Drugs: Norgestimate 25mg after meals, Empagliflozin 500mg as needed.","['Norgestimate', 'Empagliflozin']",1,1,therapeutic efficacy,"patient: 25f. drugs: norgestimate 25mg after meals, empagliflozin 500mg as needed.","['patient', '25f', 'drugs', 'norgestimate', '25', 'mg', 'meals', 'empagliflozin', '500', 'mg', 'needed']",11,"['Norgestimate', 'Empagliflozin']"
"Patient: 55F. Drugs: Flunarizine 100mg once daily, Calcium glubionate.","['Flunarizine', 'Calcium glubionate']",1,1,therapeutic efficacy,"patient: 55f. drugs: flunarizine 100mg once daily, calcium glubionate.","['patient', '55f', 'drugs', 'flunarizine', '100', 'mg', 'daily', 'calcium', 'glubionate']",9,"['Calcium glubionate', 'Flunarizine']"
"Patient: 55F. Drugs: Rosiglitazone 50mg three times daily, Pipotiazine 25mg before meals, Viloxazine 75mg every 8 hours.","['Rosiglitazone', 'Pipotiazine', 'Viloxazine']",1,1,therapeutic efficacy,"patient: 55f. drugs: rosiglitazone 50mg three times daily, pipotiazine 25mg before meals, viloxazine 75mg every 8 hours.","['patient', '55f', 'drugs', 'rosiglitazone', '50', 'mg', 'times', 'daily', 'pipotiazine', '25', 'mg', 'meals', 'viloxazine', '75', 'mg', '8', 'hours']",17,"['Rosiglitazone', 'Viloxazine', 'Pipotiazine']"
"Patient: 70F. Drugs: Diltiazem 25mg twice daily, Levocetirizine 25mg before meals, Stiripentol.","['Diltiazem', 'Levocetirizine', 'Stiripentol']",1,2,metabolism,"patient: 70f. drugs: diltiazem 25mg twice daily, levocetirizine 25mg before meals, stiripentol.","['patient', '70f', 'drugs', 'diltiazem', '25', 'mg', 'twice', 'daily', 'levocetirizine', '25', 'mg', 'meals', 'stiripentol']",13,"['Stiripentol', 'Diltiazem', 'Levocetirizine']"
"Patient: 68M. Drugs: Fluconazole 200mg every 12 hours, Aranidipine 50mg as needed, Vitamin C.","['Fluconazole', 'Aranidipine', 'Vitamin C']",1,1,therapeutic efficacy,"patient: 68m. drugs: fluconazole 200mg every 12 hours, aranidipine 50mg as needed, vitamin c.","['patient', '68', 'm.', 'drugs', 'fluconazole', '200', 'mg', '12', 'hours', 'aranidipine', '50', 'mg', 'needed', 'vitamin', 'c.']",15,"['Fluconazole', 'Vitamin', 'Aranidipine']"
"Patient: 60F. Drugs: Hydroflumethiazide 500mg as needed, Dicyclomine 75mg after meals.","['Hydroflumethiazide', 'Dicyclomine']",1,2,serum concentration,"patient: 60f. drugs: hydroflumethiazide 500mg as needed, dicyclomine 75mg after meals.","['patient', '60f', 'drugs', 'hydroflumethiazide', '500', 'mg', 'needed', 'dicyclomine', '75', 'mg', 'meals']",11,"['Hydroflumethiazide', 'Dicyclomine']"
"Patient: 52M. Drugs: Brompheniramine 100mg as needed, Difenoxin 25mg once daily, Somatostatin 500mg as needed.","['Brompheniramine', 'Difenoxin', 'Somatostatin']",1,3,risk or severity of adverse effects,"patient: 52m. drugs: brompheniramine 100mg as needed, difenoxin 25mg once daily, somatostatin 500mg as needed.","['patient', '52', 'm.', 'drugs', 'brompheniramine', '100', 'mg', 'needed', 'difenoxin', '25', 'mg', 'daily', 'somatostatin', '500', 'mg', 'needed']",16,"['Difenoxin', 'Somatostatin', 'Brompheniramine']"
"Patient: 68M. Drugs: Betaxolol 200mg as needed, Timolol, Entacapone 200mg three times daily.","['Betaxolol', 'Timolol', 'Entacapone']",1,2,metabolism,"patient: 68m. drugs: betaxolol 200mg as needed, timolol, entacapone 200mg three times daily.","['patient', '68', 'm.', 'drugs', 'betaxolol', '200', 'mg', 'needed', 'timolol', 'entacapone', '200', 'mg', 'times', 'daily']",14,"['Timolol', 'Betaxolol', 'Entacapone']"
"Patient: 70F. Drugs: Estazolam 100mg every 12 hours, Zuclopenthixol 25mg before meals.","['Estazolam', 'Zuclopenthixol']",1,3,risk or severity of adverse effects,"patient: 70f. drugs: estazolam 100mg every 12 hours, zuclopenthixol 25mg before meals.","['patient', '70f', 'drugs', 'estazolam', '100', 'mg', '12', 'hours', 'zuclopenthixol', '25', 'mg', 'meals']",12,"['Zuclopenthixol', 'Estazolam']"
"Patient: 58M. Drugs: Deslanoside, Vemurafenib 25mg three times daily.","['Deslanoside', 'Vemurafenib']",1,2,cardiotoxic activities,"patient: 58m. drugs: deslanoside, vemurafenib 25mg three times daily.","['patient', '58', 'm.', 'drugs', 'deslanoside', 'vemurafenib', '25', 'mg', 'times', 'daily']",10,"['Vemurafenib', 'Deslanoside']"
"Patient: 28F. Drugs: Buspirone 25mg once daily, Prucalopride 25mg once daily.","['Buspirone', 'Prucalopride']",1,2,serum concentration,"patient: 28f. drugs: buspirone 25mg once daily, prucalopride 25mg once daily.","['patient', '28f', 'drugs', 'buspirone', '25', 'mg', 'daily', 'prucalopride', '25', 'mg', 'daily']",11,"['Prucalopride', 'Buspirone']"
"Patient: 52M. Drugs: Quinethazone, Niflumic Acid 25mg twice daily, Captopril 50mg as needed.","['Quinethazone', 'Niflumic Acid', 'Captopril']",1,1,therapeutic efficacy,"patient: 52m. drugs: quinethazone, niflumic acid 25mg twice daily, captopril 50mg as needed.","['patient', '52', 'm.', 'drugs', 'quinethazone', 'niflumic', 'acid', '25', 'mg', 'twice', 'daily', 'captopril', '50', 'mg', 'needed']",15,"['Quinethazone', 'Captopril', 'Niflumic Acid']"
"Patient: 70F. Drugs: Dolasetron 200mg after meals, Zuclopenthixol 75mg before meals.","['Dolasetron', 'Zuclopenthixol']",1,2,QTc-prolonging activities,"patient: 70f. drugs: dolasetron 200mg after meals, zuclopenthixol 75mg before meals.","['patient', '70f', 'drugs', 'dolasetron', '200', 'mg', 'meals', 'zuclopenthixol', '75', 'mg', 'meals']",11,"['Zuclopenthixol', 'Dolasetron']"
"Patient: 40M. Drugs: Ondansetron 75mg every 8 hours, Aripiprazole 75mg after meals.","['Ondansetron', 'Aripiprazole']",1,3,risk or severity of adverse effects,"patient: 40m. drugs: ondansetron 75mg every 8 hours, aripiprazole 75mg after meals.","['patient', '40', 'm.', 'drugs', 'ondansetron', '75', 'mg', '8', 'hours', 'aripiprazole', '75', 'mg', 'meals']",13,"['Aripiprazole', 'Ondansetron']"
"Patient: 45F. Drugs: Lamotrigine 100mg after meals, Calcium Phosphate 500mg every 12 hours.","['Lamotrigine', 'Calcium Phosphate']",1,1,therapeutic efficacy,"patient: 45f. drugs: lamotrigine 100mg after meals, calcium phosphate 500mg every 12 hours.","['patient', '45f', 'drugs', 'lamotrigine', '100', 'mg', 'meals', 'calcium', 'phosphate', '500', 'mg', '12', 'hours']",13,"['Lamotrigine', 'Calcium Phosphate']"
"Patient: 35F. Drugs: Entecavir 50mg twice daily, Aceclofenac, Trilostane.","['Entecavir', 'Aceclofenac', 'Trilostane']",0,0,none,"patient: 35f. drugs: entecavir 50mg twice daily, aceclofenac, trilostane.","['patient', '35f', 'drugs', 'entecavir', '50', 'mg', 'twice', 'daily', 'aceclofenac', 'trilostane']",10,"['Entecavir', 'Aceclofenac', 'Trilostane']"
"Patient: 25F. Drugs: Ibuprofen, Alclofenac 75mg after meals.","['Ibuprofen', 'Alclofenac']",1,3,risk or severity of adverse effects,"patient: 25f. drugs: ibuprofen, alclofenac 75mg after meals.","['patient', '25f', 'drugs', 'ibuprofen', 'alclofenac', '75', 'mg', 'meals']",8,"['Alclofenac', 'Ibuprofen']"
"Patient: 60F. Drugs: Fentanyl 75mg every 8 hours, Albendazole 50mg once daily, Meticillin.","['Fentanyl', 'Albendazole', 'Meticillin']",0,0,none,"patient: 60f. drugs: fentanyl 75mg every 8 hours, albendazole 50mg once daily, meticillin.","['patient', '60f', 'drugs', 'fentanyl', '75', 'mg', '8', 'hours', 'albendazole', '50', 'mg', 'daily', 'meticillin']",13,"['Fentanyl', 'Meticillin', 'Albendazole']"
"Patient: 52M. Drugs: Quinethazone, Niflumic Acid 25mg twice daily, Captopril 50mg as needed.","['Quinethazone', 'Niflumic Acid', 'Captopril']",1,1,therapeutic efficacy,"patient: 52m. drugs: quinethazone, niflumic acid 25mg twice daily, captopril 50mg as needed.","['patient', '52', 'm.', 'drugs', 'quinethazone', 'niflumic', 'acid', '25', 'mg', 'twice', 'daily', 'captopril', '50', 'mg', 'needed']",15,"['Quinethazone', 'Captopril', 'Niflumic Acid']"
"Patient: 25F. Drugs: Iloperidone 50mg every 6 hours, Lynestrenol 500mg twice daily, Lofexidine.","['Iloperidone', 'Lynestrenol', 'Lofexidine']",1,1,therapeutic efficacy,"patient: 25f. drugs: iloperidone 50mg every 6 hours, lynestrenol 500mg twice daily, lofexidine.","['patient', '25f', 'drugs', 'iloperidone', '50', 'mg', '6', 'hours', 'lynestrenol', '500', 'mg', 'twice', 'daily', 'lofexidine']",14,"['Iloperidone', 'Lynestrenol', 'Lofexidine']"
"Patient: 48F. Drugs: Natamycin, Bepridil, Testolactone, Deflazacort 75mg once daily.","['Natamycin', 'Bepridil', 'Testolactone', 'Deflazacort']",1,1,therapeutic efficacy,"patient: 48f. drugs: natamycin, bepridil, testolactone, deflazacort 75mg once daily.","['patient', '48f', 'drugs', 'natamycin', 'bepridil', 'testolactone', 'deflazacort', '75', 'mg', 'daily']",10,"['Testolactone', 'Deflazacort', 'Bepridil', 'Natamycin']"
"Patient: 55F. Drugs: Hexetidine, Rimexolone 200mg as needed, Mefloquine.","['Hexetidine', 'Rimexolone', 'Mefloquine']",1,3,risk or severity of adverse effects,"patient: 55f. drugs: hexetidine, rimexolone 200mg as needed, mefloquine.","['patient', '55f', 'drugs', 'hexetidine', 'rimexolone', '200', 'mg', 'needed', 'mefloquine']",9,"['Mefloquine', 'Hexetidine', 'Rimexolone']"
"Patient: 68M. Drugs: Bethanidine 500mg three times daily, Calcidiol.","['Bethanidine', 'Calcidiol']",0,0,none,"patient: 68m. drugs: bethanidine 500mg three times daily, calcidiol.","['patient', '68', 'm.', 'drugs', 'bethanidine', '500', 'mg', 'times', 'daily', 'calcidiol']",10,"['Bethanidine', 'Calcidiol']"
"Patient: 35F. Drugs: Lumiracoxib 200mg as needed, Sodium phosphate, Etacrynic acid 500mg every 6 hours.","['Lumiracoxib', 'Sodium phosphate', 'Etacrynic acid']",1,2,nephrotoxic activities,"patient: 35f. drugs: lumiracoxib 200mg as needed, sodium phosphate, etacrynic acid 500mg every 6 hours.","['patient', '35f', 'drugs', 'lumiracoxib', '200', 'mg', 'needed', 'sodium', 'phosphate', 'etacrynic', 'acid', '500', 'mg', '6', 'hours']",15,"['Etacrynic acid', 'Lumiracoxib', 'Sodium phosphate']"
"Patient: 30M. Drugs: Bimatoprost 100mg before meals, Benzydamine.","['Bimatoprost', 'Benzydamine']",1,1,therapeutic efficacy,"patient: 30m. drugs: bimatoprost 100mg before meals, benzydamine.","['patient', '30', 'm.', 'drugs', 'bimatoprost', '100', 'mg', 'meals', 'benzydamine']",9,"['Benzydamine', 'Bimatoprost']"
"Patient: 35F. Drugs: Asenapine 500mg once daily, Prussian blue.","['Asenapine', 'Prussian blue']",0,0,none,"patient: 35f. drugs: asenapine 500mg once daily, prussian blue.","['patient', '35f', 'drugs', 'asenapine', '500', 'mg', 'daily', 'prussian', 'blue']",9,"['Prussian blue', 'Asenapine']"
"Patient: 28F. Drugs: Simeprevir, Telithromycin 75mg twice daily.","['Simeprevir', 'Telithromycin']",1,2,serum concentration,"patient: 28f. drugs: simeprevir, telithromycin 75mg twice daily.","['patient', '28f', 'drugs', 'simeprevir', 'telithromycin', '75', 'mg', 'twice', 'daily']",9,"['Simeprevir', 'Telithromycin']"
"Patient: 35F. Drugs: Diltiazem, Tolnaftate 50mg every 8 hours.","['Diltiazem', 'Tolnaftate']",1,1,therapeutic efficacy,"patient: 35f. drugs: diltiazem, tolnaftate 50mg every 8 hours.","['patient', '35f', 'drugs', 'diltiazem', 'tolnaftate', '50', 'mg', '8', 'hours']",9,"['Diltiazem', 'Tolnaftate']"
"Patient: 52M. Drugs: Phenylbutyric acid 50mg twice daily, Bosentan 50mg every 6 hours, Indomethacin 75mg every 8 hours, Phenformin 50mg as needed.","['Phenylbutyric acid', 'Bosentan', 'Indomethacin', 'Phenformin']",0,0,none,"patient: 52m. drugs: phenylbutyric acid 50mg twice daily, bosentan 50mg every 6 hours, indomethacin 75mg every 8 hours, phenformin 50mg as needed.","['patient', '52', 'm.', 'drugs', 'phenylbutyric', 'acid', '50', 'mg', 'twice', 'daily', 'bosentan', '50', 'mg', '6', 'hours', 'indomethacin', '75', 'mg', '8', 'hours', 'phenformin', '50', 'mg', 'needed']",24,"['Phenylbutyric acid', 'Phenformin', 'Bosentan', 'Indomethacin']"
"Patient: 60F. Drugs: Primidone 200mg as needed, Palonosetron 50mg as needed, Acetazolamide 100mg after meals.","['Primidone', 'Palonosetron', 'Acetazolamide']",1,3,risk or severity of adverse effects,"patient: 60f. drugs: primidone 200mg as needed, palonosetron 50mg as needed, acetazolamide 100mg after meals.","['patient', '60f', 'drugs', 'primidone', '200', 'mg', 'needed', 'palonosetron', '50', 'mg', 'needed', 'acetazolamide', '100', 'mg', 'meals']",15,"['Palonosetron', 'Primidone', 'Acetazolamide']"
"Patient: 55F. Drugs: Posaconazole 50mg once daily, Clevidipine 200mg before meals, Adenine.","['Posaconazole', 'Clevidipine', 'Adenine']",1,1,therapeutic efficacy,"patient: 55f. drugs: posaconazole 50mg once daily, clevidipine 200mg before meals, adenine.","['patient', '55f', 'drugs', 'posaconazole', '50', 'mg', 'daily', 'clevidipine', '200', 'mg', 'meals', 'adenine']",12,"['Adenine', 'Posaconazole', 'Clevidipine']"
"Patient: 25F. Drugs: Streptozocin 100mg every 12 hours, Permethrin, Velpatasvir 100mg after meals, Lacidipine 100mg once daily.","['Streptozocin', 'Permethrin', 'Velpatasvir', 'Lacidipine']",0,0,none,"patient: 25f. drugs: streptozocin 100mg every 12 hours, permethrin, velpatasvir 100mg after meals, lacidipine 100mg once daily.","['patient', '25f', 'drugs', 'streptozocin', '100', 'mg', '12', 'hours', 'permethrin', 'velpatasvir', '100', 'mg', 'meals', 'lacidipine', '100', 'mg', 'daily']",17,"['Permethrin', 'Streptozocin', 'Lacidipine', 'Velpatasvir']"
"Patient: 58M. Drugs: Cinoxacin 50mg every 6 hours, Aluminum hydroxide 200mg every 12 hours, Erythromycin 75mg twice daily.","['Cinoxacin', 'Aluminum hydroxide', 'Erythromycin']",1,1,absorption,"patient: 58m. drugs: cinoxacin 50mg every 6 hours, aluminum hydroxide 200mg every 12 hours, erythromycin 75mg twice daily.","['patient', '58', 'm.', 'drugs', 'cinoxacin', '50', 'mg', '6', 'hours', 'aluminum', 'hydroxide', '200', 'mg', '12', 'hours', 'erythromycin', '75', 'mg', 'twice', 'daily']",20,"['Aluminum hydroxide', 'Erythromycin', 'Cinoxacin']"
"Patient: 58M. Drugs: Salicylamide 25mg once daily, Estrone, Ethylmorphine.","['Salicylamide', 'Estrone', 'Ethylmorphine']",1,3,risk or severity of adverse effects,"patient: 58m. drugs: salicylamide 25mg once daily, estrone, ethylmorphine.","['patient', '58', 'm.', 'drugs', 'salicylamide', '25', 'mg', 'daily', 'estrone', 'ethylmorphine']",10,"['Ethylmorphine', 'Salicylamide', 'Estrone']"
"Patient: 55F. Drugs: Dexbrompheniramine 25mg every 6 hours, Ribociclib.","['Dexbrompheniramine', 'Ribociclib']",0,0,none,"patient: 55f. drugs: dexbrompheniramine 25mg every 6 hours, ribociclib.","['patient', '55f', 'drugs', 'dexbrompheniramine', '25', 'mg', '6', 'hours', 'ribociclib']",9,"['Ribociclib', 'Dexbrompheniramine']"
"Patient: 40M. Drugs: Labetalol 50mg every 12 hours, Epirizole, Stavudine.","['Labetalol', 'Epirizole', 'Stavudine']",1,2,antihypertensive activities,"patient: 40m. drugs: labetalol 50mg every 12 hours, epirizole, stavudine.","['patient', '40', 'm.', 'drugs', 'labetalol', '50', 'mg', '12', 'hours', 'epirizole', 'stavudine']",11,"['Epirizole', 'Stavudine', 'Labetalol']"
"Patient: 45F. Drugs: Pioglitazone 50mg before meals, Trazodone 500mg three times daily, Oxcarbazepine 500mg once daily, Isotretinoin.","['Pioglitazone', 'Trazodone', 'Oxcarbazepine', 'Isotretinoin']",0,0,none,"patient: 45f. drugs: pioglitazone 50mg before meals, trazodone 500mg three times daily, oxcarbazepine 500mg once daily, isotretinoin.","['patient', '45f', 'drugs', 'pioglitazone', '50', 'mg', 'meals', 'trazodone', '500', 'mg', 'times', 'daily', 'oxcarbazepine', '500', 'mg', 'daily', 'isotretinoin']",17,"['Isotretinoin', 'Trazodone', 'Pioglitazone', 'Oxcarbazepine']"
"Patient: 52M. Drugs: Brigatinib 200mg after meals, Echothiophate.","['Brigatinib', 'Echothiophate']",0,0,none,"patient: 52m. drugs: brigatinib 200mg after meals, echothiophate.","['patient', '52', 'm.', 'drugs', 'brigatinib', '200', 'mg', 'meals', 'echothiophate']",9,"['Brigatinib', 'Echothiophate']"
"Patient: 60F. Drugs: Moexipril 100mg every 12 hours, Acetylsalicylic acid, Sevoflurane.","['Moexipril', 'Acetylsalicylic acid', 'Sevoflurane']",1,1,therapeutic efficacy,"patient: 60f. drugs: moexipril 100mg every 12 hours, acetylsalicylic acid, sevoflurane.","['patient', '60f', 'drugs', 'moexipril', '100', 'mg', '12', 'hours', 'acetylsalicylic', 'acid', 'sevoflurane']",11,"['Sevoflurane', 'Moexipril', 'Acetylsalicylic acid']"
"Patient: 60F. Drugs: Trilostane 100mg as needed, Crizotinib, Phenazopyridine.","['Trilostane', 'Crizotinib', 'Phenazopyridine']",0,0,none,"patient: 60f. drugs: trilostane 100mg as needed, crizotinib, phenazopyridine.","['patient', '60f', 'drugs', 'trilostane', '100', 'mg', 'needed', 'crizotinib', 'phenazopyridine']",9,"['Crizotinib', 'Trilostane', 'Phenazopyridine']"
"Patient: 48F. Drugs: Sulfisoxazole 200mg as needed, Delamanid 100mg as needed, Pipobroman.","['Sulfisoxazole', 'Delamanid', 'Pipobroman']",1,2,metabolism,"patient: 48f. drugs: sulfisoxazole 200mg as needed, delamanid 100mg as needed, pipobroman.","['patient', '48f', 'drugs', 'sulfisoxazole', '200', 'mg', 'needed', 'delamanid', '100', 'mg', 'needed', 'pipobroman']",12,"['Pipobroman', 'Delamanid', 'Sulfisoxazole']"
"Patient: 33M. Drugs: Fenoldopam 200mg three times daily, Molsidomine 200mg every 12 hours, Adenine 75mg as needed, Delavirdine 25mg once daily.","['Fenoldopam', 'Molsidomine', 'Adenine', 'Delavirdine']",1,2,hypotensive activities,"patient: 33m. drugs: fenoldopam 200mg three times daily, molsidomine 200mg every 12 hours, adenine 75mg as needed, delavirdine 25mg once daily.","['patient', '33', 'm.', 'drugs', 'fenoldopam', '200', 'mg', 'times', 'daily', 'molsidomine', '200', 'mg', '12', 'hours', 'adenine', '75', 'mg', 'needed', 'delavirdine', '25', 'mg', 'daily']",22,"['Molsidomine', 'Adenine', 'Fenoldopam', 'Delavirdine']"
"Patient: 62M. Drugs: Secobarbital, Hydroxyprogesterone caproate 500mg every 12 hours, Ticarcillin.","['Secobarbital', 'Hydroxyprogesterone caproate', 'Ticarcillin']",1,1,therapeutic efficacy,"patient: 62m. drugs: secobarbital, hydroxyprogesterone caproate 500mg every 12 hours, ticarcillin.","['patient', '62', 'm.', 'drugs', 'secobarbital', 'hydroxyprogesterone', 'caproate', '500', 'mg', '12', 'hours', 'ticarcillin']",12,"['Hydroxyprogesterone caproate', 'Ticarcillin', 'Secobarbital']"
"Patient: 52M. Drugs: Mesalazine 500mg every 6 hours, Atenolol, Isoconazole 25mg after meals.","['Mesalazine', 'Atenolol', 'Isoconazole']",1,2,antihypertensive activities,"patient: 52m. drugs: mesalazine 500mg every 6 hours, atenolol, isoconazole 25mg after meals.","['patient', '52', 'm.', 'drugs', 'mesalazine', '500', 'mg', '6', 'hours', 'atenolol', 'isoconazole', '25', 'mg', 'meals']",14,"['Atenolol', 'Mesalazine', 'Isoconazole']"
"Patient: 60F. Drugs: Nalidixic Acid 25mg once daily, Suprofen 75mg every 6 hours, Pseudoephedrine.","['Nalidixic Acid', 'Suprofen', 'Pseudoephedrine']",1,2,neuroexcitatory activities,"patient: 60f. drugs: nalidixic acid 25mg once daily, suprofen 75mg every 6 hours, pseudoephedrine.","['patient', '60f', 'drugs', 'nalidixic', 'acid', '25', 'mg', 'daily', 'suprofen', '75', 'mg', '6', 'hours', 'pseudoephedrine']",14,"['Pseudoephedrine', 'Suprofen', 'Nalidixic Acid']"
"Patient: 58M. Drugs: Neostigmine 500mg twice daily, Fluprednisolone, Natamycin 200mg every 6 hours.","['Neostigmine', 'Fluprednisolone', 'Natamycin']",1,3,risk or severity of adverse effects,"patient: 58m. drugs: neostigmine 500mg twice daily, fluprednisolone, natamycin 200mg every 6 hours.","['patient', '58', 'm.', 'drugs', 'neostigmine', '500', 'mg', 'twice', 'daily', 'fluprednisolone', 'natamycin', '200', 'mg', '6', 'hours']",15,"['Neostigmine', 'Natamycin', 'Fluprednisolone']"
"Patient: 48F. Drugs: Pirlindole 75mg every 8 hours, Acetophenazine 200mg every 12 hours, Oseltamivir 50mg as needed, Triamcinolone 100mg once daily.","['Pirlindole', 'Acetophenazine', 'Oseltamivir', 'Triamcinolone']",0,0,none,"patient: 48f. drugs: pirlindole 75mg every 8 hours, acetophenazine 200mg every 12 hours, oseltamivir 50mg as needed, triamcinolone 100mg once daily.","['patient', '48f', 'drugs', 'pirlindole', '75', 'mg', '8', 'hours', 'acetophenazine', '200', 'mg', '12', 'hours', 'oseltamivir', '50', 'mg', 'needed', 'triamcinolone', '100', 'mg', 'daily']",21,"['Oseltamivir', 'Acetophenazine', 'Triamcinolone', 'Pirlindole']"
"Patient: 48F. Drugs: Midazolam 100mg three times daily, Olanzapine 50mg as needed, Galantamine, Bufexamac 100mg every 6 hours.","['Midazolam', 'Olanzapine', 'Galantamine', 'Bufexamac']",1,3,risk or severity of adverse effects,"patient: 48f. drugs: midazolam 100mg three times daily, olanzapine 50mg as needed, galantamine, bufexamac 100mg every 6 hours.","['patient', '48f', 'drugs', 'midazolam', '100', 'mg', 'times', 'daily', 'olanzapine', '50', 'mg', 'needed', 'galantamine', 'bufexamac', '100', 'mg', '6', 'hours']",18,"['Bufexamac', 'Galantamine', 'Midazolam', 'Olanzapine']"
"Patient: 68M. Drugs: Valproic Acid 50mg every 12 hours, Simvastatin 50mg every 6 hours.","['Valproic Acid', 'Simvastatin']",1,2,serum concentration,"patient: 68m. drugs: valproic acid 50mg every 12 hours, simvastatin 50mg every 6 hours.","['patient', '68', 'm.', 'drugs', 'valproic', 'acid', '50', 'mg', '12', 'hours', 'simvastatin', '50', 'mg', '6', 'hours']",15,"['Simvastatin', 'Valproic Acid']"
"Patient: 30M. Drugs: Verapamil 75mg every 8 hours, Atorvastatin 500mg before meals, Somatostatin 500mg three times daily.","['Verapamil', 'Atorvastatin', 'Somatostatin']",1,1,absorption,"patient: 30m. drugs: verapamil 75mg every 8 hours, atorvastatin 500mg before meals, somatostatin 500mg three times daily.","['patient', '30', 'm.', 'drugs', 'verapamil', '75', 'mg', '8', 'hours', 'atorvastatin', '500', 'mg', 'meals', 'somatostatin', '500', 'mg', 'times', 'daily']",18,"['Atorvastatin', 'Somatostatin', 'Verapamil']"
"Patient: 40M. Drugs: Oxymorphone 200mg as needed, Clomipramine 75mg after meals, Resveratrol 500mg every 6 hours.","['Oxymorphone', 'Clomipramine', 'Resveratrol']",1,2,metabolism,"patient: 40m. drugs: oxymorphone 200mg as needed, clomipramine 75mg after meals, resveratrol 500mg every 6 hours.","['patient', '40', 'm.', 'drugs', 'oxymorphone', '200', 'mg', 'needed', 'clomipramine', '75', 'mg', 'meals', 'resveratrol', '500', 'mg', '6', 'hours']",17,"['Resveratrol', 'Oxymorphone', 'Clomipramine']"
"Patient: 55F. Drugs: Praziquantel 25mg every 12 hours, Isavuconazonium 25mg before meals, Ampicillin 25mg every 8 hours.","['Praziquantel', 'Isavuconazonium', 'Ampicillin']",1,2,metabolism,"patient: 55f. drugs: praziquantel 25mg every 12 hours, isavuconazonium 25mg before meals, ampicillin 25mg every 8 hours.","['patient', '55f', 'drugs', 'praziquantel', '25', 'mg', '12', 'hours', 'isavuconazonium', '25', 'mg', 'meals', 'ampicillin', '25', 'mg', '8', 'hours']",17,"['Ampicillin', 'Isavuconazonium', 'Praziquantel']"
"Patient: 28F. Drugs: Voriconazole 500mg every 12 hours, Olodaterol 100mg twice daily.","['Voriconazole', 'Olodaterol']",1,2,metabolism,"patient: 28f. drugs: voriconazole 500mg every 12 hours, olodaterol 100mg twice daily.","['patient', '28f', 'drugs', 'voriconazole', '500', 'mg', '12', 'hours', 'olodaterol', '100', 'mg', 'twice', 'daily']",13,"['Voriconazole', 'Olodaterol']"
"Patient: 35F. Drugs: Osimertinib 100mg every 6 hours, Estradiol valerate, Epinastine 100mg as needed.","['Osimertinib', 'Estradiol valerate', 'Epinastine']",1,2,serum concentration,"patient: 35f. drugs: osimertinib 100mg every 6 hours, estradiol valerate, epinastine 100mg as needed.","['patient', '35f', 'drugs', 'osimertinib', '100', 'mg', '6', 'hours', 'estradiol', 'valerate', 'epinastine', '100', 'mg', 'needed']",14,"['Epinastine', 'Estradiol valerate', 'Osimertinib']"
"Patient: 68M. Drugs: Citalopram, Protriptyline 75mg twice daily, Midecamycin 50mg every 6 hours.","['Citalopram', 'Protriptyline', 'Midecamycin']",1,3,risk or severity of adverse effects,"patient: 68m. drugs: citalopram, protriptyline 75mg twice daily, midecamycin 50mg every 6 hours.","['patient', '68', 'm.', 'drugs', 'citalopram', 'protriptyline', '75', 'mg', 'twice', 'daily', 'midecamycin', '50', 'mg', '6', 'hours']",15,"['Midecamycin', 'Protriptyline', 'Citalopram']"
"Patient: 68M. Drugs: Rifabutin 500mg after meals, Isoniazid.","['Rifabutin', 'Isoniazid']",1,3,hepatotoxic activities,"patient: 68m. drugs: rifabutin 500mg after meals, isoniazid.","['patient', '68', 'm.', 'drugs', 'rifabutin', '500', 'mg', 'meals', 'isoniazid']",9,"['Isoniazid', 'Rifabutin']"
"Patient: 62M. Drugs: Calcitriol 100mg every 6 hours, Sevelamer 100mg twice daily.","['Calcitriol', 'Sevelamer']",1,2,serum concentration,"patient: 62m. drugs: calcitriol 100mg every 6 hours, sevelamer 100mg twice daily.","['patient', '62', 'm.', 'drugs', 'calcitriol', '100', 'mg', '6', 'hours', 'sevelamer', '100', 'mg', 'twice', 'daily']",14,"['Calcitriol', 'Sevelamer']"
"Patient: 40M. Drugs: Orlistat 50mg every 6 hours, Meclofenamic acid, Alprostadil 75mg after meals, Chloroprocaine.","['Orlistat', 'Meclofenamic acid', 'Alprostadil', 'Chloroprocaine']",1,1,therapeutic efficacy,"patient: 40m. drugs: orlistat 50mg every 6 hours, meclofenamic acid, alprostadil 75mg after meals, chloroprocaine.","['patient', '40', 'm.', 'drugs', 'orlistat', '50', 'mg', '6', 'hours', 'meclofenamic', 'acid', 'alprostadil', '75', 'mg', 'meals', 'chloroprocaine']",16,"['Chloroprocaine', 'Alprostadil', 'Orlistat', 'Meclofenamic acid']"
"Patient: 60F. Drugs: Primidone, Somatostatin 200mg before meals, Roflumilast 25mg once daily.","['Primidone', 'Somatostatin', 'Roflumilast']",1,3,risk or severity of adverse effects,"patient: 60f. drugs: primidone, somatostatin 200mg before meals, roflumilast 25mg once daily.","['patient', '60f', 'drugs', 'primidone', 'somatostatin', '200', 'mg', 'meals', 'roflumilast', '25', 'mg', 'daily']",12,"['Somatostatin', 'Primidone', 'Roflumilast']"
"Patient: 52M. Drugs: Dyclonine 500mg after meals, Eprosartan 200mg before meals, Captopril 25mg before meals, Paroxetine 25mg twice daily.","['Dyclonine', 'Eprosartan', 'Captopril', 'Paroxetine']",1,3,risk or severity of adverse effects,"patient: 52m. drugs: dyclonine 500mg after meals, eprosartan 200mg before meals, captopril 25mg before meals, paroxetine 25mg twice daily.","['patient', '52', 'm.', 'drugs', 'dyclonine', '500', 'mg', 'meals', 'eprosartan', '200', 'mg', 'meals', 'captopril', '25', 'mg', 'meals', 'paroxetine', '25', 'mg', 'twice', 'daily']",21,"['Paroxetine', 'Eprosartan', 'Dyclonine', 'Captopril']"
"Patient: 58M. Drugs: Fluticasone propionate 25mg once daily, Testosterone enanthate 200mg three times daily, Letrozole.","['Fluticasone propionate', 'Testosterone enanthate', 'Letrozole']",1,3,risk or severity of edema formation,"patient: 58m. drugs: fluticasone propionate 25mg once daily, testosterone enanthate 200mg three times daily, letrozole.","['patient', '58', 'm.', 'drugs', 'fluticasone', 'propionate', '25', 'mg', 'daily', 'testosterone', 'enanthate', '200', 'mg', 'times', 'daily', 'letrozole']",16,"['Testosterone enanthate', 'Letrozole', 'Fluticasone propionate']"
"Patient: 75M. Drugs: Dihydroergocristine 500mg every 6 hours, Polymyxin B Sulfate 100mg every 8 hours, Magnesium hydroxide 500mg once daily, Desipramine.","['Dihydroergocristine', 'Polymyxin B Sulfate', 'Magnesium hydroxide', 'Desipramine']",1,3,risk or severity of adverse effects,"patient: 75m. drugs: dihydroergocristine 500mg every 6 hours, polymyxin b sulfate 100mg every 8 hours, magnesium hydroxide 500mg once daily, desipramine.","['patient', '75', 'm.', 'drugs', 'dihydroergocristine', '500', 'mg', '6', 'hours', 'polymyxin', 'b', 'sulfate', '100', 'mg', '8', 'hours', 'magnesium', 'hydroxide', '500', 'mg', 'daily', 'desipramine']",22,"['Desipramine', 'Dihydroergocristine', 'Polymyxin B Sulfate', 'Magnesium hydroxide']"
"Patient: 30M. Drugs: Bimatoprost 100mg before meals, Benzydamine.","['Bimatoprost', 'Benzydamine']",1,1,therapeutic efficacy,"patient: 30m. drugs: bimatoprost 100mg before meals, benzydamine.","['patient', '30', 'm.', 'drugs', 'bimatoprost', '100', 'mg', 'meals', 'benzydamine']",9,"['Benzydamine', 'Bimatoprost']"
"Patient: 52M. Drugs: Desmopressin 500mg once daily, Fentanyl 50mg every 8 hours, Fencamfamine 50mg every 12 hours.","['Desmopressin', 'Fentanyl', 'Fencamfamine']",1,3,risk or severity of adverse effects,"patient: 52m. drugs: desmopressin 500mg once daily, fentanyl 50mg every 8 hours, fencamfamine 50mg every 12 hours.","['patient', '52', 'm.', 'drugs', 'desmopressin', '500', 'mg', 'daily', 'fentanyl', '50', 'mg', '8', 'hours', 'fencamfamine', '50', 'mg', '12', 'hours']",18,"['Fentanyl', 'Fencamfamine', 'Desmopressin']"
"Patient: 62M. Drugs: Secobarbital, Hydroxyprogesterone caproate 500mg every 12 hours, Ticarcillin.","['Secobarbital', 'Hydroxyprogesterone caproate', 'Ticarcillin']",1,1,therapeutic efficacy,"patient: 62m. drugs: secobarbital, hydroxyprogesterone caproate 500mg every 12 hours, ticarcillin.","['patient', '62', 'm.', 'drugs', 'secobarbital', 'hydroxyprogesterone', 'caproate', '500', 'mg', '12', 'hours', 'ticarcillin']",12,"['Hydroxyprogesterone caproate', 'Ticarcillin', 'Secobarbital']"
"Patient: 55F. Drugs: Posaconazole 50mg once daily, Clevidipine 200mg before meals, Adenine.","['Posaconazole', 'Clevidipine', 'Adenine']",1,1,therapeutic efficacy,"patient: 55f. drugs: posaconazole 50mg once daily, clevidipine 200mg before meals, adenine.","['patient', '55f', 'drugs', 'posaconazole', '50', 'mg', 'daily', 'clevidipine', '200', 'mg', 'meals', 'adenine']",12,"['Adenine', 'Posaconazole', 'Clevidipine']"
"Patient: 70F. Drugs: Zoledronic acid 200mg after meals, Nebivolol 25mg every 12 hours.","['Zoledronic acid', 'Nebivolol']",0,0,none,"patient: 70f. drugs: zoledronic acid 200mg after meals, nebivolol 25mg every 12 hours.","['patient', '70f', 'drugs', 'zoledronic', 'acid', '200', 'mg', 'meals', 'nebivolol', '25', 'mg', '12', 'hours']",13,"['Zoledronic acid', 'Nebivolol']"
"Patient: 35F. Drugs: Mifepristone 50mg every 12 hours, Flunitrazepam 200mg every 12 hours.","['Mifepristone', 'Flunitrazepam']",1,2,serum concentration,"patient: 35f. drugs: mifepristone 50mg every 12 hours, flunitrazepam 200mg every 12 hours.","['patient', '35f', 'drugs', 'mifepristone', '50', 'mg', '12', 'hours', 'flunitrazepam', '200', 'mg', '12', 'hours']",13,"['Flunitrazepam', 'Mifepristone']"
"Patient: 40M. Drugs: Bortezomib, Atomoxetine 200mg every 8 hours.","['Bortezomib', 'Atomoxetine']",1,2,metabolism,"patient: 40m. drugs: bortezomib, atomoxetine 200mg every 8 hours.","['patient', '40', 'm.', 'drugs', 'bortezomib', 'atomoxetine', '200', 'mg', '8', 'hours']",10,"['Bortezomib', 'Atomoxetine']"
"Patient: 68M. Drugs: Rifabutin 500mg after meals, Isoniazid.","['Rifabutin', 'Isoniazid']",1,3,hepatotoxic activities,"patient: 68m. drugs: rifabutin 500mg after meals, isoniazid.","['patient', '68', 'm.', 'drugs', 'rifabutin', '500', 'mg', 'meals', 'isoniazid']",9,"['Isoniazid', 'Rifabutin']"
"Patient: 55F. Drugs: Hydralazine 75mg after meals, Niraparib 25mg three times daily.","['Hydralazine', 'Niraparib']",0,0,none,"patient: 55f. drugs: hydralazine 75mg after meals, niraparib 25mg three times daily.","['patient', '55f', 'drugs', 'hydralazine', '75', 'mg', 'meals', 'niraparib', '25', 'mg', 'times', 'daily']",12,"['Hydralazine', 'Niraparib']"
"Patient: 62M. Drugs: Lisdexamfetamine, Demeclocycline 75mg as needed, Quinapril 100mg as needed.","['Lisdexamfetamine', 'Demeclocycline', 'Quinapril']",1,1,absorption,"patient: 62m. drugs: lisdexamfetamine, demeclocycline 75mg as needed, quinapril 100mg as needed.","['patient', '62', 'm.', 'drugs', 'lisdexamfetamine', 'demeclocycline', '75', 'mg', 'needed', 'quinapril', '100', 'mg', 'needed']",13,"['Lisdexamfetamine', 'Demeclocycline', 'Quinapril']"
"Patient: 60F. Drugs: Alosetron 75mg after meals, Isavuconazole 25mg once daily, Ceftriaxone 25mg every 12 hours.","['Alosetron', 'Isavuconazole', 'Ceftriaxone']",1,2,serum concentration,"patient: 60f. drugs: alosetron 75mg after meals, isavuconazole 25mg once daily, ceftriaxone 25mg every 12 hours.","['patient', '60f', 'drugs', 'alosetron', '75', 'mg', 'meals', 'isavuconazole', '25', 'mg', 'daily', 'ceftriaxone', '25', 'mg', '12', 'hours']",16,"['Ceftriaxone', 'Alosetron', 'Isavuconazole']"
"Patient: 33M. Drugs: Tasimelteon 100mg after meals, Melperone.","['Tasimelteon', 'Melperone']",1,3,risk or severity of adverse effects,"patient: 33m. drugs: tasimelteon 100mg after meals, melperone.","['patient', '33', 'm.', 'drugs', 'tasimelteon', '100', 'mg', 'meals', 'melperone']",9,"['Tasimelteon', 'Melperone']"
"Patient: 25F. Drugs: Duloxetine 200mg once daily, Bromfenac, Prednisolone 75mg three times daily.","['Duloxetine', 'Bromfenac', 'Prednisolone']",1,1,antiplatelet activities,"patient: 25f. drugs: duloxetine 200mg once daily, bromfenac, prednisolone 75mg three times daily.","['patient', '25f', 'drugs', 'duloxetine', '200', 'mg', 'daily', 'bromfenac', 'prednisolone', '75', 'mg', 'times', 'daily']",13,"['Bromfenac', 'Prednisolone', 'Duloxetine']"
"Patient: 28F. Drugs: Ethchlorvynol 75mg after meals, Fosphenytoin 200mg every 8 hours, Granisetron 200mg twice daily.","['Ethchlorvynol', 'Fosphenytoin', 'Granisetron']",1,3,risk or severity of adverse effects,"patient: 28f. drugs: ethchlorvynol 75mg after meals, fosphenytoin 200mg every 8 hours, granisetron 200mg twice daily.","['patient', '28f', 'drugs', 'ethchlorvynol', '75', 'mg', 'meals', 'fosphenytoin', '200', 'mg', '8', 'hours', 'granisetron', '200', 'mg', 'twice', 'daily']",17,"['Ethchlorvynol', 'Granisetron', 'Fosphenytoin']"
"Patient: 52M. Drugs: Eprosartan, Warfarin 100mg every 8 hours, Adenine 50mg three times daily, Apomorphine 500mg every 8 hours.","['Eprosartan', 'Warfarin', 'Adenine', 'Apomorphine']",1,3,risk or severity of adverse effects,"patient: 52m. drugs: eprosartan, warfarin 100mg every 8 hours, adenine 50mg three times daily, apomorphine 500mg every 8 hours.","['patient', '52', 'm.', 'drugs', 'eprosartan', 'warfarin', '100', 'mg', '8', 'hours', 'adenine', '50', 'mg', 'times', 'daily', 'apomorphine', '500', 'mg', '8', 'hours']",20,"['Adenine', 'Apomorphine', 'Eprosartan', 'Warfarin']"
"Patient: 55F. Drugs: Antipyrine 75mg before meals, Piretanide, Pholcodine 50mg three times daily.","['Antipyrine', 'Piretanide', 'Pholcodine']",1,1,therapeutic efficacy,"patient: 55f. drugs: antipyrine 75mg before meals, piretanide, pholcodine 50mg three times daily.","['patient', '55f', 'drugs', 'antipyrine', '75', 'mg', 'meals', 'piretanide', 'pholcodine', '50', 'mg', 'times', 'daily']",13,"['Antipyrine', 'Piretanide', 'Pholcodine']"
"Patient: 35F. Drugs: Pazopanib 75mg three times daily, Furosemide 500mg every 12 hours, Clobetasone 200mg after meals, Deutetrabenazine 75mg every 12 hours.","['Pazopanib', 'Furosemide', 'Clobetasone', 'Deutetrabenazine']",1,2,hypokalemic activities,"patient: 35f. drugs: pazopanib 75mg three times daily, furosemide 500mg every 12 hours, clobetasone 200mg after meals, deutetrabenazine 75mg every 12 hours.","['patient', '35f', 'drugs', 'pazopanib', '75', 'mg', 'times', 'daily', 'furosemide', '500', 'mg', '12', 'hours', 'clobetasone', '200', 'mg', 'meals', 'deutetrabenazine', '75', 'mg', '12', 'hours']",22,"['Furosemide', 'Pazopanib', 'Clobetasone', 'Deutetrabenazine']"
"Patient: 52M. Drugs: Crizotinib, Dabrafenib 50mg as needed, Fenoprofen 50mg three times daily.","['Crizotinib', 'Dabrafenib', 'Fenoprofen']",1,2,serum concentration,"patient: 52m. drugs: crizotinib, dabrafenib 50mg as needed, fenoprofen 50mg three times daily.","['patient', '52', 'm.', 'drugs', 'crizotinib', 'dabrafenib', '50', 'mg', 'needed', 'fenoprofen', '50', 'mg', 'times', 'daily']",14,"['Crizotinib', 'Fenoprofen', 'Dabrafenib']"
"Patient: 35F. Drugs: Terconazole 25mg after meals, Glycine 75mg every 12 hours.","['Terconazole', 'Glycine']",0,0,none,"patient: 35f. drugs: terconazole 25mg after meals, glycine 75mg every 12 hours.","['patient', '35f', 'drugs', 'terconazole', '25', 'mg', 'meals', 'glycine', '75', 'mg', '12', 'hours']",12,"['Glycine', 'Terconazole']"
"Patient: 30M. Drugs: Vancomycin 200mg three times daily, Icatibant, Flunisolide.","['Vancomycin', 'Icatibant', 'Flunisolide']",1,2,serum concentration,"patient: 30m. drugs: vancomycin 200mg three times daily, icatibant, flunisolide.","['patient', '30', 'm.', 'drugs', 'vancomycin', '200', 'mg', 'times', 'daily', 'icatibant', 'flunisolide']",11,"['Vancomycin', 'Icatibant', 'Flunisolide']"
"Patient: 40M. Drugs: Orphenadrine, Chlorpromazine, Oxymorphone 25mg every 6 hours.","['Orphenadrine', 'Chlorpromazine', 'Oxymorphone']",1,2,central nervous system depressant (CNS depressant) activities,"patient: 40m. drugs: orphenadrine, chlorpromazine, oxymorphone 25mg every 6 hours.","['patient', '40', 'm.', 'drugs', 'orphenadrine', 'chlorpromazine', 'oxymorphone', '25', 'mg', '6', 'hours']",11,"['Chlorpromazine', 'Oxymorphone', 'Orphenadrine']"
"Patient: 75M. Drugs: Triamterene 25mg twice daily, Carboplatin 75mg as needed, Debrisoquin.","['Triamterene', 'Carboplatin', 'Debrisoquin']",0,0,none,"patient: 75m. drugs: triamterene 25mg twice daily, carboplatin 75mg as needed, debrisoquin.","['patient', '75', 'm.', 'drugs', 'triamterene', '25', 'mg', 'twice', 'daily', 'carboplatin', '75', 'mg', 'needed', 'debrisoquin']",14,"['Triamterene', 'Debrisoquin', 'Carboplatin']"
"Patient: 48F. Drugs: Telavancin 200mg every 12 hours, Droxidopa 50mg as needed, Agomelatine 25mg before meals.","['Telavancin', 'Droxidopa', 'Agomelatine']",0,0,none,"patient: 48f. drugs: telavancin 200mg every 12 hours, droxidopa 50mg as needed, agomelatine 25mg before meals.","['patient', '48f', 'drugs', 'telavancin', '200', 'mg', '12', 'hours', 'droxidopa', '50', 'mg', 'needed', 'agomelatine', '25', 'mg', 'meals']",16,"['Agomelatine', 'Telavancin', 'Droxidopa']"
"Patient: 28F. Drugs: Solifenacin 500mg three times daily, Fesoterodine 75mg three times daily.","['Solifenacin', 'Fesoterodine']",1,3,risk or severity of adverse effects,"patient: 28f. drugs: solifenacin 500mg three times daily, fesoterodine 75mg three times daily.","['patient', '28f', 'drugs', 'solifenacin', '500', 'mg', 'times', 'daily', 'fesoterodine', '75', 'mg', 'times', 'daily']",13,"['Fesoterodine', 'Solifenacin']"
"Patient: 58M. Drugs: Difluocortolone 200mg twice daily, Morniflumate 100mg every 6 hours, Daclatasvir 50mg three times daily.","['Difluocortolone', 'Morniflumate', 'Daclatasvir']",1,3,risk or severity of adverse effects,"patient: 58m. drugs: difluocortolone 200mg twice daily, morniflumate 100mg every 6 hours, daclatasvir 50mg three times daily.","['patient', '58', 'm.', 'drugs', 'difluocortolone', '200', 'mg', 'twice', 'daily', 'morniflumate', '100', 'mg', '6', 'hours', 'daclatasvir', '50', 'mg', 'times', 'daily']",19,"['Difluocortolone', 'Morniflumate', 'Daclatasvir']"
"Patient: 30M. Drugs: Adapalene 100mg every 12 hours, Piretanide 100mg every 6 hours.","['Adapalene', 'Piretanide']",1,1,therapeutic efficacy,"patient: 30m. drugs: adapalene 100mg every 12 hours, piretanide 100mg every 6 hours.","['patient', '30', 'm.', 'drugs', 'adapalene', '100', 'mg', '12', 'hours', 'piretanide', '100', 'mg', '6', 'hours']",14,"['Adapalene', 'Piretanide']"
"Patient: 33M. Drugs: Saquinavir 200mg once daily, Riociguat 200mg every 8 hours, Aminohippuric acid.","['Saquinavir', 'Riociguat', 'Aminohippuric acid']",1,2,serum concentration,"patient: 33m. drugs: saquinavir 200mg once daily, riociguat 200mg every 8 hours, aminohippuric acid.","['patient', '33', 'm.', 'drugs', 'saquinavir', '200', 'mg', 'daily', 'riociguat', '200', 'mg', '8', 'hours', 'aminohippuric', 'acid']",15,"['Saquinavir', 'Riociguat', 'Aminohippuric acid']"
"Patient: 30M. Drugs: Glycerin 50mg twice daily, Levomenol 75mg after meals.","['Glycerin', 'Levomenol']",0,0,none,"patient: 30m. drugs: glycerin 50mg twice daily, levomenol 75mg after meals.","['patient', '30', 'm.', 'drugs', 'glycerin', '50', 'mg', 'twice', 'daily', 'levomenol', '75', 'mg', 'meals']",13,"['Levomenol', 'Glycerin']"
"Patient: 35F. Drugs: Glycopyrronium 500mg once daily, Levodopa 100mg after meals.","['Glycopyrronium', 'Levodopa']",1,2,serum concentration,"patient: 35f. drugs: glycopyrronium 500mg once daily, levodopa 100mg after meals.","['patient', '35f', 'drugs', 'glycopyrronium', '500', 'mg', 'daily', 'levodopa', '100', 'mg', 'meals']",11,"['Levodopa', 'Glycopyrronium']"
"Patient: 30M. Drugs: Venlafaxine 500mg after meals, Morniflumate 500mg twice daily, Fluoxetine 75mg as needed.","['Venlafaxine', 'Morniflumate', 'Fluoxetine']",1,1,antiplatelet activities,"patient: 30m. drugs: venlafaxine 500mg after meals, morniflumate 500mg twice daily, fluoxetine 75mg as needed.","['patient', '30', 'm.', 'drugs', 'venlafaxine', '500', 'mg', 'meals', 'morniflumate', '500', 'mg', 'twice', 'daily', 'fluoxetine', '75', 'mg', 'needed']",17,"['Fluoxetine', 'Morniflumate', 'Venlafaxine']"
"Patient: 68M. Drugs: Zuclopenthixol 200mg before meals, Ixazomib 50mg before meals.","['Zuclopenthixol', 'Ixazomib']",0,0,none,"patient: 68m. drugs: zuclopenthixol 200mg before meals, ixazomib 50mg before meals.","['patient', '68', 'm.', 'drugs', 'zuclopenthixol', '200', 'mg', 'meals', 'ixazomib', '50', 'mg', 'meals']",12,"['Zuclopenthixol', 'Ixazomib']"
"Patient: 48F. Drugs: Dexbrompheniramine 50mg every 12 hours, Proparacaine 500mg twice daily, Dienogest.","['Dexbrompheniramine', 'Proparacaine', 'Dienogest']",1,3,risk or severity of adverse effects,"patient: 48f. drugs: dexbrompheniramine 50mg every 12 hours, proparacaine 500mg twice daily, dienogest.","['patient', '48f', 'drugs', 'dexbrompheniramine', '50', 'mg', '12', 'hours', 'proparacaine', '500', 'mg', 'twice', 'daily', 'dienogest']",14,"['Dexbrompheniramine', 'Dienogest', 'Proparacaine']"
"Patient: 70F. Drugs: Prilocaine 200mg before meals, Cyclobenzaprine 500mg before meals, Fosinopril.","['Prilocaine', 'Cyclobenzaprine', 'Fosinopril']",1,3,risk or severity of adverse effects,"patient: 70f. drugs: prilocaine 200mg before meals, cyclobenzaprine 500mg before meals, fosinopril.","['patient', '70f', 'drugs', 'prilocaine', '200', 'mg', 'meals', 'cyclobenzaprine', '500', 'mg', 'meals', 'fosinopril']",12,"['Cyclobenzaprine', 'Fosinopril', 'Prilocaine']"
"Patient: 28F. Drugs: Piroxicam, Atorvastatin 500mg every 6 hours, Carteolol, Carboplatin.","['Piroxicam', 'Atorvastatin', 'Carteolol', 'Carboplatin']",1,2,antihypertensive activities,"patient: 28f. drugs: piroxicam, atorvastatin 500mg every 6 hours, carteolol, carboplatin.","['patient', '28f', 'drugs', 'piroxicam', 'atorvastatin', '500', 'mg', '6', 'hours', 'carteolol', 'carboplatin']",11,"['Atorvastatin', 'Carteolol', 'Carboplatin', 'Piroxicam']"
"Patient: 55F. Drugs: Telmisartan, Prazepam 500mg three times daily.","['Telmisartan', 'Prazepam']",0,0,none,"patient: 55f. drugs: telmisartan, prazepam 500mg three times daily.","['patient', '55f', 'drugs', 'telmisartan', 'prazepam', '500', 'mg', 'times', 'daily']",9,"['Telmisartan', 'Prazepam']"
"Patient: 52M. Drugs: Butorphanol, Methamphetamine.","['Butorphanol', 'Methamphetamine']",1,1,analgesic activities,"patient: 52m. drugs: butorphanol, methamphetamine.","['patient', '52', 'm.', 'drugs', 'butorphanol', 'methamphetamine']",6,"['Methamphetamine', 'Butorphanol']"
"Patient: 30M. Drugs: Bimatoprost 100mg before meals, Benzydamine.","['Bimatoprost', 'Benzydamine']",1,1,therapeutic efficacy,"patient: 30m. drugs: bimatoprost 100mg before meals, benzydamine.","['patient', '30', 'm.', 'drugs', 'bimatoprost', '100', 'mg', 'meals', 'benzydamine']",9,"['Benzydamine', 'Bimatoprost']"
"Patient: 55F. Drugs: Aclidinium 25mg after meals, Sulfathiazole 25mg every 6 hours, Cannabidiol 25mg once daily, Methoxamine.","['Aclidinium', 'Sulfathiazole', 'Cannabidiol', 'Methoxamine']",0,0,none,"patient: 55f. drugs: aclidinium 25mg after meals, sulfathiazole 25mg every 6 hours, cannabidiol 25mg once daily, methoxamine.","['patient', '55f', 'drugs', 'aclidinium', '25', 'mg', 'meals', 'sulfathiazole', '25', 'mg', '6', 'hours', 'cannabidiol', '25', 'mg', 'daily', 'methoxamine']",17,"['Aclidinium', 'Sulfathiazole', 'Cannabidiol', 'Methoxamine']"
"Patient: 70F. Drugs: Prilocaine 200mg before meals, Cyclobenzaprine 500mg before meals, Fosinopril.","['Prilocaine', 'Cyclobenzaprine', 'Fosinopril']",1,3,risk or severity of adverse effects,"patient: 70f. drugs: prilocaine 200mg before meals, cyclobenzaprine 500mg before meals, fosinopril.","['patient', '70f', 'drugs', 'prilocaine', '200', 'mg', 'meals', 'cyclobenzaprine', '500', 'mg', 'meals', 'fosinopril']",12,"['Cyclobenzaprine', 'Fosinopril', 'Prilocaine']"
"Patient: 40M. Drugs: Ketoconazole 25mg before meals, Aranidipine 75mg as needed.","['Ketoconazole', 'Aranidipine']",1,1,therapeutic efficacy,"patient: 40m. drugs: ketoconazole 25mg before meals, aranidipine 75mg as needed.","['patient', '40', 'm.', 'drugs', 'ketoconazole', '25', 'mg', 'meals', 'aranidipine', '75', 'mg', 'needed']",12,"['Ketoconazole', 'Aranidipine']"
"Patient: 58M. Drugs: Desonide 25mg three times daily, L-Carnitine 500mg twice daily, Droperidol 200mg three times daily.","['Desonide', 'L-Carnitine', 'Droperidol']",0,0,none,"patient: 58m. drugs: desonide 25mg three times daily, lcarnitine 500mg twice daily, droperidol 200mg three times daily.","['patient', '58', 'm.', 'drugs', 'desonide', '25', 'mg', 'times', 'daily', 'lcarnitine', '500', 'mg', 'twice', 'daily', 'droperidol', '200', 'mg', 'times', 'daily']",19,"['L-Carnitine', 'Droperidol', 'Desonide']"
"Patient: 45F. Drugs: Aripiprazole, Uracil mustard, Parthenolide, Trimethoprim 500mg before meals.","['Aripiprazole', 'Uracil mustard', 'Parthenolide', 'Trimethoprim']",0,0,none,"patient: 45f. drugs: aripiprazole, uracil mustard, parthenolide, trimethoprim 500mg before meals.","['patient', '45f', 'drugs', 'aripiprazole', 'uracil', 'mustard', 'parthenolide', 'trimethoprim', '500', 'mg', 'meals']",11,"['Aripiprazole', 'Trimethoprim', 'Uracil mustard', 'Parthenolide']"
"Patient: 25F. Drugs: Norgestimate 25mg after meals, Empagliflozin 500mg as needed.","['Norgestimate', 'Empagliflozin']",1,1,therapeutic efficacy,"patient: 25f. drugs: norgestimate 25mg after meals, empagliflozin 500mg as needed.","['patient', '25f', 'drugs', 'norgestimate', '25', 'mg', 'meals', 'empagliflozin', '500', 'mg', 'needed']",11,"['Norgestimate', 'Empagliflozin']"
"Patient: 45F. Drugs: Vinorelbine 25mg three times daily, Lenalidomide 200mg twice daily, Dapsone 50mg three times daily.","['Vinorelbine', 'Lenalidomide', 'Dapsone']",0,0,none,"patient: 45f. drugs: vinorelbine 25mg three times daily, lenalidomide 200mg twice daily, dapsone 50mg three times daily.","['patient', '45f', 'drugs', 'vinorelbine', '25', 'mg', 'times', 'daily', 'lenalidomide', '200', 'mg', 'twice', 'daily', 'dapsone', '50', 'mg', 'times', 'daily']",18,"['Vinorelbine', 'Lenalidomide', 'Dapsone']"
"Patient: 28F. Drugs: Levofloxacin 100mg every 12 hours, Verapamil 50mg once daily.","['Levofloxacin', 'Verapamil']",0,0,none,"patient: 28f. drugs: levofloxacin 100mg every 12 hours, verapamil 50mg once daily.","['patient', '28f', 'drugs', 'levofloxacin', '100', 'mg', '12', 'hours', 'verapamil', '50', 'mg', 'daily']",12,"['Levofloxacin', 'Verapamil']"
"Patient: 58M. Drugs: Antipyrine, Crisaborole.","['Antipyrine', 'Crisaborole']",1,2,metabolism,"patient: 58m. drugs: antipyrine, crisaborole.","['patient', '58', 'm.', 'drugs', 'antipyrine', 'crisaborole']",6,"['Antipyrine', 'Crisaborole']"
"Patient: 25F. Drugs: Mebeverine 100mg twice daily, Cocaine 500mg as needed, Lanreotide 200mg after meals.","['Mebeverine', 'Cocaine', 'Lanreotide']",0,0,none,"patient: 25f. drugs: mebeverine 100mg twice daily, cocaine 500mg as needed, lanreotide 200mg after meals.","['patient', '25f', 'drugs', 'mebeverine', '100', 'mg', 'twice', 'daily', 'cocaine', '500', 'mg', 'needed', 'lanreotide', '200', 'mg', 'meals']",16,"['Lanreotide', 'Cocaine', 'Mebeverine']"
"Patient: 68M. Drugs: Ergocalciferol 500mg twice daily, Calcium Phosphate 500mg three times daily.","['Ergocalciferol', 'Calcium Phosphate']",1,3,risk or severity of adverse effects,"patient: 68m. drugs: ergocalciferol 500mg twice daily, calcium phosphate 500mg three times daily.","['patient', '68', 'm.', 'drugs', 'ergocalciferol', '500', 'mg', 'twice', 'daily', 'calcium', 'phosphate', '500', 'mg', 'times', 'daily']",15,"['Ergocalciferol', 'Calcium Phosphate']"
"Patient: 52M. Drugs: Dyclonine 500mg after meals, Eprosartan 200mg before meals, Captopril 25mg before meals, Paroxetine 25mg twice daily.","['Dyclonine', 'Eprosartan', 'Captopril', 'Paroxetine']",1,3,risk or severity of adverse effects,"patient: 52m. drugs: dyclonine 500mg after meals, eprosartan 200mg before meals, captopril 25mg before meals, paroxetine 25mg twice daily.","['patient', '52', 'm.', 'drugs', 'dyclonine', '500', 'mg', 'meals', 'eprosartan', '200', 'mg', 'meals', 'captopril', '25', 'mg', 'meals', 'paroxetine', '25', 'mg', 'twice', 'daily']",21,"['Paroxetine', 'Eprosartan', 'Dyclonine', 'Captopril']"
"Patient: 25F. Drugs: Trimipramine 500mg every 8 hours, Ethylmorphine, Alvimopan.","['Trimipramine', 'Ethylmorphine', 'Alvimopan']",1,3,risk or severity of adverse effects,"patient: 25f. drugs: trimipramine 500mg every 8 hours, ethylmorphine, alvimopan.","['patient', '25f', 'drugs', 'trimipramine', '500', 'mg', '8', 'hours', 'ethylmorphine', 'alvimopan']",10,"['Ethylmorphine', 'Alvimopan', 'Trimipramine']"
"Patient: 35F. Drugs: Tiotropium, Quinethazone.","['Tiotropium', 'Quinethazone']",1,2,serum concentration,"patient: 35f. drugs: tiotropium, quinethazone.","['patient', '35f', 'drugs', 'tiotropium', 'quinethazone']",5,"['Quinethazone', 'Tiotropium']"
"Patient: 35F. Drugs: Diltiazem, Tolnaftate 50mg every 8 hours.","['Diltiazem', 'Tolnaftate']",1,1,therapeutic efficacy,"patient: 35f. drugs: diltiazem, tolnaftate 50mg every 8 hours.","['patient', '35f', 'drugs', 'diltiazem', 'tolnaftate', '50', 'mg', '8', 'hours']",9,"['Diltiazem', 'Tolnaftate']"
"Patient: 33M. Drugs: Dichloralphenazone 50mg every 12 hours, Menthol 75mg after meals, Carprofen, Medrysone 100mg every 6 hours.","['Dichloralphenazone', 'Menthol', 'Carprofen', 'Medrysone']",1,3,risk or severity of adverse effects,"patient: 33m. drugs: dichloralphenazone 50mg every 12 hours, menthol 75mg after meals, carprofen, medrysone 100mg every 6 hours.","['patient', '33', 'm.', 'drugs', 'dichloralphenazone', '50', 'mg', '12', 'hours', 'menthol', '75', 'mg', 'meals', 'carprofen', 'medrysone', '100', 'mg', '6', 'hours']",19,"['Medrysone', 'Carprofen', 'Menthol', 'Dichloralphenazone']"
"Patient: 68M. Drugs: Asenapine 500mg after meals, Chlorphenesin 500mg every 8 hours, Glimepiride.","['Asenapine', 'Chlorphenesin', 'Glimepiride']",1,1,therapeutic efficacy,"patient: 68m. drugs: asenapine 500mg after meals, chlorphenesin 500mg every 8 hours, glimepiride.","['patient', '68', 'm.', 'drugs', 'asenapine', '500', 'mg', 'meals', 'chlorphenesin', '500', 'mg', '8', 'hours', 'glimepiride']",14,"['Glimepiride', 'Chlorphenesin', 'Asenapine']"
"Patient: 68M. Drugs: Tolfenamic Acid, Cyclopenthiazide 75mg after meals, L-Glutamine 200mg every 12 hours.","['Tolfenamic Acid', 'Cyclopenthiazide', 'L-Glutamine']",1,1,therapeutic efficacy,"patient: 68m. drugs: tolfenamic acid, cyclopenthiazide 75mg after meals, lglutamine 200mg every 12 hours.","['patient', '68', 'm.', 'drugs', 'tolfenamic', 'acid', 'cyclopenthiazide', '75', 'mg', 'meals', 'lglutamine', '200', 'mg', '12', 'hours']",15,"['Cyclopenthiazide', 'L-Glutamine', 'Tolfenamic Acid']"
"Patient: 70F. Drugs: Acetohexamide, Benzthiazide 25mg as needed.","['Acetohexamide', 'Benzthiazide']",1,1,therapeutic efficacy,"patient: 70f. drugs: acetohexamide, benzthiazide 25mg as needed.","['patient', '70f', 'drugs', 'acetohexamide', 'benzthiazide', '25', 'mg', 'needed']",8,"['Benzthiazide', 'Acetohexamide']"
"Patient: 28F. Drugs: Ezetimibe 25mg twice daily, Moexipril 75mg three times daily.","['Ezetimibe', 'Moexipril']",0,0,none,"patient: 28f. drugs: ezetimibe 25mg twice daily, moexipril 75mg three times daily.","['patient', '28f', 'drugs', 'ezetimibe', '25', 'mg', 'twice', 'daily', 'moexipril', '75', 'mg', 'times', 'daily']",13,"['Ezetimibe', 'Moexipril']"
"Patient: 25F. Drugs: Diflorasone 500mg every 8 hours, Amoxapine 50mg every 12 hours, Lomitapide 200mg every 6 hours.","['Diflorasone', 'Amoxapine', 'Lomitapide']",0,0,none,"patient: 25f. drugs: diflorasone 500mg every 8 hours, amoxapine 50mg every 12 hours, lomitapide 200mg every 6 hours.","['patient', '25f', 'drugs', 'diflorasone', '500', 'mg', '8', 'hours', 'amoxapine', '50', 'mg', '12', 'hours', 'lomitapide', '200', 'mg', '6', 'hours']",18,"['Lomitapide', 'Diflorasone', 'Amoxapine']"
"Patient: 52M. Drugs: Metronidazole 100mg twice daily, Lactic Acid.","['Metronidazole', 'Lactic Acid']",0,0,none,"patient: 52m. drugs: metronidazole 100mg twice daily, lactic acid.","['patient', '52', 'm.', 'drugs', 'metronidazole', '100', 'mg', 'twice', 'daily', 'lactic', 'acid']",11,"['Metronidazole', 'Lactic Acid']"
"Patient: 25F. Drugs: Tropicamide 25mg twice daily, Metoclopramide 75mg once daily.","['Tropicamide', 'Metoclopramide']",1,1,therapeutic efficacy,"patient: 25f. drugs: tropicamide 25mg twice daily, metoclopramide 75mg once daily.","['patient', '25f', 'drugs', 'tropicamide', '25', 'mg', 'twice', 'daily', 'metoclopramide', '75', 'mg', 'daily']",12,"['Tropicamide', 'Metoclopramide']"
"Patient: 58M. Drugs: Salicylamide 25mg once daily, Estrone, Ethylmorphine.","['Salicylamide', 'Estrone', 'Ethylmorphine']",1,3,risk or severity of adverse effects,"patient: 58m. drugs: salicylamide 25mg once daily, estrone, ethylmorphine.","['patient', '58', 'm.', 'drugs', 'salicylamide', '25', 'mg', 'daily', 'estrone', 'ethylmorphine']",10,"['Ethylmorphine', 'Salicylamide', 'Estrone']"
"Patient: 45F. Drugs: Megestrol acetate, Tazarotene 500mg every 6 hours, Dipivefrin 100mg every 8 hours.","['Megestrol acetate', 'Tazarotene', 'Dipivefrin']",0,0,none,"patient: 45f. drugs: megestrol acetate, tazarotene 500mg every 6 hours, dipivefrin 100mg every 8 hours.","['patient', '45f', 'drugs', 'megestrol', 'acetate', 'tazarotene', '500', 'mg', '6', 'hours', 'dipivefrin', '100', 'mg', '8', 'hours']",15,"['Tazarotene', 'Megestrol acetate', 'Dipivefrin']"
"Patient: 25F. Drugs: Imiquimod 100mg once daily, Posaconazole, Benzyl alcohol 50mg every 8 hours.","['Imiquimod', 'Posaconazole', 'Benzyl alcohol']",1,2,metabolism,"patient: 25f. drugs: imiquimod 100mg once daily, posaconazole, benzyl alcohol 50mg every 8 hours.","['patient', '25f', 'drugs', 'imiquimod', '100', 'mg', 'daily', 'posaconazole', 'benzyl', 'alcohol', '50', 'mg', '8', 'hours']",14,"['Benzyl alcohol', 'Imiquimod', 'Posaconazole']"
"Patient: 60F. Drugs: Dinoprost Tromethamine 50mg every 12 hours, Tranilast, Demecarium 50mg once daily.","['Dinoprost Tromethamine', 'Tranilast', 'Demecarium']",1,1,therapeutic efficacy,"patient: 60f. drugs: dinoprost tromethamine 50mg every 12 hours, tranilast, demecarium 50mg once daily.","['patient', '60f', 'drugs', 'dinoprost', 'tromethamine', '50', 'mg', '12', 'hours', 'tranilast', 'demecarium', '50', 'mg', 'daily']",14,"['Tranilast', 'Dinoprost Tromethamine', 'Demecarium']"
"Patient: 68M. Drugs: Desflurane, Ethylmorphine.","['Desflurane', 'Ethylmorphine']",1,3,risk or severity of adverse effects,"patient: 68m. drugs: desflurane, ethylmorphine.","['patient', '68', 'm.', 'drugs', 'desflurane', 'ethylmorphine']",6,"['Desflurane', 'Ethylmorphine']"
"Patient: 70F. Drugs: Zolpidem 500mg every 8 hours, Salicylic acid 500mg once daily, Paramethasone, Calcium Chloride 500mg twice daily.","['Zolpidem', 'Salicylic acid', 'Paramethasone', 'Calcium Chloride']",1,3,risk or severity of adverse effects,"patient: 70f. drugs: zolpidem 500mg every 8 hours, salicylic acid 500mg once daily, paramethasone, calcium chloride 500mg twice daily.","['patient', '70f', 'drugs', 'zolpidem', '500', 'mg', '8', 'hours', 'salicylic', 'acid', '500', 'mg', 'daily', 'paramethasone', 'calcium', 'chloride', '500', 'mg', 'twice', 'daily']",20,"['Calcium Chloride', 'Paramethasone', 'Salicylic acid', 'Zolpidem']"
"Patient: 58M. Drugs: Caffeine, Topotecan.","['Caffeine', 'Topotecan']",1,2,serum concentration,"patient: 58m. drugs: caffeine, topotecan.","['patient', '58', 'm.', 'drugs', 'caffeine', 'topotecan']",6,"['Caffeine', 'Topotecan']"
"Patient: 48F. Drugs: Methyl aminolevulinate 50mg as needed, Rosiglitazone 25mg every 12 hours, Sulfameter 25mg after meals, Bromotheophylline.","['Methyl aminolevulinate', 'Rosiglitazone', 'Sulfameter', 'Bromotheophylline']",0,0,none,"patient: 48f. drugs: methyl aminolevulinate 50mg as needed, rosiglitazone 25mg every 12 hours, sulfameter 25mg after meals, bromotheophylline.","['patient', '48f', 'drugs', 'methyl', 'aminolevulinate', '50', 'mg', 'needed', 'rosiglitazone', '25', 'mg', '12', 'hours', 'sulfameter', '25', 'mg', 'meals', 'bromotheophylline']",18,"['Rosiglitazone', 'Bromotheophylline', 'Sulfameter', 'Methyl aminolevulinate']"
"Patient: 33M. Drugs: Sitagliptin, Testosterone undecanoate 25mg every 8 hours.","['Sitagliptin', 'Testosterone undecanoate']",1,2,hypoglycemic activities,"patient: 33m. drugs: sitagliptin, testosterone undecanoate 25mg every 8 hours.","['patient', '33', 'm.', 'drugs', 'sitagliptin', 'testosterone', 'undecanoate', '25', 'mg', '8', 'hours']",11,"['Sitagliptin', 'Testosterone undecanoate']"
"Patient: 30M. Drugs: Adapalene 100mg every 12 hours, Piretanide 100mg every 6 hours.","['Adapalene', 'Piretanide']",1,1,therapeutic efficacy,"patient: 30m. drugs: adapalene 100mg every 12 hours, piretanide 100mg every 6 hours.","['patient', '30', 'm.', 'drugs', 'adapalene', '100', 'mg', '12', 'hours', 'piretanide', '100', 'mg', '6', 'hours']",14,"['Adapalene', 'Piretanide']"
"Patient: 68M. Drugs: Mesalazine 500mg three times daily, Alimemazine 25mg every 12 hours, Piretanide.","['Mesalazine', 'Alimemazine', 'Piretanide']",1,1,therapeutic efficacy,"patient: 68m. drugs: mesalazine 500mg three times daily, alimemazine 25mg every 12 hours, piretanide.","['patient', '68', 'm.', 'drugs', 'mesalazine', '500', 'mg', 'times', 'daily', 'alimemazine', '25', 'mg', '12', 'hours', 'piretanide']",15,"['Mesalazine', 'Piretanide', 'Alimemazine']"
"Patient: 55F. Drugs: Nimodipine 75mg twice daily, Griseofulvin 75mg three times daily.","['Nimodipine', 'Griseofulvin']",1,1,therapeutic efficacy,"patient: 55f. drugs: nimodipine 75mg twice daily, griseofulvin 75mg three times daily.","['patient', '55f', 'drugs', 'nimodipine', '75', 'mg', 'twice', 'daily', 'griseofulvin', '75', 'mg', 'times', 'daily']",13,"['Griseofulvin', 'Nimodipine']"
"Patient: 35F. Drugs: Diethylcarbamazine 50mg every 6 hours, Oritavancin 75mg once daily, Oxyphenbutazone 500mg three times daily.","['Diethylcarbamazine', 'Oritavancin', 'Oxyphenbutazone']",0,0,none,"patient: 35f. drugs: diethylcarbamazine 50mg every 6 hours, oritavancin 75mg once daily, oxyphenbutazone 500mg three times daily.","['patient', '35f', 'drugs', 'diethylcarbamazine', '50', 'mg', '6', 'hours', 'oritavancin', '75', 'mg', 'daily', 'oxyphenbutazone', '500', 'mg', 'times', 'daily']",17,"['Oritavancin', 'Oxyphenbutazone', 'Diethylcarbamazine']"
"Patient: 45F. Drugs: Almotriptan, Amisulpride 500mg three times daily, Fluspirilene.","['Almotriptan', 'Amisulpride', 'Fluspirilene']",1,3,risk or severity of adverse effects,"patient: 45f. drugs: almotriptan, amisulpride 500mg three times daily, fluspirilene.","['patient', '45f', 'drugs', 'almotriptan', 'amisulpride', '500', 'mg', 'times', 'daily', 'fluspirilene']",10,"['Fluspirilene', 'Amisulpride', 'Almotriptan']"
"Patient: 48F. Drugs: Methyl aminolevulinate 50mg as needed, Rosiglitazone 25mg every 12 hours, Sulfameter 25mg after meals, Bromotheophylline.","['Methyl aminolevulinate', 'Rosiglitazone', 'Sulfameter', 'Bromotheophylline']",0,0,none,"patient: 48f. drugs: methyl aminolevulinate 50mg as needed, rosiglitazone 25mg every 12 hours, sulfameter 25mg after meals, bromotheophylline.","['patient', '48f', 'drugs', 'methyl', 'aminolevulinate', '50', 'mg', 'needed', 'rosiglitazone', '25', 'mg', '12', 'hours', 'sulfameter', '25', 'mg', 'meals', 'bromotheophylline']",18,"['Rosiglitazone', 'Bromotheophylline', 'Sulfameter', 'Methyl aminolevulinate']"
"Patient: 25F. Drugs: Alfuzosin 100mg before meals, Oxtriphylline 200mg after meals, Formestane, Tramadol 75mg every 8 hours.","['Alfuzosin', 'Oxtriphylline', 'Formestane', 'Tramadol']",0,0,none,"patient: 25f. drugs: alfuzosin 100mg before meals, oxtriphylline 200mg after meals, formestane, tramadol 75mg every 8 hours.","['patient', '25f', 'drugs', 'alfuzosin', '100', 'mg', 'meals', 'oxtriphylline', '200', 'mg', 'meals', 'formestane', 'tramadol', '75', 'mg', '8', 'hours']",17,"['Alfuzosin', 'Formestane', 'Oxtriphylline', 'Tramadol']"
"Patient: 70F. Drugs: Silodosin 75mg three times daily, Udenafil 25mg every 6 hours.","['Silodosin', 'Udenafil']",1,2,hypotensive activities,"patient: 70f. drugs: silodosin 75mg three times daily, udenafil 25mg every 6 hours.","['patient', '70f', 'drugs', 'silodosin', '75', 'mg', 'times', 'daily', 'udenafil', '25', 'mg', '6', 'hours']",13,"['Silodosin', 'Udenafil']"
"Patient: 60F. Drugs: Quinupristin, Glycerol Phenylbutyrate, Dexchlorpheniramine maleate 25mg every 6 hours.","['Quinupristin', 'Glycerol Phenylbutyrate', 'Dexchlorpheniramine maleate']",0,0,none,"patient: 60f. drugs: quinupristin, glycerol phenylbutyrate, dexchlorpheniramine maleate 25mg every 6 hours.","['patient', '60f', 'drugs', 'quinupristin', 'glycerol', 'phenylbutyrate', 'dexchlorpheniramine', 'maleate', '25', 'mg', '6', 'hours']",12,"['Quinupristin', 'Glycerol Phenylbutyrate', 'Dexchlorpheniramine maleate']"
"Patient: 48F. Drugs: Nitroxoline 50mg after meals, Efonidipine, Emtricitabine.","['Nitroxoline', 'Efonidipine', 'Emtricitabine']",1,1,therapeutic efficacy,"patient: 48f. drugs: nitroxoline 50mg after meals, efonidipine, emtricitabine.","['patient', '48f', 'drugs', 'nitroxoline', '50', 'mg', 'meals', 'efonidipine', 'emtricitabine']",9,"['Efonidipine', 'Nitroxoline', 'Emtricitabine']"
"Patient: 28F. Drugs: Quinethazone 75mg before meals, Empagliflozin 500mg every 8 hours.","['Quinethazone', 'Empagliflozin']",1,1,therapeutic efficacy,"patient: 28f. drugs: quinethazone 75mg before meals, empagliflozin 500mg every 8 hours.","['patient', '28f', 'drugs', 'quinethazone', '75', 'mg', 'meals', 'empagliflozin', '500', 'mg', '8', 'hours']",12,"['Quinethazone', 'Empagliflozin']"
"Patient: 70F. Drugs: Sulfametopyrazine, Prednicarbate 50mg after meals.","['Sulfametopyrazine', 'Prednicarbate']",0,0,none,"patient: 70f. drugs: sulfametopyrazine, prednicarbate 50mg after meals.","['patient', '70f', 'drugs', 'sulfametopyrazine', 'prednicarbate', '50', 'mg', 'meals']",8,"['Prednicarbate', 'Sulfametopyrazine']"
"Patient: 45F. Drugs: Venlafaxine 200mg once daily, Exemestane 25mg three times daily, Meclofenamic acid 50mg before meals.","['Venlafaxine', 'Exemestane', 'Meclofenamic acid']",1,2,metabolism,"patient: 45f. drugs: venlafaxine 200mg once daily, exemestane 25mg three times daily, meclofenamic acid 50mg before meals.","['patient', '45f', 'drugs', 'venlafaxine', '200', 'mg', 'daily', 'exemestane', '25', 'mg', 'times', 'daily', 'meclofenamic', 'acid', '50', 'mg', 'meals']",17,"['Meclofenamic acid', 'Venlafaxine', 'Exemestane']"
"Patient: 68M. Drugs: Ketobemidone, Benperidol 200mg twice daily.","['Ketobemidone', 'Benperidol']",1,3,risk or severity of adverse effects,"patient: 68m. drugs: ketobemidone, benperidol 200mg twice daily.","['patient', '68', 'm.', 'drugs', 'ketobemidone', 'benperidol', '200', 'mg', 'twice', 'daily']",10,"['Ketobemidone', 'Benperidol']"
"Patient: 35F. Drugs: Valdecoxib 500mg before meals, Probenecid, Orlistat 25mg three times daily.","['Valdecoxib', 'Probenecid', 'Orlistat']",1,2,serum concentration,"patient: 35f. drugs: valdecoxib 500mg before meals, probenecid, orlistat 25mg three times daily.","['patient', '35f', 'drugs', 'valdecoxib', '500', 'mg', 'meals', 'probenecid', 'orlistat', '25', 'mg', 'times', 'daily']",13,"['Probenecid', 'Valdecoxib', 'Orlistat']"
"Patient: 33M. Drugs: Fingolimod 500mg before meals, Lamivudine 25mg every 8 hours, Capecitabine 200mg every 6 hours, Clomipramine 200mg every 8 hours.","['Fingolimod', 'Lamivudine', 'Capecitabine', 'Clomipramine']",1,2,immunosuppressive activities,"patient: 33m. drugs: fingolimod 500mg before meals, lamivudine 25mg every 8 hours, capecitabine 200mg every 6 hours, clomipramine 200mg every 8 hours.","['patient', '33', 'm.', 'drugs', 'fingolimod', '500', 'mg', 'meals', 'lamivudine', '25', 'mg', '8', 'hours', 'capecitabine', '200', 'mg', '6', 'hours', 'clomipramine', '200', 'mg', '8', 'hours']",23,"['Capecitabine', 'Lamivudine', 'Fingolimod', 'Clomipramine']"
"Patient: 40M. Drugs: Fosinopril 100mg twice daily, Isosorbide Mononitrate 50mg before meals, Tofisopam.","['Fosinopril', 'Isosorbide Mononitrate', 'Tofisopam']",1,3,risk or severity of adverse effects,"patient: 40m. drugs: fosinopril 100mg twice daily, isosorbide mononitrate 50mg before meals, tofisopam.","['patient', '40', 'm.', 'drugs', 'fosinopril', '100', 'mg', 'twice', 'daily', 'isosorbide', 'mononitrate', '50', 'mg', 'meals', 'tofisopam']",15,"['Isosorbide Mononitrate', 'Fosinopril', 'Tofisopam']"
"Patient: 60F. Drugs: Prochlorperazine 200mg before meals, Pentazocine 25mg as needed, Praziquantel 75mg after meals.","['Prochlorperazine', 'Pentazocine', 'Praziquantel']",1,3,risk or severity of adverse effects,"patient: 60f. drugs: prochlorperazine 200mg before meals, pentazocine 25mg as needed, praziquantel 75mg after meals.","['patient', '60f', 'drugs', 'prochlorperazine', '200', 'mg', 'meals', 'pentazocine', '25', 'mg', 'needed', 'praziquantel', '75', 'mg', 'meals']",15,"['Prochlorperazine', 'Praziquantel', 'Pentazocine']"
"Patient: 48F. Drugs: Tolnaftate 75mg every 12 hours, Clonixin 25mg twice daily.","['Tolnaftate', 'Clonixin']",0,0,none,"patient: 48f. drugs: tolnaftate 75mg every 12 hours, clonixin 25mg twice daily.","['patient', '48f', 'drugs', 'tolnaftate', '75', 'mg', '12', 'hours', 'clonixin', '25', 'mg', 'twice', 'daily']",13,"['Clonixin', 'Tolnaftate']"
"Patient: 35F. Drugs: Fludrocortisone 75mg twice daily, Lobeglitazone 200mg before meals, Dimetotiazine 50mg before meals.","['Fludrocortisone', 'Lobeglitazone', 'Dimetotiazine']",0,0,none,"patient: 35f. drugs: fludrocortisone 75mg twice daily, lobeglitazone 200mg before meals, dimetotiazine 50mg before meals.","['patient', '35f', 'drugs', 'fludrocortisone', '75', 'mg', 'twice', 'daily', 'lobeglitazone', '200', 'mg', 'meals', 'dimetotiazine', '50', 'mg', 'meals']",16,"['Dimetotiazine', 'Fludrocortisone', 'Lobeglitazone']"
"Patient: 28F. Drugs: Protriptyline, Trichloroethylene 100mg once daily, Meropenem 25mg every 12 hours.","['Protriptyline', 'Trichloroethylene', 'Meropenem']",1,3,risk or severity of adverse effects,"patient: 28f. drugs: protriptyline, trichloroethylene 100mg once daily, meropenem 25mg every 12 hours.","['patient', '28f', 'drugs', 'protriptyline', 'trichloroethylene', '100', 'mg', 'daily', 'meropenem', '25', 'mg', '12', 'hours']",13,"['Trichloroethylene', 'Meropenem', 'Protriptyline']"
"Patient: 75M. Drugs: Dolasetron 200mg after meals, Norfloxacin 500mg every 12 hours.","['Dolasetron', 'Norfloxacin']",1,2,QTc-prolonging activities,"patient: 75m. drugs: dolasetron 200mg after meals, norfloxacin 500mg every 12 hours.","['patient', '75', 'm.', 'drugs', 'dolasetron', '200', 'mg', 'meals', 'norfloxacin', '500', 'mg', '12', 'hours']",13,"['Norfloxacin', 'Dolasetron']"
"Patient: 68M. Drugs: Trimethoprim, Ledipasvir, Amitriptylinoxide.","['Trimethoprim', 'Ledipasvir', 'Amitriptylinoxide']",1,2,serum concentration,"patient: 68m. drugs: trimethoprim, ledipasvir, amitriptylinoxide.","['patient', '68', 'm.', 'drugs', 'trimethoprim', 'ledipasvir', 'amitriptylinoxide']",7,"['Amitriptylinoxide', 'Ledipasvir', 'Trimethoprim']"
"Patient: 48F. Drugs: Gamma Hydroxybutyric Acid, Fluindione 75mg twice daily.","['Gamma Hydroxybutyric Acid', 'Fluindione']",0,0,none,"patient: 48f. drugs: gamma hydroxybutyric acid, fluindione 75mg twice daily.","['patient', '48f', 'drugs', 'gamma', 'hydroxybutyric', 'acid', 'fluindione', '75', 'mg', 'twice', 'daily']",11,"['Fluindione', 'Gamma Hydroxybutyric Acid']"
"Patient: 48F. Drugs: Nitroxoline 50mg after meals, Efonidipine, Emtricitabine.","['Nitroxoline', 'Efonidipine', 'Emtricitabine']",1,1,therapeutic efficacy,"patient: 48f. drugs: nitroxoline 50mg after meals, efonidipine, emtricitabine.","['patient', '48f', 'drugs', 'nitroxoline', '50', 'mg', 'meals', 'efonidipine', 'emtricitabine']",9,"['Efonidipine', 'Nitroxoline', 'Emtricitabine']"
"Patient: 52M. Drugs: Olsalazine 75mg every 6 hours, Alprenolol 100mg once daily, Acetaminophen, Memantine 50mg every 12 hours.","['Olsalazine', 'Alprenolol', 'Acetaminophen', 'Memantine']",1,3,risk or severity of adverse effects,"patient: 52m. drugs: olsalazine 75mg every 6 hours, alprenolol 100mg once daily, acetaminophen, memantine 50mg every 12 hours.","['patient', '52', 'm.', 'drugs', 'olsalazine', '75', 'mg', '6', 'hours', 'alprenolol', '100', 'mg', 'daily', 'acetaminophen', 'memantine', '50', 'mg', '12', 'hours']",19,"['Memantine', 'Olsalazine', 'Alprenolol', 'Acetaminophen']"
"Patient: 48F. Drugs: Dinoprost Tromethamine 200mg every 8 hours, Loxoprofen, Flurandrenolide 75mg every 12 hours.","['Dinoprost Tromethamine', 'Loxoprofen', 'Flurandrenolide']",1,1,therapeutic efficacy,"patient: 48f. drugs: dinoprost tromethamine 200mg every 8 hours, loxoprofen, flurandrenolide 75mg every 12 hours.","['patient', '48f', 'drugs', 'dinoprost', 'tromethamine', '200', 'mg', '8', 'hours', 'loxoprofen', 'flurandrenolide', '75', 'mg', '12', 'hours']",15,"['Dinoprost Tromethamine', 'Flurandrenolide', 'Loxoprofen']"
"Patient: 45F. Drugs: Flibanserin 25mg every 6 hours, Lofexidine 25mg every 6 hours.","['Flibanserin', 'Lofexidine']",1,1,therapeutic efficacy,"patient: 45f. drugs: flibanserin 25mg every 6 hours, lofexidine 25mg every 6 hours.","['patient', '45f', 'drugs', 'flibanserin', '25', 'mg', '6', 'hours', 'lofexidine', '25', 'mg', '6', 'hours']",13,"['Lofexidine', 'Flibanserin']"
"Patient: 40M. Drugs: Aranidipine 25mg every 6 hours, Calcium lactate 100mg as needed.","['Aranidipine', 'Calcium lactate']",1,1,therapeutic efficacy,"patient: 40m. drugs: aranidipine 25mg every 6 hours, calcium lactate 100mg as needed.","['patient', '40', 'm.', 'drugs', 'aranidipine', '25', 'mg', '6', 'hours', 'calcium', 'lactate', '100', 'mg', 'needed']",14,"['Calcium lactate', 'Aranidipine']"
"Patient: 55F. Drugs: Antipyrine 75mg before meals, Piretanide, Pholcodine 50mg three times daily.","['Antipyrine', 'Piretanide', 'Pholcodine']",1,1,therapeutic efficacy,"patient: 55f. drugs: antipyrine 75mg before meals, piretanide, pholcodine 50mg three times daily.","['patient', '55f', 'drugs', 'antipyrine', '75', 'mg', 'meals', 'piretanide', 'pholcodine', '50', 'mg', 'times', 'daily']",13,"['Antipyrine', 'Piretanide', 'Pholcodine']"
"Patient: 58M. Drugs: Difluocortolone 200mg twice daily, Morniflumate 100mg every 6 hours, Daclatasvir 50mg three times daily.","['Difluocortolone', 'Morniflumate', 'Daclatasvir']",1,3,risk or severity of adverse effects,"patient: 58m. drugs: difluocortolone 200mg twice daily, morniflumate 100mg every 6 hours, daclatasvir 50mg three times daily.","['patient', '58', 'm.', 'drugs', 'difluocortolone', '200', 'mg', 'twice', 'daily', 'morniflumate', '100', 'mg', '6', 'hours', 'daclatasvir', '50', 'mg', 'times', 'daily']",19,"['Difluocortolone', 'Morniflumate', 'Daclatasvir']"
"Patient: 75M. Drugs: Doxercalciferol, Indapamide.","['Doxercalciferol', 'Indapamide']",1,3,risk or severity of hyperkalemia,"patient: 75m. drugs: doxercalciferol, indapamide.","['patient', '75', 'm.', 'drugs', 'doxercalciferol', 'indapamide']",6,"['Doxercalciferol', 'Indapamide']"
"Patient: 40M. Drugs: Gemeprost 100mg once daily, Hydrocodone 200mg after meals, Romidepsin, Diflunisal 25mg every 8 hours.","['Gemeprost', 'Hydrocodone', 'Romidepsin', 'Diflunisal']",1,1,therapeutic efficacy,"patient: 40m. drugs: gemeprost 100mg once daily, hydrocodone 200mg after meals, romidepsin, diflunisal 25mg every 8 hours.","['patient', '40', 'm.', 'drugs', 'gemeprost', '100', 'mg', 'daily', 'hydrocodone', '200', 'mg', 'meals', 'romidepsin', 'diflunisal', '25', 'mg', '8', 'hours']",18,"['Hydrocodone', 'Romidepsin', 'Gemeprost', 'Diflunisal']"
"Patient: 33M. Drugs: Flibanserin, Cefoxitin 100mg twice daily.","['Flibanserin', 'Cefoxitin']",0,0,none,"patient: 33m. drugs: flibanserin, cefoxitin 100mg twice daily.","['patient', '33', 'm.', 'drugs', 'flibanserin', 'cefoxitin', '100', 'mg', 'twice', 'daily']",10,"['Cefoxitin', 'Flibanserin']"
"Patient: 33M. Drugs: Bromocriptine 75mg after meals, Zotepine 200mg before meals, Flavoxate 200mg before meals.","['Bromocriptine', 'Zotepine', 'Flavoxate']",1,1,therapeutic efficacy,"patient: 33m. drugs: bromocriptine 75mg after meals, zotepine 200mg before meals, flavoxate 200mg before meals.","['patient', '33', 'm.', 'drugs', 'bromocriptine', '75', 'mg', 'meals', 'zotepine', '200', 'mg', 'meals', 'flavoxate', '200', 'mg', 'meals']",16,"['Flavoxate', 'Bromocriptine', 'Zotepine']"
"Patient: 28F. Drugs: Pyrazinamide 100mg every 12 hours, Stiripentol, Lovastatin.","['Pyrazinamide', 'Stiripentol', 'Lovastatin']",1,2,serum concentration,"patient: 28f. drugs: pyrazinamide 100mg every 12 hours, stiripentol, lovastatin.","['patient', '28f', 'drugs', 'pyrazinamide', '100', 'mg', '12', 'hours', 'stiripentol', 'lovastatin']",10,"['Stiripentol', 'Pyrazinamide', 'Lovastatin']"
"Patient: 55F. Drugs: Dexbrompheniramine 25mg every 6 hours, Ribociclib.","['Dexbrompheniramine', 'Ribociclib']",0,0,none,"patient: 55f. drugs: dexbrompheniramine 25mg every 6 hours, ribociclib.","['patient', '55f', 'drugs', 'dexbrompheniramine', '25', 'mg', '6', 'hours', 'ribociclib']",9,"['Ribociclib', 'Dexbrompheniramine']"
"Patient: 25F. Drugs: Levorphanol 500mg three times daily, Eribulin 500mg once daily.","['Levorphanol', 'Eribulin']",0,0,none,"patient: 25f. drugs: levorphanol 500mg three times daily, eribulin 500mg once daily.","['patient', '25f', 'drugs', 'levorphanol', '500', 'mg', 'times', 'daily', 'eribulin', '500', 'mg', 'daily']",12,"['Eribulin', 'Levorphanol']"
"Patient: 68M. Drugs: Talniflumate 100mg every 6 hours, Hexetidine 75mg every 6 hours, Olmesartan, Arbutamine 100mg as needed.","['Talniflumate', 'Hexetidine', 'Olmesartan', 'Arbutamine']",0,0,none,"patient: 68m. drugs: talniflumate 100mg every 6 hours, hexetidine 75mg every 6 hours, olmesartan, arbutamine 100mg as needed.","['patient', '68', 'm.', 'drugs', 'talniflumate', '100', 'mg', '6', 'hours', 'hexetidine', '75', 'mg', '6', 'hours', 'olmesartan', 'arbutamine', '100', 'mg', 'needed']",19,"['Talniflumate', 'Hexetidine', 'Arbutamine', 'Olmesartan']"
"Patient: 60F. Drugs: Cloxacillin 100mg twice daily, Acetylcholine, Ibrutinib.","['Cloxacillin', 'Acetylcholine', 'Ibrutinib']",0,0,none,"patient: 60f. drugs: cloxacillin 100mg twice daily, acetylcholine, ibrutinib.","['patient', '60f', 'drugs', 'cloxacillin', '100', 'mg', 'twice', 'daily', 'acetylcholine', 'ibrutinib']",10,"['Acetylcholine', 'Cloxacillin', 'Ibrutinib']"
"Patient: 60F. Drugs: Demecarium 100mg every 12 hours, Thiotepa 500mg every 8 hours, Benzthiazide 25mg three times daily, Naftifine.","['Demecarium', 'Thiotepa', 'Benzthiazide', 'Naftifine']",1,1,therapeutic efficacy,"patient: 60f. drugs: demecarium 100mg every 12 hours, thiotepa 500mg every 8 hours, benzthiazide 25mg three times daily, naftifine.","['patient', '60f', 'drugs', 'demecarium', '100', 'mg', '12', 'hours', 'thiotepa', '500', 'mg', '8', 'hours', 'benzthiazide', '25', 'mg', 'times', 'daily', 'naftifine']",19,"['Benzthiazide', 'Naftifine', 'Thiotepa', 'Demecarium']"
"Patient: 35F. Drugs: Anagrelide, Panobinostat 75mg twice daily.","['Anagrelide', 'Panobinostat']",1,2,QTc-prolonging activities,"patient: 35f. drugs: anagrelide, panobinostat 75mg twice daily.","['patient', '35f', 'drugs', 'anagrelide', 'panobinostat', '75', 'mg', 'twice', 'daily']",9,"['Anagrelide', 'Panobinostat']"
"Patient: 33M. Drugs: Hydroflumethiazide, Eflornithine 50mg every 12 hours, Nepafenac 500mg before meals.","['Hydroflumethiazide', 'Eflornithine', 'Nepafenac']",1,1,therapeutic efficacy,"patient: 33m. drugs: hydroflumethiazide, eflornithine 50mg every 12 hours, nepafenac 500mg before meals.","['patient', '33', 'm.', 'drugs', 'hydroflumethiazide', 'eflornithine', '50', 'mg', '12', 'hours', 'nepafenac', '500', 'mg', 'meals']",14,"['Hydroflumethiazide', 'Eflornithine', 'Nepafenac']"
"Patient: 62M. Drugs: Gallium nitrate, Tadalafil 50mg twice daily, Dipyridamole 75mg twice daily, Mestranol 75mg three times daily.","['Gallium nitrate', 'Tadalafil', 'Dipyridamole', 'Mestranol']",1,3,risk or severity of adverse effects,"patient: 62m. drugs: gallium nitrate, tadalafil 50mg twice daily, dipyridamole 75mg twice daily, mestranol 75mg three times daily.","['patient', '62', 'm.', 'drugs', 'gallium', 'nitrate', 'tadalafil', '50', 'mg', 'twice', 'daily', 'dipyridamole', '75', 'mg', 'twice', 'daily', 'mestranol', '75', 'mg', 'times', 'daily']",21,"['Tadalafil', 'Dipyridamole', 'Gallium nitrate', 'Mestranol']"
"Patient: 40M. Drugs: Umeclidinium 50mg after meals, Dexrazoxane 500mg every 12 hours.","['Umeclidinium', 'Dexrazoxane']",0,0,none,"patient: 40m. drugs: umeclidinium 50mg after meals, dexrazoxane 500mg every 12 hours.","['patient', '40', 'm.', 'drugs', 'umeclidinium', '50', 'mg', 'meals', 'dexrazoxane', '500', 'mg', '12', 'hours']",13,"['Dexrazoxane', 'Umeclidinium']"
"Patient: 35F. Drugs: Alfentanil 500mg before meals, Desipramine 200mg every 8 hours, Doxercalciferol.","['Alfentanil', 'Desipramine', 'Doxercalciferol']",1,3,risk or severity of adverse effects,"patient: 35f. drugs: alfentanil 500mg before meals, desipramine 200mg every 8 hours, doxercalciferol.","['patient', '35f', 'drugs', 'alfentanil', '500', 'mg', 'meals', 'desipramine', '200', 'mg', '8', 'hours', 'doxercalciferol']",13,"['Alfentanil', 'Desipramine', 'Doxercalciferol']"
"Patient: 45F. Drugs: Oxybutynin, Metoclopramide 200mg as needed, Tolazoline 50mg before meals.","['Oxybutynin', 'Metoclopramide', 'Tolazoline']",1,1,therapeutic efficacy,"patient: 45f. drugs: oxybutynin, metoclopramide 200mg as needed, tolazoline 50mg before meals.","['patient', '45f', 'drugs', 'oxybutynin', 'metoclopramide', '200', 'mg', 'needed', 'tolazoline', '50', 'mg', 'meals']",12,"['Tolazoline', 'Oxybutynin', 'Metoclopramide']"
"Patient: 58M. Drugs: Saquinavir 25mg every 12 hours, Norethisterone 200mg after meals, Ertugliflozin.","['Saquinavir', 'Norethisterone', 'Ertugliflozin']",1,2,serum concentration,"patient: 58m. drugs: saquinavir 25mg every 12 hours, norethisterone 200mg after meals, ertugliflozin.","['patient', '58', 'm.', 'drugs', 'saquinavir', '25', 'mg', '12', 'hours', 'norethisterone', '200', 'mg', 'meals', 'ertugliflozin']",14,"['Norethisterone', 'Ertugliflozin', 'Saquinavir']"
"Patient: 35F. Drugs: Pregabalin 500mg once daily, Phenytoin.","['Pregabalin', 'Phenytoin']",1,1,therapeutic efficacy,"patient: 35f. drugs: pregabalin 500mg once daily, phenytoin.","['patient', '35f', 'drugs', 'pregabalin', '500', 'mg', 'daily', 'phenytoin']",8,"['Pregabalin', 'Phenytoin']"
"Patient: 62M. Drugs: Lisdexamfetamine, Demeclocycline 75mg as needed, Quinapril 100mg as needed.","['Lisdexamfetamine', 'Demeclocycline', 'Quinapril']",1,1,absorption,"patient: 62m. drugs: lisdexamfetamine, demeclocycline 75mg as needed, quinapril 100mg as needed.","['patient', '62', 'm.', 'drugs', 'lisdexamfetamine', 'demeclocycline', '75', 'mg', 'needed', 'quinapril', '100', 'mg', 'needed']",13,"['Lisdexamfetamine', 'Demeclocycline', 'Quinapril']"
"Patient: 25F. Drugs: Methyl salicylate 100mg every 8 hours, Oxycodone 500mg three times daily, Naftifine.","['Methyl salicylate', 'Oxycodone', 'Naftifine']",0,0,none,"patient: 25f. drugs: methyl salicylate 100mg every 8 hours, oxycodone 500mg three times daily, naftifine.","['patient', '25f', 'drugs', 'methyl', 'salicylate', '100', 'mg', '8', 'hours', 'oxycodone', '500', 'mg', 'times', 'daily', 'naftifine']",15,"['Oxycodone', 'Methyl salicylate', 'Naftifine']"
"Patient: 68M. Drugs: Citalopram 75mg after meals, Stavudine, Ciclopirox.","['Citalopram', 'Stavudine', 'Ciclopirox']",0,0,none,"patient: 68m. drugs: citalopram 75mg after meals, stavudine, ciclopirox.","['patient', '68', 'm.', 'drugs', 'citalopram', '75', 'mg', 'meals', 'stavudine', 'ciclopirox']",10,"['Ciclopirox', 'Stavudine', 'Citalopram']"
"Patient: 35F. Drugs: Darifenacin 25mg every 12 hours, Zidovudine 100mg twice daily, Conivaptan, Benzthiazide 50mg as needed.","['Darifenacin', 'Zidovudine', 'Conivaptan', 'Benzthiazide']",1,2,serum concentration,"patient: 35f. drugs: darifenacin 25mg every 12 hours, zidovudine 100mg twice daily, conivaptan, benzthiazide 50mg as needed.","['patient', '35f', 'drugs', 'darifenacin', '25', 'mg', '12', 'hours', 'zidovudine', '100', 'mg', 'twice', 'daily', 'conivaptan', 'benzthiazide', '50', 'mg', 'needed']",18,"['Zidovudine', 'Benzthiazide', 'Conivaptan', 'Darifenacin']"
"Patient: 25F. Drugs: Pindolol 100mg as needed, Fimasartan 75mg as needed.","['Pindolol', 'Fimasartan']",1,3,risk or severity of adverse effects,"patient: 25f. drugs: pindolol 100mg as needed, fimasartan 75mg as needed.","['patient', '25f', 'drugs', 'pindolol', '100', 'mg', 'needed', 'fimasartan', '75', 'mg', 'needed']",11,"['Pindolol', 'Fimasartan']"
"Patient: 60F. Drugs: Dinoprost Tromethamine 50mg every 12 hours, Tranilast, Demecarium 50mg once daily.","['Dinoprost Tromethamine', 'Tranilast', 'Demecarium']",1,1,therapeutic efficacy,"patient: 60f. drugs: dinoprost tromethamine 50mg every 12 hours, tranilast, demecarium 50mg once daily.","['patient', '60f', 'drugs', 'dinoprost', 'tromethamine', '50', 'mg', '12', 'hours', 'tranilast', 'demecarium', '50', 'mg', 'daily']",14,"['Tranilast', 'Dinoprost Tromethamine', 'Demecarium']"
"Patient: 68M. Drugs: Spironolactone 75mg every 6 hours, Methadyl Acetate.","['Spironolactone', 'Methadyl Acetate']",1,3,risk or severity of adverse effects,"patient: 68m. drugs: spironolactone 75mg every 6 hours, methadyl acetate.","['patient', '68', 'm.', 'drugs', 'spironolactone', '75', 'mg', '6', 'hours', 'methadyl', 'acetate']",11,"['Spironolactone', 'Methadyl Acetate']"
"Patient: 25F. Drugs: Ketoconazole, Tegaserod 100mg every 8 hours, Lixisenatide 75mg before meals.","['Ketoconazole', 'Tegaserod', 'Lixisenatide']",1,2,metabolism,"patient: 25f. drugs: ketoconazole, tegaserod 100mg every 8 hours, lixisenatide 75mg before meals.","['patient', '25f', 'drugs', 'ketoconazole', 'tegaserod', '100', 'mg', '8', 'hours', 'lixisenatide', '75', 'mg', 'meals']",13,"['Lixisenatide', 'Ketoconazole', 'Tegaserod']"
"Patient: 60F. Drugs: Doxacurium chloride, Dihydralazine 100mg every 6 hours, Mianserin 100mg every 6 hours, Pyridoxine 500mg every 8 hours.","['Doxacurium chloride', 'Dihydralazine', 'Mianserin', 'Pyridoxine']",0,0,none,"patient: 60f. drugs: doxacurium chloride, dihydralazine 100mg every 6 hours, mianserin 100mg every 6 hours, pyridoxine 500mg every 8 hours.","['patient', '60f', 'drugs', 'doxacurium', 'chloride', 'dihydralazine', '100', 'mg', '6', 'hours', 'mianserin', '100', 'mg', '6', 'hours', 'pyridoxine', '500', 'mg', '8', 'hours']",20,"['Mianserin', 'Dihydralazine', 'Doxacurium chloride', 'Pyridoxine']"
"Patient: 33M. Drugs: Mecamylamine 500mg every 6 hours, Eprosartan.","['Mecamylamine', 'Eprosartan']",1,2,hypotensive activities,"patient: 33m. drugs: mecamylamine 500mg every 6 hours, eprosartan.","['patient', '33', 'm.', 'drugs', 'mecamylamine', '500', 'mg', '6', 'hours', 'eprosartan']",10,"['Mecamylamine', 'Eprosartan']"
"Patient: 62M. Drugs: Trazodone 50mg every 6 hours, Chlorprothixene 25mg once daily, Trandolapril.","['Trazodone', 'Chlorprothixene', 'Trandolapril']",1,3,risk or severity of adverse effects,"patient: 62m. drugs: trazodone 50mg every 6 hours, chlorprothixene 25mg once daily, trandolapril.","['patient', '62', 'm.', 'drugs', 'trazodone', '50', 'mg', '6', 'hours', 'chlorprothixene', '25', 'mg', 'daily', 'trandolapril']",14,"['Trazodone', 'Chlorprothixene', 'Trandolapril']"
"Patient: 40M. Drugs: Levetiracetam 200mg twice daily, Fospropofol 200mg three times daily, Eltrombopag.","['Levetiracetam', 'Fospropofol', 'Eltrombopag']",1,3,risk or severity of adverse effects,"patient: 40m. drugs: levetiracetam 200mg twice daily, fospropofol 200mg three times daily, eltrombopag.","['patient', '40', 'm.', 'drugs', 'levetiracetam', '200', 'mg', 'twice', 'daily', 'fospropofol', '200', 'mg', 'times', 'daily', 'eltrombopag']",15,"['Fospropofol', 'Levetiracetam', 'Eltrombopag']"
"Patient: 60F. Drugs: Phenprocoumon, Estradiol cypionate, Oxyphenbutazone.","['Phenprocoumon', 'Estradiol cypionate', 'Oxyphenbutazone']",1,2,anticoagulant activities,"patient: 60f. drugs: phenprocoumon, estradiol cypionate, oxyphenbutazone.","['patient', '60f', 'drugs', 'phenprocoumon', 'estradiol', 'cypionate', 'oxyphenbutazone']",7,"['Estradiol cypionate', 'Oxyphenbutazone', 'Phenprocoumon']"
"Patient: 25F. Drugs: Tropicamide 25mg twice daily, Metoclopramide 75mg once daily.","['Tropicamide', 'Metoclopramide']",1,1,therapeutic efficacy,"patient: 25f. drugs: tropicamide 25mg twice daily, metoclopramide 75mg once daily.","['patient', '25f', 'drugs', 'tropicamide', '25', 'mg', 'twice', 'daily', 'metoclopramide', '75', 'mg', 'daily']",12,"['Tropicamide', 'Metoclopramide']"
"Patient: 68M. Drugs: Chlorphenamine, Fesoterodine 75mg after meals.","['Chlorphenamine', 'Fesoterodine']",1,2,serum concentration of active metabolites,"patient: 68m. drugs: chlorphenamine, fesoterodine 75mg after meals.","['patient', '68', 'm.', 'drugs', 'chlorphenamine', 'fesoterodine', '75', 'mg', 'meals']",9,"['Chlorphenamine', 'Fesoterodine']"
"Patient: 62M. Drugs: Ciprofloxacin 200mg every 12 hours, Delamanid 200mg once daily.","['Ciprofloxacin', 'Delamanid']",1,2,QTc-prolonging activities,"patient: 62m. drugs: ciprofloxacin 200mg every 12 hours, delamanid 200mg once daily.","['patient', '62', 'm.', 'drugs', 'ciprofloxacin', '200', 'mg', '12', 'hours', 'delamanid', '200', 'mg', 'daily']",13,"['Delamanid', 'Ciprofloxacin']"
"Patient: 48F. Drugs: Axitinib, Pancuronium 25mg before meals, Sodium stibogluconate 75mg twice daily.","['Axitinib', 'Pancuronium', 'Sodium stibogluconate']",0,0,none,"patient: 48f. drugs: axitinib, pancuronium 25mg before meals, sodium stibogluconate 75mg twice daily.","['patient', '48f', 'drugs', 'axitinib', 'pancuronium', '25', 'mg', 'meals', 'sodium', 'stibogluconate', '75', 'mg', 'twice', 'daily']",14,"['Axitinib', 'Pancuronium', 'Sodium stibogluconate']"
"Patient: 33M. Drugs: Probenecid 500mg every 8 hours, Aceclofenac.","['Probenecid', 'Aceclofenac']",1,2,serum concentration,"patient: 33m. drugs: probenecid 500mg every 8 hours, aceclofenac.","['patient', '33', 'm.', 'drugs', 'probenecid', '500', 'mg', '8', 'hours', 'aceclofenac']",10,"['Probenecid', 'Aceclofenac']"
"Patient: 62M. Drugs: Amorolfine 500mg every 6 hours, Thioridazine 75mg after meals, Doxacurium chloride 200mg after meals, Deslanoside 100mg after meals.","['Amorolfine', 'Thioridazine', 'Doxacurium chloride', 'Deslanoside']",1,2,arrhythmogenic activities,"patient: 62m. drugs: amorolfine 500mg every 6 hours, thioridazine 75mg after meals, doxacurium chloride 200mg after meals, deslanoside 100mg after meals.","['patient', '62', 'm.', 'drugs', 'amorolfine', '500', 'mg', '6', 'hours', 'thioridazine', '75', 'mg', 'meals', 'doxacurium', 'chloride', '200', 'mg', 'meals', 'deslanoside', '100', 'mg', 'meals']",22,"['Thioridazine', 'Amorolfine', 'Doxacurium chloride', 'Deslanoside']"
"Patient: 48F. Drugs: Dinoprost Tromethamine, Meclofenamic acid 100mg as needed, Celiprolol 100mg as needed.","['Dinoprost Tromethamine', 'Meclofenamic acid', 'Celiprolol']",1,2,antihypertensive activities,"patient: 48f. drugs: dinoprost tromethamine, meclofenamic acid 100mg as needed, celiprolol 100mg as needed.","['patient', '48f', 'drugs', 'dinoprost', 'tromethamine', 'meclofenamic', 'acid', '100', 'mg', 'needed', 'celiprolol', '100', 'mg', 'needed']",14,"['Celiprolol', 'Dinoprost Tromethamine', 'Meclofenamic acid']"
"Patient: 68M. Drugs: Mesalazine 500mg three times daily, Alimemazine 25mg every 12 hours, Piretanide.","['Mesalazine', 'Alimemazine', 'Piretanide']",1,1,therapeutic efficacy,"patient: 68m. drugs: mesalazine 500mg three times daily, alimemazine 25mg every 12 hours, piretanide.","['patient', '68', 'm.', 'drugs', 'mesalazine', '500', 'mg', 'times', 'daily', 'alimemazine', '25', 'mg', '12', 'hours', 'piretanide']",15,"['Mesalazine', 'Piretanide', 'Alimemazine']"
"Patient: 30M. Drugs: Methyclothiazide, Spironolactone 50mg three times daily, Naltrexone 25mg twice daily.","['Methyclothiazide', 'Spironolactone', 'Naltrexone']",1,3,risk or severity of adverse effects,"patient: 30m. drugs: methyclothiazide, spironolactone 50mg three times daily, naltrexone 25mg twice daily.","['patient', '30', 'm.', 'drugs', 'methyclothiazide', 'spironolactone', '50', 'mg', 'times', 'daily', 'naltrexone', '25', 'mg', 'twice', 'daily']",15,"['Naltrexone', 'Spironolactone', 'Methyclothiazide']"
"Patient: 25F. Drugs: Rofecoxib 75mg before meals, Difluocortolone 25mg once daily, Enzalutamide 100mg before meals.","['Rofecoxib', 'Difluocortolone', 'Enzalutamide']",1,3,risk or severity of adverse effects,"patient: 25f. drugs: rofecoxib 75mg before meals, difluocortolone 25mg once daily, enzalutamide 100mg before meals.","['patient', '25f', 'drugs', 'rofecoxib', '75', 'mg', 'meals', 'difluocortolone', '25', 'mg', 'daily', 'enzalutamide', '100', 'mg', 'meals']",15,"['Difluocortolone', 'Rofecoxib', 'Enzalutamide']"
"Patient: 40M. Drugs: Tacrolimus, Pramlintide 500mg every 6 hours.","['Tacrolimus', 'Pramlintide']",1,1,therapeutic efficacy,"patient: 40m. drugs: tacrolimus, pramlintide 500mg every 6 hours.","['patient', '40', 'm.', 'drugs', 'tacrolimus', 'pramlintide', '500', 'mg', '6', 'hours']",10,"['Tacrolimus', 'Pramlintide']"
"Patient: 28F. Drugs: Glyburide, Mebeverine 50mg twice daily, Furosemide 200mg before meals, Cabozantinib.","['Glyburide', 'Mebeverine', 'Furosemide', 'Cabozantinib']",1,1,therapeutic efficacy,"patient: 28f. drugs: glyburide, mebeverine 50mg twice daily, furosemide 200mg before meals, cabozantinib.","['patient', '28f', 'drugs', 'glyburide', 'mebeverine', '50', 'mg', 'twice', 'daily', 'furosemide', '200', 'mg', 'meals', 'cabozantinib']",14,"['Glyburide', 'Cabozantinib', 'Furosemide', 'Mebeverine']"
"Patient: 68M. Drugs: Ibuprofen 500mg every 8 hours, Progesterone 500mg before meals, Dexmethylphenidate 50mg three times daily.","['Ibuprofen', 'Progesterone', 'Dexmethylphenidate']",0,0,none,"patient: 68m. drugs: ibuprofen 500mg every 8 hours, progesterone 500mg before meals, dexmethylphenidate 50mg three times daily.","['patient', '68', 'm.', 'drugs', 'ibuprofen', '500', 'mg', '8', 'hours', 'progesterone', '500', 'mg', 'meals', 'dexmethylphenidate', '50', 'mg', 'times', 'daily']",18,"['Dexmethylphenidate', 'Ibuprofen', 'Progesterone']"
"Patient: 48F. Drugs: Trimipramine, Agomelatine, Sodium Chloride.","['Trimipramine', 'Agomelatine', 'Sodium Chloride']",1,3,risk or severity of adverse effects,"patient: 48f. drugs: trimipramine, agomelatine, sodium chloride.","['patient', '48f', 'drugs', 'trimipramine', 'agomelatine', 'sodium', 'chloride']",7,"['Sodium Chloride', 'Agomelatine', 'Trimipramine']"
"Patient: 28F. Drugs: Diethylpropion 200mg every 8 hours, Amrinone 50mg every 12 hours.","['Diethylpropion', 'Amrinone']",0,0,none,"patient: 28f. drugs: diethylpropion 200mg every 8 hours, amrinone 50mg every 12 hours.","['patient', '28f', 'drugs', 'diethylpropion', '200', 'mg', '8', 'hours', 'amrinone', '50', 'mg', '12', 'hours']",13,"['Amrinone', 'Diethylpropion']"
"Patient: 55F. Drugs: Netilmicin 100mg as needed, Orlistat, Triazolam.","['Netilmicin', 'Orlistat', 'Triazolam']",0,0,none,"patient: 55f. drugs: netilmicin 100mg as needed, orlistat, triazolam.","['patient', '55f', 'drugs', 'netilmicin', '100', 'mg', 'needed', 'orlistat', 'triazolam']",9,"['Netilmicin', 'Orlistat', 'Triazolam']"
"Patient: 68M. Drugs: Cephaloglycin 50mg as needed, Temocillin 75mg every 12 hours, Teriflunomide, Rocuronium 100mg before meals.","['Cephaloglycin', 'Temocillin', 'Teriflunomide', 'Rocuronium']",0,0,none,"patient: 68m. drugs: cephaloglycin 50mg as needed, temocillin 75mg every 12 hours, teriflunomide, rocuronium 100mg before meals.","['patient', '68', 'm.', 'drugs', 'cephaloglycin', '50', 'mg', 'needed', 'temocillin', '75', 'mg', '12', 'hours', 'teriflunomide', 'rocuronium', '100', 'mg', 'meals']",18,"['Cephaloglycin', 'Rocuronium', 'Teriflunomide', 'Temocillin']"
"Patient: 25F. Drugs: Thalidomide 500mg twice daily, Amiodarone.","['Thalidomide', 'Amiodarone']",1,2,metabolism,"patient: 25f. drugs: thalidomide 500mg twice daily, amiodarone.","['patient', '25f', 'drugs', 'thalidomide', '500', 'mg', 'twice', 'daily', 'amiodarone']",9,"['Thalidomide', 'Amiodarone']"
"Patient: 58M. Drugs: Nimesulide 50mg twice daily, Artemether.","['Nimesulide', 'Artemether']",1,1,therapeutic efficacy,"patient: 58m. drugs: nimesulide 50mg twice daily, artemether.","['patient', '58', 'm.', 'drugs', 'nimesulide', '50', 'mg', 'twice', 'daily', 'artemether']",10,"['Nimesulide', 'Artemether']"
"Patient: 68M. Drugs: Folic Acid 25mg every 6 hours, Oxyphenbutazone 100mg every 6 hours.","['Folic Acid', 'Oxyphenbutazone']",1,1,therapeutic efficacy,"patient: 68m. drugs: folic acid 25mg every 6 hours, oxyphenbutazone 100mg every 6 hours.","['patient', '68', 'm.', 'drugs', 'folic', 'acid', '25', 'mg', '6', 'hours', 'oxyphenbutazone', '100', 'mg', '6', 'hours']",15,"['Oxyphenbutazone', 'Folic Acid']"
"Patient: 48F. Drugs: Nitroxoline, Aranidipine 75mg before meals, Delamanid 75mg three times daily.","['Nitroxoline', 'Aranidipine', 'Delamanid']",1,1,therapeutic efficacy,"patient: 48f. drugs: nitroxoline, aranidipine 75mg before meals, delamanid 75mg three times daily.","['patient', '48f', 'drugs', 'nitroxoline', 'aranidipine', '75', 'mg', 'meals', 'delamanid', '75', 'mg', 'times', 'daily']",13,"['Nitroxoline', 'Delamanid', 'Aranidipine']"
"Patient: 30M. Drugs: Tolbutamide, Difenoxin.","['Tolbutamide', 'Difenoxin']",0,0,none,"patient: 30m. drugs: tolbutamide, difenoxin.","['patient', '30', 'm.', 'drugs', 'tolbutamide', 'difenoxin']",6,"['Tolbutamide', 'Difenoxin']"
"Patient: 70F. Drugs: Amitriptyline, Fencamfamine 75mg every 12 hours.","['Amitriptyline', 'Fencamfamine']",1,3,risk or severity of adverse effects,"patient: 70f. drugs: amitriptyline, fencamfamine 75mg every 12 hours.","['patient', '70f', 'drugs', 'amitriptyline', 'fencamfamine', '75', 'mg', '12', 'hours']",9,"['Amitriptyline', 'Fencamfamine']"
"Patient: 28F. Drugs: Gadoteric acid, Oxymetholone.","['Gadoteric acid', 'Oxymetholone']",0,0,none,"patient: 28f. drugs: gadoteric acid, oxymetholone.","['patient', '28f', 'drugs', 'gadoteric', 'acid', 'oxymetholone']",6,"['Gadoteric acid', 'Oxymetholone']"
"Patient: 58M. Drugs: Aminophylline 200mg every 8 hours, Delorazepam 100mg every 12 hours, Asenapine 75mg after meals.","['Aminophylline', 'Delorazepam', 'Asenapine']",1,1,therapeutic efficacy,"patient: 58m. drugs: aminophylline 200mg every 8 hours, delorazepam 100mg every 12 hours, asenapine 75mg after meals.","['patient', '58', 'm.', 'drugs', 'aminophylline', '200', 'mg', '8', 'hours', 'delorazepam', '100', 'mg', '12', 'hours', 'asenapine', '75', 'mg', 'meals']",18,"['Delorazepam', 'Asenapine', 'Aminophylline']"
"Patient: 68M. Drugs: Quinapril 75mg every 12 hours, Propiomazine 500mg every 6 hours, Camazepam, Azacitidine 100mg before meals.","['Quinapril', 'Propiomazine', 'Camazepam', 'Azacitidine']",0,0,none,"patient: 68m. drugs: quinapril 75mg every 12 hours, propiomazine 500mg every 6 hours, camazepam, azacitidine 100mg before meals.","['patient', '68', 'm.', 'drugs', 'quinapril', '75', 'mg', '12', 'hours', 'propiomazine', '500', 'mg', '6', 'hours', 'camazepam', 'azacitidine', '100', 'mg', 'meals']",19,"['Camazepam', 'Azacitidine', 'Propiomazine', 'Quinapril']"
"Patient: 60F. Drugs: Demecarium 100mg every 12 hours, Thiotepa 500mg every 8 hours, Benzthiazide 25mg three times daily, Naftifine.","['Demecarium', 'Thiotepa', 'Benzthiazide', 'Naftifine']",1,1,therapeutic efficacy,"patient: 60f. drugs: demecarium 100mg every 12 hours, thiotepa 500mg every 8 hours, benzthiazide 25mg three times daily, naftifine.","['patient', '60f', 'drugs', 'demecarium', '100', 'mg', '12', 'hours', 'thiotepa', '500', 'mg', '8', 'hours', 'benzthiazide', '25', 'mg', 'times', 'daily', 'naftifine']",19,"['Benzthiazide', 'Naftifine', 'Thiotepa', 'Demecarium']"
"Patient: 58M. Drugs: Verapamil 25mg every 12 hours, Dienogest 200mg every 8 hours, Cefradine 50mg once daily.","['Verapamil', 'Dienogest', 'Cefradine']",1,2,metabolism,"patient: 58m. drugs: verapamil 25mg every 12 hours, dienogest 200mg every 8 hours, cefradine 50mg once daily.","['patient', '58', 'm.', 'drugs', 'verapamil', '25', 'mg', '12', 'hours', 'dienogest', '200', 'mg', '8', 'hours', 'cefradine', '50', 'mg', 'daily']",18,"['Dienogest', 'Cefradine', 'Verapamil']"
"Patient: 45F. Drugs: Escitalopram 500mg as needed, Lumefantrine, Levomenol 100mg three times daily.","['Escitalopram', 'Lumefantrine', 'Levomenol']",1,3,risk or severity of QTc prolongation,"patient: 45f. drugs: escitalopram 500mg as needed, lumefantrine, levomenol 100mg three times daily.","['patient', '45f', 'drugs', 'escitalopram', '500', 'mg', 'needed', 'lumefantrine', 'levomenol', '100', 'mg', 'times', 'daily']",13,"['Lumefantrine', 'Escitalopram', 'Levomenol']"
"Patient: 45F. Drugs: Netilmicin, Vitamin C 500mg every 8 hours, Olodaterol 50mg before meals, Calcium gluconate 25mg before meals.","['Netilmicin', 'Vitamin C', 'Olodaterol', 'Calcium gluconate']",0,0,none,"patient: 45f. drugs: netilmicin, vitamin c 500mg every 8 hours, olodaterol 50mg before meals, calcium gluconate 25mg before meals.","['patient', '45f', 'drugs', 'netilmicin', 'vitamin', 'c', '500', 'mg', '8', 'hours', 'olodaterol', '50', 'mg', 'meals', 'calcium', 'gluconate', '25', 'mg', 'meals']",19,"['Olodaterol', 'Calcium gluconate', 'Netilmicin', 'Vitamin C']"
"Patient: 28F. Drugs: Quinethazone 75mg before meals, Empagliflozin 500mg every 8 hours.","['Quinethazone', 'Empagliflozin']",1,1,therapeutic efficacy,"patient: 28f. drugs: quinethazone 75mg before meals, empagliflozin 500mg every 8 hours.","['patient', '28f', 'drugs', 'quinethazone', '75', 'mg', 'meals', 'empagliflozin', '500', 'mg', '8', 'hours']",12,"['Quinethazone', 'Empagliflozin']"
"Patient: 40M. Drugs: Bumetanide 25mg three times daily, Saxagliptin, Ethynodiol diacetate.","['Bumetanide', 'Saxagliptin', 'Ethynodiol diacetate']",1,1,therapeutic efficacy,"patient: 40m. drugs: bumetanide 25mg three times daily, saxagliptin, ethynodiol diacetate.","['patient', '40', 'm.', 'drugs', 'bumetanide', '25', 'mg', 'times', 'daily', 'saxagliptin', 'ethynodiol', 'diacetate']",12,"['Saxagliptin', 'Ethynodiol diacetate', 'Bumetanide']"
"Patient: 25F. Drugs: Duloxetine 200mg once daily, Bromfenac, Prednisolone 75mg three times daily.","['Duloxetine', 'Bromfenac', 'Prednisolone']",1,1,antiplatelet activities,"patient: 25f. drugs: duloxetine 200mg once daily, bromfenac, prednisolone 75mg three times daily.","['patient', '25f', 'drugs', 'duloxetine', '200', 'mg', 'daily', 'bromfenac', 'prednisolone', '75', 'mg', 'times', 'daily']",13,"['Bromfenac', 'Prednisolone', 'Duloxetine']"
"Patient: 60F. Drugs: Tramadol 25mg as needed, Pyrazinamide 100mg every 6 hours, Nabiximols 100mg three times daily.","['Tramadol', 'Pyrazinamide', 'Nabiximols']",0,0,none,"patient: 60f. drugs: tramadol 25mg as needed, pyrazinamide 100mg every 6 hours, nabiximols 100mg three times daily.","['patient', '60f', 'drugs', 'tramadol', '25', 'mg', 'needed', 'pyrazinamide', '100', 'mg', '6', 'hours', 'nabiximols', '100', 'mg', 'times', 'daily']",17,"['Pyrazinamide', 'Nabiximols', 'Tramadol']"
"Patient: 55F. Drugs: Hydroxyzine 200mg twice daily, Thalidomide 50mg twice daily.","['Hydroxyzine', 'Thalidomide']",1,2,central nervous system depressant (CNS depressant) activities,"patient: 55f. drugs: hydroxyzine 200mg twice daily, thalidomide 50mg twice daily.","['patient', '55f', 'drugs', 'hydroxyzine', '200', 'mg', 'twice', 'daily', 'thalidomide', '50', 'mg', 'twice', 'daily']",13,"['Thalidomide', 'Hydroxyzine']"
"Patient: 48F. Drugs: Nitroxoline 50mg after meals, Efonidipine, Emtricitabine.","['Nitroxoline', 'Efonidipine', 'Emtricitabine']",1,1,therapeutic efficacy,"patient: 48f. drugs: nitroxoline 50mg after meals, efonidipine, emtricitabine.","['patient', '48f', 'drugs', 'nitroxoline', '50', 'mg', 'meals', 'efonidipine', 'emtricitabine']",9,"['Efonidipine', 'Nitroxoline', 'Emtricitabine']"
"Patient: 52M. Drugs: Saxagliptin 500mg three times daily, Foscarnet 50mg once daily, Iopamidol 100mg every 8 hours, Ceftriaxone 100mg once daily.","['Saxagliptin', 'Foscarnet', 'Iopamidol', 'Ceftriaxone']",0,0,none,"patient: 52m. drugs: saxagliptin 500mg three times daily, foscarnet 50mg once daily, iopamidol 100mg every 8 hours, ceftriaxone 100mg once daily.","['patient', '52', 'm.', 'drugs', 'saxagliptin', '500', 'mg', 'times', 'daily', 'foscarnet', '50', 'mg', 'daily', 'iopamidol', '100', 'mg', '8', 'hours', 'ceftriaxone', '100', 'mg', 'daily']",22,"['Saxagliptin', 'Iopamidol', 'Foscarnet', 'Ceftriaxone']"
"Patient: 25F. Drugs: Zaltoprofen 100mg as needed, Fluprednisolone 200mg after meals.","['Zaltoprofen', 'Fluprednisolone']",1,3,risk or severity of adverse effects,"patient: 25f. drugs: zaltoprofen 100mg as needed, fluprednisolone 200mg after meals.","['patient', '25f', 'drugs', 'zaltoprofen', '100', 'mg', 'needed', 'fluprednisolone', '200', 'mg', 'meals']",11,"['Zaltoprofen', 'Fluprednisolone']"
"Patient: 58M. Drugs: Nabilone 500mg once daily, Azelaic Acid, Nelarabine, Mercaptopurine.","['Nabilone', 'Azelaic Acid', 'Nelarabine', 'Mercaptopurine']",0,0,none,"patient: 58m. drugs: nabilone 500mg once daily, azelaic acid, nelarabine, mercaptopurine.","['patient', '58', 'm.', 'drugs', 'nabilone', '500', 'mg', 'daily', 'azelaic', 'acid', 'nelarabine', 'mercaptopurine']",12,"['Azelaic Acid', 'Nelarabine', 'Mercaptopurine', 'Nabilone']"
"Patient: 25F. Drugs: Niacin, Salicylic acid, Olmesartan 50mg every 12 hours.","['Niacin', 'Salicylic acid', 'Olmesartan']",1,3,risk or severity of adverse effects,"patient: 25f. drugs: niacin, salicylic acid, olmesartan 50mg every 12 hours.","['patient', '25f', 'drugs', 'niacin', 'salicylic', 'acid', 'olmesartan', '50', 'mg', '12', 'hours']",11,"['Olmesartan', 'Niacin', 'Salicylic acid']"
"Patient: 58M. Drugs: Cefpodoxime 25mg as needed, Paroxetine 25mg twice daily, Pancuronium.","['Cefpodoxime', 'Paroxetine', 'Pancuronium']",0,0,none,"patient: 58m. drugs: cefpodoxime 25mg as needed, paroxetine 25mg twice daily, pancuronium.","['patient', '58', 'm.', 'drugs', 'cefpodoxime', '25', 'mg', 'needed', 'paroxetine', '25', 'mg', 'twice', 'daily', 'pancuronium']",14,"['Paroxetine', 'Pancuronium', 'Cefpodoxime']"
"Patient: 58M. Drugs: Cinoxacin 50mg every 6 hours, Aluminum hydroxide 200mg every 12 hours, Erythromycin 75mg twice daily.","['Cinoxacin', 'Aluminum hydroxide', 'Erythromycin']",1,1,absorption,"patient: 58m. drugs: cinoxacin 50mg every 6 hours, aluminum hydroxide 200mg every 12 hours, erythromycin 75mg twice daily.","['patient', '58', 'm.', 'drugs', 'cinoxacin', '50', 'mg', '6', 'hours', 'aluminum', 'hydroxide', '200', 'mg', '12', 'hours', 'erythromycin', '75', 'mg', 'twice', 'daily']",20,"['Aluminum hydroxide', 'Erythromycin', 'Cinoxacin']"
"Patient: 68M. Drugs: Bosentan 100mg twice daily, Ibrutinib 500mg twice daily.","['Bosentan', 'Ibrutinib']",1,2,serum concentration,"patient: 68m. drugs: bosentan 100mg twice daily, ibrutinib 500mg twice daily.","['patient', '68', 'm.', 'drugs', 'bosentan', '100', 'mg', 'twice', 'daily', 'ibrutinib', '500', 'mg', 'twice', 'daily']",14,"['Ibrutinib', 'Bosentan']"
"Patient: 60F. Drugs: Fenoldopam 100mg before meals, Levobunolol.","['Fenoldopam', 'Levobunolol']",1,3,risk or severity of adverse effects,"patient: 60f. drugs: fenoldopam 100mg before meals, levobunolol.","['patient', '60f', 'drugs', 'fenoldopam', '100', 'mg', 'meals', 'levobunolol']",8,"['Fenoldopam', 'Levobunolol']"
"Patient: 62M. Drugs: Lymecycline 500mg twice daily, Tianeptine 500mg three times daily, Bufexamac, Zinc sulfate.","['Lymecycline', 'Tianeptine', 'Bufexamac', 'Zinc sulfate']",0,0,none,"patient: 62m. drugs: lymecycline 500mg twice daily, tianeptine 500mg three times daily, bufexamac, zinc sulfate.","['patient', '62', 'm.', 'drugs', 'lymecycline', '500', 'mg', 'twice', 'daily', 'tianeptine', '500', 'mg', 'times', 'daily', 'bufexamac', 'zinc', 'sulfate']",17,"['Bufexamac', 'Zinc sulfate', 'Lymecycline', 'Tianeptine']"
"Patient: 30M. Drugs: Dapagliflozin 500mg every 12 hours, Isoxsuprine 25mg every 12 hours.","['Dapagliflozin', 'Isoxsuprine']",1,3,risk or severity of adverse effects,"patient: 30m. drugs: dapagliflozin 500mg every 12 hours, isoxsuprine 25mg every 12 hours.","['patient', '30', 'm.', 'drugs', 'dapagliflozin', '500', 'mg', '12', 'hours', 'isoxsuprine', '25', 'mg', '12', 'hours']",14,"['Isoxsuprine', 'Dapagliflozin']"
"Patient: 30M. Drugs: Bepridil, Hexetidine 500mg every 12 hours, Temazepam 75mg three times daily.","['Bepridil', 'Hexetidine', 'Temazepam']",1,1,therapeutic efficacy,"patient: 30m. drugs: bepridil, hexetidine 500mg every 12 hours, temazepam 75mg three times daily.","['patient', '30', 'm.', 'drugs', 'bepridil', 'hexetidine', '500', 'mg', '12', 'hours', 'temazepam', '75', 'mg', 'times', 'daily']",15,"['Hexetidine', 'Bepridil', 'Temazepam']"
"Patient: 28F. Drugs: Doxepin, Voglibose 200mg three times daily, Trioxsalen 25mg three times daily, Lodoxamide 75mg once daily.","['Doxepin', 'Voglibose', 'Trioxsalen', 'Lodoxamide']",0,0,none,"patient: 28f. drugs: doxepin, voglibose 200mg three times daily, trioxsalen 25mg three times daily, lodoxamide 75mg once daily.","['patient', '28f', 'drugs', 'doxepin', 'voglibose', '200', 'mg', 'times', 'daily', 'trioxsalen', '25', 'mg', 'times', 'daily', 'lodoxamide', '75', 'mg', 'daily']",18,"['Lodoxamide', 'Doxepin', 'Trioxsalen', 'Voglibose']"
"Patient: 30M. Drugs: Isavuconazonium 500mg twice daily, Fingolimod, Acipimox 75mg before meals.","['Isavuconazonium', 'Fingolimod', 'Acipimox']",1,2,metabolism,"patient: 30m. drugs: isavuconazonium 500mg twice daily, fingolimod, acipimox 75mg before meals.","['patient', '30', 'm.', 'drugs', 'isavuconazonium', '500', 'mg', 'twice', 'daily', 'fingolimod', 'acipimox', '75', 'mg', 'meals']",14,"['Acipimox', 'Fingolimod', 'Isavuconazonium']"
"Patient: 33M. Drugs: Ticlopidine 50mg every 8 hours, Dabigatran etexilate 25mg after meals, Ethchlorvynol 200mg before meals.","['Ticlopidine', 'Dabigatran etexilate', 'Ethchlorvynol']",1,2,anticoagulant activities,"patient: 33m. drugs: ticlopidine 50mg every 8 hours, dabigatran etexilate 25mg after meals, ethchlorvynol 200mg before meals.","['patient', '33', 'm.', 'drugs', 'ticlopidine', '50', 'mg', '8', 'hours', 'dabigatran', 'etexilate', '25', 'mg', 'meals', 'ethchlorvynol', '200', 'mg', 'meals']",18,"['Dabigatran etexilate', 'Ticlopidine', 'Ethchlorvynol']"
"Patient: 45F. Drugs: Mexiletine 50mg once daily, Efonidipine 25mg every 12 hours, Gestrinone.","['Mexiletine', 'Efonidipine', 'Gestrinone']",0,0,none,"patient: 45f. drugs: mexiletine 50mg once daily, efonidipine 25mg every 12 hours, gestrinone.","['patient', '45f', 'drugs', 'mexiletine', '50', 'mg', 'daily', 'efonidipine', '25', 'mg', '12', 'hours', 'gestrinone']",13,"['Efonidipine', 'Mexiletine', 'Gestrinone']"
"Patient: 33M. Drugs: Nabumetone 500mg after meals, Rescinnamine 100mg once daily, Cyclobenzaprine 500mg after meals.","['Nabumetone', 'Rescinnamine', 'Cyclobenzaprine']",1,3,risk or severity of adverse effects,"patient: 33m. drugs: nabumetone 500mg after meals, rescinnamine 100mg once daily, cyclobenzaprine 500mg after meals.","['patient', '33', 'm.', 'drugs', 'nabumetone', '500', 'mg', 'meals', 'rescinnamine', '100', 'mg', 'daily', 'cyclobenzaprine', '500', 'mg', 'meals']",16,"['Cyclobenzaprine', 'Rescinnamine', 'Nabumetone']"
"Patient: 35F. Drugs: Etomidate, Orphenadrine 500mg three times daily.","['Etomidate', 'Orphenadrine']",1,2,central nervous system depressant (CNS depressant) activities,"patient: 35f. drugs: etomidate, orphenadrine 500mg three times daily.","['patient', '35f', 'drugs', 'etomidate', 'orphenadrine', '500', 'mg', 'times', 'daily']",9,"['Etomidate', 'Orphenadrine']"
"Patient: 68M. Drugs: Rifabutin 500mg after meals, Isoniazid.","['Rifabutin', 'Isoniazid']",1,3,hepatotoxic activities,"patient: 68m. drugs: rifabutin 500mg after meals, isoniazid.","['patient', '68', 'm.', 'drugs', 'rifabutin', '500', 'mg', 'meals', 'isoniazid']",9,"['Isoniazid', 'Rifabutin']"
"Patient: 68M. Drugs: Tolfenamic Acid, Cyclopenthiazide 75mg after meals, L-Glutamine 200mg every 12 hours.","['Tolfenamic Acid', 'Cyclopenthiazide', 'L-Glutamine']",1,1,therapeutic efficacy,"patient: 68m. drugs: tolfenamic acid, cyclopenthiazide 75mg after meals, lglutamine 200mg every 12 hours.","['patient', '68', 'm.', 'drugs', 'tolfenamic', 'acid', 'cyclopenthiazide', '75', 'mg', 'meals', 'lglutamine', '200', 'mg', '12', 'hours']",15,"['Cyclopenthiazide', 'L-Glutamine', 'Tolfenamic Acid']"
"Patient: 52M. Drugs: Arformoterol 100mg as needed, Pasireotide 200mg as needed, Brinzolamide 50mg once daily, Physostigmine.","['Arformoterol', 'Pasireotide', 'Brinzolamide', 'Physostigmine']",0,0,none,"patient: 52m. drugs: arformoterol 100mg as needed, pasireotide 200mg as needed, brinzolamide 50mg once daily, physostigmine.","['patient', '52', 'm.', 'drugs', 'arformoterol', '100', 'mg', 'needed', 'pasireotide', '200', 'mg', 'needed', 'brinzolamide', '50', 'mg', 'daily', 'physostigmine']",17,"['Pasireotide', 'Brinzolamide', 'Physostigmine', 'Arformoterol']"
"Patient: 75M. Drugs: Venlafaxine, Debrisoquin 75mg after meals.","['Venlafaxine', 'Debrisoquin']",1,2,metabolism,"patient: 75m. drugs: venlafaxine, debrisoquin 75mg after meals.","['patient', '75', 'm.', 'drugs', 'venlafaxine', 'debrisoquin', '75', 'mg', 'meals']",9,"['Debrisoquin', 'Venlafaxine']"
"Patient: 75M. Drugs: Temocillin, Doconexent 100mg every 12 hours, Gluconic Acid 200mg every 6 hours.","['Temocillin', 'Doconexent', 'Gluconic Acid']",0,0,none,"patient: 75m. drugs: temocillin, doconexent 100mg every 12 hours, gluconic acid 200mg every 6 hours.","['patient', '75', 'm.', 'drugs', 'temocillin', 'doconexent', '100', 'mg', '12', 'hours', 'gluconic', 'acid', '200', 'mg', '6', 'hours']",16,"['Doconexent', 'Gluconic Acid', 'Temocillin']"
"Patient: 60F. Drugs: Methyl aminolevulinate 50mg every 8 hours, Cinitapride 25mg every 6 hours, Artenimol, Ribociclib.","['Methyl aminolevulinate', 'Cinitapride', 'Artenimol', 'Ribociclib']",0,0,none,"patient: 60f. drugs: methyl aminolevulinate 50mg every 8 hours, cinitapride 25mg every 6 hours, artenimol, ribociclib.","['patient', '60f', 'drugs', 'methyl', 'aminolevulinate', '50', 'mg', '8', 'hours', 'cinitapride', '25', 'mg', '6', 'hours', 'artenimol', 'ribociclib']",16,"['Cinitapride', 'Ribociclib', 'Artenimol', 'Methyl aminolevulinate']"
"Patient: 33M. Drugs: Indomethacin 100mg every 6 hours, Unoprostone, Etafedrine 50mg before meals.","['Indomethacin', 'Unoprostone', 'Etafedrine']",1,1,therapeutic efficacy,"patient: 33m. drugs: indomethacin 100mg every 6 hours, unoprostone, etafedrine 50mg before meals.","['patient', '33', 'm.', 'drugs', 'indomethacin', '100', 'mg', '6', 'hours', 'unoprostone', 'etafedrine', '50', 'mg', 'meals']",14,"['Unoprostone', 'Etafedrine', 'Indomethacin']"
"Patient: 75M. Drugs: Ergonovine 25mg once daily, Nicotinamide 50mg before meals, Fluticasone.","['Ergonovine', 'Nicotinamide', 'Fluticasone']",1,3,risk or severity of adverse effects,"patient: 75m. drugs: ergonovine 25mg once daily, nicotinamide 50mg before meals, fluticasone.","['patient', '75', 'm.', 'drugs', 'ergonovine', '25', 'mg', 'daily', 'nicotinamide', '50', 'mg', 'meals', 'fluticasone']",13,"['Ergonovine', 'Nicotinamide', 'Fluticasone']"
"Patient: 45F. Drugs: Lamotrigine 100mg after meals, Calcium Phosphate 500mg every 12 hours.","['Lamotrigine', 'Calcium Phosphate']",1,1,therapeutic efficacy,"patient: 45f. drugs: lamotrigine 100mg after meals, calcium phosphate 500mg every 12 hours.","['patient', '45f', 'drugs', 'lamotrigine', '100', 'mg', 'meals', 'calcium', 'phosphate', '500', 'mg', '12', 'hours']",13,"['Lamotrigine', 'Calcium Phosphate']"
"Patient: 28F. Drugs: Diflunisal 100mg as needed, Fluocinonide.","['Diflunisal', 'Fluocinonide']",1,3,risk or severity of adverse effects,"patient: 28f. drugs: diflunisal 100mg as needed, fluocinonide.","['patient', '28f', 'drugs', 'diflunisal', '100', 'mg', 'needed', 'fluocinonide']",8,"['Diflunisal', 'Fluocinonide']"
"Patient: 62M. Drugs: Testosterone, Tubocurarine 100mg as needed, Patent Blue 25mg every 8 hours, Dronabinol 200mg three times daily.","['Testosterone', 'Tubocurarine', 'Patent Blue', 'Dronabinol']",1,2,tachycardic activities,"patient: 62m. drugs: testosterone, tubocurarine 100mg as needed, patent blue 25mg every 8 hours, dronabinol 200mg three times daily.","['patient', '62', 'm.', 'drugs', 'testosterone', 'tubocurarine', '100', 'mg', 'needed', 'patent', 'blue', '25', 'mg', '8', 'hours', 'dronabinol', '200', 'mg', 'times', 'daily']",20,"['Patent Blue', 'Dronabinol', 'Testosterone', 'Tubocurarine']"
"Patient: 68M. Drugs: Meclofenamic acid, Penbutolol 25mg every 8 hours.","['Meclofenamic acid', 'Penbutolol']",1,2,antihypertensive activities,"patient: 68m. drugs: meclofenamic acid, penbutolol 25mg every 8 hours.","['patient', '68', 'm.', 'drugs', 'meclofenamic', 'acid', 'penbutolol', '25', 'mg', '8', 'hours']",11,"['Penbutolol', 'Meclofenamic acid']"
"Patient: 70F. Drugs: Tolcapone 100mg as needed, Gliclazide 50mg as needed, Magnesium carbonate 25mg after meals, Moxonidine 25mg every 6 hours.","['Tolcapone', 'Gliclazide', 'Magnesium carbonate', 'Moxonidine']",1,3,risk or severity of adverse effects,"patient: 70f. drugs: tolcapone 100mg as needed, gliclazide 50mg as needed, magnesium carbonate 25mg after meals, moxonidine 25mg every 6 hours.","['patient', '70f', 'drugs', 'tolcapone', '100', 'mg', 'needed', 'gliclazide', '50', 'mg', 'needed', 'magnesium', 'carbonate', '25', 'mg', 'meals', 'moxonidine', '25', 'mg', '6', 'hours']",21,"['Tolcapone', 'Gliclazide', 'Magnesium carbonate', 'Moxonidine']"
"Patient: 58M. Drugs: Fluticasone propionate 100mg every 8 hours, Nordazepam 25mg three times daily.","['Fluticasone propionate', 'Nordazepam']",1,3,risk or severity of adverse effects,"patient: 58m. drugs: fluticasone propionate 100mg every 8 hours, nordazepam 25mg three times daily.","['patient', '58', 'm.', 'drugs', 'fluticasone', 'propionate', '100', 'mg', '8', 'hours', 'nordazepam', '25', 'mg', 'times', 'daily']",15,"['Nordazepam', 'Fluticasone propionate']"
"Patient: 58M. Drugs: Nimesulide 50mg twice daily, Artemether.","['Nimesulide', 'Artemether']",1,1,therapeutic efficacy,"patient: 58m. drugs: nimesulide 50mg twice daily, artemether.","['patient', '58', 'm.', 'drugs', 'nimesulide', '50', 'mg', 'twice', 'daily', 'artemether']",10,"['Nimesulide', 'Artemether']"
"Patient: 70F. Drugs: Cinacalcet 200mg twice daily, Dasabuvir 500mg before meals, Decitabine 50mg every 12 hours.","['Cinacalcet', 'Dasabuvir', 'Decitabine']",1,2,metabolism,"patient: 70f. drugs: cinacalcet 200mg twice daily, dasabuvir 500mg before meals, decitabine 50mg every 12 hours.","['patient', '70f', 'drugs', 'cinacalcet', '200', 'mg', 'twice', 'daily', 'dasabuvir', '500', 'mg', 'meals', 'decitabine', '50', 'mg', '12', 'hours']",17,"['Decitabine', 'Dasabuvir', 'Cinacalcet']"
"Patient: 55F. Drugs: Rosiglitazone 50mg three times daily, Pipotiazine 25mg before meals, Viloxazine 75mg every 8 hours.","['Rosiglitazone', 'Pipotiazine', 'Viloxazine']",1,1,therapeutic efficacy,"patient: 55f. drugs: rosiglitazone 50mg three times daily, pipotiazine 25mg before meals, viloxazine 75mg every 8 hours.","['patient', '55f', 'drugs', 'rosiglitazone', '50', 'mg', 'times', 'daily', 'pipotiazine', '25', 'mg', 'meals', 'viloxazine', '75', 'mg', '8', 'hours']",17,"['Rosiglitazone', 'Viloxazine', 'Pipotiazine']"
"Patient: 75M. Drugs: Nortriptyline, Etafedrine 200mg every 12 hours, Darifenacin 100mg as needed.","['Nortriptyline', 'Etafedrine', 'Darifenacin']",1,3,risk or severity of adverse effects,"patient: 75m. drugs: nortriptyline, etafedrine 200mg every 12 hours, darifenacin 100mg as needed.","['patient', '75', 'm.', 'drugs', 'nortriptyline', 'etafedrine', '200', 'mg', '12', 'hours', 'darifenacin', '100', 'mg', 'needed']",14,"['Nortriptyline', 'Etafedrine', 'Darifenacin']"
"Patient: 60F. Drugs: Ulipristal, Lorpiprazole 500mg before meals.","['Ulipristal', 'Lorpiprazole']",1,2,serum concentration,"patient: 60f. drugs: ulipristal, lorpiprazole 500mg before meals.","['patient', '60f', 'drugs', 'ulipristal', 'lorpiprazole', '500', 'mg', 'meals']",8,"['Ulipristal', 'Lorpiprazole']"
"Patient: 60F. Drugs: Decitabine 75mg as needed, Imiquimod 50mg twice daily.","['Decitabine', 'Imiquimod']",0,0,none,"patient: 60f. drugs: decitabine 75mg as needed, imiquimod 50mg twice daily.","['patient', '60f', 'drugs', 'decitabine', '75', 'mg', 'needed', 'imiquimod', '50', 'mg', 'twice', 'daily']",12,"['Decitabine', 'Imiquimod']"
"Patient: 75M. Drugs: Atomoxetine, Ruxolitinib 50mg every 6 hours.","['Atomoxetine', 'Ruxolitinib']",1,2,metabolism,"patient: 75m. drugs: atomoxetine, ruxolitinib 50mg every 6 hours.","['patient', '75', 'm.', 'drugs', 'atomoxetine', 'ruxolitinib', '50', 'mg', '6', 'hours']",10,"['Atomoxetine', 'Ruxolitinib']"
"Patient: 70F. Drugs: Salbutamol 200mg every 8 hours, Nefazodone 75mg twice daily, Clonidine 50mg three times daily.","['Salbutamol', 'Nefazodone', 'Clonidine']",1,2,vasoconstricting activities,"patient: 70f. drugs: salbutamol 200mg every 8 hours, nefazodone 75mg twice daily, clonidine 50mg three times daily.","['patient', '70f', 'drugs', 'salbutamol', '200', 'mg', '8', 'hours', 'nefazodone', '75', 'mg', 'twice', 'daily', 'clonidine', '50', 'mg', 'times', 'daily']",18,"['Salbutamol', 'Nefazodone', 'Clonidine']"
"Patient: 45F. Drugs: Flibanserin 25mg every 6 hours, Lofexidine 25mg every 6 hours.","['Flibanserin', 'Lofexidine']",1,1,therapeutic efficacy,"patient: 45f. drugs: flibanserin 25mg every 6 hours, lofexidine 25mg every 6 hours.","['patient', '45f', 'drugs', 'flibanserin', '25', 'mg', '6', 'hours', 'lofexidine', '25', 'mg', '6', 'hours']",13,"['Lofexidine', 'Flibanserin']"
"Patient: 45F. Drugs: Temazepam 500mg every 12 hours, Fludiazepam 200mg twice daily.","['Temazepam', 'Fludiazepam']",1,3,risk or severity of adverse effects,"patient: 45f. drugs: temazepam 500mg every 12 hours, fludiazepam 200mg twice daily.","['patient', '45f', 'drugs', 'temazepam', '500', 'mg', '12', 'hours', 'fludiazepam', '200', 'mg', 'twice', 'daily']",13,"['Fludiazepam', 'Temazepam']"
"Patient: 68M. Drugs: Bopindolol, Phenacemide, Mephenytoin, Ticarcillin 100mg every 8 hours.","['Bopindolol', 'Phenacemide', 'Mephenytoin', 'Ticarcillin']",0,0,none,"patient: 68m. drugs: bopindolol, phenacemide, mephenytoin, ticarcillin 100mg every 8 hours.","['patient', '68', 'm.', 'drugs', 'bopindolol', 'phenacemide', 'mephenytoin', 'ticarcillin', '100', 'mg', '8', 'hours']",12,"['Mephenytoin', 'Bopindolol', 'Phenacemide', 'Ticarcillin']"
"Patient: 68M. Drugs: Norfloxacin, Bismuth subnitrate 200mg after meals, Abacavir 25mg three times daily.","['Norfloxacin', 'Bismuth subnitrate', 'Abacavir']",1,1,absorption,"patient: 68m. drugs: norfloxacin, bismuth subnitrate 200mg after meals, abacavir 25mg three times daily.","['patient', '68', 'm.', 'drugs', 'norfloxacin', 'bismuth', 'subnitrate', '200', 'mg', 'meals', 'abacavir', '25', 'mg', 'times', 'daily']",15,"['Abacavir', 'Bismuth subnitrate', 'Norfloxacin']"
"Patient: 30M. Drugs: Methyclothiazide, Spironolactone 50mg three times daily, Naltrexone 25mg twice daily.","['Methyclothiazide', 'Spironolactone', 'Naltrexone']",1,3,risk or severity of adverse effects,"patient: 30m. drugs: methyclothiazide, spironolactone 50mg three times daily, naltrexone 25mg twice daily.","['patient', '30', 'm.', 'drugs', 'methyclothiazide', 'spironolactone', '50', 'mg', 'times', 'daily', 'naltrexone', '25', 'mg', 'twice', 'daily']",15,"['Naltrexone', 'Spironolactone', 'Methyclothiazide']"
"Patient: 68M. Drugs: Cyclosporine 200mg twice daily, Phenobarbital 200mg every 12 hours.","['Cyclosporine', 'Phenobarbital']",1,2,metabolism,"patient: 68m. drugs: cyclosporine 200mg twice daily, phenobarbital 200mg every 12 hours.","['patient', '68', 'm.', 'drugs', 'cyclosporine', '200', 'mg', 'twice', 'daily', 'phenobarbital', '200', 'mg', '12', 'hours']",14,"['Phenobarbital', 'Cyclosporine']"
"Patient: 35F. Drugs: Sodium glycerophosphate 500mg as needed, Bismuth subnitrate 25mg twice daily, Ethionamide 200mg every 12 hours.","['Sodium glycerophosphate', 'Bismuth subnitrate', 'Ethionamide']",1,1,absorption,"patient: 35f. drugs: sodium glycerophosphate 500mg as needed, bismuth subnitrate 25mg twice daily, ethionamide 200mg every 12 hours.","['patient', '35f', 'drugs', 'sodium', 'glycerophosphate', '500', 'mg', 'needed', 'bismuth', 'subnitrate', '25', 'mg', 'twice', 'daily', 'ethionamide', '200', 'mg', '12', 'hours']",19,"['Bismuth subnitrate', 'Sodium glycerophosphate', 'Ethionamide']"
"Patient: 35F. Drugs: Fludiazepam 50mg as needed, Etidocaine 500mg after meals.","['Fludiazepam', 'Etidocaine']",1,3,risk or severity of adverse effects,"patient: 35f. drugs: fludiazepam 50mg as needed, etidocaine 500mg after meals.","['patient', '35f', 'drugs', 'fludiazepam', '50', 'mg', 'needed', 'etidocaine', '500', 'mg', 'meals']",11,"['Fludiazepam', 'Etidocaine']"
"Patient: 75M. Drugs: Nelfinavir 200mg every 6 hours, Tacrolimus 25mg every 6 hours.","['Nelfinavir', 'Tacrolimus']",1,2,metabolism,"patient: 75m. drugs: nelfinavir 200mg every 6 hours, tacrolimus 25mg every 6 hours.","['patient', '75', 'm.', 'drugs', 'nelfinavir', '200', 'mg', '6', 'hours', 'tacrolimus', '25', 'mg', '6', 'hours']",14,"['Tacrolimus', 'Nelfinavir']"
"Patient: 40M. Drugs: Quinethazone 500mg every 12 hours, Pethidine, Aprepitant 25mg every 12 hours.","['Quinethazone', 'Pethidine', 'Aprepitant']",1,3,risk or severity of adverse effects,"patient: 40m. drugs: quinethazone 500mg every 12 hours, pethidine, aprepitant 25mg every 12 hours.","['patient', '40', 'm.', 'drugs', 'quinethazone', '500', 'mg', '12', 'hours', 'pethidine', 'aprepitant', '25', 'mg', '12', 'hours']",15,"['Aprepitant', 'Quinethazone', 'Pethidine']"
"Patient: 40M. Drugs: Orphenadrine 75mg every 8 hours, Huperzine A 25mg once daily.","['Orphenadrine', 'Huperzine A']",1,1,therapeutic efficacy,"patient: 40m. drugs: orphenadrine 75mg every 8 hours, huperzine a 25mg once daily.","['patient', '40', 'm.', 'drugs', 'orphenadrine', '75', 'mg', '8', 'hours', 'huperzine', '25', 'mg', 'daily']",13,"['Huperzine A', 'Orphenadrine']"
"Patient: 45F. Drugs: Daunorubicin 500mg as needed, Fluvastatin 75mg every 8 hours.","['Daunorubicin', 'Fluvastatin']",1,2,serum concentration,"patient: 45f. drugs: daunorubicin 500mg as needed, fluvastatin 75mg every 8 hours.","['patient', '45f', 'drugs', 'daunorubicin', '500', 'mg', 'needed', 'fluvastatin', '75', 'mg', '8', 'hours']",12,"['Fluvastatin', 'Daunorubicin']"
"Patient: 62M. Drugs: Secobarbital, Hydroxyprogesterone caproate 500mg every 12 hours, Ticarcillin.","['Secobarbital', 'Hydroxyprogesterone caproate', 'Ticarcillin']",1,1,therapeutic efficacy,"patient: 62m. drugs: secobarbital, hydroxyprogesterone caproate 500mg every 12 hours, ticarcillin.","['patient', '62', 'm.', 'drugs', 'secobarbital', 'hydroxyprogesterone', 'caproate', '500', 'mg', '12', 'hours', 'ticarcillin']",12,"['Hydroxyprogesterone caproate', 'Ticarcillin', 'Secobarbital']"
"Patient: 33M. Drugs: Triamcinolone, Dirithromycin, Adenosine 25mg three times daily.","['Triamcinolone', 'Dirithromycin', 'Adenosine']",0,0,none,"patient: 33m. drugs: triamcinolone, dirithromycin, adenosine 25mg three times daily.","['patient', '33', 'm.', 'drugs', 'triamcinolone', 'dirithromycin', 'adenosine', '25', 'mg', 'times', 'daily']",11,"['Triamcinolone', 'Dirithromycin', 'Adenosine']"
"Patient: 25F. Drugs: Calcidiol 500mg three times daily, Valrubicin 75mg every 12 hours, Sulfisoxazole.","['Calcidiol', 'Valrubicin', 'Sulfisoxazole']",0,0,none,"patient: 25f. drugs: calcidiol 500mg three times daily, valrubicin 75mg every 12 hours, sulfisoxazole.","['patient', '25f', 'drugs', 'calcidiol', '500', 'mg', 'times', 'daily', 'valrubicin', '75', 'mg', '12', 'hours', 'sulfisoxazole']",14,"['Sulfisoxazole', 'Calcidiol', 'Valrubicin']"
"Patient: 60F. Drugs: Fluvoxamine 25mg every 6 hours, Tenofovir disoproxil, Iron 50mg before meals.","['Fluvoxamine', 'Tenofovir disoproxil', 'Iron']",1,2,metabolism,"patient: 60f. drugs: fluvoxamine 25mg every 6 hours, tenofovir disoproxil, iron 50mg before meals.","['patient', '60f', 'drugs', 'fluvoxamine', '25', 'mg', '6', 'hours', 'tenofovir', 'disoproxil', 'iron', '50', 'mg', 'meals']",14,"['Fluvoxamine', 'Tenofovir disoproxil', 'Iron']"
"Patient: 60F. Drugs: Prednisolone, Meprednisone, Zinc picolinate 100mg every 8 hours, Pentaerythritol Tetranitrate.","['Prednisolone', 'Meprednisone', 'Zinc picolinate', 'Pentaerythritol Tetranitrate']",0,0,none,"patient: 60f. drugs: prednisolone, meprednisone, zinc picolinate 100mg every 8 hours, pentaerythritol tetranitrate.","['patient', '60f', 'drugs', 'prednisolone', 'meprednisone', 'zinc', 'picolinate', '100', 'mg', '8', 'hours', 'pentaerythritol', 'tetranitrate']",13,"['Meprednisone', 'Prednisolone', 'Pentaerythritol Tetranitrate', 'Zinc picolinate']"
"Patient: 52M. Drugs: Secobarbital 25mg after meals, Doxepin.","['Secobarbital', 'Doxepin']",1,2,metabolism,"patient: 52m. drugs: secobarbital 25mg after meals, doxepin.","['patient', '52', 'm.', 'drugs', 'secobarbital', '25', 'mg', 'meals', 'doxepin']",9,"['Doxepin', 'Secobarbital']"
"Patient: 40M. Drugs: Paroxetine 75mg every 6 hours, Fosphenytoin.","['Paroxetine', 'Fosphenytoin']",1,3,risk or severity of adverse effects,"patient: 40m. drugs: paroxetine 75mg every 6 hours, fosphenytoin.","['patient', '40', 'm.', 'drugs', 'paroxetine', '75', 'mg', '6', 'hours', 'fosphenytoin']",10,"['Paroxetine', 'Fosphenytoin']"
"Patient: 62M. Drugs: Sildenafil, Etodolac 50mg every 8 hours.","['Sildenafil', 'Etodolac']",1,2,metabolism,"patient: 62m. drugs: sildenafil, etodolac 50mg every 8 hours.","['patient', '62', 'm.', 'drugs', 'sildenafil', 'etodolac', '50', 'mg', '8', 'hours']",10,"['Sildenafil', 'Etodolac']"
"Patient: 60F. Drugs: Nepafenac 75mg every 8 hours, Crisaborole 50mg every 6 hours, Aprobarbital 50mg as needed.","['Nepafenac', 'Crisaborole', 'Aprobarbital']",0,0,none,"patient: 60f. drugs: nepafenac 75mg every 8 hours, crisaborole 50mg every 6 hours, aprobarbital 50mg as needed.","['patient', '60f', 'drugs', 'nepafenac', '75', 'mg', '8', 'hours', 'crisaborole', '50', 'mg', '6', 'hours', 'aprobarbital', '50', 'mg', 'needed']",17,"['Aprobarbital', 'Nepafenac', 'Crisaborole']"
"Patient: 60F. Drugs: Zolmitriptan 50mg three times daily, Paroxetine 200mg as needed, Clenbuterol 500mg three times daily.","['Zolmitriptan', 'Paroxetine', 'Clenbuterol']",1,3,risk or severity of adverse effects,"patient: 60f. drugs: zolmitriptan 50mg three times daily, paroxetine 200mg as needed, clenbuterol 500mg three times daily.","['patient', '60f', 'drugs', 'zolmitriptan', '50', 'mg', 'times', 'daily', 'paroxetine', '200', 'mg', 'needed', 'clenbuterol', '500', 'mg', 'times', 'daily']",17,"['Paroxetine', 'Clenbuterol', 'Zolmitriptan']"
"Patient: 62M. Drugs: Lovastatin 100mg three times daily, Mirabegron 500mg twice daily, Seratrodast 75mg every 8 hours.","['Lovastatin', 'Mirabegron', 'Seratrodast']",1,2,metabolism,"patient: 62m. drugs: lovastatin 100mg three times daily, mirabegron 500mg twice daily, seratrodast 75mg every 8 hours.","['patient', '62', 'm.', 'drugs', 'lovastatin', '100', 'mg', 'times', 'daily', 'mirabegron', '500', 'mg', 'twice', 'daily', 'seratrodast', '75', 'mg', '8', 'hours']",19,"['Lovastatin', 'Seratrodast', 'Mirabegron']"
"Patient: 25F. Drugs: Estazolam 50mg every 6 hours, Sulfadiazine 75mg once daily.","['Estazolam', 'Sulfadiazine']",0,0,none,"patient: 25f. drugs: estazolam 50mg every 6 hours, sulfadiazine 75mg once daily.","['patient', '25f', 'drugs', 'estazolam', '50', 'mg', '6', 'hours', 'sulfadiazine', '75', 'mg', 'daily']",12,"['Sulfadiazine', 'Estazolam']"
"Patient: 25F. Drugs: Amiloride 100mg as needed, Sacubitril, Reposal 500mg as needed.","['Amiloride', 'Sacubitril', 'Reposal']",1,2,hyperkalemic activities,"patient: 25f. drugs: amiloride 100mg as needed, sacubitril, reposal 500mg as needed.","['patient', '25f', 'drugs', 'amiloride', '100', 'mg', 'needed', 'sacubitril', 'reposal', '500', 'mg', 'needed']",12,"['Amiloride', 'Sacubitril', 'Reposal']"
"Patient: 33M. Drugs: Calcium Acetate 50mg every 6 hours, Amoxapine, Acepromazine 200mg before meals.","['Calcium Acetate', 'Amoxapine', 'Acepromazine']",1,2,antihypertensive activities,"patient: 33m. drugs: calcium acetate 50mg every 6 hours, amoxapine, acepromazine 200mg before meals.","['patient', '33', 'm.', 'drugs', 'calcium', 'acetate', '50', 'mg', '6', 'hours', 'amoxapine', 'acepromazine', '200', 'mg', 'meals']",15,"['Acepromazine', 'Calcium Acetate', 'Amoxapine']"
"Patient: 75M. Drugs: Felbamate, Flubendazole.","['Felbamate', 'Flubendazole']",0,0,none,"patient: 75m. drugs: felbamate, flubendazole.","['patient', '75', 'm.', 'drugs', 'felbamate', 'flubendazole']",6,"['Felbamate', 'Flubendazole']"
"Patient: 58M. Drugs: Itraconazole, Clevidipine 50mg after meals, Oxybutynin 50mg once daily.","['Itraconazole', 'Clevidipine', 'Oxybutynin']",1,1,therapeutic efficacy,"patient: 58m. drugs: itraconazole, clevidipine 50mg after meals, oxybutynin 50mg once daily.","['patient', '58', 'm.', 'drugs', 'itraconazole', 'clevidipine', '50', 'mg', 'meals', 'oxybutynin', '50', 'mg', 'daily']",13,"['Itraconazole', 'Oxybutynin', 'Clevidipine']"
"Patient: 25F. Drugs: Doxorubicin, Sucralfate 200mg every 12 hours.","['Doxorubicin', 'Sucralfate']",0,0,none,"patient: 25f. drugs: doxorubicin, sucralfate 200mg every 12 hours.","['patient', '25f', 'drugs', 'doxorubicin', 'sucralfate', '200', 'mg', '12', 'hours']",9,"['Doxorubicin', 'Sucralfate']"
"Patient: 68M. Drugs: Rifabutin 500mg after meals, Isoniazid.","['Rifabutin', 'Isoniazid']",1,3,hepatotoxic activities,"patient: 68m. drugs: rifabutin 500mg after meals, isoniazid.","['patient', '68', 'm.', 'drugs', 'rifabutin', '500', 'mg', 'meals', 'isoniazid']",9,"['Isoniazid', 'Rifabutin']"
"Patient: 28F. Drugs: Prazepam, Ioflupane I-123 500mg every 6 hours, Ketamine 75mg three times daily.","['Prazepam', 'Ioflupane I-123', 'Ketamine']",1,3,risk or severity of adverse effects,"patient: 28f. drugs: prazepam, ioflupane i123 500mg every 6 hours, ketamine 75mg three times daily.","['patient', '28f', 'drugs', 'prazepam', 'ioflupane', 'i123', '500', 'mg', '6', 'hours', 'ketamine', '75', 'mg', 'times', 'daily']",15,"['Ioflupane I-123', 'Ketamine', 'Prazepam']"
"Patient: 55F. Drugs: Cyclopentolate 500mg before meals, Benzphetamine 75mg once daily, Methadone 100mg as needed, Dimetindene 50mg after meals.","['Cyclopentolate', 'Benzphetamine', 'Methadone', 'Dimetindene']",1,3,risk or severity of adverse effects,"patient: 55f. drugs: cyclopentolate 500mg before meals, benzphetamine 75mg once daily, methadone 100mg as needed, dimetindene 50mg after meals.","['patient', '55f', 'drugs', 'cyclopentolate', '500', 'mg', 'meals', 'benzphetamine', '75', 'mg', 'daily', 'methadone', '100', 'mg', 'needed', 'dimetindene', '50', 'mg', 'meals']",19,"['Benzphetamine', 'Dimetindene', 'Cyclopentolate', 'Methadone']"
"Patient: 58M. Drugs: Nicorandil 75mg every 8 hours, Cobicistat, Methotrimeprazine 200mg as needed, Benzatropine 50mg as needed.","['Nicorandil', 'Cobicistat', 'Methotrimeprazine', 'Benzatropine']",1,2,serum concentration,"patient: 58m. drugs: nicorandil 75mg every 8 hours, cobicistat, methotrimeprazine 200mg as needed, benzatropine 50mg as needed.","['patient', '58', 'm.', 'drugs', 'nicorandil', '75', 'mg', '8', 'hours', 'cobicistat', 'methotrimeprazine', '200', 'mg', 'needed', 'benzatropine', '50', 'mg', 'needed']",18,"['Benzatropine', 'Methotrimeprazine', 'Cobicistat', 'Nicorandil']"
"Patient: 52M. Drugs: Halcinonide 500mg every 6 hours, Ceforanide 75mg before meals, Parecoxib 75mg every 6 hours.","['Halcinonide', 'Ceforanide', 'Parecoxib']",1,3,risk or severity of adverse effects,"patient: 52m. drugs: halcinonide 500mg every 6 hours, ceforanide 75mg before meals, parecoxib 75mg every 6 hours.","['patient', '52', 'm.', 'drugs', 'halcinonide', '500', 'mg', '6', 'hours', 'ceforanide', '75', 'mg', 'meals', 'parecoxib', '75', 'mg', '6', 'hours']",18,"['Halcinonide', 'Parecoxib', 'Ceforanide']"
"Patient: 35F. Drugs: Sodium glycerophosphate 500mg as needed, Bismuth subnitrate 25mg twice daily, Ethionamide 200mg every 12 hours.","['Sodium glycerophosphate', 'Bismuth subnitrate', 'Ethionamide']",1,1,absorption,"patient: 35f. drugs: sodium glycerophosphate 500mg as needed, bismuth subnitrate 25mg twice daily, ethionamide 200mg every 12 hours.","['patient', '35f', 'drugs', 'sodium', 'glycerophosphate', '500', 'mg', 'needed', 'bismuth', 'subnitrate', '25', 'mg', 'twice', 'daily', 'ethionamide', '200', 'mg', '12', 'hours']",19,"['Bismuth subnitrate', 'Sodium glycerophosphate', 'Ethionamide']"
"Patient: 75M. Drugs: Dantrolene 50mg twice daily, Lofexidine 200mg once daily, Cephalexin 500mg three times daily.","['Dantrolene', 'Lofexidine', 'Cephalexin']",1,1,therapeutic efficacy,"patient: 75m. drugs: dantrolene 50mg twice daily, lofexidine 200mg once daily, cephalexin 500mg three times daily.","['patient', '75', 'm.', 'drugs', 'dantrolene', '50', 'mg', 'twice', 'daily', 'lofexidine', '200', 'mg', 'daily', 'cephalexin', '500', 'mg', 'times', 'daily']",18,"['Cephalexin', 'Dantrolene', 'Lofexidine']"
"Patient: 30M. Drugs: Oritavancin, Quazepam, Temoporfin 200mg before meals, Ciclopirox 75mg every 12 hours.","['Oritavancin', 'Quazepam', 'Temoporfin', 'Ciclopirox']",0,0,none,"patient: 30m. drugs: oritavancin, quazepam, temoporfin 200mg before meals, ciclopirox 75mg every 12 hours.","['patient', '30', 'm.', 'drugs', 'oritavancin', 'quazepam', 'temoporfin', '200', 'mg', 'meals', 'ciclopirox', '75', 'mg', '12', 'hours']",15,"['Oritavancin', 'Temoporfin', 'Ciclopirox', 'Quazepam']"
"Patient: 25F. Drugs: Duloxetine 200mg once daily, Bromfenac, Prednisolone 75mg three times daily.","['Duloxetine', 'Bromfenac', 'Prednisolone']",1,1,antiplatelet activities,"patient: 25f. drugs: duloxetine 200mg once daily, bromfenac, prednisolone 75mg three times daily.","['patient', '25f', 'drugs', 'duloxetine', '200', 'mg', 'daily', 'bromfenac', 'prednisolone', '75', 'mg', 'times', 'daily']",13,"['Bromfenac', 'Prednisolone', 'Duloxetine']"
"Patient: 40M. Drugs: Tacrolimus, Pramlintide 500mg every 6 hours.","['Tacrolimus', 'Pramlintide']",1,1,therapeutic efficacy,"patient: 40m. drugs: tacrolimus, pramlintide 500mg every 6 hours.","['patient', '40', 'm.', 'drugs', 'tacrolimus', 'pramlintide', '500', 'mg', '6', 'hours']",10,"['Tacrolimus', 'Pramlintide']"
"Patient: 68M. Drugs: Apremilast 75mg twice daily, Methylergometrine 50mg after meals, Pravastatin 200mg every 6 hours, Eliglustat 50mg as needed.","['Apremilast', 'Methylergometrine', 'Pravastatin', 'Eliglustat']",1,2,serum concentration,"patient: 68m. drugs: apremilast 75mg twice daily, methylergometrine 50mg after meals, pravastatin 200mg every 6 hours, eliglustat 50mg as needed.","['patient', '68', 'm.', 'drugs', 'apremilast', '75', 'mg', 'twice', 'daily', 'methylergometrine', '50', 'mg', 'meals', 'pravastatin', '200', 'mg', '6', 'hours', 'eliglustat', '50', 'mg', 'needed']",22,"['Methylergometrine', 'Eliglustat', 'Pravastatin', 'Apremilast']"
"Patient: 70F. Drugs: Dosulepin 25mg every 12 hours, Clevidipine 100mg twice daily.","['Dosulepin', 'Clevidipine']",1,2,metabolism,"patient: 70f. drugs: dosulepin 25mg every 12 hours, clevidipine 100mg twice daily.","['patient', '70f', 'drugs', 'dosulepin', '25', 'mg', '12', 'hours', 'clevidipine', '100', 'mg', 'twice', 'daily']",13,"['Clevidipine', 'Dosulepin']"
"Patient: 52M. Drugs: Meclofenamic acid 75mg after meals, Curcumin.","['Meclofenamic acid', 'Curcumin']",1,3,risk or severity of adverse effects,"patient: 52m. drugs: meclofenamic acid 75mg after meals, curcumin.","['patient', '52', 'm.', 'drugs', 'meclofenamic', 'acid', '75', 'mg', 'meals', 'curcumin']",10,"['Curcumin', 'Meclofenamic acid']"
"Patient: 75M. Drugs: Chloramphenicol 50mg every 8 hours, Escitalopram, Nateglinide.","['Chloramphenicol', 'Escitalopram', 'Nateglinide']",1,2,metabolism,"patient: 75m. drugs: chloramphenicol 50mg every 8 hours, escitalopram, nateglinide.","['patient', '75', 'm.', 'drugs', 'chloramphenicol', '50', 'mg', '8', 'hours', 'escitalopram', 'nateglinide']",11,"['Nateglinide', 'Escitalopram', 'Chloramphenicol']"
"Patient: 62M. Drugs: Orlistat 100mg as needed, Desonide 50mg every 12 hours, Magaldrate.","['Orlistat', 'Desonide', 'Magaldrate']",1,2,bioavailability,"patient: 62m. drugs: orlistat 100mg as needed, desonide 50mg every 12 hours, magaldrate.","['patient', '62', 'm.', 'drugs', 'orlistat', '100', 'mg', 'needed', 'desonide', '50', 'mg', '12', 'hours', 'magaldrate']",14,"['Magaldrate', 'Desonide', 'Orlistat']"
"Patient: 55F. Drugs: Telithromycin 500mg three times daily, Estramustine 75mg twice daily.","['Telithromycin', 'Estramustine']",1,2,metabolism,"patient: 55f. drugs: telithromycin 500mg three times daily, estramustine 75mg twice daily.","['patient', '55f', 'drugs', 'telithromycin', '500', 'mg', 'times', 'daily', 'estramustine', '75', 'mg', 'twice', 'daily']",13,"['Estramustine', 'Telithromycin']"
"Patient: 58M. Drugs: Fluphenazine 100mg once daily, Darunavir 500mg as needed.","['Fluphenazine', 'Darunavir']",1,2,serum concentration,"patient: 58m. drugs: fluphenazine 100mg once daily, darunavir 500mg as needed.","['patient', '58', 'm.', 'drugs', 'fluphenazine', '100', 'mg', 'daily', 'darunavir', '500', 'mg', 'needed']",12,"['Darunavir', 'Fluphenazine']"
"Patient: 30M. Drugs: Naproxen 200mg after meals, Meloxicam 25mg three times daily, Avatrombopag 50mg three times daily.","['Naproxen', 'Meloxicam', 'Avatrombopag']",1,3,risk or severity of adverse effects,"patient: 30m. drugs: naproxen 200mg after meals, meloxicam 25mg three times daily, avatrombopag 50mg three times daily.","['patient', '30', 'm.', 'drugs', 'naproxen', '200', 'mg', 'meals', 'meloxicam', '25', 'mg', 'times', 'daily', 'avatrombopag', '50', 'mg', 'times', 'daily']",18,"['Meloxicam', 'Naproxen', 'Avatrombopag']"
"Patient: 62M. Drugs: Isoetarine 500mg as needed, Perospirone 50mg before meals, Clomifene 100mg after meals.","['Isoetarine', 'Perospirone', 'Clomifene']",0,0,none,"patient: 62m. drugs: isoetarine 500mg as needed, perospirone 50mg before meals, clomifene 100mg after meals.","['patient', '62', 'm.', 'drugs', 'isoetarine', '500', 'mg', 'needed', 'perospirone', '50', 'mg', 'meals', 'clomifene', '100', 'mg', 'meals']",16,"['Perospirone', 'Isoetarine', 'Clomifene']"
"Patient: 70F. Drugs: Clomipramine, Empagliflozin 50mg twice daily.","['Clomipramine', 'Empagliflozin']",1,3,risk or severity of adverse effects,"patient: 70f. drugs: clomipramine, empagliflozin 50mg twice daily.","['patient', '70f', 'drugs', 'clomipramine', 'empagliflozin', '50', 'mg', 'twice', 'daily']",9,"['Empagliflozin', 'Clomipramine']"
"Patient: 68M. Drugs: Mesalazine 500mg three times daily, Alimemazine 25mg every 12 hours, Piretanide.","['Mesalazine', 'Alimemazine', 'Piretanide']",1,1,therapeutic efficacy,"patient: 68m. drugs: mesalazine 500mg three times daily, alimemazine 25mg every 12 hours, piretanide.","['patient', '68', 'm.', 'drugs', 'mesalazine', '500', 'mg', 'times', 'daily', 'alimemazine', '25', 'mg', '12', 'hours', 'piretanide']",15,"['Mesalazine', 'Piretanide', 'Alimemazine']"
"Patient: 40M. Drugs: Maraviroc, Artenimol 200mg once daily, Terconazole 50mg every 8 hours, Ramelteon 500mg once daily.","['Maraviroc', 'Artenimol', 'Terconazole', 'Ramelteon']",0,0,none,"patient: 40m. drugs: maraviroc, artenimol 200mg once daily, terconazole 50mg every 8 hours, ramelteon 500mg once daily.","['patient', '40', 'm.', 'drugs', 'maraviroc', 'artenimol', '200', 'mg', 'daily', 'terconazole', '50', 'mg', '8', 'hours', 'ramelteon', '500', 'mg', 'daily']",18,"['Artenimol', 'Terconazole', 'Ramelteon', 'Maraviroc']"
"Patient: 68M. Drugs: Galantamine 75mg after meals, Oxprenolol 200mg after meals.","['Galantamine', 'Oxprenolol']",1,2,bradycardic activities,"patient: 68m. drugs: galantamine 75mg after meals, oxprenolol 200mg after meals.","['patient', '68', 'm.', 'drugs', 'galantamine', '75', 'mg', 'meals', 'oxprenolol', '200', 'mg', 'meals']",12,"['Oxprenolol', 'Galantamine']"
"Patient: 33M. Drugs: Olsalazine 50mg three times daily, Fluindione 200mg once daily.","['Olsalazine', 'Fluindione']",1,2,anticoagulant activities,"patient: 33m. drugs: olsalazine 50mg three times daily, fluindione 200mg once daily.","['patient', '33', 'm.', 'drugs', 'olsalazine', '50', 'mg', 'times', 'daily', 'fluindione', '200', 'mg', 'daily']",13,"['Olsalazine', 'Fluindione']"
"Patient: 68M. Drugs: Fluvoxamine 75mg as needed, Enflurane 25mg every 8 hours, Ribociclib 500mg three times daily.","['Fluvoxamine', 'Enflurane', 'Ribociclib']",1,3,risk or severity of adverse effects,"patient: 68m. drugs: fluvoxamine 75mg as needed, enflurane 25mg every 8 hours, ribociclib 500mg three times daily.","['patient', '68', 'm.', 'drugs', 'fluvoxamine', '75', 'mg', 'needed', 'enflurane', '25', 'mg', '8', 'hours', 'ribociclib', '500', 'mg', 'times', 'daily']",18,"['Ribociclib', 'Fluvoxamine', 'Enflurane']"
"Patient: 45F. Drugs: Amyl Nitrite 100mg every 6 hours, Bezafibrate 500mg before meals, Acrivastine 200mg twice daily, Rucaparib 50mg every 8 hours.","['Amyl Nitrite', 'Bezafibrate', 'Acrivastine', 'Rucaparib']",1,2,metabolism,"patient: 45f. drugs: amyl nitrite 100mg every 6 hours, bezafibrate 500mg before meals, acrivastine 200mg twice daily, rucaparib 50mg every 8 hours.","['patient', '45f', 'drugs', 'amyl', 'nitrite', '100', 'mg', '6', 'hours', 'bezafibrate', '500', 'mg', 'meals', 'acrivastine', '200', 'mg', 'twice', 'daily', 'rucaparib', '50', 'mg', '8', 'hours']",23,"['Bezafibrate', 'Acrivastine', 'Amyl Nitrite', 'Rucaparib']"
"Patient: 52M. Drugs: Abiraterone, Activated charcoal, Chlorpropamide 75mg three times daily.","['Abiraterone', 'Activated charcoal', 'Chlorpropamide']",1,2,metabolism,"patient: 52m. drugs: abiraterone, activated charcoal, chlorpropamide 75mg three times daily.","['patient', '52', 'm.', 'drugs', 'abiraterone', 'activated', 'charcoal', 'chlorpropamide', '75', 'mg', 'times', 'daily']",12,"['Abiraterone', 'Chlorpropamide', 'Activated charcoal']"
"Patient: 60F. Drugs: Pipamperone, Mefenamic acid, Candesartan cilexetil 75mg after meals.","['Pipamperone', 'Mefenamic acid', 'Candesartan cilexetil']",1,3,risk or severity of adverse effects,"patient: 60f. drugs: pipamperone, mefenamic acid, candesartan cilexetil 75mg after meals.","['patient', '60f', 'drugs', 'pipamperone', 'mefenamic', 'acid', 'candesartan', 'cilexetil', '75', 'mg', 'meals']",11,"['Mefenamic acid', 'Pipamperone', 'Candesartan cilexetil']"
"Patient: 35F. Drugs: Pimozide 75mg after meals, Lenvatinib 100mg after meals, Calcium Phosphate.","['Pimozide', 'Lenvatinib', 'Calcium Phosphate']",1,2,QTc-prolonging activities,"patient: 35f. drugs: pimozide 75mg after meals, lenvatinib 100mg after meals, calcium phosphate.","['patient', '35f', 'drugs', 'pimozide', '75', 'mg', 'meals', 'lenvatinib', '100', 'mg', 'meals', 'calcium', 'phosphate']",13,"['Pimozide', 'Lenvatinib', 'Calcium Phosphate']"
"Patient: 35F. Drugs: Alvimopan 50mg before meals, Methylnaltrexone.","['Alvimopan', 'Methylnaltrexone']",1,3,risk or severity of adverse effects,"patient: 35f. drugs: alvimopan 50mg before meals, methylnaltrexone.","['patient', '35f', 'drugs', 'alvimopan', '50', 'mg', 'meals', 'methylnaltrexone']",8,"['Alvimopan', 'Methylnaltrexone']"
"Patient: 68M. Drugs: Spironolactone 25mg as needed, Indacaterol 50mg every 12 hours.","['Spironolactone', 'Indacaterol']",1,2,vasoconstricting activities,"patient: 68m. drugs: spironolactone 25mg as needed, indacaterol 50mg every 12 hours.","['patient', '68', 'm.', 'drugs', 'spironolactone', '25', 'mg', 'needed', 'indacaterol', '50', 'mg', '12', 'hours']",13,"['Spironolactone', 'Indacaterol']"
"Patient: 60F. Drugs: Ethyl loflazepate 500mg every 12 hours, Fospropofol 75mg every 12 hours, Minocycline.","['Ethyl loflazepate', 'Fospropofol', 'Minocycline']",1,3,risk or severity of adverse effects,"patient: 60f. drugs: ethyl loflazepate 500mg every 12 hours, fospropofol 75mg every 12 hours, minocycline.","['patient', '60f', 'drugs', 'ethyl', 'loflazepate', '500', 'mg', '12', 'hours', 'fospropofol', '75', 'mg', '12', 'hours', 'minocycline']",15,"['Fospropofol', 'Minocycline', 'Ethyl loflazepate']"
"Patient: 75M. Drugs: Ceftaroline fosamil 100mg before meals, Lorazepam 25mg before meals, Varenicline.","['Ceftaroline fosamil', 'Lorazepam', 'Varenicline']",0,0,none,"patient: 75m. drugs: ceftaroline fosamil 100mg before meals, lorazepam 25mg before meals, varenicline.","['patient', '75', 'm.', 'drugs', 'ceftaroline', 'fosamil', '100', 'mg', 'meals', 'lorazepam', '25', 'mg', 'meals', 'varenicline']",14,"['Ceftaroline fosamil', 'Lorazepam', 'Varenicline']"
"Patient: 75M. Drugs: Glycerin 75mg twice daily, Abacavir, Calcium Phosphate 25mg twice daily, Bromfenac 75mg every 6 hours.","['Glycerin', 'Abacavir', 'Calcium Phosphate', 'Bromfenac']",0,0,none,"patient: 75m. drugs: glycerin 75mg twice daily, abacavir, calcium phosphate 25mg twice daily, bromfenac 75mg every 6 hours.","['patient', '75', 'm.', 'drugs', 'glycerin', '75', 'mg', 'twice', 'daily', 'abacavir', 'calcium', 'phosphate', '25', 'mg', 'twice', 'daily', 'bromfenac', '75', 'mg', '6', 'hours']",21,"['Abacavir', 'Bromfenac', 'Calcium Phosphate', 'Glycerin']"
"Patient: 30M. Drugs: Verapamil 75mg every 8 hours, Atorvastatin 500mg before meals, Somatostatin 500mg three times daily.","['Verapamil', 'Atorvastatin', 'Somatostatin']",1,1,absorption,"patient: 30m. drugs: verapamil 75mg every 8 hours, atorvastatin 500mg before meals, somatostatin 500mg three times daily.","['patient', '30', 'm.', 'drugs', 'verapamil', '75', 'mg', '8', 'hours', 'atorvastatin', '500', 'mg', 'meals', 'somatostatin', '500', 'mg', 'times', 'daily']",18,"['Atorvastatin', 'Somatostatin', 'Verapamil']"
"Patient: 40M. Drugs: Ketoconazole 25mg before meals, Aranidipine 75mg as needed.","['Ketoconazole', 'Aranidipine']",1,1,therapeutic efficacy,"patient: 40m. drugs: ketoconazole 25mg before meals, aranidipine 75mg as needed.","['patient', '40', 'm.', 'drugs', 'ketoconazole', '25', 'mg', 'meals', 'aranidipine', '75', 'mg', 'needed']",12,"['Ketoconazole', 'Aranidipine']"
"Patient: 48F. Drugs: Cytarabine 50mg once daily, Fingolimod 75mg after meals, Scopolamine 75mg after meals.","['Cytarabine', 'Fingolimod', 'Scopolamine']",1,2,immunosuppressive activities,"patient: 48f. drugs: cytarabine 50mg once daily, fingolimod 75mg after meals, scopolamine 75mg after meals.","['patient', '48f', 'drugs', 'cytarabine', '50', 'mg', 'daily', 'fingolimod', '75', 'mg', 'meals', 'scopolamine', '75', 'mg', 'meals']",15,"['Cytarabine', 'Fingolimod', 'Scopolamine']"
"Patient: 52M. Drugs: Halcinonide 500mg every 6 hours, Ceforanide 75mg before meals, Parecoxib 75mg every 6 hours.","['Halcinonide', 'Ceforanide', 'Parecoxib']",1,3,risk or severity of adverse effects,"patient: 52m. drugs: halcinonide 500mg every 6 hours, ceforanide 75mg before meals, parecoxib 75mg every 6 hours.","['patient', '52', 'm.', 'drugs', 'halcinonide', '500', 'mg', '6', 'hours', 'ceforanide', '75', 'mg', 'meals', 'parecoxib', '75', 'mg', '6', 'hours']",18,"['Halcinonide', 'Parecoxib', 'Ceforanide']"
"Patient: 55F. Drugs: Testolactone 100mg as needed, Naltrexone 75mg every 6 hours.","['Testolactone', 'Naltrexone']",0,0,none,"patient: 55f. drugs: testolactone 100mg as needed, naltrexone 75mg every 6 hours.","['patient', '55f', 'drugs', 'testolactone', '100', 'mg', 'needed', 'naltrexone', '75', 'mg', '6', 'hours']",12,"['Naltrexone', 'Testolactone']"
"Patient: 33M. Drugs: Gestodene, Azelastine, Drospirenone.","['Gestodene', 'Azelastine', 'Drospirenone']",1,2,hyperkalemic activities,"patient: 33m. drugs: gestodene, azelastine, drospirenone.","['patient', '33', 'm.', 'drugs', 'gestodene', 'azelastine', 'drospirenone']",7,"['Gestodene', 'Drospirenone', 'Azelastine']"
"Patient: 75M. Drugs: Furosemide, Lumiracoxib 200mg three times daily.","['Furosemide', 'Lumiracoxib']",1,1,therapeutic efficacy,"patient: 75m. drugs: furosemide, lumiracoxib 200mg three times daily.","['patient', '75', 'm.', 'drugs', 'furosemide', 'lumiracoxib', '200', 'mg', 'times', 'daily']",10,"['Lumiracoxib', 'Furosemide']"
"Patient: 60F. Drugs: Dihydralazine, Zinc sulfate.","['Dihydralazine', 'Zinc sulfate']",0,0,none,"patient: 60f. drugs: dihydralazine, zinc sulfate.","['patient', '60f', 'drugs', 'dihydralazine', 'zinc', 'sulfate']",6,"['Dihydralazine', 'Zinc sulfate']"
"Patient: 40M. Drugs: Formestane, Polythiazide 500mg twice daily, Verapamil.","['Formestane', 'Polythiazide', 'Verapamil']",1,2,hypokalemic activities,"patient: 40m. drugs: formestane, polythiazide 500mg twice daily, verapamil.","['patient', '40', 'm.', 'drugs', 'formestane', 'polythiazide', '500', 'mg', 'twice', 'daily', 'verapamil']",11,"['Verapamil', 'Formestane', 'Polythiazide']"
"Patient: 30M. Drugs: Cyclophosphamide 50mg every 8 hours, Delorazepam 25mg every 8 hours, Mephentermine, Mianserin 100mg every 6 hours.","['Cyclophosphamide', 'Delorazepam', 'Mephentermine', 'Mianserin']",1,2,sedative activities,"patient: 30m. drugs: cyclophosphamide 50mg every 8 hours, delorazepam 25mg every 8 hours, mephentermine, mianserin 100mg every 6 hours.","['patient', '30', 'm.', 'drugs', 'cyclophosphamide', '50', 'mg', '8', 'hours', 'delorazepam', '25', 'mg', '8', 'hours', 'mephentermine', 'mianserin', '100', 'mg', '6', 'hours']",20,"['Mephentermine', 'Mianserin', 'Delorazepam', 'Cyclophosphamide']"
"Patient: 30M. Drugs: Ticarcillin 75mg every 12 hours, Adenosine 50mg every 8 hours, Pimozide 50mg before meals.","['Ticarcillin', 'Adenosine', 'Pimozide']",0,0,none,"patient: 30m. drugs: ticarcillin 75mg every 12 hours, adenosine 50mg every 8 hours, pimozide 50mg before meals.","['patient', '30', 'm.', 'drugs', 'ticarcillin', '75', 'mg', '12', 'hours', 'adenosine', '50', 'mg', '8', 'hours', 'pimozide', '50', 'mg', 'meals']",18,"['Pimozide', 'Ticarcillin', 'Adenosine']"
"Patient: 68M. Drugs: Delavirdine 50mg twice daily, Epinastine 25mg once daily.","['Delavirdine', 'Epinastine']",1,1,absorption,"patient: 68m. drugs: delavirdine 50mg twice daily, epinastine 25mg once daily.","['patient', '68', 'm.', 'drugs', 'delavirdine', '50', 'mg', 'twice', 'daily', 'epinastine', '25', 'mg', 'daily']",13,"['Epinastine', 'Delavirdine']"
"Patient: 48F. Drugs: Avanafil 100mg twice daily, Fosaprepitant 100mg as needed, Brexpiprazole, Ticarcillin.","['Avanafil', 'Fosaprepitant', 'Brexpiprazole', 'Ticarcillin']",1,2,serum concentration,"patient: 48f. drugs: avanafil 100mg twice daily, fosaprepitant 100mg as needed, brexpiprazole, ticarcillin.","['patient', '48f', 'drugs', 'avanafil', '100', 'mg', 'twice', 'daily', 'fosaprepitant', '100', 'mg', 'needed', 'brexpiprazole', 'ticarcillin']",14,"['Ticarcillin', 'Brexpiprazole', 'Avanafil', 'Fosaprepitant']"
"Patient: 55F. Drugs: Methoxsalen 200mg twice daily, Phenobarbital 75mg twice daily, Trifluoperazine.","['Methoxsalen', 'Phenobarbital', 'Trifluoperazine']",1,2,metabolism,"patient: 55f. drugs: methoxsalen 200mg twice daily, phenobarbital 75mg twice daily, trifluoperazine.","['patient', '55f', 'drugs', 'methoxsalen', '200', 'mg', 'twice', 'daily', 'phenobarbital', '75', 'mg', 'twice', 'daily', 'trifluoperazine']",14,"['Methoxsalen', 'Phenobarbital', 'Trifluoperazine']"
"Patient: 48F. Drugs: Nitrendipine, Udenafil 75mg once daily.","['Nitrendipine', 'Udenafil']",1,2,antihypertensive activities,"patient: 48f. drugs: nitrendipine, udenafil 75mg once daily.","['patient', '48f', 'drugs', 'nitrendipine', 'udenafil', '75', 'mg', 'daily']",8,"['Nitrendipine', 'Udenafil']"
"Patient: 25F. Drugs: Capreomycin 500mg every 8 hours, Difluocortolone 200mg every 8 hours, Mitiglinide 200mg once daily, Molsidomine 50mg three times daily.","['Capreomycin', 'Difluocortolone', 'Mitiglinide', 'Molsidomine']",0,0,none,"patient: 25f. drugs: capreomycin 500mg every 8 hours, difluocortolone 200mg every 8 hours, mitiglinide 200mg once daily, molsidomine 50mg three times daily.","['patient', '25f', 'drugs', 'capreomycin', '500', 'mg', '8', 'hours', 'difluocortolone', '200', 'mg', '8', 'hours', 'mitiglinide', '200', 'mg', 'daily', 'molsidomine', '50', 'mg', 'times', 'daily']",22,"['Molsidomine', 'Capreomycin', 'Mitiglinide', 'Difluocortolone']"
"Patient: 30M. Drugs: Calcitriol 50mg twice daily, Digitoxin 50mg twice daily.","['Calcitriol', 'Digitoxin']",1,2,arrhythmogenic activities,"patient: 30m. drugs: calcitriol 50mg twice daily, digitoxin 50mg twice daily.","['patient', '30', 'm.', 'drugs', 'calcitriol', '50', 'mg', 'twice', 'daily', 'digitoxin', '50', 'mg', 'twice', 'daily']",14,"['Digitoxin', 'Calcitriol']"
"Patient: 58M. Drugs: Ergocalciferol 200mg every 6 hours, Rucaparib 100mg before meals, Fenoprofen 100mg before meals.","['Ergocalciferol', 'Rucaparib', 'Fenoprofen']",1,2,metabolism,"patient: 58m. drugs: ergocalciferol 200mg every 6 hours, rucaparib 100mg before meals, fenoprofen 100mg before meals.","['patient', '58', 'm.', 'drugs', 'ergocalciferol', '200', 'mg', '6', 'hours', 'rucaparib', '100', 'mg', 'meals', 'fenoprofen', '100', 'mg', 'meals']",17,"['Ergocalciferol', 'Rucaparib', 'Fenoprofen']"
"Patient: 30M. Drugs: Tolcapone 25mg every 8 hours, Nicardipine 50mg after meals, Testosterone cypionate 200mg every 12 hours.","['Tolcapone', 'Nicardipine', 'Testosterone cypionate']",1,3,risk or severity of adverse effects,"patient: 30m. drugs: tolcapone 25mg every 8 hours, nicardipine 50mg after meals, testosterone cypionate 200mg every 12 hours.","['patient', '30', 'm.', 'drugs', 'tolcapone', '25', 'mg', '8', 'hours', 'nicardipine', '50', 'mg', 'meals', 'testosterone', 'cypionate', '200', 'mg', '12', 'hours']",19,"['Tolcapone', 'Testosterone cypionate', 'Nicardipine']"
"Patient: 62M. Drugs: Ibutilide 100mg twice daily, Glipizide, Oxymetholone 500mg before meals, Pipecuronium 25mg every 12 hours.","['Ibutilide', 'Glipizide', 'Oxymetholone', 'Pipecuronium']",1,2,hypoglycemic activities,"patient: 62m. drugs: ibutilide 100mg twice daily, glipizide, oxymetholone 500mg before meals, pipecuronium 25mg every 12 hours.","['patient', '62', 'm.', 'drugs', 'ibutilide', '100', 'mg', 'twice', 'daily', 'glipizide', 'oxymetholone', '500', 'mg', 'meals', 'pipecuronium', '25', 'mg', '12', 'hours']",19,"['Oxymetholone', 'Pipecuronium', 'Ibutilide', 'Glipizide']"
"Patient: 40M. Drugs: Abiraterone, Cefpiramide 500mg once daily.","['Abiraterone', 'Cefpiramide']",0,0,none,"patient: 40m. drugs: abiraterone, cefpiramide 500mg once daily.","['patient', '40', 'm.', 'drugs', 'abiraterone', 'cefpiramide', '500', 'mg', 'daily']",9,"['Abiraterone', 'Cefpiramide']"
"Patient: 68M. Drugs: Desflurane, Ethylmorphine.","['Desflurane', 'Ethylmorphine']",1,3,risk or severity of adverse effects,"patient: 68m. drugs: desflurane, ethylmorphine.","['patient', '68', 'm.', 'drugs', 'desflurane', 'ethylmorphine']",6,"['Desflurane', 'Ethylmorphine']"
"Patient: 75M. Drugs: Desipramine, Carprofen 75mg every 8 hours, Aminosalicylic Acid.","['Desipramine', 'Carprofen', 'Aminosalicylic Acid']",1,3,risk or severity of adverse effects,"patient: 75m. drugs: desipramine, carprofen 75mg every 8 hours, aminosalicylic acid.","['patient', '75', 'm.', 'drugs', 'desipramine', 'carprofen', '75', 'mg', '8', 'hours', 'aminosalicylic', 'acid']",12,"['Aminosalicylic Acid', 'Desipramine', 'Carprofen']"
"Patient: 62M. Drugs: Butylscopolamine 500mg after meals, Pantoprazole 200mg before meals.","['Butylscopolamine', 'Pantoprazole']",0,0,none,"patient: 62m. drugs: butylscopolamine 500mg after meals, pantoprazole 200mg before meals.","['patient', '62', 'm.', 'drugs', 'butylscopolamine', '500', 'mg', 'meals', 'pantoprazole', '200', 'mg', 'meals']",12,"['Pantoprazole', 'Butylscopolamine']"
"Patient: 48F. Drugs: Felodipine, Nedaplatin 200mg after meals.","['Felodipine', 'Nedaplatin']",0,0,none,"patient: 48f. drugs: felodipine, nedaplatin 200mg after meals.","['patient', '48f', 'drugs', 'felodipine', 'nedaplatin', '200', 'mg', 'meals']",8,"['Nedaplatin', 'Felodipine']"
"Patient: 52M. Drugs: Betaxolol, Nabumetone 200mg before meals.","['Betaxolol', 'Nabumetone']",1,2,antihypertensive activities,"patient: 52m. drugs: betaxolol, nabumetone 200mg before meals.","['patient', '52', 'm.', 'drugs', 'betaxolol', 'nabumetone', '200', 'mg', 'meals']",9,"['Nabumetone', 'Betaxolol']"
"Patient: 62M. Drugs: Terbinafine, Deslanoside 50mg after meals, Imipramine 100mg twice daily.","['Terbinafine', 'Deslanoside', 'Imipramine']",1,2,metabolism,"patient: 62m. drugs: terbinafine, deslanoside 50mg after meals, imipramine 100mg twice daily.","['patient', '62', 'm.', 'drugs', 'terbinafine', 'deslanoside', '50', 'mg', 'meals', 'imipramine', '100', 'mg', 'twice', 'daily']",14,"['Imipramine', 'Terbinafine', 'Deslanoside']"
"Patient: 70F. Drugs: Acetohexamide, Benzthiazide 25mg as needed.","['Acetohexamide', 'Benzthiazide']",1,1,therapeutic efficacy,"patient: 70f. drugs: acetohexamide, benzthiazide 25mg as needed.","['patient', '70f', 'drugs', 'acetohexamide', 'benzthiazide', '25', 'mg', 'needed']",8,"['Benzthiazide', 'Acetohexamide']"
"Patient: 45F. Drugs: Oxybutynin, Metoclopramide 200mg as needed, Tolazoline 50mg before meals.","['Oxybutynin', 'Metoclopramide', 'Tolazoline']",1,1,therapeutic efficacy,"patient: 45f. drugs: oxybutynin, metoclopramide 200mg as needed, tolazoline 50mg before meals.","['patient', '45f', 'drugs', 'oxybutynin', 'metoclopramide', '200', 'mg', 'needed', 'tolazoline', '50', 'mg', 'meals']",12,"['Tolazoline', 'Oxybutynin', 'Metoclopramide']"
"Patient: 68M. Drugs: Risperidone 100mg every 8 hours, Tranylcypromine, Sibutramine.","['Risperidone', 'Tranylcypromine', 'Sibutramine']",1,2,hypotensive activities,"patient: 68m. drugs: risperidone 100mg every 8 hours, tranylcypromine, sibutramine.","['patient', '68', 'm.', 'drugs', 'risperidone', '100', 'mg', '8', 'hours', 'tranylcypromine', 'sibutramine']",11,"['Tranylcypromine', 'Risperidone', 'Sibutramine']"
"Patient: 62M. Drugs: Pravastatin 100mg every 8 hours, Tioconazole 200mg after meals, Alendronic acid 500mg twice daily.","['Pravastatin', 'Tioconazole', 'Alendronic acid']",1,2,serum concentration,"patient: 62m. drugs: pravastatin 100mg every 8 hours, tioconazole 200mg after meals, alendronic acid 500mg twice daily.","['patient', '62', 'm.', 'drugs', 'pravastatin', '100', 'mg', '8', 'hours', 'tioconazole', '200', 'mg', 'meals', 'alendronic', 'acid', '500', 'mg', 'twice', 'daily']",19,"['Tioconazole', 'Pravastatin', 'Alendronic acid']"
"Patient: 62M. Drugs: Norelgestromin 100mg as needed, Zinc 100mg as needed, Salbutamol 75mg after meals.","['Norelgestromin', 'Zinc', 'Salbutamol']",0,0,none,"patient: 62m. drugs: norelgestromin 100mg as needed, zinc 100mg as needed, salbutamol 75mg after meals.","['patient', '62', 'm.', 'drugs', 'norelgestromin', '100', 'mg', 'needed', 'zinc', '100', 'mg', 'needed', 'salbutamol', '75', 'mg', 'meals']",16,"['Salbutamol', 'Zinc', 'Norelgestromin']"
"Patient: 40M. Drugs: Aranidipine 25mg every 6 hours, Calcium lactate 100mg as needed.","['Aranidipine', 'Calcium lactate']",1,1,therapeutic efficacy,"patient: 40m. drugs: aranidipine 25mg every 6 hours, calcium lactate 100mg as needed.","['patient', '40', 'm.', 'drugs', 'aranidipine', '25', 'mg', '6', 'hours', 'calcium', 'lactate', '100', 'mg', 'needed']",14,"['Calcium lactate', 'Aranidipine']"
"Patient: 55F. Drugs: Nevirapine, Lurasidone.","['Nevirapine', 'Lurasidone']",1,2,serum concentration,"patient: 55f. drugs: nevirapine, lurasidone.","['patient', '55f', 'drugs', 'nevirapine', 'lurasidone']",5,"['Nevirapine', 'Lurasidone']"
"Patient: 68M. Drugs: Trimethadione, Tamoxifen 500mg every 8 hours, Sevelamer 50mg as needed.","['Trimethadione', 'Tamoxifen', 'Sevelamer']",1,2,metabolism,"patient: 68m. drugs: trimethadione, tamoxifen 500mg every 8 hours, sevelamer 50mg as needed.","['patient', '68', 'm.', 'drugs', 'trimethadione', 'tamoxifen', '500', 'mg', '8', 'hours', 'sevelamer', '50', 'mg', 'needed']",14,"['Trimethadione', 'Tamoxifen', 'Sevelamer']"
"Patient: 62M. Drugs: Secobarbital 50mg every 12 hours, Asenapine 25mg before meals, Moxifloxacin 500mg after meals.","['Secobarbital', 'Asenapine', 'Moxifloxacin']",1,3,risk or severity of adverse effects,"patient: 62m. drugs: secobarbital 50mg every 12 hours, asenapine 25mg before meals, moxifloxacin 500mg after meals.","['patient', '62', 'm.', 'drugs', 'secobarbital', '50', 'mg', '12', 'hours', 'asenapine', '25', 'mg', 'meals', 'moxifloxacin', '500', 'mg', 'meals']",17,"['Moxifloxacin', 'Asenapine', 'Secobarbital']"
"Patient: 55F. Drugs: Ezogabine, Butylscopolamine 50mg every 6 hours.","['Ezogabine', 'Butylscopolamine']",0,0,none,"patient: 55f. drugs: ezogabine, butylscopolamine 50mg every 6 hours.","['patient', '55f', 'drugs', 'ezogabine', 'butylscopolamine', '50', 'mg', '6', 'hours']",9,"['Ezogabine', 'Butylscopolamine']"
"Patient: 75M. Drugs: Silodosin 25mg as needed, Paramethadione.","['Silodosin', 'Paramethadione']",0,0,none,"patient: 75m. drugs: silodosin 25mg as needed, paramethadione.","['patient', '75', 'm.', 'drugs', 'silodosin', '25', 'mg', 'needed', 'paramethadione']",9,"['Silodosin', 'Paramethadione']"
"Patient: 48F. Drugs: Nateglinide 500mg as needed, Fusidic Acid 75mg after meals.","['Nateglinide', 'Fusidic Acid']",1,2,serum concentration,"patient: 48f. drugs: nateglinide 500mg as needed, fusidic acid 75mg after meals.","['patient', '48f', 'drugs', 'nateglinide', '500', 'mg', 'needed', 'fusidic', 'acid', '75', 'mg', 'meals']",12,"['Nateglinide', 'Fusidic Acid']"
"Patient: 70F. Drugs: Prednisone 75mg every 6 hours, Testosterone undecanoate 200mg every 12 hours.","['Prednisone', 'Testosterone undecanoate']",1,2,fluid retaining activities,"patient: 70f. drugs: prednisone 75mg every 6 hours, testosterone undecanoate 200mg every 12 hours.","['patient', '70f', 'drugs', 'prednisone', '75', 'mg', '6', 'hours', 'testosterone', 'undecanoate', '200', 'mg', '12', 'hours']",14,"['Prednisone', 'Testosterone undecanoate']"
"Patient: 62M. Drugs: Gallium nitrate, Tadalafil 50mg twice daily, Dipyridamole 75mg twice daily, Mestranol 75mg three times daily.","['Gallium nitrate', 'Tadalafil', 'Dipyridamole', 'Mestranol']",1,3,risk or severity of adverse effects,"patient: 62m. drugs: gallium nitrate, tadalafil 50mg twice daily, dipyridamole 75mg twice daily, mestranol 75mg three times daily.","['patient', '62', 'm.', 'drugs', 'gallium', 'nitrate', 'tadalafil', '50', 'mg', 'twice', 'daily', 'dipyridamole', '75', 'mg', 'twice', 'daily', 'mestranol', '75', 'mg', 'times', 'daily']",21,"['Tadalafil', 'Dipyridamole', 'Gallium nitrate', 'Mestranol']"
"Patient: 62M. Drugs: Lercanidipine 500mg every 8 hours, Iloperidone 25mg every 8 hours.","['Lercanidipine', 'Iloperidone']",1,3,risk or severity of hypotension,"patient: 62m. drugs: lercanidipine 500mg every 8 hours, iloperidone 25mg every 8 hours.","['patient', '62', 'm.', 'drugs', 'lercanidipine', '500', 'mg', '8', 'hours', 'iloperidone', '25', 'mg', '8', 'hours']",14,"['Iloperidone', 'Lercanidipine']"
"Patient: 33M. Drugs: Nelfinavir 200mg three times daily, Ibuprofen.","['Nelfinavir', 'Ibuprofen']",1,2,metabolism,"patient: 33m. drugs: nelfinavir 200mg three times daily, ibuprofen.","['patient', '33', 'm.', 'drugs', 'nelfinavir', '200', 'mg', 'times', 'daily', 'ibuprofen']",10,"['Nelfinavir', 'Ibuprofen']"
"Patient: 30M. Drugs: Griseofulvin 50mg once daily, Pergolide.","['Griseofulvin', 'Pergolide']",0,0,none,"patient: 30m. drugs: griseofulvin 50mg once daily, pergolide.","['patient', '30', 'm.', 'drugs', 'griseofulvin', '50', 'mg', 'daily', 'pergolide']",9,"['Pergolide', 'Griseofulvin']"
"Patient: 62M. Drugs: Secobarbital, Hydroxyprogesterone caproate 500mg every 12 hours, Ticarcillin.","['Secobarbital', 'Hydroxyprogesterone caproate', 'Ticarcillin']",1,1,therapeutic efficacy,"patient: 62m. drugs: secobarbital, hydroxyprogesterone caproate 500mg every 12 hours, ticarcillin.","['patient', '62', 'm.', 'drugs', 'secobarbital', 'hydroxyprogesterone', 'caproate', '500', 'mg', '12', 'hours', 'ticarcillin']",12,"['Hydroxyprogesterone caproate', 'Ticarcillin', 'Secobarbital']"
"Patient: 52M. Drugs: Naloxegol, Velpatasvir.","['Naloxegol', 'Velpatasvir']",1,2,serum concentration,"patient: 52m. drugs: naloxegol, velpatasvir.","['patient', '52', 'm.', 'drugs', 'naloxegol', 'velpatasvir']",6,"['Naloxegol', 'Velpatasvir']"
"Patient: 75M. Drugs: Bufexamac 50mg once daily, Ceforanide 25mg every 8 hours.","['Bufexamac', 'Ceforanide']",0,0,none,"patient: 75m. drugs: bufexamac 50mg once daily, ceforanide 25mg every 8 hours.","['patient', '75', 'm.', 'drugs', 'bufexamac', '50', 'mg', 'daily', 'ceforanide', '25', 'mg', '8', 'hours']",13,"['Bufexamac', 'Ceforanide']"
"Patient: 40M. Drugs: Salsalate 500mg after meals, Niflumic Acid 500mg after meals.","['Salsalate', 'Niflumic Acid']",1,3,risk or severity of adverse effects,"patient: 40m. drugs: salsalate 500mg after meals, niflumic acid 500mg after meals.","['patient', '40', 'm.', 'drugs', 'salsalate', '500', 'mg', 'meals', 'niflumic', 'acid', '500', 'mg', 'meals']",13,"['Salsalate', 'Niflumic Acid']"
"Patient: 33M. Drugs: Rifabutin 500mg twice daily, Ketobemidone 25mg after meals, Haloperidol.","['Rifabutin', 'Ketobemidone', 'Haloperidol']",1,2,metabolism,"patient: 33m. drugs: rifabutin 500mg twice daily, ketobemidone 25mg after meals, haloperidol.","['patient', '33', 'm.', 'drugs', 'rifabutin', '500', 'mg', 'twice', 'daily', 'ketobemidone', '25', 'mg', 'meals', 'haloperidol']",14,"['Ketobemidone', 'Haloperidol', 'Rifabutin']"
"Patient: 52M. Drugs: Butorphanol, Methamphetamine.","['Butorphanol', 'Methamphetamine']",1,1,analgesic activities,"patient: 52m. drugs: butorphanol, methamphetamine.","['patient', '52', 'm.', 'drugs', 'butorphanol', 'methamphetamine']",6,"['Methamphetamine', 'Butorphanol']"
"Patient: 48F. Drugs: Nisoldipine, Sirolimus.","['Nisoldipine', 'Sirolimus']",1,1,therapeutic efficacy,"patient: 48f. drugs: nisoldipine, sirolimus.","['patient', '48f', 'drugs', 'nisoldipine', 'sirolimus']",5,"['Nisoldipine', 'Sirolimus']"
"Patient: 70F. Drugs: Celiprolol 50mg every 12 hours, Macitentan 200mg once daily.","['Celiprolol', 'Macitentan']",1,2,hypotensive activities,"patient: 70f. drugs: celiprolol 50mg every 12 hours, macitentan 200mg once daily.","['patient', '70f', 'drugs', 'celiprolol', '50', 'mg', '12', 'hours', 'macitentan', '200', 'mg', 'daily']",12,"['Celiprolol', 'Macitentan']"
"Patient: 30M. Drugs: Levocabastine 200mg three times daily, Stiripentol 50mg after meals.","['Levocabastine', 'Stiripentol']",1,3,risk or severity of adverse effects,"patient: 30m. drugs: levocabastine 200mg three times daily, stiripentol 50mg after meals.","['patient', '30', 'm.', 'drugs', 'levocabastine', '200', 'mg', 'times', 'daily', 'stiripentol', '50', 'mg', 'meals']",13,"['Stiripentol', 'Levocabastine']"
"Patient: 52M. Drugs: Isavuconazole 100mg before meals, Acetyl sulfisoxazole, Cinolazepam.","['Isavuconazole', 'Acetyl sulfisoxazole', 'Cinolazepam']",1,2,metabolism,"patient: 52m. drugs: isavuconazole 100mg before meals, acetyl sulfisoxazole, cinolazepam.","['patient', '52', 'm.', 'drugs', 'isavuconazole', '100', 'mg', 'meals', 'acetyl', 'sulfisoxazole', 'cinolazepam']",11,"['Cinolazepam', 'Isavuconazole', 'Acetyl sulfisoxazole']"
"Patient: 68M. Drugs: Paritaprevir 75mg twice daily, Carbidopa, Permethrin.","['Paritaprevir', 'Carbidopa', 'Permethrin']",0,0,none,"patient: 68m. drugs: paritaprevir 75mg twice daily, carbidopa, permethrin.","['patient', '68', 'm.', 'drugs', 'paritaprevir', '75', 'mg', 'twice', 'daily', 'carbidopa', 'permethrin']",11,"['Paritaprevir', 'Permethrin', 'Carbidopa']"
"Patient: 52M. Drugs: Furosemide, Phenformin 75mg every 6 hours.","['Furosemide', 'Phenformin']",1,1,therapeutic efficacy,"patient: 52m. drugs: furosemide, phenformin 75mg every 6 hours.","['patient', '52', 'm.', 'drugs', 'furosemide', 'phenformin', '75', 'mg', '6', 'hours']",10,"['Phenformin', 'Furosemide']"
"Patient: 45F. Drugs: Megestrol acetate, Tazarotene 500mg every 6 hours, Dipivefrin 100mg every 8 hours.","['Megestrol acetate', 'Tazarotene', 'Dipivefrin']",0,0,none,"patient: 45f. drugs: megestrol acetate, tazarotene 500mg every 6 hours, dipivefrin 100mg every 8 hours.","['patient', '45f', 'drugs', 'megestrol', 'acetate', 'tazarotene', '500', 'mg', '6', 'hours', 'dipivefrin', '100', 'mg', '8', 'hours']",15,"['Tazarotene', 'Megestrol acetate', 'Dipivefrin']"
"Patient: 28F. Drugs: Ethinyl Estradiol 200mg every 6 hours, Saquinavir 75mg twice daily.","['Ethinyl Estradiol', 'Saquinavir']",1,2,metabolism,"patient: 28f. drugs: ethinyl estradiol 200mg every 6 hours, saquinavir 75mg twice daily.","['patient', '28f', 'drugs', 'ethinyl', 'estradiol', '200', 'mg', '6', 'hours', 'saquinavir', '75', 'mg', 'twice', 'daily']",14,"['Ethinyl Estradiol', 'Saquinavir']"
"Patient: 35F. Drugs: Unoprostone 25mg as needed, Acemetacin 500mg every 8 hours, Ketamine.","['Unoprostone', 'Acemetacin', 'Ketamine']",1,1,therapeutic efficacy,"patient: 35f. drugs: unoprostone 25mg as needed, acemetacin 500mg every 8 hours, ketamine.","['patient', '35f', 'drugs', 'unoprostone', '25', 'mg', 'needed', 'acemetacin', '500', 'mg', '8', 'hours', 'ketamine']",13,"['Ketamine', 'Unoprostone', 'Acemetacin']"
"Patient: 52M. Drugs: Dextropropoxyphene, Etizolam 50mg twice daily.","['Dextropropoxyphene', 'Etizolam']",1,3,risk or severity of adverse effects,"patient: 52m. drugs: dextropropoxyphene, etizolam 50mg twice daily.","['patient', '52', 'm.', 'drugs', 'dextropropoxyphene', 'etizolam', '50', 'mg', 'twice', 'daily']",10,"['Dextropropoxyphene', 'Etizolam']"
"Patient: 40M. Drugs: Tacrolimus, Pramlintide 500mg every 6 hours.","['Tacrolimus', 'Pramlintide']",1,1,therapeutic efficacy,"patient: 40m. drugs: tacrolimus, pramlintide 500mg every 6 hours.","['patient', '40', 'm.', 'drugs', 'tacrolimus', 'pramlintide', '500', 'mg', '6', 'hours']",10,"['Tacrolimus', 'Pramlintide']"
"Patient: 62M. Drugs: Methylnaltrexone, Almotriptan, Cloxacillin, Vardenafil.","['Methylnaltrexone', 'Almotriptan', 'Cloxacillin', 'Vardenafil']",0,0,none,"patient: 62m. drugs: methylnaltrexone, almotriptan, cloxacillin, vardenafil.","['patient', '62', 'm.', 'drugs', 'methylnaltrexone', 'almotriptan', 'cloxacillin', 'vardenafil']",8,"['Vardenafil', 'Cloxacillin', 'Methylnaltrexone', 'Almotriptan']"
"Patient: 45F. Drugs: Indapamide, Leflunomide 500mg every 8 hours.","['Indapamide', 'Leflunomide']",1,1,therapeutic efficacy,"patient: 45f. drugs: indapamide, leflunomide 500mg every 8 hours.","['patient', '45f', 'drugs', 'indapamide', 'leflunomide', '500', 'mg', '8', 'hours']",9,"['Leflunomide', 'Indapamide']"
"Patient: 55F. Drugs: Flunarizine 100mg once daily, Calcium glubionate.","['Flunarizine', 'Calcium glubionate']",1,1,therapeutic efficacy,"patient: 55f. drugs: flunarizine 100mg once daily, calcium glubionate.","['patient', '55f', 'drugs', 'flunarizine', '100', 'mg', 'daily', 'calcium', 'glubionate']",9,"['Calcium glubionate', 'Flunarizine']"
"Patient: 45F. Drugs: Bivalirudin, Tedizolid Phosphate, Levomilnacipran 50mg every 12 hours.","['Bivalirudin', 'Tedizolid Phosphate', 'Levomilnacipran']",1,2,serotonergic activities,"patient: 45f. drugs: bivalirudin, tedizolid phosphate, levomilnacipran 50mg every 12 hours.","['patient', '45f', 'drugs', 'bivalirudin', 'tedizolid', 'phosphate', 'levomilnacipran', '50', 'mg', '12', 'hours']",11,"['Levomilnacipran', 'Tedizolid Phosphate', 'Bivalirudin']"
"Patient: 62M. Drugs: Butoconazole, Iron 50mg before meals, Bismuth Subsalicylate 25mg once daily, Practolol 75mg once daily.","['Butoconazole', 'Iron', 'Bismuth Subsalicylate', 'Practolol']",0,0,none,"patient: 62m. drugs: butoconazole, iron 50mg before meals, bismuth subsalicylate 25mg once daily, practolol 75mg once daily.","['patient', '62', 'm.', 'drugs', 'butoconazole', 'iron', '50', 'mg', 'meals', 'bismuth', 'subsalicylate', '25', 'mg', 'daily', 'practolol', '75', 'mg', 'daily']",18,"['Practolol', 'Butoconazole', 'Bismuth Subsalicylate', 'Iron']"
"Patient: 28F. Drugs: Isradipine, Aliskiren 200mg three times daily, Aminosalicylic Acid 50mg every 12 hours.","['Isradipine', 'Aliskiren', 'Aminosalicylic Acid']",1,2,metabolism,"patient: 28f. drugs: isradipine, aliskiren 200mg three times daily, aminosalicylic acid 50mg every 12 hours.","['patient', '28f', 'drugs', 'isradipine', 'aliskiren', '200', 'mg', 'times', 'daily', 'aminosalicylic', 'acid', '50', 'mg', '12', 'hours']",15,"['Aliskiren', 'Isradipine', 'Aminosalicylic Acid']"
"Patient: 28F. Drugs: Etravirine 75mg after meals, Fludrocortisone 50mg once daily, Febuxostat 50mg after meals, Panobinostat 75mg three times daily.","['Etravirine', 'Fludrocortisone', 'Febuxostat', 'Panobinostat']",0,0,none,"patient: 28f. drugs: etravirine 75mg after meals, fludrocortisone 50mg once daily, febuxostat 50mg after meals, panobinostat 75mg three times daily.","['patient', '28f', 'drugs', 'etravirine', '75', 'mg', 'meals', 'fludrocortisone', '50', 'mg', 'daily', 'febuxostat', '50', 'mg', 'meals', 'panobinostat', '75', 'mg', 'times', 'daily']",20,"['Febuxostat', 'Fludrocortisone', 'Panobinostat', 'Etravirine']"
"Patient: 58M. Drugs: Methantheline 100mg after meals, Fesoterodine 50mg every 8 hours, Perflutren 75mg every 8 hours.","['Methantheline', 'Fesoterodine', 'Perflutren']",1,3,risk or severity of adverse effects,"patient: 58m. drugs: methantheline 100mg after meals, fesoterodine 50mg every 8 hours, perflutren 75mg every 8 hours.","['patient', '58', 'm.', 'drugs', 'methantheline', '100', 'mg', 'meals', 'fesoterodine', '50', 'mg', '8', 'hours', 'perflutren', '75', 'mg', '8', 'hours']",18,"['Fesoterodine', 'Methantheline', 'Perflutren']"
"Patient: 60F. Drugs: Demecarium 100mg every 12 hours, Thiotepa 500mg every 8 hours, Benzthiazide 25mg three times daily, Naftifine.","['Demecarium', 'Thiotepa', 'Benzthiazide', 'Naftifine']",1,1,therapeutic efficacy,"patient: 60f. drugs: demecarium 100mg every 12 hours, thiotepa 500mg every 8 hours, benzthiazide 25mg three times daily, naftifine.","['patient', '60f', 'drugs', 'demecarium', '100', 'mg', '12', 'hours', 'thiotepa', '500', 'mg', '8', 'hours', 'benzthiazide', '25', 'mg', 'times', 'daily', 'naftifine']",19,"['Benzthiazide', 'Naftifine', 'Thiotepa', 'Demecarium']"
"Patient: 70F. Drugs: Procainamide 25mg twice daily, Delamanid 100mg every 6 hours, Sulfanilamide.","['Procainamide', 'Delamanid', 'Sulfanilamide']",1,2,QTc-prolonging activities,"patient: 70f. drugs: procainamide 25mg twice daily, delamanid 100mg every 6 hours, sulfanilamide.","['patient', '70f', 'drugs', 'procainamide', '25', 'mg', 'twice', 'daily', 'delamanid', '100', 'mg', '6', 'hours', 'sulfanilamide']",14,"['Sulfanilamide', 'Procainamide', 'Delamanid']"
"Patient: 68M. Drugs: Citalopram, Ciclopirox, Iloprost 500mg before meals, Valbenazine 500mg every 6 hours.","['Citalopram', 'Ciclopirox', 'Iloprost', 'Valbenazine']",1,2,metabolism,"patient: 68m. drugs: citalopram, ciclopirox, iloprost 500mg before meals, valbenazine 500mg every 6 hours.","['patient', '68', 'm.', 'drugs', 'citalopram', 'ciclopirox', 'iloprost', '500', 'mg', 'meals', 'valbenazine', '500', 'mg', '6', 'hours']",15,"['Valbenazine', 'Ciclopirox', 'Iloprost', 'Citalopram']"
"Patient: 45F. Drugs: Flibanserin 25mg every 6 hours, Lofexidine 25mg every 6 hours.","['Flibanserin', 'Lofexidine']",1,1,therapeutic efficacy,"patient: 45f. drugs: flibanserin 25mg every 6 hours, lofexidine 25mg every 6 hours.","['patient', '45f', 'drugs', 'flibanserin', '25', 'mg', '6', 'hours', 'lofexidine', '25', 'mg', '6', 'hours']",13,"['Lofexidine', 'Flibanserin']"
"Patient: 45F. Drugs: Flibanserin 25mg every 6 hours, Lofexidine 25mg every 6 hours.","['Flibanserin', 'Lofexidine']",1,1,therapeutic efficacy,"patient: 45f. drugs: flibanserin 25mg every 6 hours, lofexidine 25mg every 6 hours.","['patient', '45f', 'drugs', 'flibanserin', '25', 'mg', '6', 'hours', 'lofexidine', '25', 'mg', '6', 'hours']",13,"['Lofexidine', 'Flibanserin']"
"Patient: 30M. Drugs: Amrinone 25mg three times daily, Nitroxoline, Piracetam 100mg after meals.","['Amrinone', 'Nitroxoline', 'Piracetam']",1,1,therapeutic efficacy,"patient: 30m. drugs: amrinone 25mg three times daily, nitroxoline, piracetam 100mg after meals.","['patient', '30', 'm.', 'drugs', 'amrinone', '25', 'mg', 'times', 'daily', 'nitroxoline', 'piracetam', '100', 'mg', 'meals']",14,"['Amrinone', 'Nitroxoline', 'Piracetam']"
"Patient: 25F. Drugs: Doxylamine 50mg once daily, Loxapine 200mg three times daily.","['Doxylamine', 'Loxapine']",1,2,central nervous system depressant (CNS depressant) activities,"patient: 25f. drugs: doxylamine 50mg once daily, loxapine 200mg three times daily.","['patient', '25f', 'drugs', 'doxylamine', '50', 'mg', 'daily', 'loxapine', '200', 'mg', 'times', 'daily']",12,"['Doxylamine', 'Loxapine']"
"Patient: 40M. Drugs: Bumetanide 25mg three times daily, Saxagliptin, Ethynodiol diacetate.","['Bumetanide', 'Saxagliptin', 'Ethynodiol diacetate']",1,1,therapeutic efficacy,"patient: 40m. drugs: bumetanide 25mg three times daily, saxagliptin, ethynodiol diacetate.","['patient', '40', 'm.', 'drugs', 'bumetanide', '25', 'mg', 'times', 'daily', 'saxagliptin', 'ethynodiol', 'diacetate']",12,"['Saxagliptin', 'Ethynodiol diacetate', 'Bumetanide']"
"Patient: 48F. Drugs: Sulfamethizole 50mg after meals, Sulfasalazine 25mg every 12 hours, Zinc oxide 25mg as needed.","['Sulfamethizole', 'Sulfasalazine', 'Zinc oxide']",0,0,none,"patient: 48f. drugs: sulfamethizole 50mg after meals, sulfasalazine 25mg every 12 hours, zinc oxide 25mg as needed.","['patient', '48f', 'drugs', 'sulfamethizole', '50', 'mg', 'meals', 'sulfasalazine', '25', 'mg', '12', 'hours', 'zinc', 'oxide', '25', 'mg', 'needed']",17,"['Zinc oxide', 'Sulfamethizole', 'Sulfasalazine']"
"Patient: 62M. Drugs: Cyclosporine, Sertraline, Propylthiouracil 500mg as needed.","['Cyclosporine', 'Sertraline', 'Propylthiouracil']",1,2,metabolism,"patient: 62m. drugs: cyclosporine, sertraline, propylthiouracil 500mg as needed.","['patient', '62', 'm.', 'drugs', 'cyclosporine', 'sertraline', 'propylthiouracil', '500', 'mg', 'needed']",10,"['Sertraline', 'Propylthiouracil', 'Cyclosporine']"
"Patient: 60F. Drugs: Corticorelin ovine triflutate 25mg twice daily, Difluocortolone 500mg as needed, Cinnarizine.","['Corticorelin ovine triflutate', 'Difluocortolone', 'Cinnarizine']",1,1,therapeutic efficacy,"patient: 60f. drugs: corticorelin ovine triflutate 25mg twice daily, difluocortolone 500mg as needed, cinnarizine.","['patient', '60f', 'drugs', 'corticorelin', 'ovine', 'triflutate', '25', 'mg', 'twice', 'daily', 'difluocortolone', '500', 'mg', 'needed', 'cinnarizine']",15,"['Corticorelin ovine triflutate', 'Difluocortolone', 'Cinnarizine']"
"Patient: 35F. Drugs: Lopinavir 500mg every 8 hours, Eperisone, Methylergometrine.","['Lopinavir', 'Eperisone', 'Methylergometrine']",1,3,risk or severity of adverse effects,"patient: 35f. drugs: lopinavir 500mg every 8 hours, eperisone, methylergometrine.","['patient', '35f', 'drugs', 'lopinavir', '500', 'mg', '8', 'hours', 'eperisone', 'methylergometrine']",10,"['Eperisone', 'Methylergometrine', 'Lopinavir']"
"Patient: 68M. Drugs: Ambenonium 500mg every 8 hours, Clobetasol 200mg once daily, Naldemedine 25mg once daily.","['Ambenonium', 'Clobetasol', 'Naldemedine']",1,3,risk or severity of adverse effects,"patient: 68m. drugs: ambenonium 500mg every 8 hours, clobetasol 200mg once daily, naldemedine 25mg once daily.","['patient', '68', 'm.', 'drugs', 'ambenonium', '500', 'mg', '8', 'hours', 'clobetasol', '200', 'mg', 'daily', 'naldemedine', '25', 'mg', 'daily']",17,"['Clobetasol', 'Naldemedine', 'Ambenonium']"
"Patient: 45F. Drugs: Indapamide, Leflunomide 500mg every 8 hours.","['Indapamide', 'Leflunomide']",1,1,therapeutic efficacy,"patient: 45f. drugs: indapamide, leflunomide 500mg every 8 hours.","['patient', '45f', 'drugs', 'indapamide', 'leflunomide', '500', 'mg', '8', 'hours']",9,"['Leflunomide', 'Indapamide']"
"Patient: 48F. Drugs: Dinoprost Tromethamine 200mg every 8 hours, Loxoprofen, Flurandrenolide 75mg every 12 hours.","['Dinoprost Tromethamine', 'Loxoprofen', 'Flurandrenolide']",1,1,therapeutic efficacy,"patient: 48f. drugs: dinoprost tromethamine 200mg every 8 hours, loxoprofen, flurandrenolide 75mg every 12 hours.","['patient', '48f', 'drugs', 'dinoprost', 'tromethamine', '200', 'mg', '8', 'hours', 'loxoprofen', 'flurandrenolide', '75', 'mg', '12', 'hours']",15,"['Dinoprost Tromethamine', 'Flurandrenolide', 'Loxoprofen']"
"Patient: 62M. Drugs: Celecoxib 200mg every 6 hours, Candesartan cilexetil 50mg as needed, Regadenoson 75mg every 6 hours.","['Celecoxib', 'Candesartan cilexetil', 'Regadenoson']",1,3,risk or severity of adverse effects,"patient: 62m. drugs: celecoxib 200mg every 6 hours, candesartan cilexetil 50mg as needed, regadenoson 75mg every 6 hours.","['patient', '62', 'm.', 'drugs', 'celecoxib', '200', 'mg', '6', 'hours', 'candesartan', 'cilexetil', '50', 'mg', 'needed', 'regadenoson', '75', 'mg', '6', 'hours']",19,"['Celecoxib', 'Regadenoson', 'Candesartan cilexetil']"
"Patient: 48F. Drugs: Cevimeline, Lorpiprazole 200mg every 6 hours, Olodaterol 50mg every 8 hours.","['Cevimeline', 'Lorpiprazole', 'Olodaterol']",1,2,serum concentration,"patient: 48f. drugs: cevimeline, lorpiprazole 200mg every 6 hours, olodaterol 50mg every 8 hours.","['patient', '48f', 'drugs', 'cevimeline', 'lorpiprazole', '200', 'mg', '6', 'hours', 'olodaterol', '50', 'mg', '8', 'hours']",14,"['Lorpiprazole', 'Olodaterol', 'Cevimeline']"
"Patient: 45F. Drugs: Paramethadione 50mg every 6 hours, Idelalisib 75mg once daily, Triptorelin 75mg every 6 hours.","['Paramethadione', 'Idelalisib', 'Triptorelin']",1,2,metabolism,"patient: 45f. drugs: paramethadione 50mg every 6 hours, idelalisib 75mg once daily, triptorelin 75mg every 6 hours.","['patient', '45f', 'drugs', 'paramethadione', '50', 'mg', '6', 'hours', 'idelalisib', '75', 'mg', 'daily', 'triptorelin', '75', 'mg', '6', 'hours']",17,"['Idelalisib', 'Paramethadione', 'Triptorelin']"
"Patient: 28F. Drugs: Seratrodast, Potassium Citrate.","['Seratrodast', 'Potassium Citrate']",1,2,anticoagulant activities,"patient: 28f. drugs: seratrodast, potassium citrate.","['patient', '28f', 'drugs', 'seratrodast', 'potassium', 'citrate']",6,"['Seratrodast', 'Potassium Citrate']"
"Patient: 75M. Drugs: Zuclopenthixol 200mg as needed, Degarelix.","['Zuclopenthixol', 'Degarelix']",1,2,QTc-prolonging activities,"patient: 75m. drugs: zuclopenthixol 200mg as needed, degarelix.","['patient', '75', 'm.', 'drugs', 'zuclopenthixol', '200', 'mg', 'needed', 'degarelix']",9,"['Zuclopenthixol', 'Degarelix']"
"Patient: 70F. Drugs: Everolimus, Lopinavir 50mg after meals.","['Everolimus', 'Lopinavir']",1,2,serum concentration,"patient: 70f. drugs: everolimus, lopinavir 50mg after meals.","['patient', '70f', 'drugs', 'everolimus', 'lopinavir', '50', 'mg', 'meals']",8,"['Lopinavir', 'Everolimus']"
"Patient: 62M. Drugs: Carbocisteine 75mg three times daily, Remifentanil 200mg before meals, Gallium nitrate, Bosentan 500mg twice daily.","['Carbocisteine', 'Remifentanil', 'Gallium nitrate', 'Bosentan']",0,0,none,"patient: 62m. drugs: carbocisteine 75mg three times daily, remifentanil 200mg before meals, gallium nitrate, bosentan 500mg twice daily.","['patient', '62', 'm.', 'drugs', 'carbocisteine', '75', 'mg', 'times', 'daily', 'remifentanil', '200', 'mg', 'meals', 'gallium', 'nitrate', 'bosentan', '500', 'mg', 'twice', 'daily']",20,"['Remifentanil', 'Bosentan', 'Gallium nitrate', 'Carbocisteine']"
"Patient: 52M. Drugs: Methazolamide, Sacubitril 75mg twice daily, Tolvaptan.","['Methazolamide', 'Sacubitril', 'Tolvaptan']",1,3,risk or severity of adverse effects,"patient: 52m. drugs: methazolamide, sacubitril 75mg twice daily, tolvaptan.","['patient', '52', 'm.', 'drugs', 'methazolamide', 'sacubitril', '75', 'mg', 'twice', 'daily', 'tolvaptan']",11,"['Tolvaptan', 'Methazolamide', 'Sacubitril']"
"Patient: 30M. Drugs: Glycerin 50mg twice daily, Levomenol 75mg after meals.","['Glycerin', 'Levomenol']",0,0,none,"patient: 30m. drugs: glycerin 50mg twice daily, levomenol 75mg after meals.","['patient', '30', 'm.', 'drugs', 'glycerin', '50', 'mg', 'twice', 'daily', 'levomenol', '75', 'mg', 'meals']",13,"['Levomenol', 'Glycerin']"
"Patient: 58M. Drugs: Sevelamer 25mg every 12 hours, Gemeprost 50mg as needed.","['Sevelamer', 'Gemeprost']",0,0,none,"patient: 58m. drugs: sevelamer 25mg every 12 hours, gemeprost 50mg as needed.","['patient', '58', 'm.', 'drugs', 'sevelamer', '25', 'mg', '12', 'hours', 'gemeprost', '50', 'mg', 'needed']",13,"['Gemeprost', 'Sevelamer']"
"Patient: 55F. Drugs: Rosiglitazone 50mg three times daily, Pipotiazine 25mg before meals, Viloxazine 75mg every 8 hours.","['Rosiglitazone', 'Pipotiazine', 'Viloxazine']",1,1,therapeutic efficacy,"patient: 55f. drugs: rosiglitazone 50mg three times daily, pipotiazine 25mg before meals, viloxazine 75mg every 8 hours.","['patient', '55f', 'drugs', 'rosiglitazone', '50', 'mg', 'times', 'daily', 'pipotiazine', '25', 'mg', 'meals', 'viloxazine', '75', 'mg', '8', 'hours']",17,"['Rosiglitazone', 'Viloxazine', 'Pipotiazine']"
"Patient: 60F. Drugs: Midazolam 100mg before meals, Josamycin, Ulipristal 25mg after meals.","['Midazolam', 'Josamycin', 'Ulipristal']",1,2,serum concentration,"patient: 60f. drugs: midazolam 100mg before meals, josamycin, ulipristal 25mg after meals.","['patient', '60f', 'drugs', 'midazolam', '100', 'mg', 'meals', 'josamycin', 'ulipristal', '25', 'mg', 'meals']",12,"['Ulipristal', 'Josamycin', 'Midazolam']"
"Patient: 40M. Drugs: Hydroflumethiazide 200mg three times daily, Hydrochlorothiazide 50mg every 12 hours.","['Hydroflumethiazide', 'Hydrochlorothiazide']",1,2,hypotensive activities,"patient: 40m. drugs: hydroflumethiazide 200mg three times daily, hydrochlorothiazide 50mg every 12 hours.","['patient', '40', 'm.', 'drugs', 'hydroflumethiazide', '200', 'mg', 'times', 'daily', 'hydrochlorothiazide', '50', 'mg', '12', 'hours']",14,"['Hydrochlorothiazide', 'Hydroflumethiazide']"
"Patient: 33M. Drugs: Tasimelteon 100mg after meals, Melperone.","['Tasimelteon', 'Melperone']",1,3,risk or severity of adverse effects,"patient: 33m. drugs: tasimelteon 100mg after meals, melperone.","['patient', '33', 'm.', 'drugs', 'tasimelteon', '100', 'mg', 'meals', 'melperone']",9,"['Tasimelteon', 'Melperone']"
"Patient: 70F. Drugs: Amitriptyline, Fencamfamine 75mg every 12 hours.","['Amitriptyline', 'Fencamfamine']",1,3,risk or severity of adverse effects,"patient: 70f. drugs: amitriptyline, fencamfamine 75mg every 12 hours.","['patient', '70f', 'drugs', 'amitriptyline', 'fencamfamine', '75', 'mg', '12', 'hours']",9,"['Amitriptyline', 'Fencamfamine']"
"Patient: 33M. Drugs: Diazoxide, Ixazomib 200mg twice daily, Hexafluronium 200mg before meals, Lorpiprazole.","['Diazoxide', 'Ixazomib', 'Hexafluronium', 'Lorpiprazole']",1,2,serum concentration,"patient: 33m. drugs: diazoxide, ixazomib 200mg twice daily, hexafluronium 200mg before meals, lorpiprazole.","['patient', '33', 'm.', 'drugs', 'diazoxide', 'ixazomib', '200', 'mg', 'twice', 'daily', 'hexafluronium', '200', 'mg', 'meals', 'lorpiprazole']",15,"['Lorpiprazole', 'Diazoxide', 'Hexafluronium', 'Ixazomib']"
"Patient: 62M. Drugs: Lisdexamfetamine, Demeclocycline 75mg as needed, Quinapril 100mg as needed.","['Lisdexamfetamine', 'Demeclocycline', 'Quinapril']",1,1,absorption,"patient: 62m. drugs: lisdexamfetamine, demeclocycline 75mg as needed, quinapril 100mg as needed.","['patient', '62', 'm.', 'drugs', 'lisdexamfetamine', 'demeclocycline', '75', 'mg', 'needed', 'quinapril', '100', 'mg', 'needed']",13,"['Lisdexamfetamine', 'Demeclocycline', 'Quinapril']"
"Patient: 60F. Drugs: Moexipril 100mg every 12 hours, Acetylsalicylic acid, Sevoflurane.","['Moexipril', 'Acetylsalicylic acid', 'Sevoflurane']",1,1,therapeutic efficacy,"patient: 60f. drugs: moexipril 100mg every 12 hours, acetylsalicylic acid, sevoflurane.","['patient', '60f', 'drugs', 'moexipril', '100', 'mg', '12', 'hours', 'acetylsalicylic', 'acid', 'sevoflurane']",11,"['Sevoflurane', 'Moexipril', 'Acetylsalicylic acid']"
"Patient: 30M. Drugs: Naproxen 200mg after meals, Meloxicam 25mg three times daily, Avatrombopag 50mg three times daily.","['Naproxen', 'Meloxicam', 'Avatrombopag']",1,3,risk or severity of adverse effects,"patient: 30m. drugs: naproxen 200mg after meals, meloxicam 25mg three times daily, avatrombopag 50mg three times daily.","['patient', '30', 'm.', 'drugs', 'naproxen', '200', 'mg', 'meals', 'meloxicam', '25', 'mg', 'times', 'daily', 'avatrombopag', '50', 'mg', 'times', 'daily']",18,"['Meloxicam', 'Naproxen', 'Avatrombopag']"
"Patient: 68M. Drugs: Mesalazine 500mg three times daily, Alimemazine 25mg every 12 hours, Piretanide.","['Mesalazine', 'Alimemazine', 'Piretanide']",1,1,therapeutic efficacy,"patient: 68m. drugs: mesalazine 500mg three times daily, alimemazine 25mg every 12 hours, piretanide.","['patient', '68', 'm.', 'drugs', 'mesalazine', '500', 'mg', 'times', 'daily', 'alimemazine', '25', 'mg', '12', 'hours', 'piretanide']",15,"['Mesalazine', 'Piretanide', 'Alimemazine']"
"Patient: 75M. Drugs: Carbinoxamine 500mg three times daily, Ceritinib 200mg after meals.","['Carbinoxamine', 'Ceritinib']",1,2,serum concentration,"patient: 75m. drugs: carbinoxamine 500mg three times daily, ceritinib 200mg after meals.","['patient', '75', 'm.', 'drugs', 'carbinoxamine', '500', 'mg', 'times', 'daily', 'ceritinib', '200', 'mg', 'meals']",13,"['Ceritinib', 'Carbinoxamine']"
"Patient: 70F. Drugs: Zoledronic acid 200mg after meals, Nebivolol 25mg every 12 hours.","['Zoledronic acid', 'Nebivolol']",0,0,none,"patient: 70f. drugs: zoledronic acid 200mg after meals, nebivolol 25mg every 12 hours.","['patient', '70f', 'drugs', 'zoledronic', 'acid', '200', 'mg', 'meals', 'nebivolol', '25', 'mg', '12', 'hours']",13,"['Zoledronic acid', 'Nebivolol']"
"Patient: 68M. Drugs: Omeprazole, Isavuconazonium 25mg every 12 hours.","['Omeprazole', 'Isavuconazonium']",1,2,metabolism,"patient: 68m. drugs: omeprazole, isavuconazonium 25mg every 12 hours.","['patient', '68', 'm.', 'drugs', 'omeprazole', 'isavuconazonium', '25', 'mg', '12', 'hours']",10,"['Omeprazole', 'Isavuconazonium']"
"Patient: 40M. Drugs: Orlistat 50mg every 6 hours, Meclofenamic acid, Alprostadil 75mg after meals, Chloroprocaine.","['Orlistat', 'Meclofenamic acid', 'Alprostadil', 'Chloroprocaine']",1,1,therapeutic efficacy,"patient: 40m. drugs: orlistat 50mg every 6 hours, meclofenamic acid, alprostadil 75mg after meals, chloroprocaine.","['patient', '40', 'm.', 'drugs', 'orlistat', '50', 'mg', '6', 'hours', 'meclofenamic', 'acid', 'alprostadil', '75', 'mg', 'meals', 'chloroprocaine']",16,"['Chloroprocaine', 'Alprostadil', 'Orlistat', 'Meclofenamic acid']"
"Patient: 35F. Drugs: Halofantrine 200mg once daily, Calcidiol, Eplerenone 100mg after meals, Hydroxyprogesterone caproate 25mg every 8 hours.","['Halofantrine', 'Calcidiol', 'Eplerenone', 'Hydroxyprogesterone caproate']",0,0,none,"patient: 35f. drugs: halofantrine 200mg once daily, calcidiol, eplerenone 100mg after meals, hydroxyprogesterone caproate 25mg every 8 hours.","['patient', '35f', 'drugs', 'halofantrine', '200', 'mg', 'daily', 'calcidiol', 'eplerenone', '100', 'mg', 'meals', 'hydroxyprogesterone', 'caproate', '25', 'mg', '8', 'hours']",18,"['Hydroxyprogesterone caproate', 'Calcidiol', 'Eplerenone', 'Halofantrine']"
"Patient: 55F. Drugs: Posaconazole 50mg once daily, Clevidipine 200mg before meals, Adenine.","['Posaconazole', 'Clevidipine', 'Adenine']",1,1,therapeutic efficacy,"patient: 55f. drugs: posaconazole 50mg once daily, clevidipine 200mg before meals, adenine.","['patient', '55f', 'drugs', 'posaconazole', '50', 'mg', 'daily', 'clevidipine', '200', 'mg', 'meals', 'adenine']",12,"['Adenine', 'Posaconazole', 'Clevidipine']"
"Patient: 40M. Drugs: Aranidipine 25mg every 6 hours, Calcium lactate 100mg as needed.","['Aranidipine', 'Calcium lactate']",1,1,therapeutic efficacy,"patient: 40m. drugs: aranidipine 25mg every 6 hours, calcium lactate 100mg as needed.","['patient', '40', 'm.', 'drugs', 'aranidipine', '25', 'mg', '6', 'hours', 'calcium', 'lactate', '100', 'mg', 'needed']",14,"['Calcium lactate', 'Aranidipine']"
"Patient: 48F. Drugs: Clonidine 25mg three times daily, Flupentixol.","['Clonidine', 'Flupentixol']",1,3,risk or severity of adverse effects,"patient: 48f. drugs: clonidine 25mg three times daily, flupentixol.","['patient', '48f', 'drugs', 'clonidine', '25', 'mg', 'times', 'daily', 'flupentixol']",9,"['Clonidine', 'Flupentixol']"
"Patient: 40M. Drugs: Doxylamine 200mg every 12 hours, Fospropofol 500mg once daily, Nebivolol 100mg once daily.","['Doxylamine', 'Fospropofol', 'Nebivolol']",1,2,central nervous system depressant (CNS depressant) activities,"patient: 40m. drugs: doxylamine 200mg every 12 hours, fospropofol 500mg once daily, nebivolol 100mg once daily.","['patient', '40', 'm.', 'drugs', 'doxylamine', '200', 'mg', '12', 'hours', 'fospropofol', '500', 'mg', 'daily', 'nebivolol', '100', 'mg', 'daily']",17,"['Fospropofol', 'Doxylamine', 'Nebivolol']"
"Patient: 45F. Drugs: Artesunate 75mg every 12 hours, Azilsartan medoxomil 25mg every 12 hours.","['Artesunate', 'Azilsartan medoxomil']",0,0,none,"patient: 45f. drugs: artesunate 75mg every 12 hours, azilsartan medoxomil 25mg every 12 hours.","['patient', '45f', 'drugs', 'artesunate', '75', 'mg', '12', 'hours', 'azilsartan', 'medoxomil', '25', 'mg', '12', 'hours']",14,"['Azilsartan medoxomil', 'Artesunate']"
"Patient: 52M. Drugs: Oxymorphone 25mg every 6 hours, Methotrimeprazine 500mg before meals.","['Oxymorphone', 'Methotrimeprazine']",1,2,central nervous system depressant (CNS depressant) activities,"patient: 52m. drugs: oxymorphone 25mg every 6 hours, methotrimeprazine 500mg before meals.","['patient', '52', 'm.', 'drugs', 'oxymorphone', '25', 'mg', '6', 'hours', 'methotrimeprazine', '500', 'mg', 'meals']",13,"['Oxymorphone', 'Methotrimeprazine']"
"Patient: 52M. Drugs: Triethylenetetramine, Timolol 50mg as needed, Pinacidil 500mg three times daily.","['Triethylenetetramine', 'Timolol', 'Pinacidil']",1,2,hypotensive activities,"patient: 52m. drugs: triethylenetetramine, timolol 50mg as needed, pinacidil 500mg three times daily.","['patient', '52', 'm.', 'drugs', 'triethylenetetramine', 'timolol', '50', 'mg', 'needed', 'pinacidil', '500', 'mg', 'times', 'daily']",14,"['Timolol', 'Pinacidil', 'Triethylenetetramine']"
"Patient: 48F. Drugs: Butoconazole, Efonidipine.","['Butoconazole', 'Efonidipine']",1,1,therapeutic efficacy,"patient: 48f. drugs: butoconazole, efonidipine.","['patient', '48f', 'drugs', 'butoconazole', 'efonidipine']",5,"['Efonidipine', 'Butoconazole']"
"Patient: 28F. Drugs: Levofloxacin 100mg every 12 hours, Verapamil 50mg once daily.","['Levofloxacin', 'Verapamil']",0,0,none,"patient: 28f. drugs: levofloxacin 100mg every 12 hours, verapamil 50mg once daily.","['patient', '28f', 'drugs', 'levofloxacin', '100', 'mg', '12', 'hours', 'verapamil', '50', 'mg', 'daily']",12,"['Levofloxacin', 'Verapamil']"
"Patient: 68M. Drugs: Droxidopa 75mg as needed, Vilazodone 50mg as needed.","['Droxidopa', 'Vilazodone']",1,2,hypertensive activities,"patient: 68m. drugs: droxidopa 75mg as needed, vilazodone 50mg as needed.","['patient', '68', 'm.', 'drugs', 'droxidopa', '75', 'mg', 'needed', 'vilazodone', '50', 'mg', 'needed']",12,"['Droxidopa', 'Vilazodone']"
"Patient: 52M. Drugs: Meclofenamic acid 75mg after meals, Curcumin.","['Meclofenamic acid', 'Curcumin']",1,3,risk or severity of adverse effects,"patient: 52m. drugs: meclofenamic acid 75mg after meals, curcumin.","['patient', '52', 'm.', 'drugs', 'meclofenamic', 'acid', '75', 'mg', 'meals', 'curcumin']",10,"['Curcumin', 'Meclofenamic acid']"
"Patient: 30M. Drugs: Vecuronium, Dabigatran etexilate 100mg every 12 hours.","['Vecuronium', 'Dabigatran etexilate']",0,0,none,"patient: 30m. drugs: vecuronium, dabigatran etexilate 100mg every 12 hours.","['patient', '30', 'm.', 'drugs', 'vecuronium', 'dabigatran', 'etexilate', '100', 'mg', '12', 'hours']",11,"['Dabigatran etexilate', 'Vecuronium']"
"Patient: 75M. Drugs: Brompheniramine 75mg three times daily, Flunarizine 75mg twice daily, Cefpodoxime 500mg every 6 hours.","['Brompheniramine', 'Flunarizine', 'Cefpodoxime']",1,3,risk or severity of adverse effects,"patient: 75m. drugs: brompheniramine 75mg three times daily, flunarizine 75mg twice daily, cefpodoxime 500mg every 6 hours.","['patient', '75', 'm.', 'drugs', 'brompheniramine', '75', 'mg', 'times', 'daily', 'flunarizine', '75', 'mg', 'twice', 'daily', 'cefpodoxime', '500', 'mg', '6', 'hours']",19,"['Cefpodoxime', 'Flunarizine', 'Brompheniramine']"
"Patient: 30M. Drugs: Amrinone 25mg three times daily, Nitroxoline, Piracetam 100mg after meals.","['Amrinone', 'Nitroxoline', 'Piracetam']",1,1,therapeutic efficacy,"patient: 30m. drugs: amrinone 25mg three times daily, nitroxoline, piracetam 100mg after meals.","['patient', '30', 'm.', 'drugs', 'amrinone', '25', 'mg', 'times', 'daily', 'nitroxoline', 'piracetam', '100', 'mg', 'meals']",14,"['Amrinone', 'Nitroxoline', 'Piracetam']"
"Patient: 52M. Drugs: Quinethazone, Niflumic Acid 25mg twice daily, Captopril 50mg as needed.","['Quinethazone', 'Niflumic Acid', 'Captopril']",1,1,therapeutic efficacy,"patient: 52m. drugs: quinethazone, niflumic acid 25mg twice daily, captopril 50mg as needed.","['patient', '52', 'm.', 'drugs', 'quinethazone', 'niflumic', 'acid', '25', 'mg', 'twice', 'daily', 'captopril', '50', 'mg', 'needed']",15,"['Quinethazone', 'Captopril', 'Niflumic Acid']"
"Patient: 60F. Drugs: Cloxacillin 100mg twice daily, Acetylcholine, Ibrutinib.","['Cloxacillin', 'Acetylcholine', 'Ibrutinib']",0,0,none,"patient: 60f. drugs: cloxacillin 100mg twice daily, acetylcholine, ibrutinib.","['patient', '60f', 'drugs', 'cloxacillin', '100', 'mg', 'twice', 'daily', 'acetylcholine', 'ibrutinib']",10,"['Acetylcholine', 'Cloxacillin', 'Ibrutinib']"
"Patient: 58M. Drugs: Fluticasone propionate 100mg every 8 hours, Nordazepam 25mg three times daily.","['Fluticasone propionate', 'Nordazepam']",1,3,risk or severity of adverse effects,"patient: 58m. drugs: fluticasone propionate 100mg every 8 hours, nordazepam 25mg three times daily.","['patient', '58', 'm.', 'drugs', 'fluticasone', 'propionate', '100', 'mg', '8', 'hours', 'nordazepam', '25', 'mg', 'times', 'daily']",15,"['Nordazepam', 'Fluticasone propionate']"
"Patient: 25F. Drugs: Fosinopril 25mg every 12 hours, Levosimendan.","['Fosinopril', 'Levosimendan']",1,3,risk or severity of adverse effects,"patient: 25f. drugs: fosinopril 25mg every 12 hours, levosimendan.","['patient', '25f', 'drugs', 'fosinopril', '25', 'mg', '12', 'hours', 'levosimendan']",9,"['Levosimendan', 'Fosinopril']"
"Patient: 33M. Drugs: Bedaquiline, Mannitol 75mg three times daily, Procaine benzylpenicillin 200mg every 8 hours.","['Bedaquiline', 'Mannitol', 'Procaine benzylpenicillin']",0,0,none,"patient: 33m. drugs: bedaquiline, mannitol 75mg three times daily, procaine benzylpenicillin 200mg every 8 hours.","['patient', '33', 'm.', 'drugs', 'bedaquiline', 'mannitol', '75', 'mg', 'times', 'daily', 'procaine', 'benzylpenicillin', '200', 'mg', '8', 'hours']",16,"['Bedaquiline', 'Procaine benzylpenicillin', 'Mannitol']"
"Patient: 60F. Drugs: Doxacurium chloride, Dihydralazine 100mg every 6 hours, Mianserin 100mg every 6 hours, Pyridoxine 500mg every 8 hours.","['Doxacurium chloride', 'Dihydralazine', 'Mianserin', 'Pyridoxine']",0,0,none,"patient: 60f. drugs: doxacurium chloride, dihydralazine 100mg every 6 hours, mianserin 100mg every 6 hours, pyridoxine 500mg every 8 hours.","['patient', '60f', 'drugs', 'doxacurium', 'chloride', 'dihydralazine', '100', 'mg', '6', 'hours', 'mianserin', '100', 'mg', '6', 'hours', 'pyridoxine', '500', 'mg', '8', 'hours']",20,"['Mianserin', 'Dihydralazine', 'Doxacurium chloride', 'Pyridoxine']"
"Patient: 33M. Drugs: Ouabain 25mg as needed, Fenoldopam.","['Ouabain', 'Fenoldopam']",0,0,none,"patient: 33m. drugs: ouabain 25mg as needed, fenoldopam.","['patient', '33', 'm.', 'drugs', 'ouabain', '25', 'mg', 'needed', 'fenoldopam']",9,"['Fenoldopam', 'Ouabain']"
"Patient: 33M. Drugs: Methadone 200mg after meals, Tolvaptan.","['Methadone', 'Tolvaptan']",1,2,serum concentration,"patient: 33m. drugs: methadone 200mg after meals, tolvaptan.","['patient', '33', 'm.', 'drugs', 'methadone', '200', 'mg', 'meals', 'tolvaptan']",9,"['Tolvaptan', 'Methadone']"
"Patient: 60F. Drugs: Cisplatin 500mg every 8 hours, Tobramycin 75mg twice daily, Vinorelbine.","['Cisplatin', 'Tobramycin', 'Vinorelbine']",1,2,nephrotoxic activities,"patient: 60f. drugs: cisplatin 500mg every 8 hours, tobramycin 75mg twice daily, vinorelbine.","['patient', '60f', 'drugs', 'cisplatin', '500', 'mg', '8', 'hours', 'tobramycin', '75', 'mg', 'twice', 'daily', 'vinorelbine']",14,"['Cisplatin', 'Vinorelbine', 'Tobramycin']"
"Patient: 30M. Drugs: Amrinone 25mg three times daily, Nitroxoline, Piracetam 100mg after meals.","['Amrinone', 'Nitroxoline', 'Piracetam']",1,1,therapeutic efficacy,"patient: 30m. drugs: amrinone 25mg three times daily, nitroxoline, piracetam 100mg after meals.","['patient', '30', 'm.', 'drugs', 'amrinone', '25', 'mg', 'times', 'daily', 'nitroxoline', 'piracetam', '100', 'mg', 'meals']",14,"['Amrinone', 'Nitroxoline', 'Piracetam']"
"Patient: 35F. Drugs: Betaxolol 100mg every 8 hours, Methohexital 25mg once daily.","['Betaxolol', 'Methohexital']",1,2,serum concentration,"patient: 35f. drugs: betaxolol 100mg every 8 hours, methohexital 25mg once daily.","['patient', '35f', 'drugs', 'betaxolol', '100', 'mg', '8', 'hours', 'methohexital', '25', 'mg', 'daily']",12,"['Methohexital', 'Betaxolol']"
"Patient: 48F. Drugs: Nisoldipine, Sirolimus.","['Nisoldipine', 'Sirolimus']",1,1,therapeutic efficacy,"patient: 48f. drugs: nisoldipine, sirolimus.","['patient', '48f', 'drugs', 'nisoldipine', 'sirolimus']",5,"['Nisoldipine', 'Sirolimus']"
"Patient: 52M. Drugs: Desloratadine, Zuclopenthixol 500mg three times daily, Trioxsalen 100mg as needed.","['Desloratadine', 'Zuclopenthixol', 'Trioxsalen']",1,3,risk or severity of adverse effects,"patient: 52m. drugs: desloratadine, zuclopenthixol 500mg three times daily, trioxsalen 100mg as needed.","['patient', '52', 'm.', 'drugs', 'desloratadine', 'zuclopenthixol', '500', 'mg', 'times', 'daily', 'trioxsalen', '100', 'mg', 'needed']",14,"['Zuclopenthixol', 'Desloratadine', 'Trioxsalen']"
"Patient: 68M. Drugs: Crizotinib, Sodium stibogluconate 75mg once daily.","['Crizotinib', 'Sodium stibogluconate']",0,0,none,"patient: 68m. drugs: crizotinib, sodium stibogluconate 75mg once daily.","['patient', '68', 'm.', 'drugs', 'crizotinib', 'sodium', 'stibogluconate', '75', 'mg', 'daily']",10,"['Crizotinib', 'Sodium stibogluconate']"
"Patient: 25F. Drugs: Tolvaptan 75mg as needed, Aloglutamol 50mg three times daily, Methylphenidate 200mg three times daily, Tiotropium 100mg after meals.","['Tolvaptan', 'Aloglutamol', 'Methylphenidate', 'Tiotropium']",1,1,absorption,"patient: 25f. drugs: tolvaptan 75mg as needed, aloglutamol 50mg three times daily, methylphenidate 200mg three times daily, tiotropium 100mg after meals.","['patient', '25f', 'drugs', 'tolvaptan', '75', 'mg', 'needed', 'aloglutamol', '50', 'mg', 'times', 'daily', 'methylphenidate', '200', 'mg', 'times', 'daily', 'tiotropium', '100', 'mg', 'meals']",21,"['Tolvaptan', 'Methylphenidate', 'Aloglutamol', 'Tiotropium']"
"Patient: 75M. Drugs: Isoetarine, Procarbazine 75mg three times daily.","['Isoetarine', 'Procarbazine']",1,3,risk or severity of adverse effects,"patient: 75m. drugs: isoetarine, procarbazine 75mg three times daily.","['patient', '75', 'm.', 'drugs', 'isoetarine', 'procarbazine', '75', 'mg', 'times', 'daily']",10,"['Procarbazine', 'Isoetarine']"
"Patient: 55F. Drugs: Tolfenamic Acid 100mg before meals, Phenoxybenzamine 500mg every 8 hours, Ambrisentan 25mg after meals.","['Tolfenamic Acid', 'Phenoxybenzamine', 'Ambrisentan']",1,3,risk or severity of hypotension,"patient: 55f. drugs: tolfenamic acid 100mg before meals, phenoxybenzamine 500mg every 8 hours, ambrisentan 25mg after meals.","['patient', '55f', 'drugs', 'tolfenamic', 'acid', '100', 'mg', 'meals', 'phenoxybenzamine', '500', 'mg', '8', 'hours', 'ambrisentan', '25', 'mg', 'meals']",17,"['Phenoxybenzamine', 'Ambrisentan', 'Tolfenamic Acid']"
"Patient: 68M. Drugs: Tolfenamic Acid, Cyclopenthiazide 75mg after meals, L-Glutamine 200mg every 12 hours.","['Tolfenamic Acid', 'Cyclopenthiazide', 'L-Glutamine']",1,1,therapeutic efficacy,"patient: 68m. drugs: tolfenamic acid, cyclopenthiazide 75mg after meals, lglutamine 200mg every 12 hours.","['patient', '68', 'm.', 'drugs', 'tolfenamic', 'acid', 'cyclopenthiazide', '75', 'mg', 'meals', 'lglutamine', '200', 'mg', '12', 'hours']",15,"['Cyclopenthiazide', 'L-Glutamine', 'Tolfenamic Acid']"
"Patient: 60F. Drugs: Demecarium 100mg every 12 hours, Thiotepa 500mg every 8 hours, Benzthiazide 25mg three times daily, Naftifine.","['Demecarium', 'Thiotepa', 'Benzthiazide', 'Naftifine']",1,1,therapeutic efficacy,"patient: 60f. drugs: demecarium 100mg every 12 hours, thiotepa 500mg every 8 hours, benzthiazide 25mg three times daily, naftifine.","['patient', '60f', 'drugs', 'demecarium', '100', 'mg', '12', 'hours', 'thiotepa', '500', 'mg', '8', 'hours', 'benzthiazide', '25', 'mg', 'times', 'daily', 'naftifine']",19,"['Benzthiazide', 'Naftifine', 'Thiotepa', 'Demecarium']"
"Patient: 70F. Drugs: Amoxapine 50mg every 12 hours, Diphenylpyraline 200mg every 6 hours.","['Amoxapine', 'Diphenylpyraline']",0,0,none,"patient: 70f. drugs: amoxapine 50mg every 12 hours, diphenylpyraline 200mg every 6 hours.","['patient', '70f', 'drugs', 'amoxapine', '50', 'mg', '12', 'hours', 'diphenylpyraline', '200', 'mg', '6', 'hours']",13,"['Diphenylpyraline', 'Amoxapine']"
"Patient: 70F. Drugs: Perindopril 100mg as needed, Oxaprozin 500mg every 12 hours.","['Perindopril', 'Oxaprozin']",1,3,risk or severity of adverse effects,"patient: 70f. drugs: perindopril 100mg as needed, oxaprozin 500mg every 12 hours.","['patient', '70f', 'drugs', 'perindopril', '100', 'mg', 'needed', 'oxaprozin', '500', 'mg', '12', 'hours']",12,"['Oxaprozin', 'Perindopril']"
"Patient: 45F. Drugs: Indapamide, Leflunomide 500mg every 8 hours.","['Indapamide', 'Leflunomide']",1,1,therapeutic efficacy,"patient: 45f. drugs: indapamide, leflunomide 500mg every 8 hours.","['patient', '45f', 'drugs', 'indapamide', 'leflunomide', '500', 'mg', '8', 'hours']",9,"['Leflunomide', 'Indapamide']"
"Patient: 28F. Drugs: Acepromazine 100mg as needed, Copper.","['Acepromazine', 'Copper']",0,0,none,"patient: 28f. drugs: acepromazine 100mg as needed, copper.","['patient', '28f', 'drugs', 'acepromazine', '100', 'mg', 'needed', 'copper']",8,"['Acepromazine', 'Copper']"
"Patient: 52M. Drugs: Phenylbutyric acid 50mg twice daily, Bosentan 50mg every 6 hours, Indomethacin 75mg every 8 hours, Phenformin 50mg as needed.","['Phenylbutyric acid', 'Bosentan', 'Indomethacin', 'Phenformin']",0,0,none,"patient: 52m. drugs: phenylbutyric acid 50mg twice daily, bosentan 50mg every 6 hours, indomethacin 75mg every 8 hours, phenformin 50mg as needed.","['patient', '52', 'm.', 'drugs', 'phenylbutyric', 'acid', '50', 'mg', 'twice', 'daily', 'bosentan', '50', 'mg', '6', 'hours', 'indomethacin', '75', 'mg', '8', 'hours', 'phenformin', '50', 'mg', 'needed']",24,"['Phenylbutyric acid', 'Phenformin', 'Bosentan', 'Indomethacin']"
"Patient: 58M. Drugs: Nimesulide 50mg twice daily, Artemether.","['Nimesulide', 'Artemether']",1,1,therapeutic efficacy,"patient: 58m. drugs: nimesulide 50mg twice daily, artemether.","['patient', '58', 'm.', 'drugs', 'nimesulide', '50', 'mg', 'twice', 'daily', 'artemether']",10,"['Nimesulide', 'Artemether']"
"Patient: 35F. Drugs: Methdilazine 100mg after meals, Cocaine 25mg once daily, Heptabarbital 200mg before meals, Quinagolide 75mg every 8 hours.","['Methdilazine', 'Cocaine', 'Heptabarbital', 'Quinagolide']",0,0,none,"patient: 35f. drugs: methdilazine 100mg after meals, cocaine 25mg once daily, heptabarbital 200mg before meals, quinagolide 75mg every 8 hours.","['patient', '35f', 'drugs', 'methdilazine', '100', 'mg', 'meals', 'cocaine', '25', 'mg', 'daily', 'heptabarbital', '200', 'mg', 'meals', 'quinagolide', '75', 'mg', '8', 'hours']",20,"['Quinagolide', 'Heptabarbital', 'Methdilazine', 'Cocaine']"
"Patient: 25F. Drugs: Phenazopyridine 75mg once daily, Sulfadimethoxine 75mg three times daily, Carboplatin, Ferric cation.","['Phenazopyridine', 'Sulfadimethoxine', 'Carboplatin', 'Ferric cation']",0,0,none,"patient: 25f. drugs: phenazopyridine 75mg once daily, sulfadimethoxine 75mg three times daily, carboplatin, ferric cation.","['patient', '25f', 'drugs', 'phenazopyridine', '75', 'mg', 'daily', 'sulfadimethoxine', '75', 'mg', 'times', 'daily', 'carboplatin', 'ferric', 'cation']",15,"['Sulfadimethoxine', 'Ferric cation', 'Carboplatin', 'Phenazopyridine']"
"Patient: 62M. Drugs: Methotrexate 200mg every 6 hours, Dimetotiazine 25mg every 12 hours, Meropenem 200mg twice daily, Cefradine 500mg three times daily.","['Methotrexate', 'Dimetotiazine', 'Meropenem', 'Cefradine']",0,0,none,"patient: 62m. drugs: methotrexate 200mg every 6 hours, dimetotiazine 25mg every 12 hours, meropenem 200mg twice daily, cefradine 500mg three times daily.","['patient', '62', 'm.', 'drugs', 'methotrexate', '200', 'mg', '6', 'hours', 'dimetotiazine', '25', 'mg', '12', 'hours', 'meropenem', '200', 'mg', 'twice', 'daily', 'cefradine', '500', 'mg', 'times', 'daily']",24,"['Meropenem', 'Dimetotiazine', 'Methotrexate', 'Cefradine']"
"Patient: 25F. Drugs: Tacrolimus 25mg before meals, Nimesulide 25mg every 6 hours.","['Tacrolimus', 'Nimesulide']",1,2,nephrotoxic activities,"patient: 25f. drugs: tacrolimus 25mg before meals, nimesulide 25mg every 6 hours.","['patient', '25f', 'drugs', 'tacrolimus', '25', 'mg', 'meals', 'nimesulide', '25', 'mg', '6', 'hours']",12,"['Tacrolimus', 'Nimesulide']"
"Patient: 25F. Drugs: Cyclosporine 50mg before meals, Eletriptan 75mg every 6 hours, Tegafur 200mg before meals.","['Cyclosporine', 'Eletriptan', 'Tegafur']",1,2,serum concentration,"patient: 25f. drugs: cyclosporine 50mg before meals, eletriptan 75mg every 6 hours, tegafur 200mg before meals.","['patient', '25f', 'drugs', 'cyclosporine', '50', 'mg', 'meals', 'eletriptan', '75', 'mg', '6', 'hours', 'tegafur', '200', 'mg', 'meals']",16,"['Tegafur', 'Cyclosporine', 'Eletriptan']"
"Patient: 55F. Drugs: Nimodipine 75mg twice daily, Griseofulvin 75mg three times daily.","['Nimodipine', 'Griseofulvin']",1,1,therapeutic efficacy,"patient: 55f. drugs: nimodipine 75mg twice daily, griseofulvin 75mg three times daily.","['patient', '55f', 'drugs', 'nimodipine', '75', 'mg', 'twice', 'daily', 'griseofulvin', '75', 'mg', 'times', 'daily']",13,"['Griseofulvin', 'Nimodipine']"
"Patient: 35F. Drugs: Thiabendazole 100mg once daily, Lovastatin 75mg every 6 hours.","['Thiabendazole', 'Lovastatin']",0,0,none,"patient: 35f. drugs: thiabendazole 100mg once daily, lovastatin 75mg every 6 hours.","['patient', '35f', 'drugs', 'thiabendazole', '100', 'mg', 'daily', 'lovastatin', '75', 'mg', '6', 'hours']",12,"['Lovastatin', 'Thiabendazole']"
"Patient: 70F. Drugs: Salicylic acid 100mg every 8 hours, Tolfenamic Acid 500mg as needed.","['Salicylic acid', 'Tolfenamic Acid']",1,3,risk or severity of adverse effects,"patient: 70f. drugs: salicylic acid 100mg every 8 hours, tolfenamic acid 500mg as needed.","['patient', '70f', 'drugs', 'salicylic', 'acid', '100', 'mg', '8', 'hours', 'tolfenamic', 'acid', '500', 'mg', 'needed']",14,"['Tolfenamic Acid', 'Salicylic acid']"
"Patient: 60F. Drugs: Mepivacaine, Butoconazole 100mg twice daily, Levomefolic acid.","['Mepivacaine', 'Butoconazole', 'Levomefolic acid']",0,0,none,"patient: 60f. drugs: mepivacaine, butoconazole 100mg twice daily, levomefolic acid.","['patient', '60f', 'drugs', 'mepivacaine', 'butoconazole', '100', 'mg', 'twice', 'daily', 'levomefolic', 'acid']",11,"['Butoconazole', 'Mepivacaine', 'Levomefolic acid']"
"Patient: 52M. Drugs: Mefenamic acid 50mg three times daily, Bumetanide 500mg once daily, Dexmethylphenidate 500mg every 12 hours.","['Mefenamic acid', 'Bumetanide', 'Dexmethylphenidate']",1,1,therapeutic efficacy,"patient: 52m. drugs: mefenamic acid 50mg three times daily, bumetanide 500mg once daily, dexmethylphenidate 500mg every 12 hours.","['patient', '52', 'm.', 'drugs', 'mefenamic', 'acid', '50', 'mg', 'times', 'daily', 'bumetanide', '500', 'mg', 'daily', 'dexmethylphenidate', '500', 'mg', '12', 'hours']",19,"['Mefenamic acid', 'Bumetanide', 'Dexmethylphenidate']"
"Patient: 33M. Drugs: Icatibant, Dinoprost 50mg every 12 hours.","['Icatibant', 'Dinoprost']",1,1,therapeutic efficacy,"patient: 33m. drugs: icatibant, dinoprost 50mg every 12 hours.","['patient', '33', 'm.', 'drugs', 'icatibant', 'dinoprost', '50', 'mg', '12', 'hours']",10,"['Icatibant', 'Dinoprost']"
"Patient: 58M. Drugs: Nimesulide 50mg twice daily, Artemether.","['Nimesulide', 'Artemether']",1,1,therapeutic efficacy,"patient: 58m. drugs: nimesulide 50mg twice daily, artemether.","['patient', '58', 'm.', 'drugs', 'nimesulide', '50', 'mg', 'twice', 'daily', 'artemether']",10,"['Nimesulide', 'Artemether']"
"Patient: 55F. Drugs: Curcumin, Parthenolide 75mg every 6 hours, Vitamin A 100mg every 6 hours, Methylphenidate 500mg before meals.","['Curcumin', 'Parthenolide', 'Vitamin A', 'Methylphenidate']",1,3,risk or severity of adverse effects,"patient: 55f. drugs: curcumin, parthenolide 75mg every 6 hours, vitamin a 100mg every 6 hours, methylphenidate 500mg before meals.","['patient', '55f', 'drugs', 'curcumin', 'parthenolide', '75', 'mg', '6', 'hours', 'vitamin', '100', 'mg', '6', 'hours', 'methylphenidate', '500', 'mg', 'meals']",18,"['Methylphenidate', 'Vitamin A', 'Curcumin', 'Parthenolide']"
"Patient: 55F. Drugs: Etonogestrel 75mg as needed, Levothyroxine 75mg after meals, Nitroxoline 500mg after meals.","['Etonogestrel', 'Levothyroxine', 'Nitroxoline']",0,0,none,"patient: 55f. drugs: etonogestrel 75mg as needed, levothyroxine 75mg after meals, nitroxoline 500mg after meals.","['patient', '55f', 'drugs', 'etonogestrel', '75', 'mg', 'needed', 'levothyroxine', '75', 'mg', 'meals', 'nitroxoline', '500', 'mg', 'meals']",15,"['Levothyroxine', 'Nitroxoline', 'Etonogestrel']"
"Patient: 40M. Drugs: Tacrolimus, Pramlintide 500mg every 6 hours.","['Tacrolimus', 'Pramlintide']",1,1,therapeutic efficacy,"patient: 40m. drugs: tacrolimus, pramlintide 500mg every 6 hours.","['patient', '40', 'm.', 'drugs', 'tacrolimus', 'pramlintide', '500', 'mg', '6', 'hours']",10,"['Tacrolimus', 'Pramlintide']"
"Patient: 48F. Drugs: Natamycin, Bepridil, Testolactone, Deflazacort 75mg once daily.","['Natamycin', 'Bepridil', 'Testolactone', 'Deflazacort']",1,1,therapeutic efficacy,"patient: 48f. drugs: natamycin, bepridil, testolactone, deflazacort 75mg once daily.","['patient', '48f', 'drugs', 'natamycin', 'bepridil', 'testolactone', 'deflazacort', '75', 'mg', 'daily']",10,"['Testolactone', 'Deflazacort', 'Bepridil', 'Natamycin']"
"Patient: 75M. Drugs: Nortriptyline 500mg every 6 hours, Cyamemazine, Tixocortol 500mg every 6 hours.","['Nortriptyline', 'Cyamemazine', 'Tixocortol']",1,3,risk or severity of adverse effects,"patient: 75m. drugs: nortriptyline 500mg every 6 hours, cyamemazine, tixocortol 500mg every 6 hours.","['patient', '75', 'm.', 'drugs', 'nortriptyline', '500', 'mg', '6', 'hours', 'cyamemazine', 'tixocortol', '500', 'mg', '6', 'hours']",15,"['Tixocortol', 'Nortriptyline', 'Cyamemazine']"
"Patient: 70F. Drugs: Paramethadione 100mg as needed, Enzalutamide.","['Paramethadione', 'Enzalutamide']",1,2,serum concentration,"patient: 70f. drugs: paramethadione 100mg as needed, enzalutamide.","['patient', '70f', 'drugs', 'paramethadione', '100', 'mg', 'needed', 'enzalutamide']",8,"['Enzalutamide', 'Paramethadione']"
"Patient: 52M. Drugs: Manidipine 25mg every 8 hours, Metoclopramide 500mg every 12 hours, Procaine benzylpenicillin 50mg every 6 hours, Magaldrate 75mg before meals.","['Manidipine', 'Metoclopramide', 'Procaine benzylpenicillin', 'Magaldrate']",1,2,metabolism,"patient: 52m. drugs: manidipine 25mg every 8 hours, metoclopramide 500mg every 12 hours, procaine benzylpenicillin 50mg every 6 hours, magaldrate 75mg before meals.","['patient', '52', 'm.', 'drugs', 'manidipine', '25', 'mg', '8', 'hours', 'metoclopramide', '500', 'mg', '12', 'hours', 'procaine', 'benzylpenicillin', '50', 'mg', '6', 'hours', 'magaldrate', '75', 'mg', 'meals']",24,"['Magaldrate', 'Manidipine', 'Metoclopramide', 'Procaine benzylpenicillin']"
"Patient: 33M. Drugs: Tofacitinib, Lumacaftor 100mg after meals.","['Tofacitinib', 'Lumacaftor']",1,2,serum concentration,"patient: 33m. drugs: tofacitinib, lumacaftor 100mg after meals.","['patient', '33', 'm.', 'drugs', 'tofacitinib', 'lumacaftor', '100', 'mg', 'meals']",9,"['Lumacaftor', 'Tofacitinib']"
"Patient: 75M. Drugs: Apraclonidine 100mg three times daily, Mianserin 200mg after meals, Ferrous sulfate 100mg before meals.","['Apraclonidine', 'Mianserin', 'Ferrous sulfate']",1,1,therapeutic efficacy,"patient: 75m. drugs: apraclonidine 100mg three times daily, mianserin 200mg after meals, ferrous sulfate 100mg before meals.","['patient', '75', 'm.', 'drugs', 'apraclonidine', '100', 'mg', 'times', 'daily', 'mianserin', '200', 'mg', 'meals', 'ferrous', 'sulfate', '100', 'mg', 'meals']",18,"['Ferrous sulfate', 'Mianserin', 'Apraclonidine']"
"Patient: 40M. Drugs: Permethrin, Gadobenic acid.","['Permethrin', 'Gadobenic acid']",0,0,none,"patient: 40m. drugs: permethrin, gadobenic acid.","['patient', '40', 'm.', 'drugs', 'permethrin', 'gadobenic', 'acid']",7,"['Permethrin', 'Gadobenic acid']"
"Patient: 62M. Drugs: Cyclopenthiazide 75mg every 12 hours, Copanlisib.","['Cyclopenthiazide', 'Copanlisib']",0,0,none,"patient: 62m. drugs: cyclopenthiazide 75mg every 12 hours, copanlisib.","['patient', '62', 'm.', 'drugs', 'cyclopenthiazide', '75', 'mg', '12', 'hours', 'copanlisib']",10,"['Cyclopenthiazide', 'Copanlisib']"
"Patient: 28F. Drugs: Protriptyline, Trichloroethylene 100mg once daily, Meropenem 25mg every 12 hours.","['Protriptyline', 'Trichloroethylene', 'Meropenem']",1,3,risk or severity of adverse effects,"patient: 28f. drugs: protriptyline, trichloroethylene 100mg once daily, meropenem 25mg every 12 hours.","['patient', '28f', 'drugs', 'protriptyline', 'trichloroethylene', '100', 'mg', 'daily', 'meropenem', '25', 'mg', '12', 'hours']",13,"['Trichloroethylene', 'Meropenem', 'Protriptyline']"
"Patient: 52M. Drugs: Quinethazone, Niflumic Acid 25mg twice daily, Captopril 50mg as needed.","['Quinethazone', 'Niflumic Acid', 'Captopril']",1,1,therapeutic efficacy,"patient: 52m. drugs: quinethazone, niflumic acid 25mg twice daily, captopril 50mg as needed.","['patient', '52', 'm.', 'drugs', 'quinethazone', 'niflumic', 'acid', '25', 'mg', 'twice', 'daily', 'captopril', '50', 'mg', 'needed']",15,"['Quinethazone', 'Captopril', 'Niflumic Acid']"
"Patient: 28F. Drugs: Secobarbital 50mg as needed, Leflunomide 50mg every 6 hours.","['Secobarbital', 'Leflunomide']",1,2,metabolism,"patient: 28f. drugs: secobarbital 50mg as needed, leflunomide 50mg every 6 hours.","['patient', '28f', 'drugs', 'secobarbital', '50', 'mg', 'needed', 'leflunomide', '50', 'mg', '6', 'hours']",12,"['Leflunomide', 'Secobarbital']"
"Patient: 30M. Drugs: Chlorphenamine 100mg every 12 hours, Dronedarone 25mg every 8 hours.","['Chlorphenamine', 'Dronedarone']",1,2,metabolism,"patient: 30m. drugs: chlorphenamine 100mg every 12 hours, dronedarone 25mg every 8 hours.","['patient', '30', 'm.', 'drugs', 'chlorphenamine', '100', 'mg', '12', 'hours', 'dronedarone', '25', 'mg', '8', 'hours']",14,"['Chlorphenamine', 'Dronedarone']"
"Patient: 58M. Drugs: Latanoprost, Irbesartan 25mg every 12 hours.","['Latanoprost', 'Irbesartan']",1,2,hypotensive activities,"patient: 58m. drugs: latanoprost, irbesartan 25mg every 12 hours.","['patient', '58', 'm.', 'drugs', 'latanoprost', 'irbesartan', '25', 'mg', '12', 'hours']",10,"['Irbesartan', 'Latanoprost']"
"Patient: 28F. Drugs: Telaprevir 75mg as needed, Vilanterol 50mg before meals, Metyrapone 200mg once daily.","['Telaprevir', 'Vilanterol', 'Metyrapone']",1,2,metabolism,"patient: 28f. drugs: telaprevir 75mg as needed, vilanterol 50mg before meals, metyrapone 200mg once daily.","['patient', '28f', 'drugs', 'telaprevir', '75', 'mg', 'needed', 'vilanterol', '50', 'mg', 'meals', 'metyrapone', '200', 'mg', 'daily']",15,"['Vilanterol', 'Telaprevir', 'Metyrapone']"
"Patient: 25F. Drugs: Valsartan 50mg every 8 hours, Hexafluronium, Remifentanil 500mg as needed.","['Valsartan', 'Hexafluronium', 'Remifentanil']",1,3,risk or severity of adverse effects,"patient: 25f. drugs: valsartan 50mg every 8 hours, hexafluronium, remifentanil 500mg as needed.","['patient', '25f', 'drugs', 'valsartan', '50', 'mg', '8', 'hours', 'hexafluronium', 'remifentanil', '500', 'mg', 'needed']",13,"['Remifentanil', 'Valsartan', 'Hexafluronium']"
"Patient: 70F. Drugs: Acetohexamide, Benzthiazide 25mg as needed.","['Acetohexamide', 'Benzthiazide']",1,1,therapeutic efficacy,"patient: 70f. drugs: acetohexamide, benzthiazide 25mg as needed.","['patient', '70f', 'drugs', 'acetohexamide', 'benzthiazide', '25', 'mg', 'needed']",8,"['Benzthiazide', 'Acetohexamide']"
"Patient: 60F. Drugs: Drospirenone 25mg twice daily, Tofacitinib 25mg once daily, Mebutamate 75mg as needed.","['Drospirenone', 'Tofacitinib', 'Mebutamate']",0,0,none,"patient: 60f. drugs: drospirenone 25mg twice daily, tofacitinib 25mg once daily, mebutamate 75mg as needed.","['patient', '60f', 'drugs', 'drospirenone', '25', 'mg', 'twice', 'daily', 'tofacitinib', '25', 'mg', 'daily', 'mebutamate', '75', 'mg', 'needed']",16,"['Mebutamate', 'Drospirenone', 'Tofacitinib']"
"Patient: 30M. Drugs: Perindopril, Methylscopolamine bromide 200mg after meals, Valganciclovir 200mg before meals.","['Perindopril', 'Methylscopolamine bromide', 'Valganciclovir']",0,0,none,"patient: 30m. drugs: perindopril, methylscopolamine bromide 200mg after meals, valganciclovir 200mg before meals.","['patient', '30', 'm.', 'drugs', 'perindopril', 'methylscopolamine', 'bromide', '200', 'mg', 'meals', 'valganciclovir', '200', 'mg', 'meals']",14,"['Methylscopolamine bromide', 'Valganciclovir', 'Perindopril']"
"Patient: 62M. Drugs: Secobarbital, Hydroxyprogesterone caproate 500mg every 12 hours, Ticarcillin.","['Secobarbital', 'Hydroxyprogesterone caproate', 'Ticarcillin']",1,1,therapeutic efficacy,"patient: 62m. drugs: secobarbital, hydroxyprogesterone caproate 500mg every 12 hours, ticarcillin.","['patient', '62', 'm.', 'drugs', 'secobarbital', 'hydroxyprogesterone', 'caproate', '500', 'mg', '12', 'hours', 'ticarcillin']",12,"['Hydroxyprogesterone caproate', 'Ticarcillin', 'Secobarbital']"
"Patient: 40M. Drugs: Lapatinib 200mg as needed, Lenvatinib 25mg once daily.","['Lapatinib', 'Lenvatinib']",1,2,QTc-prolonging activities,"patient: 40m. drugs: lapatinib 200mg as needed, lenvatinib 25mg once daily.","['patient', '40', 'm.', 'drugs', 'lapatinib', '200', 'mg', 'needed', 'lenvatinib', '25', 'mg', 'daily']",12,"['Lapatinib', 'Lenvatinib']"
"Patient: 58M. Drugs: Cimetidine 75mg every 8 hours, Praziquantel 500mg before meals, Vilanterol 500mg every 12 hours.","['Cimetidine', 'Praziquantel', 'Vilanterol']",1,2,serum concentration,"patient: 58m. drugs: cimetidine 75mg every 8 hours, praziquantel 500mg before meals, vilanterol 500mg every 12 hours.","['patient', '58', 'm.', 'drugs', 'cimetidine', '75', 'mg', '8', 'hours', 'praziquantel', '500', 'mg', 'meals', 'vilanterol', '500', 'mg', '12', 'hours']",18,"['Vilanterol', 'Praziquantel', 'Cimetidine']"
"Patient: 70F. Drugs: Acebutolol 200mg every 12 hours, Epirizole 200mg after meals, Fesoterodine 500mg before meals.","['Acebutolol', 'Epirizole', 'Fesoterodine']",1,2,antihypertensive activities,"patient: 70f. drugs: acebutolol 200mg every 12 hours, epirizole 200mg after meals, fesoterodine 500mg before meals.","['patient', '70f', 'drugs', 'acebutolol', '200', 'mg', '12', 'hours', 'epirizole', '200', 'mg', 'meals', 'fesoterodine', '500', 'mg', 'meals']",16,"['Acebutolol', 'Epirizole', 'Fesoterodine']"
"Patient: 25F. Drugs: Aminosalicylic Acid, Suprofen 200mg once daily, Cefamandole 200mg after meals.","['Aminosalicylic Acid', 'Suprofen', 'Cefamandole']",1,3,risk or severity of adverse effects,"patient: 25f. drugs: aminosalicylic acid, suprofen 200mg once daily, cefamandole 200mg after meals.","['patient', '25f', 'drugs', 'aminosalicylic', 'acid', 'suprofen', '200', 'mg', 'daily', 'cefamandole', '200', 'mg', 'meals']",13,"['Aminosalicylic Acid', 'Cefamandole', 'Suprofen']"
"Patient: 40M. Drugs: Cyclopentolate 500mg after meals, Dirithromycin 50mg as needed.","['Cyclopentolate', 'Dirithromycin']",0,0,none,"patient: 40m. drugs: cyclopentolate 500mg after meals, dirithromycin 50mg as needed.","['patient', '40', 'm.', 'drugs', 'cyclopentolate', '500', 'mg', 'meals', 'dirithromycin', '50', 'mg', 'needed']",12,"['Cyclopentolate', 'Dirithromycin']"
"Patient: 30M. Drugs: Naldemedine 100mg before meals, Lycopene 200mg every 8 hours, Sulbactam 75mg three times daily, Menthol 25mg three times daily.","['Naldemedine', 'Lycopene', 'Sulbactam', 'Menthol']",0,0,none,"patient: 30m. drugs: naldemedine 100mg before meals, lycopene 200mg every 8 hours, sulbactam 75mg three times daily, menthol 25mg three times daily.","['patient', '30', 'm.', 'drugs', 'naldemedine', '100', 'mg', 'meals', 'lycopene', '200', 'mg', '8', 'hours', 'sulbactam', '75', 'mg', 'times', 'daily', 'menthol', '25', 'mg', 'times', 'daily']",23,"['Lycopene', 'Naldemedine', 'Menthol', 'Sulbactam']"
"Patient: 35F. Drugs: Alizapride 100mg twice daily, Griseofulvin 500mg twice daily, Minaprine 100mg once daily.","['Alizapride', 'Griseofulvin', 'Minaprine']",0,0,none,"patient: 35f. drugs: alizapride 100mg twice daily, griseofulvin 500mg twice daily, minaprine 100mg once daily.","['patient', '35f', 'drugs', 'alizapride', '100', 'mg', 'twice', 'daily', 'griseofulvin', '500', 'mg', 'twice', 'daily', 'minaprine', '100', 'mg', 'daily']",17,"['Minaprine', 'Griseofulvin', 'Alizapride']"
"Patient: 58M. Drugs: Mifepristone 500mg every 8 hours, Alosetron.","['Mifepristone', 'Alosetron']",1,2,serum concentration,"patient: 58m. drugs: mifepristone 500mg every 8 hours, alosetron.","['patient', '58', 'm.', 'drugs', 'mifepristone', '500', 'mg', '8', 'hours', 'alosetron']",10,"['Alosetron', 'Mifepristone']"
"Patient: 33M. Drugs: Cyclopenthiazide, Nitrendipine 100mg after meals.","['Cyclopenthiazide', 'Nitrendipine']",1,2,hypotensive activities,"patient: 33m. drugs: cyclopenthiazide, nitrendipine 100mg after meals.","['patient', '33', 'm.', 'drugs', 'cyclopenthiazide', 'nitrendipine', '100', 'mg', 'meals']",9,"['Cyclopenthiazide', 'Nitrendipine']"
"Patient: 75M. Drugs: Maxacalcitol 75mg every 12 hours, Tenoxicam 25mg every 8 hours, Phenindamine 200mg every 6 hours.","['Maxacalcitol', 'Tenoxicam', 'Phenindamine']",0,0,none,"patient: 75m. drugs: maxacalcitol 75mg every 12 hours, tenoxicam 25mg every 8 hours, phenindamine 200mg every 6 hours.","['patient', '75', 'm.', 'drugs', 'maxacalcitol', '75', 'mg', '12', 'hours', 'tenoxicam', '25', 'mg', '8', 'hours', 'phenindamine', '200', 'mg', '6', 'hours']",19,"['Maxacalcitol', 'Tenoxicam', 'Phenindamine']"
"Patient: 70F. Drugs: L-Phenylalanine 500mg every 6 hours, Benzyl alcohol 200mg every 8 hours, Ecabet 75mg every 6 hours, Prucalopride 25mg as needed.","['L-Phenylalanine', 'Benzyl alcohol', 'Ecabet', 'Prucalopride']",0,0,none,"patient: 70f. drugs: lphenylalanine 500mg every 6 hours, benzyl alcohol 200mg every 8 hours, ecabet 75mg every 6 hours, prucalopride 25mg as needed.","['patient', '70f', 'drugs', 'lphenylalanine', '500', 'mg', '6', 'hours', 'benzyl', 'alcohol', '200', 'mg', '8', 'hours', 'ecabet', '75', 'mg', '6', 'hours', 'prucalopride', '25', 'mg', 'needed']",23,"['Ecabet', 'Prucalopride', 'Benzyl alcohol', 'L-Phenylalanine']"
"Patient: 40M. Drugs: Tacrolimus, Pramlintide 500mg every 6 hours.","['Tacrolimus', 'Pramlintide']",1,1,therapeutic efficacy,"patient: 40m. drugs: tacrolimus, pramlintide 500mg every 6 hours.","['patient', '40', 'm.', 'drugs', 'tacrolimus', 'pramlintide', '500', 'mg', '6', 'hours']",10,"['Tacrolimus', 'Pramlintide']"
"Patient: 30M. Drugs: Levocabastine 200mg three times daily, Stiripentol 50mg after meals.","['Levocabastine', 'Stiripentol']",1,3,risk or severity of adverse effects,"patient: 30m. drugs: levocabastine 200mg three times daily, stiripentol 50mg after meals.","['patient', '30', 'm.', 'drugs', 'levocabastine', '200', 'mg', 'times', 'daily', 'stiripentol', '50', 'mg', 'meals']",13,"['Stiripentol', 'Levocabastine']"
"Patient: 60F. Drugs: Escitalopram 50mg three times daily, Benidipine 500mg as needed, Naratriptan 200mg every 12 hours.","['Escitalopram', 'Benidipine', 'Naratriptan']",1,3,risk or severity of hypotension,"patient: 60f. drugs: escitalopram 50mg three times daily, benidipine 500mg as needed, naratriptan 200mg every 12 hours.","['patient', '60f', 'drugs', 'escitalopram', '50', 'mg', 'times', 'daily', 'benidipine', '500', 'mg', 'needed', 'naratriptan', '200', 'mg', '12', 'hours']",17,"['Benidipine', 'Naratriptan', 'Escitalopram']"
"Patient: 68M. Drugs: Acetylsalicylic acid 100mg every 6 hours, Dapagliflozin 25mg once daily.","['Acetylsalicylic acid', 'Dapagliflozin']",1,2,hypoglycemic activities,"patient: 68m. drugs: acetylsalicylic acid 100mg every 6 hours, dapagliflozin 25mg once daily.","['patient', '68', 'm.', 'drugs', 'acetylsalicylic', 'acid', '100', 'mg', '6', 'hours', 'dapagliflozin', '25', 'mg', 'daily']",14,"['Dapagliflozin', 'Acetylsalicylic acid']"
"Patient: 48F. Drugs: Terbinafine, Mefloquine 75mg once daily, Pipazethate 75mg three times daily.","['Terbinafine', 'Mefloquine', 'Pipazethate']",0,0,none,"patient: 48f. drugs: terbinafine, mefloquine 75mg once daily, pipazethate 75mg three times daily.","['patient', '48f', 'drugs', 'terbinafine', 'mefloquine', '75', 'mg', 'daily', 'pipazethate', '75', 'mg', 'times', 'daily']",13,"['Mefloquine', 'Pipazethate', 'Terbinafine']"
"Patient: 25F. Drugs: Nalidixic Acid, Aluminum hydroxide 50mg once daily, Acetylcholine.","['Nalidixic Acid', 'Aluminum hydroxide', 'Acetylcholine']",1,1,absorption,"patient: 25f. drugs: nalidixic acid, aluminum hydroxide 50mg once daily, acetylcholine.","['patient', '25f', 'drugs', 'nalidixic', 'acid', 'aluminum', 'hydroxide', '50', 'mg', 'daily', 'acetylcholine']",11,"['Aluminum hydroxide', 'Acetylcholine', 'Nalidixic Acid']"
"Patient: 60F. Drugs: Fleroxacin 500mg after meals, Icatibant 500mg after meals, Amcinonide.","['Fleroxacin', 'Icatibant', 'Amcinonide']",1,2,neuroexcitatory activities,"patient: 60f. drugs: fleroxacin 500mg after meals, icatibant 500mg after meals, amcinonide.","['patient', '60f', 'drugs', 'fleroxacin', '500', 'mg', 'meals', 'icatibant', '500', 'mg', 'meals', 'amcinonide']",12,"['Fleroxacin', 'Icatibant', 'Amcinonide']"
"Patient: 55F. Drugs: Econazole 50mg every 8 hours, Dipivefrin 100mg every 8 hours.","['Econazole', 'Dipivefrin']",0,0,none,"patient: 55f. drugs: econazole 50mg every 8 hours, dipivefrin 100mg every 8 hours.","['patient', '55f', 'drugs', 'econazole', '50', 'mg', '8', 'hours', 'dipivefrin', '100', 'mg', '8', 'hours']",13,"['Dipivefrin', 'Econazole']"
"Patient: 45F. Drugs: Trandolapril, Carvedilol 100mg three times daily, Iron saccharate 500mg three times daily.","['Trandolapril', 'Carvedilol', 'Iron saccharate']",1,2,hypotensive activities,"patient: 45f. drugs: trandolapril, carvedilol 100mg three times daily, iron saccharate 500mg three times daily.","['patient', '45f', 'drugs', 'trandolapril', 'carvedilol', '100', 'mg', 'times', 'daily', 'iron', 'saccharate', '500', 'mg', 'times', 'daily']",15,"['Carvedilol', 'Iron saccharate', 'Trandolapril']"
"Patient: 70F. Drugs: Cyclothiazide 25mg every 12 hours, Bimatoprost 200mg once daily.","['Cyclothiazide', 'Bimatoprost']",1,2,hypotensive activities,"patient: 70f. drugs: cyclothiazide 25mg every 12 hours, bimatoprost 200mg once daily.","['patient', '70f', 'drugs', 'cyclothiazide', '25', 'mg', '12', 'hours', 'bimatoprost', '200', 'mg', 'daily']",12,"['Cyclothiazide', 'Bimatoprost']"
"Patient: 70F. Drugs: Mecamylamine 50mg as needed, Heroin 25mg once daily, Diflorasone.","['Mecamylamine', 'Heroin', 'Diflorasone']",1,3,risk or severity of adverse effects,"patient: 70f. drugs: mecamylamine 50mg as needed, heroin 25mg once daily, diflorasone.","['patient', '70f', 'drugs', 'mecamylamine', '50', 'mg', 'needed', 'heroin', '25', 'mg', 'daily', 'diflorasone']",12,"['Diflorasone', 'Mecamylamine', 'Heroin']"
"Patient: 35F. Drugs: Hydroxyamphetamine, Cyclopentolate 100mg after meals, Phenoxymethylpenicillin 200mg once daily, Isosorbide Mononitrate 200mg every 8 hours.","['Hydroxyamphetamine', 'Cyclopentolate', 'Phenoxymethylpenicillin', 'Isosorbide Mononitrate']",0,0,none,"patient: 35f. drugs: hydroxyamphetamine, cyclopentolate 100mg after meals, phenoxymethylpenicillin 200mg once daily, isosorbide mononitrate 200mg every 8 hours.","['patient', '35f', 'drugs', 'hydroxyamphetamine', 'cyclopentolate', '100', 'mg', 'meals', 'phenoxymethylpenicillin', '200', 'mg', 'daily', 'isosorbide', 'mononitrate', '200', 'mg', '8', 'hours']",18,"['Isosorbide Mononitrate', 'Hydroxyamphetamine', 'Phenoxymethylpenicillin', 'Cyclopentolate']"
"Patient: 45F. Drugs: Butriptyline 100mg every 12 hours, Lisinopril, Zidovudine.","['Butriptyline', 'Lisinopril', 'Zidovudine']",1,2,serum concentration,"patient: 45f. drugs: butriptyline 100mg every 12 hours, lisinopril, zidovudine.","['patient', '45f', 'drugs', 'butriptyline', '100', 'mg', '12', 'hours', 'lisinopril', 'zidovudine']",10,"['Zidovudine', 'Lisinopril', 'Butriptyline']"
"Patient: 40M. Drugs: Orlistat 50mg every 6 hours, Meclofenamic acid, Alprostadil 75mg after meals, Chloroprocaine.","['Orlistat', 'Meclofenamic acid', 'Alprostadil', 'Chloroprocaine']",1,1,therapeutic efficacy,"patient: 40m. drugs: orlistat 50mg every 6 hours, meclofenamic acid, alprostadil 75mg after meals, chloroprocaine.","['patient', '40', 'm.', 'drugs', 'orlistat', '50', 'mg', '6', 'hours', 'meclofenamic', 'acid', 'alprostadil', '75', 'mg', 'meals', 'chloroprocaine']",16,"['Chloroprocaine', 'Alprostadil', 'Orlistat', 'Meclofenamic acid']"
"Patient: 33M. Drugs: Tetracycline 200mg as needed, Pivmecillinam 500mg every 12 hours.","['Tetracycline', 'Pivmecillinam']",1,1,therapeutic efficacy,"patient: 33m. drugs: tetracycline 200mg as needed, pivmecillinam 500mg every 12 hours.","['patient', '33', 'm.', 'drugs', 'tetracycline', '200', 'mg', 'needed', 'pivmecillinam', '500', 'mg', '12', 'hours']",13,"['Tetracycline', 'Pivmecillinam']"
"Patient: 33M. Drugs: Darunavir 500mg after meals, Estradiol dienanthate, Flunisolide 50mg before meals.","['Darunavir', 'Estradiol dienanthate', 'Flunisolide']",1,2,metabolism,"patient: 33m. drugs: darunavir 500mg after meals, estradiol dienanthate, flunisolide 50mg before meals.","['patient', '33', 'm.', 'drugs', 'darunavir', '500', 'mg', 'meals', 'estradiol', 'dienanthate', 'flunisolide', '50', 'mg', 'meals']",14,"['Estradiol dienanthate', 'Darunavir', 'Flunisolide']"
"Patient: 58M. Drugs: Acipimox 100mg after meals, Somatostatin 75mg before meals.","['Acipimox', 'Somatostatin']",0,0,none,"patient: 58m. drugs: acipimox 100mg after meals, somatostatin 75mg before meals.","['patient', '58', 'm.', 'drugs', 'acipimox', '100', 'mg', 'meals', 'somatostatin', '75', 'mg', 'meals']",12,"['Somatostatin', 'Acipimox']"
"Patient: 25F. Drugs: Lomefloxacin 75mg every 8 hours, Fluocortolone, Cefoperazone 100mg every 6 hours.","['Lomefloxacin', 'Fluocortolone', 'Cefoperazone']",1,3,risk or severity of adverse effects,"patient: 25f. drugs: lomefloxacin 75mg every 8 hours, fluocortolone, cefoperazone 100mg every 6 hours.","['patient', '25f', 'drugs', 'lomefloxacin', '75', 'mg', '8', 'hours', 'fluocortolone', 'cefoperazone', '100', 'mg', '6', 'hours']",14,"['Fluocortolone', 'Cefoperazone', 'Lomefloxacin']"
"Patient: 75M. Drugs: Clotrimazole, Cyclobenzaprine 25mg every 12 hours, Itraconazole 25mg once daily, Fospropofol 200mg every 12 hours.","['Clotrimazole', 'Cyclobenzaprine', 'Itraconazole', 'Fospropofol']",1,3,risk or severity of adverse effects,"patient: 75m. drugs: clotrimazole, cyclobenzaprine 25mg every 12 hours, itraconazole 25mg once daily, fospropofol 200mg every 12 hours.","['patient', '75', 'm.', 'drugs', 'clotrimazole', 'cyclobenzaprine', '25', 'mg', '12', 'hours', 'itraconazole', '25', 'mg', 'daily', 'fospropofol', '200', 'mg', '12', 'hours']",19,"['Cyclobenzaprine', 'Itraconazole', 'Fospropofol', 'Clotrimazole']"
"Patient: 40M. Drugs: Hyoscyamine 50mg three times daily, Levorphanol.","['Hyoscyamine', 'Levorphanol']",1,3,risk or severity of adverse effects,"patient: 40m. drugs: hyoscyamine 50mg three times daily, levorphanol.","['patient', '40', 'm.', 'drugs', 'hyoscyamine', '50', 'mg', 'times', 'daily', 'levorphanol']",10,"['Levorphanol', 'Hyoscyamine']"
"Patient: 33M. Drugs: Oxyphenbutazone 200mg every 12 hours, Dinoprost.","['Oxyphenbutazone', 'Dinoprost']",1,1,therapeutic efficacy,"patient: 33m. drugs: oxyphenbutazone 200mg every 12 hours, dinoprost.","['patient', '33', 'm.', 'drugs', 'oxyphenbutazone', '200', 'mg', '12', 'hours', 'dinoprost']",10,"['Oxyphenbutazone', 'Dinoprost']"
"Patient: 25F. Drugs: Metronidazole 75mg three times daily, Deferasirox 200mg as needed, Desoximetasone 200mg as needed, Pipamperone 500mg every 12 hours.","['Metronidazole', 'Deferasirox', 'Desoximetasone', 'Pipamperone']",1,3,risk or severity of adverse effects,"patient: 25f. drugs: metronidazole 75mg three times daily, deferasirox 200mg as needed, desoximetasone 200mg as needed, pipamperone 500mg every 12 hours.","['patient', '25f', 'drugs', 'metronidazole', '75', 'mg', 'times', 'daily', 'deferasirox', '200', 'mg', 'needed', 'desoximetasone', '200', 'mg', 'needed', 'pipamperone', '500', 'mg', '12', 'hours']",21,"['Metronidazole', 'Pipamperone', 'Deferasirox', 'Desoximetasone']"
"Patient: 75M. Drugs: Isometheptene, Norflurane 200mg every 12 hours, Timolol.","['Isometheptene', 'Norflurane', 'Timolol']",0,0,none,"patient: 75m. drugs: isometheptene, norflurane 200mg every 12 hours, timolol.","['patient', '75', 'm.', 'drugs', 'isometheptene', 'norflurane', '200', 'mg', '12', 'hours', 'timolol']",11,"['Timolol', 'Isometheptene', 'Norflurane']"
"Patient: 60F. Drugs: Dinoprost Tromethamine 50mg every 12 hours, Tranilast, Demecarium 50mg once daily.","['Dinoprost Tromethamine', 'Tranilast', 'Demecarium']",1,1,therapeutic efficacy,"patient: 60f. drugs: dinoprost tromethamine 50mg every 12 hours, tranilast, demecarium 50mg once daily.","['patient', '60f', 'drugs', 'dinoprost', 'tromethamine', '50', 'mg', '12', 'hours', 'tranilast', 'demecarium', '50', 'mg', 'daily']",14,"['Tranilast', 'Dinoprost Tromethamine', 'Demecarium']"
"Patient: 62M. Drugs: Butabarbital 50mg every 12 hours, Thiopental, Dihydralazine 500mg three times daily.","['Butabarbital', 'Thiopental', 'Dihydralazine']",1,3,risk or severity of adverse effects,"patient: 62m. drugs: butabarbital 50mg every 12 hours, thiopental, dihydralazine 500mg three times daily.","['patient', '62', 'm.', 'drugs', 'butabarbital', '50', 'mg', '12', 'hours', 'thiopental', 'dihydralazine', '500', 'mg', 'times', 'daily']",15,"['Dihydralazine', 'Thiopental', 'Butabarbital']"
"Patient: 55F. Drugs: Curcumin, Parthenolide 75mg every 6 hours, Vitamin A 100mg every 6 hours, Methylphenidate 500mg before meals.","['Curcumin', 'Parthenolide', 'Vitamin A', 'Methylphenidate']",1,3,risk or severity of adverse effects,"patient: 55f. drugs: curcumin, parthenolide 75mg every 6 hours, vitamin a 100mg every 6 hours, methylphenidate 500mg before meals.","['patient', '55f', 'drugs', 'curcumin', 'parthenolide', '75', 'mg', '6', 'hours', 'vitamin', '100', 'mg', '6', 'hours', 'methylphenidate', '500', 'mg', 'meals']",18,"['Methylphenidate', 'Vitamin A', 'Curcumin', 'Parthenolide']"
"Patient: 70F. Drugs: Tioconazole 500mg three times daily, Nicotine.","['Tioconazole', 'Nicotine']",0,0,none,"patient: 70f. drugs: tioconazole 500mg three times daily, nicotine.","['patient', '70f', 'drugs', 'tioconazole', '500', 'mg', 'times', 'daily', 'nicotine']",9,"['Tioconazole', 'Nicotine']"
"Patient: 35F. Drugs: Dronabinol, Pentolinium 50mg twice daily, Methotrexate 500mg once daily.","['Dronabinol', 'Pentolinium', 'Methotrexate']",1,2,tachycardic activities,"patient: 35f. drugs: dronabinol, pentolinium 50mg twice daily, methotrexate 500mg once daily.","['patient', '35f', 'drugs', 'dronabinol', 'pentolinium', '50', 'mg', 'twice', 'daily', 'methotrexate', '500', 'mg', 'daily']",13,"['Pentolinium', 'Methotrexate', 'Dronabinol']"
"Patient: 48F. Drugs: Nitroxoline 50mg after meals, Efonidipine, Emtricitabine.","['Nitroxoline', 'Efonidipine', 'Emtricitabine']",1,1,therapeutic efficacy,"patient: 48f. drugs: nitroxoline 50mg after meals, efonidipine, emtricitabine.","['patient', '48f', 'drugs', 'nitroxoline', '50', 'mg', 'meals', 'efonidipine', 'emtricitabine']",9,"['Efonidipine', 'Nitroxoline', 'Emtricitabine']"
"Patient: 62M. Drugs: Lisdexamfetamine, Demeclocycline 75mg as needed, Quinapril 100mg as needed.","['Lisdexamfetamine', 'Demeclocycline', 'Quinapril']",1,1,absorption,"patient: 62m. drugs: lisdexamfetamine, demeclocycline 75mg as needed, quinapril 100mg as needed.","['patient', '62', 'm.', 'drugs', 'lisdexamfetamine', 'demeclocycline', '75', 'mg', 'needed', 'quinapril', '100', 'mg', 'needed']",13,"['Lisdexamfetamine', 'Demeclocycline', 'Quinapril']"
"Patient: 33M. Drugs: Raltitrexed 500mg twice daily, Perindopril 200mg once daily, Spiramycin 75mg after meals, Cefapirin 200mg as needed.","['Raltitrexed', 'Perindopril', 'Spiramycin', 'Cefapirin']",0,0,none,"patient: 33m. drugs: raltitrexed 500mg twice daily, perindopril 200mg once daily, spiramycin 75mg after meals, cefapirin 200mg as needed.","['patient', '33', 'm.', 'drugs', 'raltitrexed', '500', 'mg', 'twice', 'daily', 'perindopril', '200', 'mg', 'daily', 'spiramycin', '75', 'mg', 'meals', 'cefapirin', '200', 'mg', 'needed']",21,"['Raltitrexed', 'Spiramycin', 'Cefapirin', 'Perindopril']"
"Patient: 33M. Drugs: Hydroflumethiazide, Eflornithine 50mg every 12 hours, Nepafenac 500mg before meals.","['Hydroflumethiazide', 'Eflornithine', 'Nepafenac']",1,1,therapeutic efficacy,"patient: 33m. drugs: hydroflumethiazide, eflornithine 50mg every 12 hours, nepafenac 500mg before meals.","['patient', '33', 'm.', 'drugs', 'hydroflumethiazide', 'eflornithine', '50', 'mg', '12', 'hours', 'nepafenac', '500', 'mg', 'meals']",14,"['Hydroflumethiazide', 'Eflornithine', 'Nepafenac']"
"Patient: 30M. Drugs: Alogliptin, Deflazacort 100mg once daily, Lornoxicam.","['Alogliptin', 'Deflazacort', 'Lornoxicam']",1,3,risk or severity of adverse effects,"patient: 30m. drugs: alogliptin, deflazacort 100mg once daily, lornoxicam.","['patient', '30', 'm.', 'drugs', 'alogliptin', 'deflazacort', '100', 'mg', 'daily', 'lornoxicam']",10,"['Lornoxicam', 'Deflazacort', 'Alogliptin']"
"Patient: 70F. Drugs: Clonidine, Darunavir 50mg twice daily.","['Clonidine', 'Darunavir']",1,2,serum concentration,"patient: 70f. drugs: clonidine, darunavir 50mg twice daily.","['patient', '70f', 'drugs', 'clonidine', 'darunavir', '50', 'mg', 'twice', 'daily']",9,"['Clonidine', 'Darunavir']"
"Patient: 48F. Drugs: Doxylamine 100mg before meals, Alprazolam 25mg once daily.","['Doxylamine', 'Alprazolam']",1,2,central nervous system depressant (CNS depressant) activities,"patient: 48f. drugs: doxylamine 100mg before meals, alprazolam 25mg once daily.","['patient', '48f', 'drugs', 'doxylamine', '100', 'mg', 'meals', 'alprazolam', '25', 'mg', 'daily']",11,"['Doxylamine', 'Alprazolam']"
"Patient: 35F. Drugs: Ranolazine 50mg twice daily, Aceclofenac 200mg after meals, Prednisone 50mg twice daily.","['Ranolazine', 'Aceclofenac', 'Prednisone']",1,3,risk or severity of adverse effects,"patient: 35f. drugs: ranolazine 50mg twice daily, aceclofenac 200mg after meals, prednisone 50mg twice daily.","['patient', '35f', 'drugs', 'ranolazine', '50', 'mg', 'twice', 'daily', 'aceclofenac', '200', 'mg', 'meals', 'prednisone', '50', 'mg', 'twice', 'daily']",17,"['Ranolazine', 'Prednisone', 'Aceclofenac']"
"Patient: 40M. Drugs: Tacrolimus, Pramlintide 500mg every 6 hours.","['Tacrolimus', 'Pramlintide']",1,1,therapeutic efficacy,"patient: 40m. drugs: tacrolimus, pramlintide 500mg every 6 hours.","['patient', '40', 'm.', 'drugs', 'tacrolimus', 'pramlintide', '500', 'mg', '6', 'hours']",10,"['Tacrolimus', 'Pramlintide']"
"Patient: 55F. Drugs: Bromfenac 25mg every 8 hours, Dexibuprofen 50mg before meals, Clobazam.","['Bromfenac', 'Dexibuprofen', 'Clobazam']",1,3,risk or severity of adverse effects,"patient: 55f. drugs: bromfenac 25mg every 8 hours, dexibuprofen 50mg before meals, clobazam.","['patient', '55f', 'drugs', 'bromfenac', '25', 'mg', '8', 'hours', 'dexibuprofen', '50', 'mg', 'meals', 'clobazam']",13,"['Clobazam', 'Bromfenac', 'Dexibuprofen']"
"Patient: 60F. Drugs: Deferiprone 75mg as needed, Silver sulfadiazine 100mg as needed, Icatibant, Malathion.","['Deferiprone', 'Silver sulfadiazine', 'Icatibant', 'Malathion']",0,0,none,"patient: 60f. drugs: deferiprone 75mg as needed, silver sulfadiazine 100mg as needed, icatibant, malathion.","['patient', '60f', 'drugs', 'deferiprone', '75', 'mg', 'needed', 'silver', 'sulfadiazine', '100', 'mg', 'needed', 'icatibant', 'malathion']",14,"['Silver sulfadiazine', 'Icatibant', 'Deferiprone', 'Malathion']"
"Patient: 52M. Drugs: Citalopram 500mg before meals, Fentanyl 100mg three times daily.","['Citalopram', 'Fentanyl']",1,3,risk or severity of adverse effects,"patient: 52m. drugs: citalopram 500mg before meals, fentanyl 100mg three times daily.","['patient', '52', 'm.', 'drugs', 'citalopram', '500', 'mg', 'meals', 'fentanyl', '100', 'mg', 'times', 'daily']",13,"['Fentanyl', 'Citalopram']"
"Patient: 60F. Drugs: Levorphanol, Silodosin, Quinupristin.","['Levorphanol', 'Silodosin', 'Quinupristin']",0,0,none,"patient: 60f. drugs: levorphanol, silodosin, quinupristin.","['patient', '60f', 'drugs', 'levorphanol', 'silodosin', 'quinupristin']",6,"['Quinupristin', 'Silodosin', 'Levorphanol']"
"Patient: 62M. Drugs: Tramadol 200mg as needed, Metolazone 75mg every 6 hours, Pentoxifylline 25mg after meals.","['Tramadol', 'Metolazone', 'Pentoxifylline']",1,3,risk or severity of adverse effects,"patient: 62m. drugs: tramadol 200mg as needed, metolazone 75mg every 6 hours, pentoxifylline 25mg after meals.","['patient', '62', 'm.', 'drugs', 'tramadol', '200', 'mg', 'needed', 'metolazone', '75', 'mg', '6', 'hours', 'pentoxifylline', '25', 'mg', 'meals']",17,"['Pentoxifylline', 'Metolazone', 'Tramadol']"
"Patient: 45F. Drugs: Butalbital, Butorphanol 50mg twice daily, Warfarin.","['Butalbital', 'Butorphanol', 'Warfarin']",1,3,risk or severity of adverse effects,"patient: 45f. drugs: butalbital, butorphanol 50mg twice daily, warfarin.","['patient', '45f', 'drugs', 'butalbital', 'butorphanol', '50', 'mg', 'twice', 'daily', 'warfarin']",10,"['Butalbital', 'Butorphanol', 'Warfarin']"
"Patient: 28F. Drugs: Iron saccharate 25mg every 12 hours, L-Glutamine, Methylphenobarbital 200mg before meals, Hexobarbital.","['Iron saccharate', 'L-Glutamine', 'Methylphenobarbital', 'Hexobarbital']",1,3,risk or severity of adverse effects,"patient: 28f. drugs: iron saccharate 25mg every 12 hours, lglutamine, methylphenobarbital 200mg before meals, hexobarbital.","['patient', '28f', 'drugs', 'iron', 'saccharate', '25', 'mg', '12', 'hours', 'lglutamine', 'methylphenobarbital', '200', 'mg', 'meals', 'hexobarbital']",15,"['L-Glutamine', 'Methylphenobarbital', 'Iron saccharate', 'Hexobarbital']"
"Patient: 35F. Drugs: Mebutamate 200mg three times daily, Hydroxyurea, Lidocaine 75mg every 6 hours, Amisulpride 25mg every 8 hours.","['Mebutamate', 'Hydroxyurea', 'Lidocaine', 'Amisulpride']",1,3,risk or severity of adverse effects,"patient: 35f. drugs: mebutamate 200mg three times daily, hydroxyurea, lidocaine 75mg every 6 hours, amisulpride 25mg every 8 hours.","['patient', '35f', 'drugs', 'mebutamate', '200', 'mg', 'times', 'daily', 'hydroxyurea', 'lidocaine', '75', 'mg', '6', 'hours', 'amisulpride', '25', 'mg', '8', 'hours']",19,"['Amisulpride', 'Hydroxyurea', 'Lidocaine', 'Mebutamate']"
"Patient: 70F. Drugs: Primaquine 25mg every 8 hours, Lobeglitazone 100mg every 6 hours, Metamizole 50mg once daily.","['Primaquine', 'Lobeglitazone', 'Metamizole']",1,2,metabolism,"patient: 70f. drugs: primaquine 25mg every 8 hours, lobeglitazone 100mg every 6 hours, metamizole 50mg once daily.","['patient', '70f', 'drugs', 'primaquine', '25', 'mg', '8', 'hours', 'lobeglitazone', '100', 'mg', '6', 'hours', 'metamizole', '50', 'mg', 'daily']",17,"['Metamizole', 'Lobeglitazone', 'Primaquine']"
"Patient: 58M. Drugs: Prochlorperazine 75mg twice daily, Ethyl chloride 25mg before meals, Vismodegib 100mg once daily, Minoxidil 75mg every 12 hours.","['Prochlorperazine', 'Ethyl chloride', 'Vismodegib', 'Minoxidil']",1,3,risk or severity of adverse effects,"patient: 58m. drugs: prochlorperazine 75mg twice daily, ethyl chloride 25mg before meals, vismodegib 100mg once daily, minoxidil 75mg every 12 hours.","['patient', '58', 'm.', 'drugs', 'prochlorperazine', '75', 'mg', 'twice', 'daily', 'ethyl', 'chloride', '25', 'mg', 'meals', 'vismodegib', '100', 'mg', 'daily', 'minoxidil', '75', 'mg', '12', 'hours']",23,"['Minoxidil', 'Ethyl chloride', 'Prochlorperazine', 'Vismodegib']"
"Patient: 55F. Drugs: Diethylpropion 200mg after meals, Thonzylamine.","['Diethylpropion', 'Thonzylamine']",1,2,sedative activities,"patient: 55f. drugs: diethylpropion 200mg after meals, thonzylamine.","['patient', '55f', 'drugs', 'diethylpropion', '200', 'mg', 'meals', 'thonzylamine']",8,"['Diethylpropion', 'Thonzylamine']"
"Patient: 60F. Drugs: Quazepam 200mg twice daily, Nilotinib, Pipobroman 50mg before meals.","['Quazepam', 'Nilotinib', 'Pipobroman']",1,2,metabolism,"patient: 60f. drugs: quazepam 200mg twice daily, nilotinib, pipobroman 50mg before meals.","['patient', '60f', 'drugs', 'quazepam', '200', 'mg', 'twice', 'daily', 'nilotinib', 'pipobroman', '50', 'mg', 'meals']",13,"['Pipobroman', 'Quazepam', 'Nilotinib']"
"Patient: 25F. Drugs: Tropicamide 25mg twice daily, Metoclopramide 75mg once daily.","['Tropicamide', 'Metoclopramide']",1,1,therapeutic efficacy,"patient: 25f. drugs: tropicamide 25mg twice daily, metoclopramide 75mg once daily.","['patient', '25f', 'drugs', 'tropicamide', '25', 'mg', 'twice', 'daily', 'metoclopramide', '75', 'mg', 'daily']",12,"['Tropicamide', 'Metoclopramide']"
"Patient: 70F. Drugs: Levobupivacaine, Bosutinib 200mg every 8 hours, Azidocillin, Sotalol 75mg once daily.","['Levobupivacaine', 'Bosutinib', 'Azidocillin', 'Sotalol']",1,3,risk or severity of adverse effects,"patient: 70f. drugs: levobupivacaine, bosutinib 200mg every 8 hours, azidocillin, sotalol 75mg once daily.","['patient', '70f', 'drugs', 'levobupivacaine', 'bosutinib', '200', 'mg', '8', 'hours', 'azidocillin', 'sotalol', '75', 'mg', 'daily']",14,"['Bosutinib', 'Sotalol', 'Azidocillin', 'Levobupivacaine']"
"Patient: 28F. Drugs: Brotizolam 25mg once daily, Nabiximols 500mg once daily, Topiramate 25mg every 6 hours.","['Brotizolam', 'Nabiximols', 'Topiramate']",1,3,risk or severity of adverse effects,"patient: 28f. drugs: brotizolam 25mg once daily, nabiximols 500mg once daily, topiramate 25mg every 6 hours.","['patient', '28f', 'drugs', 'brotizolam', '25', 'mg', 'daily', 'nabiximols', '500', 'mg', 'daily', 'topiramate', '25', 'mg', '6', 'hours']",16,"['Topiramate', 'Nabiximols', 'Brotizolam']"
"Patient: 28F. Drugs: Estrone sulfate, Pargyline 75mg after meals, Ceftibuten.","['Estrone sulfate', 'Pargyline', 'Ceftibuten']",0,0,none,"patient: 28f. drugs: estrone sulfate, pargyline 75mg after meals, ceftibuten.","['patient', '28f', 'drugs', 'estrone', 'sulfate', 'pargyline', '75', 'mg', 'meals', 'ceftibuten']",10,"['Pargyline', 'Ceftibuten', 'Estrone sulfate']"
"Patient: 60F. Drugs: Primidone 200mg as needed, Palonosetron 50mg as needed, Acetazolamide 100mg after meals.","['Primidone', 'Palonosetron', 'Acetazolamide']",1,3,risk or severity of adverse effects,"patient: 60f. drugs: primidone 200mg as needed, palonosetron 50mg as needed, acetazolamide 100mg after meals.","['patient', '60f', 'drugs', 'primidone', '200', 'mg', 'needed', 'palonosetron', '50', 'mg', 'needed', 'acetazolamide', '100', 'mg', 'meals']",15,"['Palonosetron', 'Primidone', 'Acetazolamide']"
"Patient: 58M. Drugs: Propacetamol, Protocatechualdehyde 200mg as needed.","['Propacetamol', 'Protocatechualdehyde']",1,2,anticoagulant activities,"patient: 58m. drugs: propacetamol, protocatechualdehyde 200mg as needed.","['patient', '58', 'm.', 'drugs', 'propacetamol', 'protocatechualdehyde', '200', 'mg', 'needed']",9,"['Propacetamol', 'Protocatechualdehyde']"
"Patient: 33M. Drugs: Benazepril 75mg before meals, Saxagliptin, Clonazepam 500mg every 12 hours.","['Benazepril', 'Saxagliptin', 'Clonazepam']",1,3,risk or severity of adverse effects,"patient: 33m. drugs: benazepril 75mg before meals, saxagliptin, clonazepam 500mg every 12 hours.","['patient', '33', 'm.', 'drugs', 'benazepril', '75', 'mg', 'meals', 'saxagliptin', 'clonazepam', '500', 'mg', '12', 'hours']",14,"['Benazepril', 'Saxagliptin', 'Clonazepam']"
"Patient: 60F. Drugs: Dexbrompheniramine 25mg after meals, Quinagolide 25mg twice daily, Cyclopentolate, Metocurine 100mg before meals.","['Dexbrompheniramine', 'Quinagolide', 'Cyclopentolate', 'Metocurine']",0,0,none,"patient: 60f. drugs: dexbrompheniramine 25mg after meals, quinagolide 25mg twice daily, cyclopentolate, metocurine 100mg before meals.","['patient', '60f', 'drugs', 'dexbrompheniramine', '25', 'mg', 'meals', 'quinagolide', '25', 'mg', 'twice', 'daily', 'cyclopentolate', 'metocurine', '100', 'mg', 'meals']",17,"['Quinagolide', 'Metocurine', 'Dexbrompheniramine', 'Cyclopentolate']"
"Patient: 62M. Drugs: Penicillamine, Nortriptyline 75mg before meals.","['Penicillamine', 'Nortriptyline']",0,0,none,"patient: 62m. drugs: penicillamine, nortriptyline 75mg before meals.","['patient', '62', 'm.', 'drugs', 'penicillamine', 'nortriptyline', '75', 'mg', 'meals']",9,"['Penicillamine', 'Nortriptyline']"
"Patient: 48F. Drugs: Clonidine 25mg three times daily, Flupentixol.","['Clonidine', 'Flupentixol']",1,3,risk or severity of adverse effects,"patient: 48f. drugs: clonidine 25mg three times daily, flupentixol.","['patient', '48f', 'drugs', 'clonidine', '25', 'mg', 'times', 'daily', 'flupentixol']",9,"['Clonidine', 'Flupentixol']"
"Patient: 58M. Drugs: Nevirapine 25mg every 6 hours, Mexiletine, Enalapril 500mg every 8 hours.","['Nevirapine', 'Mexiletine', 'Enalapril']",1,2,metabolism,"patient: 58m. drugs: nevirapine 25mg every 6 hours, mexiletine, enalapril 500mg every 8 hours.","['patient', '58', 'm.', 'drugs', 'nevirapine', '25', 'mg', '6', 'hours', 'mexiletine', 'enalapril', '500', 'mg', '8', 'hours']",15,"['Enalapril', 'Nevirapine', 'Mexiletine']"
"Patient: 48F. Drugs: Azelnidipine 25mg once daily, Bambuterol, Vorinostat, Colistimethate 500mg once daily.","['Azelnidipine', 'Bambuterol', 'Vorinostat', 'Colistimethate']",0,0,none,"patient: 48f. drugs: azelnidipine 25mg once daily, bambuterol, vorinostat, colistimethate 500mg once daily.","['patient', '48f', 'drugs', 'azelnidipine', '25', 'mg', 'daily', 'bambuterol', 'vorinostat', 'colistimethate', '500', 'mg', 'daily']",13,"['Bambuterol', 'Colistimethate', 'Vorinostat', 'Azelnidipine']"
"Patient: 40M. Drugs: Baclofen 500mg every 8 hours, Isoflurane 25mg once daily.","['Baclofen', 'Isoflurane']",1,3,risk or severity of adverse effects,"patient: 40m. drugs: baclofen 500mg every 8 hours, isoflurane 25mg once daily.","['patient', '40', 'm.', 'drugs', 'baclofen', '500', 'mg', '8', 'hours', 'isoflurane', '25', 'mg', 'daily']",13,"['Baclofen', 'Isoflurane']"
"Patient: 28F. Drugs: Hydroflumethiazide, Quinidine 100mg as needed.","['Hydroflumethiazide', 'Quinidine']",1,2,serum concentration,"patient: 28f. drugs: hydroflumethiazide, quinidine 100mg as needed.","['patient', '28f', 'drugs', 'hydroflumethiazide', 'quinidine', '100', 'mg', 'needed']",8,"['Hydroflumethiazide', 'Quinidine']"
"Patient: 75M. Drugs: Streptozocin 100mg twice daily, Desloratadine 25mg every 12 hours.","['Streptozocin', 'Desloratadine']",0,0,none,"patient: 75m. drugs: streptozocin 100mg twice daily, desloratadine 25mg every 12 hours.","['patient', '75', 'm.', 'drugs', 'streptozocin', '100', 'mg', 'twice', 'daily', 'desloratadine', '25', 'mg', '12', 'hours']",14,"['Desloratadine', 'Streptozocin']"
"Patient: 55F. Drugs: Fleroxacin 25mg three times daily, Nafamostat 25mg before meals, Clonixin 75mg every 6 hours.","['Fleroxacin', 'Nafamostat', 'Clonixin']",1,2,neuroexcitatory activities,"patient: 55f. drugs: fleroxacin 25mg three times daily, nafamostat 25mg before meals, clonixin 75mg every 6 hours.","['patient', '55f', 'drugs', 'fleroxacin', '25', 'mg', 'times', 'daily', 'nafamostat', '25', 'mg', 'meals', 'clonixin', '75', 'mg', '6', 'hours']",17,"['Clonixin', 'Fleroxacin', 'Nafamostat']"
"Patient: 28F. Drugs: Protriptyline, Trichloroethylene 100mg once daily, Meropenem 25mg every 12 hours.","['Protriptyline', 'Trichloroethylene', 'Meropenem']",1,3,risk or severity of adverse effects,"patient: 28f. drugs: protriptyline, trichloroethylene 100mg once daily, meropenem 25mg every 12 hours.","['patient', '28f', 'drugs', 'protriptyline', 'trichloroethylene', '100', 'mg', 'daily', 'meropenem', '25', 'mg', '12', 'hours']",13,"['Trichloroethylene', 'Meropenem', 'Protriptyline']"
"Patient: 25F. Drugs: Norgestimate 25mg after meals, Empagliflozin 500mg as needed.","['Norgestimate', 'Empagliflozin']",1,1,therapeutic efficacy,"patient: 25f. drugs: norgestimate 25mg after meals, empagliflozin 500mg as needed.","['patient', '25f', 'drugs', 'norgestimate', '25', 'mg', 'meals', 'empagliflozin', '500', 'mg', 'needed']",11,"['Norgestimate', 'Empagliflozin']"
"Patient: 25F. Drugs: Quetiapine 200mg twice daily, Paliperidone 100mg every 8 hours.","['Quetiapine', 'Paliperidone']",1,3,risk or severity of QTc prolongation,"patient: 25f. drugs: quetiapine 200mg twice daily, paliperidone 100mg every 8 hours.","['patient', '25f', 'drugs', 'quetiapine', '200', 'mg', 'twice', 'daily', 'paliperidone', '100', 'mg', '8', 'hours']",13,"['Paliperidone', 'Quetiapine']"
"Patient: 55F. Drugs: Aztreonam, Testosterone cypionate 200mg after meals.","['Aztreonam', 'Testosterone cypionate']",0,0,none,"patient: 55f. drugs: aztreonam, testosterone cypionate 200mg after meals.","['patient', '55f', 'drugs', 'aztreonam', 'testosterone', 'cypionate', '200', 'mg', 'meals']",9,"['Testosterone cypionate', 'Aztreonam']"
"Patient: 28F. Drugs: Glyburide, Mebeverine 50mg twice daily, Furosemide 200mg before meals, Cabozantinib.","['Glyburide', 'Mebeverine', 'Furosemide', 'Cabozantinib']",1,1,therapeutic efficacy,"patient: 28f. drugs: glyburide, mebeverine 50mg twice daily, furosemide 200mg before meals, cabozantinib.","['patient', '28f', 'drugs', 'glyburide', 'mebeverine', '50', 'mg', 'twice', 'daily', 'furosemide', '200', 'mg', 'meals', 'cabozantinib']",14,"['Glyburide', 'Cabozantinib', 'Furosemide', 'Mebeverine']"
"Patient: 75M. Drugs: Ergonovine 25mg once daily, Nicotinamide 50mg before meals, Fluticasone.","['Ergonovine', 'Nicotinamide', 'Fluticasone']",1,3,risk or severity of adverse effects,"patient: 75m. drugs: ergonovine 25mg once daily, nicotinamide 50mg before meals, fluticasone.","['patient', '75', 'm.', 'drugs', 'ergonovine', '25', 'mg', 'daily', 'nicotinamide', '50', 'mg', 'meals', 'fluticasone']",13,"['Ergonovine', 'Nicotinamide', 'Fluticasone']"
"Patient: 33M. Drugs: Calcitriol 200mg every 6 hours, Rifabutin, Barnidipine 500mg before meals.","['Calcitriol', 'Rifabutin', 'Barnidipine']",1,2,metabolism,"patient: 33m. drugs: calcitriol 200mg every 6 hours, rifabutin, barnidipine 500mg before meals.","['patient', '33', 'm.', 'drugs', 'calcitriol', '200', 'mg', '6', 'hours', 'rifabutin', 'barnidipine', '500', 'mg', 'meals']",14,"['Barnidipine', 'Calcitriol', 'Rifabutin']"
"Patient: 52M. Drugs: Diflorasone, Mephenesin.","['Diflorasone', 'Mephenesin']",0,0,none,"patient: 52m. drugs: diflorasone, mephenesin.","['patient', '52', 'm.', 'drugs', 'diflorasone', 'mephenesin']",6,"['Mephenesin', 'Diflorasone']"
"Patient: 55F. Drugs: Flunarizine 100mg once daily, Calcium glubionate.","['Flunarizine', 'Calcium glubionate']",1,1,therapeutic efficacy,"patient: 55f. drugs: flunarizine 100mg once daily, calcium glubionate.","['patient', '55f', 'drugs', 'flunarizine', '100', 'mg', 'daily', 'calcium', 'glubionate']",9,"['Calcium glubionate', 'Flunarizine']"
"Patient: 35F. Drugs: Desoxycorticosterone acetate 500mg every 6 hours, Methyltestosterone, Phentermine 75mg every 12 hours.","['Desoxycorticosterone acetate', 'Methyltestosterone', 'Phentermine']",1,2,fluid retaining activities,"patient: 35f. drugs: desoxycorticosterone acetate 500mg every 6 hours, methyltestosterone, phentermine 75mg every 12 hours.","['patient', '35f', 'drugs', 'desoxycorticosterone', 'acetate', '500', 'mg', '6', 'hours', 'methyltestosterone', 'phentermine', '75', 'mg', '12', 'hours']",15,"['Desoxycorticosterone acetate', 'Methyltestosterone', 'Phentermine']"
"Patient: 25F. Drugs: Tropisetron 500mg as needed, Etofibrate, Epinephrine 25mg once daily, Fludarabine 500mg once daily.","['Tropisetron', 'Etofibrate', 'Epinephrine', 'Fludarabine']",0,0,none,"patient: 25f. drugs: tropisetron 500mg as needed, etofibrate, epinephrine 25mg once daily, fludarabine 500mg once daily.","['patient', '25f', 'drugs', 'tropisetron', '500', 'mg', 'needed', 'etofibrate', 'epinephrine', '25', 'mg', 'daily', 'fludarabine', '500', 'mg', 'daily']",16,"['Epinephrine', 'Fludarabine', 'Etofibrate', 'Tropisetron']"
"Patient: 35F. Drugs: Ethosuximide 100mg once daily, Agomelatine 100mg every 8 hours.","['Ethosuximide', 'Agomelatine']",1,3,risk or severity of adverse effects,"patient: 35f. drugs: ethosuximide 100mg once daily, agomelatine 100mg every 8 hours.","['patient', '35f', 'drugs', 'ethosuximide', '100', 'mg', 'daily', 'agomelatine', '100', 'mg', '8', 'hours']",12,"['Agomelatine', 'Ethosuximide']"
"Patient: 30M. Drugs: Pregabalin 25mg every 8 hours, Tetrabenazine 200mg every 6 hours.","['Pregabalin', 'Tetrabenazine']",1,1,therapeutic efficacy,"patient: 30m. drugs: pregabalin 25mg every 8 hours, tetrabenazine 200mg every 6 hours.","['patient', '30', 'm.', 'drugs', 'pregabalin', '25', 'mg', '8', 'hours', 'tetrabenazine', '200', 'mg', '6', 'hours']",14,"['Tetrabenazine', 'Pregabalin']"
"Patient: 55F. Drugs: Famotidine 75mg as needed, Lomustine 500mg as needed, Letrozole 25mg once daily.","['Famotidine', 'Lomustine', 'Letrozole']",0,0,none,"patient: 55f. drugs: famotidine 75mg as needed, lomustine 500mg as needed, letrozole 25mg once daily.","['patient', '55f', 'drugs', 'famotidine', '75', 'mg', 'needed', 'lomustine', '500', 'mg', 'needed', 'letrozole', '25', 'mg', 'daily']",15,"['Lomustine', 'Famotidine', 'Letrozole']"
"Patient: 28F. Drugs: Nitroprusside 75mg as needed, Clonidine.","['Nitroprusside', 'Clonidine']",1,2,hypotensive activities,"patient: 28f. drugs: nitroprusside 75mg as needed, clonidine.","['patient', '28f', 'drugs', 'nitroprusside', '75', 'mg', 'needed', 'clonidine']",8,"['Clonidine', 'Nitroprusside']"
"Patient: 40M. Drugs: Amphetamine 25mg every 8 hours, Apraclonidine 75mg once daily.","['Amphetamine', 'Apraclonidine']",1,3,risk or severity of adverse effects,"patient: 40m. drugs: amphetamine 25mg every 8 hours, apraclonidine 75mg once daily.","['patient', '40', 'm.', 'drugs', 'amphetamine', '25', 'mg', '8', 'hours', 'apraclonidine', '75', 'mg', 'daily']",13,"['Amphetamine', 'Apraclonidine']"
"Patient: 75M. Drugs: Carvedilol 500mg after meals, Methacycline, Bexarotene 75mg as needed, Diethylcarbamazine 75mg every 6 hours.","['Carvedilol', 'Methacycline', 'Bexarotene', 'Diethylcarbamazine']",0,0,none,"patient: 75m. drugs: carvedilol 500mg after meals, methacycline, bexarotene 75mg as needed, diethylcarbamazine 75mg every 6 hours.","['patient', '75', 'm.', 'drugs', 'carvedilol', '500', 'mg', 'meals', 'methacycline', 'bexarotene', '75', 'mg', 'needed', 'diethylcarbamazine', '75', 'mg', '6', 'hours']",18,"['Carvedilol', 'Methacycline', 'Bexarotene', 'Diethylcarbamazine']"
"Patient: 75M. Drugs: Furosemide, Lumiracoxib 200mg three times daily.","['Furosemide', 'Lumiracoxib']",1,1,therapeutic efficacy,"patient: 75m. drugs: furosemide, lumiracoxib 200mg three times daily.","['patient', '75', 'm.', 'drugs', 'furosemide', 'lumiracoxib', '200', 'mg', 'times', 'daily']",10,"['Lumiracoxib', 'Furosemide']"
"Patient: 58M. Drugs: Pranlukast 50mg every 8 hours, Aprobarbital 100mg every 6 hours, Pramlintide 25mg every 8 hours, Nomegestrol acetate.","['Pranlukast', 'Aprobarbital', 'Pramlintide', 'Nomegestrol acetate']",0,0,none,"patient: 58m. drugs: pranlukast 50mg every 8 hours, aprobarbital 100mg every 6 hours, pramlintide 25mg every 8 hours, nomegestrol acetate.","['patient', '58', 'm.', 'drugs', 'pranlukast', '50', 'mg', '8', 'hours', 'aprobarbital', '100', 'mg', '6', 'hours', 'pramlintide', '25', 'mg', '8', 'hours', 'nomegestrol', 'acetate']",21,"['Nomegestrol acetate', 'Pranlukast', 'Aprobarbital', 'Pramlintide']"
"Patient: 75M. Drugs: Temocillin, Doconexent 100mg every 12 hours, Gluconic Acid 200mg every 6 hours.","['Temocillin', 'Doconexent', 'Gluconic Acid']",0,0,none,"patient: 75m. drugs: temocillin, doconexent 100mg every 12 hours, gluconic acid 200mg every 6 hours.","['patient', '75', 'm.', 'drugs', 'temocillin', 'doconexent', '100', 'mg', '12', 'hours', 'gluconic', 'acid', '200', 'mg', '6', 'hours']",16,"['Doconexent', 'Gluconic Acid', 'Temocillin']"
"Patient: 35F. Drugs: Unoprostone 25mg as needed, Acemetacin 500mg every 8 hours, Ketamine.","['Unoprostone', 'Acemetacin', 'Ketamine']",1,1,therapeutic efficacy,"patient: 35f. drugs: unoprostone 25mg as needed, acemetacin 500mg every 8 hours, ketamine.","['patient', '35f', 'drugs', 'unoprostone', '25', 'mg', 'needed', 'acemetacin', '500', 'mg', '8', 'hours', 'ketamine']",13,"['Ketamine', 'Unoprostone', 'Acemetacin']"
"Patient: 58M. Drugs: Sulpiride 25mg as needed, Sumatriptan 500mg after meals.","['Sulpiride', 'Sumatriptan']",1,3,risk or severity of adverse effects,"patient: 58m. drugs: sulpiride 25mg as needed, sumatriptan 500mg after meals.","['patient', '58', 'm.', 'drugs', 'sulpiride', '25', 'mg', 'needed', 'sumatriptan', '500', 'mg', 'meals']",12,"['Sumatriptan', 'Sulpiride']"
"Patient: 35F. Drugs: Selegiline, Ioflupane I-123, Bromotheophylline.","['Selegiline', 'Ioflupane I-123', 'Bromotheophylline']",1,1,diagnostic agent,"patient: 35f. drugs: selegiline, ioflupane i123, bromotheophylline.","['patient', '35f', 'drugs', 'selegiline', 'ioflupane', 'i123', 'bromotheophylline']",7,"['Selegiline', 'Bromotheophylline', 'Ioflupane I-123']"
"Patient: 30M. Drugs: Halazepam 50mg every 12 hours, Chlorprothixene 100mg once daily, Sugammadex.","['Halazepam', 'Chlorprothixene', 'Sugammadex']",1,3,risk or severity of adverse effects,"patient: 30m. drugs: halazepam 50mg every 12 hours, chlorprothixene 100mg once daily, sugammadex.","['patient', '30', 'm.', 'drugs', 'halazepam', '50', 'mg', '12', 'hours', 'chlorprothixene', '100', 'mg', 'daily', 'sugammadex']",14,"['Halazepam', 'Chlorprothixene', 'Sugammadex']"
"Patient: 58M. Drugs: Ioflupane I-123, Meclofenamic acid, Sulfinpyrazone 200mg once daily.","['Ioflupane I-123', 'Meclofenamic acid', 'Sulfinpyrazone']",0,0,none,"patient: 58m. drugs: ioflupane i123, meclofenamic acid, sulfinpyrazone 200mg once daily.","['patient', '58', 'm.', 'drugs', 'ioflupane', 'i123', 'meclofenamic', 'acid', 'sulfinpyrazone', '200', 'mg', 'daily']",12,"['Sulfinpyrazone', 'Ioflupane I-123', 'Meclofenamic acid']"
"Patient: 55F. Drugs: Eltrombopag, Olanzapine, Cerivastatin 100mg every 6 hours.","['Eltrombopag', 'Olanzapine', 'Cerivastatin']",1,2,serum concentration,"patient: 55f. drugs: eltrombopag, olanzapine, cerivastatin 100mg every 6 hours.","['patient', '55f', 'drugs', 'eltrombopag', 'olanzapine', 'cerivastatin', '100', 'mg', '6', 'hours']",10,"['Eltrombopag', 'Cerivastatin', 'Olanzapine']"
"Patient: 40M. Drugs: Netilmicin 50mg every 8 hours, Ceftibuten.","['Netilmicin', 'Ceftibuten']",1,2,nephrotoxic activities,"patient: 40m. drugs: netilmicin 50mg every 8 hours, ceftibuten.","['patient', '40', 'm.', 'drugs', 'netilmicin', '50', 'mg', '8', 'hours', 'ceftibuten']",10,"['Ceftibuten', 'Netilmicin']"
"Patient: 55F. Drugs: Avatrombopag 500mg once daily, Difluocortolone.","['Avatrombopag', 'Difluocortolone']",0,0,none,"patient: 55f. drugs: avatrombopag 500mg once daily, difluocortolone.","['patient', '55f', 'drugs', 'avatrombopag', '500', 'mg', 'daily', 'difluocortolone']",8,"['Difluocortolone', 'Avatrombopag']"
"Patient: 40M. Drugs: Lovastatin 100mg every 6 hours, Lopinavir 500mg as needed, Metaxalone.","['Lovastatin', 'Lopinavir', 'Metaxalone']",1,2,serum concentration,"patient: 40m. drugs: lovastatin 100mg every 6 hours, lopinavir 500mg as needed, metaxalone.","['patient', '40', 'm.', 'drugs', 'lovastatin', '100', 'mg', '6', 'hours', 'lopinavir', '500', 'mg', 'needed', 'metaxalone']",14,"['Lovastatin', 'Metaxalone', 'Lopinavir']"
"Patient: 55F. Drugs: Clidinium, Aceprometazine 50mg every 6 hours, Nitrofural.","['Clidinium', 'Aceprometazine', 'Nitrofural']",1,3,risk or severity of adverse effects,"patient: 55f. drugs: clidinium, aceprometazine 50mg every 6 hours, nitrofural.","['patient', '55f', 'drugs', 'clidinium', 'aceprometazine', '50', 'mg', '6', 'hours', 'nitrofural']",10,"['Clidinium', 'Aceprometazine', 'Nitrofural']"
"Patient: 33M. Drugs: Raltitrexed 500mg twice daily, Perindopril 200mg once daily, Spiramycin 75mg after meals, Cefapirin 200mg as needed.","['Raltitrexed', 'Perindopril', 'Spiramycin', 'Cefapirin']",0,0,none,"patient: 33m. drugs: raltitrexed 500mg twice daily, perindopril 200mg once daily, spiramycin 75mg after meals, cefapirin 200mg as needed.","['patient', '33', 'm.', 'drugs', 'raltitrexed', '500', 'mg', 'twice', 'daily', 'perindopril', '200', 'mg', 'daily', 'spiramycin', '75', 'mg', 'meals', 'cefapirin', '200', 'mg', 'needed']",21,"['Raltitrexed', 'Spiramycin', 'Cefapirin', 'Perindopril']"
"Patient: 62M. Drugs: Ifosfamide 200mg as needed, Dihydroergocornine, Pixantrone 500mg three times daily.","['Ifosfamide', 'Dihydroergocornine', 'Pixantrone']",1,3,risk or severity of adverse effects,"patient: 62m. drugs: ifosfamide 200mg as needed, dihydroergocornine, pixantrone 500mg three times daily.","['patient', '62', 'm.', 'drugs', 'ifosfamide', '200', 'mg', 'needed', 'dihydroergocornine', 'pixantrone', '500', 'mg', 'times', 'daily']",14,"['Pixantrone', 'Ifosfamide', 'Dihydroergocornine']"
"Patient: 60F. Drugs: Venlafaxine, Doxofylline 25mg three times daily, Buprenorphine 100mg every 12 hours.","['Venlafaxine', 'Doxofylline', 'Buprenorphine']",1,2,tachycardic activities,"patient: 60f. drugs: venlafaxine, doxofylline 25mg three times daily, buprenorphine 100mg every 12 hours.","['patient', '60f', 'drugs', 'venlafaxine', 'doxofylline', '25', 'mg', 'times', 'daily', 'buprenorphine', '100', 'mg', '12', 'hours']",14,"['Doxofylline', 'Venlafaxine', 'Buprenorphine']"
"Patient: 45F. Drugs: Propranolol, Lopinavir.","['Propranolol', 'Lopinavir']",1,2,metabolism,"patient: 45f. drugs: propranolol, lopinavir.","['patient', '45f', 'drugs', 'propranolol', 'lopinavir']",5,"['Lopinavir', 'Propranolol']"
"Patient: 52M. Drugs: Montelukast 25mg three times daily, Betaxolol, Zinc oxide 500mg as needed, Clemastine 100mg twice daily.","['Montelukast', 'Betaxolol', 'Zinc oxide', 'Clemastine']",1,2,metabolism,"patient: 52m. drugs: montelukast 25mg three times daily, betaxolol, zinc oxide 500mg as needed, clemastine 100mg twice daily.","['patient', '52', 'm.', 'drugs', 'montelukast', '25', 'mg', 'times', 'daily', 'betaxolol', 'zinc', 'oxide', '500', 'mg', 'needed', 'clemastine', '100', 'mg', 'twice', 'daily']",20,"['Zinc oxide', 'Betaxolol', 'Montelukast', 'Clemastine']"
"Patient: 30M. Drugs: Cyclosporine 500mg three times daily, Sucralfate, Melperone.","['Cyclosporine', 'Sucralfate', 'Melperone']",1,1,absorption,"patient: 30m. drugs: cyclosporine 500mg three times daily, sucralfate, melperone.","['patient', '30', 'm.', 'drugs', 'cyclosporine', '500', 'mg', 'times', 'daily', 'sucralfate', 'melperone']",11,"['Melperone', 'Cyclosporine', 'Sucralfate']"
"Patient: 30M. Drugs: Sildenafil, Voacamine 25mg every 8 hours, Cisatracurium 200mg twice daily.","['Sildenafil', 'Voacamine', 'Cisatracurium']",0,0,none,"patient: 30m. drugs: sildenafil, voacamine 25mg every 8 hours, cisatracurium 200mg twice daily.","['patient', '30', 'm.', 'drugs', 'sildenafil', 'voacamine', '25', 'mg', '8', 'hours', 'cisatracurium', '200', 'mg', 'twice', 'daily']",15,"['Voacamine', 'Cisatracurium', 'Sildenafil']"
"Patient: 52M. Drugs: Butorphanol, Methamphetamine.","['Butorphanol', 'Methamphetamine']",1,1,analgesic activities,"patient: 52m. drugs: butorphanol, methamphetamine.","['patient', '52', 'm.', 'drugs', 'butorphanol', 'methamphetamine']",6,"['Methamphetamine', 'Butorphanol']"
"Patient: 40M. Drugs: Carbenicillin indanyl, Diethylstilbestrol 75mg every 12 hours, Isometheptene, Aprepitant 50mg once daily.","['Carbenicillin indanyl', 'Diethylstilbestrol', 'Isometheptene', 'Aprepitant']",1,2,serum concentration,"patient: 40m. drugs: carbenicillin indanyl, diethylstilbestrol 75mg every 12 hours, isometheptene, aprepitant 50mg once daily.","['patient', '40', 'm.', 'drugs', 'carbenicillin', 'indanyl', 'diethylstilbestrol', '75', 'mg', '12', 'hours', 'isometheptene', 'aprepitant', '50', 'mg', 'daily']",16,"['Aprepitant', 'Carbenicillin indanyl', 'Diethylstilbestrol', 'Isometheptene']"
"Patient: 58M. Drugs: Nimesulide 50mg twice daily, Artemether.","['Nimesulide', 'Artemether']",1,1,therapeutic efficacy,"patient: 58m. drugs: nimesulide 50mg twice daily, artemether.","['patient', '58', 'm.', 'drugs', 'nimesulide', '50', 'mg', 'twice', 'daily', 'artemether']",10,"['Nimesulide', 'Artemether']"
"Patient: 45F. Drugs: Nizatidine 25mg every 12 hours, Lenalidomide 200mg once daily, Ioxilan 75mg every 8 hours.","['Nizatidine', 'Lenalidomide', 'Ioxilan']",0,0,none,"patient: 45f. drugs: nizatidine 25mg every 12 hours, lenalidomide 200mg once daily, ioxilan 75mg every 8 hours.","['patient', '45f', 'drugs', 'nizatidine', '25', 'mg', '12', 'hours', 'lenalidomide', '200', 'mg', 'daily', 'ioxilan', '75', 'mg', '8', 'hours']",17,"['Nizatidine', 'Lenalidomide', 'Ioxilan']"
"Patient: 48F. Drugs: Droperidol 500mg three times daily, Felbamate, Phylloquinone 50mg before meals.","['Droperidol', 'Felbamate', 'Phylloquinone']",1,2,central nervous system depressant (CNS depressant) activities,"patient: 48f. drugs: droperidol 500mg three times daily, felbamate, phylloquinone 50mg before meals.","['patient', '48f', 'drugs', 'droperidol', '500', 'mg', 'times', 'daily', 'felbamate', 'phylloquinone', '50', 'mg', 'meals']",13,"['Droperidol', 'Phylloquinone', 'Felbamate']"
"Patient: 60F. Drugs: Vorapaxar, Nicorandil.","['Vorapaxar', 'Nicorandil']",0,0,none,"patient: 60f. drugs: vorapaxar, nicorandil.","['patient', '60f', 'drugs', 'vorapaxar', 'nicorandil']",5,"['Vorapaxar', 'Nicorandil']"
"Patient: 45F. Drugs: Cobicistat 500mg every 6 hours, Baricitinib 500mg after meals.","['Cobicistat', 'Baricitinib']",1,2,metabolism,"patient: 45f. drugs: cobicistat 500mg every 6 hours, baricitinib 500mg after meals.","['patient', '45f', 'drugs', 'cobicistat', '500', 'mg', '6', 'hours', 'baricitinib', '500', 'mg', 'meals']",12,"['Cobicistat', 'Baricitinib']"
"Patient: 52M. Drugs: Butorphanol, Methamphetamine.","['Butorphanol', 'Methamphetamine']",1,1,analgesic activities,"patient: 52m. drugs: butorphanol, methamphetamine.","['patient', '52', 'm.', 'drugs', 'butorphanol', 'methamphetamine']",6,"['Methamphetamine', 'Butorphanol']"
"Patient: 55F. Drugs: Ritonavir 100mg after meals, Estradiol 25mg twice daily, Prussian blue 50mg three times daily.","['Ritonavir', 'Estradiol', 'Prussian blue']",1,2,serum concentration,"patient: 55f. drugs: ritonavir 100mg after meals, estradiol 25mg twice daily, prussian blue 50mg three times daily.","['patient', '55f', 'drugs', 'ritonavir', '100', 'mg', 'meals', 'estradiol', '25', 'mg', 'twice', 'daily', 'prussian', 'blue', '50', 'mg', 'times', 'daily']",18,"['Prussian blue', 'Estradiol', 'Ritonavir']"
"Patient: 62M. Drugs: Carbocisteine 75mg three times daily, Remifentanil 200mg before meals, Gallium nitrate, Bosentan 500mg twice daily.","['Carbocisteine', 'Remifentanil', 'Gallium nitrate', 'Bosentan']",0,0,none,"patient: 62m. drugs: carbocisteine 75mg three times daily, remifentanil 200mg before meals, gallium nitrate, bosentan 500mg twice daily.","['patient', '62', 'm.', 'drugs', 'carbocisteine', '75', 'mg', 'times', 'daily', 'remifentanil', '200', 'mg', 'meals', 'gallium', 'nitrate', 'bosentan', '500', 'mg', 'twice', 'daily']",20,"['Remifentanil', 'Bosentan', 'Gallium nitrate', 'Carbocisteine']"
"Patient: 30M. Drugs: Amrinone 200mg before meals, Fosphenytoin 100mg after meals, Lisuride 100mg twice daily, Apixaban.","['Amrinone', 'Fosphenytoin', 'Lisuride', 'Apixaban']",1,2,metabolism,"patient: 30m. drugs: amrinone 200mg before meals, fosphenytoin 100mg after meals, lisuride 100mg twice daily, apixaban.","['patient', '30', 'm.', 'drugs', 'amrinone', '200', 'mg', 'meals', 'fosphenytoin', '100', 'mg', 'meals', 'lisuride', '100', 'mg', 'twice', 'daily', 'apixaban']",18,"['Amrinone', 'Lisuride', 'Apixaban', 'Fosphenytoin']"
"Patient: 62M. Drugs: Lercanidipine 500mg every 8 hours, Iloperidone 25mg every 8 hours.","['Lercanidipine', 'Iloperidone']",1,3,risk or severity of hypotension,"patient: 62m. drugs: lercanidipine 500mg every 8 hours, iloperidone 25mg every 8 hours.","['patient', '62', 'm.', 'drugs', 'lercanidipine', '500', 'mg', '8', 'hours', 'iloperidone', '25', 'mg', '8', 'hours']",14,"['Iloperidone', 'Lercanidipine']"
"Patient: 35F. Drugs: Floctafenine 100mg before meals, Sodium bicarbonate 500mg three times daily, Dydrogesterone 200mg once daily.","['Floctafenine', 'Sodium bicarbonate', 'Dydrogesterone']",0,0,none,"patient: 35f. drugs: floctafenine 100mg before meals, sodium bicarbonate 500mg three times daily, dydrogesterone 200mg once daily.","['patient', '35f', 'drugs', 'floctafenine', '100', 'mg', 'meals', 'sodium', 'bicarbonate', '500', 'mg', 'times', 'daily', 'dydrogesterone', '200', 'mg', 'daily']",17,"['Floctafenine', 'Sodium bicarbonate', 'Dydrogesterone']"
"Patient: 33M. Drugs: Flunarizine 200mg once daily, Nilotinib 75mg twice daily, Decitabine 75mg before meals.","['Flunarizine', 'Nilotinib', 'Decitabine']",1,2,metabolism,"patient: 33m. drugs: flunarizine 200mg once daily, nilotinib 75mg twice daily, decitabine 75mg before meals.","['patient', '33', 'm.', 'drugs', 'flunarizine', '200', 'mg', 'daily', 'nilotinib', '75', 'mg', 'twice', 'daily', 'decitabine', '75', 'mg', 'meals']",17,"['Decitabine', 'Nilotinib', 'Flunarizine']"
"Patient: 60F. Drugs: Ethambutol 50mg as needed, Ketobemidone, Butamben 25mg every 6 hours.","['Ethambutol', 'Ketobemidone', 'Butamben']",1,3,risk or severity of adverse effects,"patient: 60f. drugs: ethambutol 50mg as needed, ketobemidone, butamben 25mg every 6 hours.","['patient', '60f', 'drugs', 'ethambutol', '50', 'mg', 'needed', 'ketobemidone', 'butamben', '25', 'mg', '6', 'hours']",13,"['Ketobemidone', 'Butamben', 'Ethambutol']"
"Patient: 58M. Drugs: Labetalol, Quinidine 75mg three times daily, Chloramphenicol 500mg every 12 hours.","['Labetalol', 'Quinidine', 'Chloramphenicol']",1,2,antihypertensive activities,"patient: 58m. drugs: labetalol, quinidine 75mg three times daily, chloramphenicol 500mg every 12 hours.","['patient', '58', 'm.', 'drugs', 'labetalol', 'quinidine', '75', 'mg', 'times', 'daily', 'chloramphenicol', '500', 'mg', '12', 'hours']",15,"['Quinidine', 'Labetalol', 'Chloramphenicol']"
"Patient: 30M. Drugs: Adapalene 100mg every 12 hours, Piretanide 100mg every 6 hours.","['Adapalene', 'Piretanide']",1,1,therapeutic efficacy,"patient: 30m. drugs: adapalene 100mg every 12 hours, piretanide 100mg every 6 hours.","['patient', '30', 'm.', 'drugs', 'adapalene', '100', 'mg', '12', 'hours', 'piretanide', '100', 'mg', '6', 'hours']",14,"['Adapalene', 'Piretanide']"
"Patient: 40M. Drugs: Levetiracetam 200mg twice daily, Fospropofol 200mg three times daily, Eltrombopag.","['Levetiracetam', 'Fospropofol', 'Eltrombopag']",1,3,risk or severity of adverse effects,"patient: 40m. drugs: levetiracetam 200mg twice daily, fospropofol 200mg three times daily, eltrombopag.","['patient', '40', 'm.', 'drugs', 'levetiracetam', '200', 'mg', 'twice', 'daily', 'fospropofol', '200', 'mg', 'times', 'daily', 'eltrombopag']",15,"['Fospropofol', 'Levetiracetam', 'Eltrombopag']"
"Patient: 75M. Drugs: Dantrolene 50mg twice daily, Lofexidine 200mg once daily, Cephalexin 500mg three times daily.","['Dantrolene', 'Lofexidine', 'Cephalexin']",1,1,therapeutic efficacy,"patient: 75m. drugs: dantrolene 50mg twice daily, lofexidine 200mg once daily, cephalexin 500mg three times daily.","['patient', '75', 'm.', 'drugs', 'dantrolene', '50', 'mg', 'twice', 'daily', 'lofexidine', '200', 'mg', 'daily', 'cephalexin', '500', 'mg', 'times', 'daily']",18,"['Cephalexin', 'Dantrolene', 'Lofexidine']"
"Patient: 60F. Drugs: Ethambutol 50mg as needed, Ketobemidone, Butamben 25mg every 6 hours.","['Ethambutol', 'Ketobemidone', 'Butamben']",1,3,risk or severity of adverse effects,"patient: 60f. drugs: ethambutol 50mg as needed, ketobemidone, butamben 25mg every 6 hours.","['patient', '60f', 'drugs', 'ethambutol', '50', 'mg', 'needed', 'ketobemidone', 'butamben', '25', 'mg', '6', 'hours']",13,"['Ketobemidone', 'Butamben', 'Ethambutol']"
"Patient: 55F. Drugs: Flunarizine 100mg once daily, Calcium glubionate.","['Flunarizine', 'Calcium glubionate']",1,1,therapeutic efficacy,"patient: 55f. drugs: flunarizine 100mg once daily, calcium glubionate.","['patient', '55f', 'drugs', 'flunarizine', '100', 'mg', 'daily', 'calcium', 'glubionate']",9,"['Calcium glubionate', 'Flunarizine']"
"Patient: 68M. Drugs: Norfloxacin, Bismuth subnitrate 200mg after meals, Abacavir 25mg three times daily.","['Norfloxacin', 'Bismuth subnitrate', 'Abacavir']",1,1,absorption,"patient: 68m. drugs: norfloxacin, bismuth subnitrate 200mg after meals, abacavir 25mg three times daily.","['patient', '68', 'm.', 'drugs', 'norfloxacin', 'bismuth', 'subnitrate', '200', 'mg', 'meals', 'abacavir', '25', 'mg', 'times', 'daily']",15,"['Abacavir', 'Bismuth subnitrate', 'Norfloxacin']"
"Patient: 25F. Drugs: Tolvaptan 75mg as needed, Aloglutamol 50mg three times daily, Methylphenidate 200mg three times daily, Tiotropium 100mg after meals.","['Tolvaptan', 'Aloglutamol', 'Methylphenidate', 'Tiotropium']",1,1,absorption,"patient: 25f. drugs: tolvaptan 75mg as needed, aloglutamol 50mg three times daily, methylphenidate 200mg three times daily, tiotropium 100mg after meals.","['patient', '25f', 'drugs', 'tolvaptan', '75', 'mg', 'needed', 'aloglutamol', '50', 'mg', 'times', 'daily', 'methylphenidate', '200', 'mg', 'times', 'daily', 'tiotropium', '100', 'mg', 'meals']",21,"['Tolvaptan', 'Methylphenidate', 'Aloglutamol', 'Tiotropium']"
"Patient: 48F. Drugs: Dirithromycin 25mg every 8 hours, Histamine 25mg once daily, Magnesium silicate 100mg twice daily, Levosimendan 200mg three times daily.","['Dirithromycin', 'Histamine', 'Magnesium silicate', 'Levosimendan']",0,0,none,"patient: 48f. drugs: dirithromycin 25mg every 8 hours, histamine 25mg once daily, magnesium silicate 100mg twice daily, levosimendan 200mg three times daily.","['patient', '48f', 'drugs', 'dirithromycin', '25', 'mg', '8', 'hours', 'histamine', '25', 'mg', 'daily', 'magnesium', 'silicate', '100', 'mg', 'twice', 'daily', 'levosimendan', '200', 'mg', 'times', 'daily']",23,"['Histamine', 'Magnesium silicate', 'Levosimendan', 'Dirithromycin']"
"Patient: 30M. Drugs: Meloxicam 75mg three times daily, Edoxaban 500mg twice daily.","['Meloxicam', 'Edoxaban']",1,2,anticoagulant activities,"patient: 30m. drugs: meloxicam 75mg three times daily, edoxaban 500mg twice daily.","['patient', '30', 'm.', 'drugs', 'meloxicam', '75', 'mg', 'times', 'daily', 'edoxaban', '500', 'mg', 'twice', 'daily']",14,"['Edoxaban', 'Meloxicam']"
"Patient: 28F. Drugs: Lisdexamfetamine, Penbutolol 500mg every 12 hours.","['Lisdexamfetamine', 'Penbutolol']",1,2,orthostatic hypotensive activities,"patient: 28f. drugs: lisdexamfetamine, penbutolol 500mg every 12 hours.","['patient', '28f', 'drugs', 'lisdexamfetamine', 'penbutolol', '500', 'mg', '12', 'hours']",9,"['Lisdexamfetamine', 'Penbutolol']"
"Patient: 45F. Drugs: Pramocaine 200mg every 6 hours, Norgestimate.","['Pramocaine', 'Norgestimate']",0,0,none,"patient: 45f. drugs: pramocaine 200mg every 6 hours, norgestimate.","['patient', '45f', 'drugs', 'pramocaine', '200', 'mg', '6', 'hours', 'norgestimate']",9,"['Pramocaine', 'Norgestimate']"
"Patient: 60F. Drugs: Hydromorphone 25mg every 8 hours, Lurasidone 25mg every 12 hours.","['Hydromorphone', 'Lurasidone']",1,3,risk or severity of adverse effects,"patient: 60f. drugs: hydromorphone 25mg every 8 hours, lurasidone 25mg every 12 hours.","['patient', '60f', 'drugs', 'hydromorphone', '25', 'mg', '8', 'hours', 'lurasidone', '25', 'mg', '12', 'hours']",13,"['Lurasidone', 'Hydromorphone']"
"Patient: 70F. Drugs: Dicoumarol, Tirofiban.","['Dicoumarol', 'Tirofiban']",1,2,anticoagulant activities,"patient: 70f. drugs: dicoumarol, tirofiban.","['patient', '70f', 'drugs', 'dicoumarol', 'tirofiban']",5,"['Dicoumarol', 'Tirofiban']"
"Patient: 35F. Drugs: Etoposide 200mg after meals, Prucalopride.","['Etoposide', 'Prucalopride']",1,2,serum concentration,"patient: 35f. drugs: etoposide 200mg after meals, prucalopride.","['patient', '35f', 'drugs', 'etoposide', '200', 'mg', 'meals', 'prucalopride']",8,"['Etoposide', 'Prucalopride']"
"Patient: 58M. Drugs: Fluticasone propionate 100mg every 8 hours, Nordazepam 25mg three times daily.","['Fluticasone propionate', 'Nordazepam']",1,3,risk or severity of adverse effects,"patient: 58m. drugs: fluticasone propionate 100mg every 8 hours, nordazepam 25mg three times daily.","['patient', '58', 'm.', 'drugs', 'fluticasone', 'propionate', '100', 'mg', '8', 'hours', 'nordazepam', '25', 'mg', 'times', 'daily']",15,"['Nordazepam', 'Fluticasone propionate']"
"Patient: 70F. Drugs: Pomalidomide 500mg every 12 hours, Pramocaine 500mg every 12 hours.","['Pomalidomide', 'Pramocaine']",1,3,risk or severity of adverse effects,"patient: 70f. drugs: pomalidomide 500mg every 12 hours, pramocaine 500mg every 12 hours.","['patient', '70f', 'drugs', 'pomalidomide', '500', 'mg', '12', 'hours', 'pramocaine', '500', 'mg', '12', 'hours']",13,"['Pramocaine', 'Pomalidomide']"
"Patient: 70F. Drugs: Prilocaine 200mg before meals, Cyclobenzaprine 500mg before meals, Fosinopril.","['Prilocaine', 'Cyclobenzaprine', 'Fosinopril']",1,3,risk or severity of adverse effects,"patient: 70f. drugs: prilocaine 200mg before meals, cyclobenzaprine 500mg before meals, fosinopril.","['patient', '70f', 'drugs', 'prilocaine', '200', 'mg', 'meals', 'cyclobenzaprine', '500', 'mg', 'meals', 'fosinopril']",12,"['Cyclobenzaprine', 'Fosinopril', 'Prilocaine']"
"Patient: 48F. Drugs: Chlorambucil 500mg before meals, Acetophenazine, Daclatasvir.","['Chlorambucil', 'Acetophenazine', 'Daclatasvir']",0,0,none,"patient: 48f. drugs: chlorambucil 500mg before meals, acetophenazine, daclatasvir.","['patient', '48f', 'drugs', 'chlorambucil', '500', 'mg', 'meals', 'acetophenazine', 'daclatasvir']",9,"['Acetophenazine', 'Chlorambucil', 'Daclatasvir']"
"Patient: 35F. Drugs: Diazoxide 200mg once daily, Ditazole 200mg once daily.","['Diazoxide', 'Ditazole']",0,0,none,"patient: 35f. drugs: diazoxide 200mg once daily, ditazole 200mg once daily.","['patient', '35f', 'drugs', 'diazoxide', '200', 'mg', 'daily', 'ditazole', '200', 'mg', 'daily']",11,"['Ditazole', 'Diazoxide']"
"Patient: 40M. Drugs: Clozapine, Rosiglitazone 200mg after meals, Pipamperone.","['Clozapine', 'Rosiglitazone', 'Pipamperone']",1,2,metabolism,"patient: 40m. drugs: clozapine, rosiglitazone 200mg after meals, pipamperone.","['patient', '40', 'm.', 'drugs', 'clozapine', 'rosiglitazone', '200', 'mg', 'meals', 'pipamperone']",10,"['Rosiglitazone', 'Clozapine', 'Pipamperone']"
"Patient: 75M. Drugs: Trimipramine 500mg before meals, Phendimetrazine.","['Trimipramine', 'Phendimetrazine']",1,2,vasopressor activities,"patient: 75m. drugs: trimipramine 500mg before meals, phendimetrazine.","['patient', '75', 'm.', 'drugs', 'trimipramine', '500', 'mg', 'meals', 'phendimetrazine']",9,"['Phendimetrazine', 'Trimipramine']"
"Patient: 60F. Drugs: Corticorelin ovine triflutate 25mg twice daily, Difluocortolone 500mg as needed, Cinnarizine.","['Corticorelin ovine triflutate', 'Difluocortolone', 'Cinnarizine']",1,1,therapeutic efficacy,"patient: 60f. drugs: corticorelin ovine triflutate 25mg twice daily, difluocortolone 500mg as needed, cinnarizine.","['patient', '60f', 'drugs', 'corticorelin', 'ovine', 'triflutate', '25', 'mg', 'twice', 'daily', 'difluocortolone', '500', 'mg', 'needed', 'cinnarizine']",15,"['Corticorelin ovine triflutate', 'Difluocortolone', 'Cinnarizine']"
"Patient: 75M. Drugs: Dantrolene 50mg twice daily, Lofexidine 200mg once daily, Cephalexin 500mg three times daily.","['Dantrolene', 'Lofexidine', 'Cephalexin']",1,1,therapeutic efficacy,"patient: 75m. drugs: dantrolene 50mg twice daily, lofexidine 200mg once daily, cephalexin 500mg three times daily.","['patient', '75', 'm.', 'drugs', 'dantrolene', '50', 'mg', 'twice', 'daily', 'lofexidine', '200', 'mg', 'daily', 'cephalexin', '500', 'mg', 'times', 'daily']",18,"['Cephalexin', 'Dantrolene', 'Lofexidine']"
"Patient: 35F. Drugs: Hydroxyamphetamine, Cyclopentolate 100mg after meals, Phenoxymethylpenicillin 200mg once daily, Isosorbide Mononitrate 200mg every 8 hours.","['Hydroxyamphetamine', 'Cyclopentolate', 'Phenoxymethylpenicillin', 'Isosorbide Mononitrate']",0,0,none,"patient: 35f. drugs: hydroxyamphetamine, cyclopentolate 100mg after meals, phenoxymethylpenicillin 200mg once daily, isosorbide mononitrate 200mg every 8 hours.","['patient', '35f', 'drugs', 'hydroxyamphetamine', 'cyclopentolate', '100', 'mg', 'meals', 'phenoxymethylpenicillin', '200', 'mg', 'daily', 'isosorbide', 'mononitrate', '200', 'mg', '8', 'hours']",18,"['Isosorbide Mononitrate', 'Hydroxyamphetamine', 'Phenoxymethylpenicillin', 'Cyclopentolate']"
"Patient: 58M. Drugs: Methsuximide 75mg after meals, Guanabenz 25mg after meals, Gamma Hydroxybutyric Acid 25mg three times daily.","['Methsuximide', 'Guanabenz', 'Gamma Hydroxybutyric Acid']",1,3,risk or severity of adverse effects,"patient: 58m. drugs: methsuximide 75mg after meals, guanabenz 25mg after meals, gamma hydroxybutyric acid 25mg three times daily.","['patient', '58', 'm.', 'drugs', 'methsuximide', '75', 'mg', 'meals', 'guanabenz', '25', 'mg', 'meals', 'gamma', 'hydroxybutyric', 'acid', '25', 'mg', 'times', 'daily']",19,"['Methsuximide', 'Gamma Hydroxybutyric Acid', 'Guanabenz']"
"Patient: 45F. Drugs: Dextromethorphan 50mg before meals, Deferasirox 500mg every 8 hours.","['Dextromethorphan', 'Deferasirox']",1,2,serum concentration,"patient: 45f. drugs: dextromethorphan 50mg before meals, deferasirox 500mg every 8 hours.","['patient', '45f', 'drugs', 'dextromethorphan', '50', 'mg', 'meals', 'deferasirox', '500', 'mg', '8', 'hours']",12,"['Dextromethorphan', 'Deferasirox']"
"Patient: 30M. Drugs: Carisoprodol 500mg every 12 hours, Oxybuprocaine 500mg three times daily.","['Carisoprodol', 'Oxybuprocaine']",1,3,risk or severity of adverse effects,"patient: 30m. drugs: carisoprodol 500mg every 12 hours, oxybuprocaine 500mg three times daily.","['patient', '30', 'm.', 'drugs', 'carisoprodol', '500', 'mg', '12', 'hours', 'oxybuprocaine', '500', 'mg', 'times', 'daily']",14,"['Oxybuprocaine', 'Carisoprodol']"
"Patient: 30M. Drugs: Tolcapone 25mg every 8 hours, Nicardipine 50mg after meals, Testosterone cypionate 200mg every 12 hours.","['Tolcapone', 'Nicardipine', 'Testosterone cypionate']",1,3,risk or severity of adverse effects,"patient: 30m. drugs: tolcapone 25mg every 8 hours, nicardipine 50mg after meals, testosterone cypionate 200mg every 12 hours.","['patient', '30', 'm.', 'drugs', 'tolcapone', '25', 'mg', '8', 'hours', 'nicardipine', '50', 'mg', 'meals', 'testosterone', 'cypionate', '200', 'mg', '12', 'hours']",19,"['Tolcapone', 'Testosterone cypionate', 'Nicardipine']"
"Patient: 60F. Drugs: Vilazodone 25mg as needed, Rucaparib.","['Vilazodone', 'Rucaparib']",1,2,serum concentration,"patient: 60f. drugs: vilazodone 25mg as needed, rucaparib.","['patient', '60f', 'drugs', 'vilazodone', '25', 'mg', 'needed', 'rucaparib']",8,"['Rucaparib', 'Vilazodone']"
"Patient: 28F. Drugs: Bromotheophylline 75mg twice daily, Bromazepam 50mg after meals, Enzalutamide 50mg as needed.","['Bromotheophylline', 'Bromazepam', 'Enzalutamide']",1,2,serum concentration,"patient: 28f. drugs: bromotheophylline 75mg twice daily, bromazepam 50mg after meals, enzalutamide 50mg as needed.","['patient', '28f', 'drugs', 'bromotheophylline', '75', 'mg', 'twice', 'daily', 'bromazepam', '50', 'mg', 'meals', 'enzalutamide', '50', 'mg', 'needed']",16,"['Enzalutamide', 'Bromotheophylline', 'Bromazepam']"
"Patient: 35F. Drugs: Iloperidone 50mg every 12 hours, Ofloxacin.","['Iloperidone', 'Ofloxacin']",1,2,QTc-prolonging activities,"patient: 35f. drugs: iloperidone 50mg every 12 hours, ofloxacin.","['patient', '35f', 'drugs', 'iloperidone', '50', 'mg', '12', 'hours', 'ofloxacin']",9,"['Iloperidone', 'Ofloxacin']"
"Patient: 75M. Drugs: Etodolac, Topiroxostat 75mg once daily, Deferoxamine 500mg before meals.","['Etodolac', 'Topiroxostat', 'Deferoxamine']",1,2,metabolism,"patient: 75m. drugs: etodolac, topiroxostat 75mg once daily, deferoxamine 500mg before meals.","['patient', '75', 'm.', 'drugs', 'etodolac', 'topiroxostat', '75', 'mg', 'daily', 'deferoxamine', '500', 'mg', 'meals']",13,"['Deferoxamine', 'Etodolac', 'Topiroxostat']"
"Patient: 35F. Drugs: Lumiracoxib 500mg once daily, Stepronin 75mg every 6 hours, Clarithromycin 200mg three times daily, Pimozide 100mg as needed.","['Lumiracoxib', 'Stepronin', 'Clarithromycin', 'Pimozide']",1,3,risk or severity of ventricular arrhythmias,"patient: 35f. drugs: lumiracoxib 500mg once daily, stepronin 75mg every 6 hours, clarithromycin 200mg three times daily, pimozide 100mg as needed.","['patient', '35f', 'drugs', 'lumiracoxib', '500', 'mg', 'daily', 'stepronin', '75', 'mg', '6', 'hours', 'clarithromycin', '200', 'mg', 'times', 'daily', 'pimozide', '100', 'mg', 'needed']",21,"['Pimozide', 'Stepronin', 'Clarithromycin', 'Lumiracoxib']"
"Patient: 28F. Drugs: Medrysone 50mg after meals, Technetium Tc-99m sestamibi 50mg every 8 hours, Cyclacillin.","['Medrysone', 'Technetium Tc-99m sestamibi', 'Cyclacillin']",0,0,none,"patient: 28f. drugs: medrysone 50mg after meals, technetium tc99m sestamibi 50mg every 8 hours, cyclacillin.","['patient', '28f', 'drugs', 'medrysone', '50', 'mg', 'meals', 'technetium', 'tc99', 'm', 'sestamibi', '50', 'mg', '8', 'hours', 'cyclacillin']",16,"['Cyclacillin', 'Technetium Tc-99m sestamibi', 'Medrysone']"
"Patient: 62M. Drugs: Pentaerythritol Tetranitrate 50mg twice daily, Trolamine salicylate, Methazolamide 100mg before meals.","['Pentaerythritol Tetranitrate', 'Trolamine salicylate', 'Methazolamide']",1,2,anticoagulant activities,"patient: 62m. drugs: pentaerythritol tetranitrate 50mg twice daily, trolamine salicylate, methazolamide 100mg before meals.","['patient', '62', 'm.', 'drugs', 'pentaerythritol', 'tetranitrate', '50', 'mg', 'twice', 'daily', 'trolamine', 'salicylate', 'methazolamide', '100', 'mg', 'meals']",16,"['Trolamine salicylate', 'Methazolamide', 'Pentaerythritol Tetranitrate']"
"Patient: 40M. Drugs: Orphenadrine 75mg every 8 hours, Huperzine A 25mg once daily.","['Orphenadrine', 'Huperzine A']",1,1,therapeutic efficacy,"patient: 40m. drugs: orphenadrine 75mg every 8 hours, huperzine a 25mg once daily.","['patient', '40', 'm.', 'drugs', 'orphenadrine', '75', 'mg', '8', 'hours', 'huperzine', '25', 'mg', 'daily']",13,"['Huperzine A', 'Orphenadrine']"
"Patient: 30M. Drugs: Cyclosporine 500mg three times daily, Sucralfate, Melperone.","['Cyclosporine', 'Sucralfate', 'Melperone']",1,1,absorption,"patient: 30m. drugs: cyclosporine 500mg three times daily, sucralfate, melperone.","['patient', '30', 'm.', 'drugs', 'cyclosporine', '500', 'mg', 'times', 'daily', 'sucralfate', 'melperone']",11,"['Melperone', 'Cyclosporine', 'Sucralfate']"
"Patient: 45F. Drugs: Lamotrigine 100mg after meals, Calcium Phosphate 500mg every 12 hours.","['Lamotrigine', 'Calcium Phosphate']",1,1,therapeutic efficacy,"patient: 45f. drugs: lamotrigine 100mg after meals, calcium phosphate 500mg every 12 hours.","['patient', '45f', 'drugs', 'lamotrigine', '100', 'mg', 'meals', 'calcium', 'phosphate', '500', 'mg', '12', 'hours']",13,"['Lamotrigine', 'Calcium Phosphate']"
"Patient: 52M. Drugs: Alprostadil 100mg three times daily, Bufexamac 50mg after meals.","['Alprostadil', 'Bufexamac']",1,1,therapeutic efficacy,"patient: 52m. drugs: alprostadil 100mg three times daily, bufexamac 50mg after meals.","['patient', '52', 'm.', 'drugs', 'alprostadil', '100', 'mg', 'times', 'daily', 'bufexamac', '50', 'mg', 'meals']",13,"['Bufexamac', 'Alprostadil']"
"Patient: 45F. Drugs: Fluocinolone Acetonide, Aloglutamol 500mg twice daily.","['Fluocinolone Acetonide', 'Aloglutamol']",1,2,bioavailability,"patient: 45f. drugs: fluocinolone acetonide, aloglutamol 500mg twice daily.","['patient', '45f', 'drugs', 'fluocinolone', 'acetonide', 'aloglutamol', '500', 'mg', 'twice', 'daily']",10,"['Aloglutamol', 'Fluocinolone Acetonide']"
"Patient: 62M. Drugs: Sodium Citrate, Levosalbutamol.","['Sodium Citrate', 'Levosalbutamol']",0,0,none,"patient: 62m. drugs: sodium citrate, levosalbutamol.","['patient', '62', 'm.', 'drugs', 'sodium', 'citrate', 'levosalbutamol']",7,"['Sodium Citrate', 'Levosalbutamol']"
"Patient: 55F. Drugs: Posaconazole 50mg once daily, Clevidipine 200mg before meals, Adenine.","['Posaconazole', 'Clevidipine', 'Adenine']",1,1,therapeutic efficacy,"patient: 55f. drugs: posaconazole 50mg once daily, clevidipine 200mg before meals, adenine.","['patient', '55f', 'drugs', 'posaconazole', '50', 'mg', 'daily', 'clevidipine', '200', 'mg', 'meals', 'adenine']",12,"['Adenine', 'Posaconazole', 'Clevidipine']"
"Patient: 40M. Drugs: Phenoxybenzamine 200mg every 12 hours, Cilnidipine 75mg after meals.","['Phenoxybenzamine', 'Cilnidipine']",1,3,risk or severity of adverse effects,"patient: 40m. drugs: phenoxybenzamine 200mg every 12 hours, cilnidipine 75mg after meals.","['patient', '40', 'm.', 'drugs', 'phenoxybenzamine', '200', 'mg', '12', 'hours', 'cilnidipine', '75', 'mg', 'meals']",13,"['Phenoxybenzamine', 'Cilnidipine']"
"Patient: 58M. Drugs: Pirfenidone, Nitrofural 200mg every 8 hours.","['Pirfenidone', 'Nitrofural']",0,0,none,"patient: 58m. drugs: pirfenidone, nitrofural 200mg every 8 hours.","['patient', '58', 'm.', 'drugs', 'pirfenidone', 'nitrofural', '200', 'mg', '8', 'hours']",10,"['Pirfenidone', 'Nitrofural']"
"Patient: 48F. Drugs: Tolterodine 75mg before meals, Metyrapone 50mg once daily, Clonixin.","['Tolterodine', 'Metyrapone', 'Clonixin']",0,0,none,"patient: 48f. drugs: tolterodine 75mg before meals, metyrapone 50mg once daily, clonixin.","['patient', '48f', 'drugs', 'tolterodine', '75', 'mg', 'meals', 'metyrapone', '50', 'mg', 'daily', 'clonixin']",12,"['Clonixin', 'Tolterodine', 'Metyrapone']"
"Patient: 28F. Drugs: Entecavir 25mg every 8 hours, Selenium 100mg before meals, Buspirone 25mg every 12 hours.","['Entecavir', 'Selenium', 'Buspirone']",0,0,none,"patient: 28f. drugs: entecavir 25mg every 8 hours, selenium 100mg before meals, buspirone 25mg every 12 hours.","['patient', '28f', 'drugs', 'entecavir', '25', 'mg', '8', 'hours', 'selenium', '100', 'mg', 'meals', 'buspirone', '25', 'mg', '12', 'hours']",17,"['Entecavir', 'Selenium', 'Buspirone']"
"Patient: 60F. Drugs: Leflunomide 75mg before meals, Rifapentine.","['Leflunomide', 'Rifapentine']",1,2,metabolism,"patient: 60f. drugs: leflunomide 75mg before meals, rifapentine.","['patient', '60f', 'drugs', 'leflunomide', '75', 'mg', 'meals', 'rifapentine']",8,"['Leflunomide', 'Rifapentine']"
"Patient: 25F. Drugs: Lisinopril 75mg every 6 hours, Aminosalicylic Acid 500mg twice daily, Ciprofibrate 100mg every 6 hours.","['Lisinopril', 'Aminosalicylic Acid', 'Ciprofibrate']",1,1,therapeutic efficacy,"patient: 25f. drugs: lisinopril 75mg every 6 hours, aminosalicylic acid 500mg twice daily, ciprofibrate 100mg every 6 hours.","['patient', '25f', 'drugs', 'lisinopril', '75', 'mg', '6', 'hours', 'aminosalicylic', 'acid', '500', 'mg', 'twice', 'daily', 'ciprofibrate', '100', 'mg', '6', 'hours']",19,"['Ciprofibrate', 'Aminosalicylic Acid', 'Lisinopril']"
"Patient: 55F. Drugs: Metformin, Aclidinium, Sulfadiazine 200mg every 8 hours.","['Metformin', 'Aclidinium', 'Sulfadiazine']",1,2,hypoglycemic activities,"patient: 55f. drugs: metformin, aclidinium, sulfadiazine 200mg every 8 hours.","['patient', '55f', 'drugs', 'metformin', 'aclidinium', 'sulfadiazine', '200', 'mg', '8', 'hours']",10,"['Aclidinium', 'Metformin', 'Sulfadiazine']"
"Patient: 40M. Drugs: Gemeprost 100mg once daily, Hydrocodone 200mg after meals, Romidepsin, Diflunisal 25mg every 8 hours.","['Gemeprost', 'Hydrocodone', 'Romidepsin', 'Diflunisal']",1,1,therapeutic efficacy,"patient: 40m. drugs: gemeprost 100mg once daily, hydrocodone 200mg after meals, romidepsin, diflunisal 25mg every 8 hours.","['patient', '40', 'm.', 'drugs', 'gemeprost', '100', 'mg', 'daily', 'hydrocodone', '200', 'mg', 'meals', 'romidepsin', 'diflunisal', '25', 'mg', '8', 'hours']",18,"['Hydrocodone', 'Romidepsin', 'Gemeprost', 'Diflunisal']"
"Patient: 75M. Drugs: Dantrolene 50mg twice daily, Lofexidine 200mg once daily, Cephalexin 500mg three times daily.","['Dantrolene', 'Lofexidine', 'Cephalexin']",1,1,therapeutic efficacy,"patient: 75m. drugs: dantrolene 50mg twice daily, lofexidine 200mg once daily, cephalexin 500mg three times daily.","['patient', '75', 'm.', 'drugs', 'dantrolene', '50', 'mg', 'twice', 'daily', 'lofexidine', '200', 'mg', 'daily', 'cephalexin', '500', 'mg', 'times', 'daily']",18,"['Cephalexin', 'Dantrolene', 'Lofexidine']"
"Patient: 48F. Drugs: Nicardipine, Mesoridazine 500mg as needed, Hydrotalcite 50mg as needed.","['Nicardipine', 'Mesoridazine', 'Hydrotalcite']",1,2,metabolism,"patient: 48f. drugs: nicardipine, mesoridazine 500mg as needed, hydrotalcite 50mg as needed.","['patient', '48f', 'drugs', 'nicardipine', 'mesoridazine', '500', 'mg', 'needed', 'hydrotalcite', '50', 'mg', 'needed']",12,"['Hydrotalcite', 'Nicardipine', 'Mesoridazine']"
"Patient: 48F. Drugs: Nisoldipine, Sirolimus.","['Nisoldipine', 'Sirolimus']",1,1,therapeutic efficacy,"patient: 48f. drugs: nisoldipine, sirolimus.","['patient', '48f', 'drugs', 'nisoldipine', 'sirolimus']",5,"['Nisoldipine', 'Sirolimus']"
"Patient: 45F. Drugs: Lamotrigine 100mg after meals, Calcium Phosphate 500mg every 12 hours.","['Lamotrigine', 'Calcium Phosphate']",1,1,therapeutic efficacy,"patient: 45f. drugs: lamotrigine 100mg after meals, calcium phosphate 500mg every 12 hours.","['patient', '45f', 'drugs', 'lamotrigine', '100', 'mg', 'meals', 'calcium', 'phosphate', '500', 'mg', '12', 'hours']",13,"['Lamotrigine', 'Calcium Phosphate']"
"Patient: 35F. Drugs: Diltiazem, Tolnaftate 50mg every 8 hours.","['Diltiazem', 'Tolnaftate']",1,1,therapeutic efficacy,"patient: 35f. drugs: diltiazem, tolnaftate 50mg every 8 hours.","['patient', '35f', 'drugs', 'diltiazem', 'tolnaftate', '50', 'mg', '8', 'hours']",9,"['Diltiazem', 'Tolnaftate']"
"Patient: 25F. Drugs: Norgestimate 25mg after meals, Empagliflozin 500mg as needed.","['Norgestimate', 'Empagliflozin']",1,1,therapeutic efficacy,"patient: 25f. drugs: norgestimate 25mg after meals, empagliflozin 500mg as needed.","['patient', '25f', 'drugs', 'norgestimate', '25', 'mg', 'meals', 'empagliflozin', '500', 'mg', 'needed']",11,"['Norgestimate', 'Empagliflozin']"
"Patient: 52M. Drugs: Terazosin, Dextroamphetamine 50mg every 12 hours, Apraclonidine 75mg twice daily.","['Terazosin', 'Dextroamphetamine', 'Apraclonidine']",1,2,antihypertensive activities,"patient: 52m. drugs: terazosin, dextroamphetamine 50mg every 12 hours, apraclonidine 75mg twice daily.","['patient', '52', 'm.', 'drugs', 'terazosin', 'dextroamphetamine', '50', 'mg', '12', 'hours', 'apraclonidine', '75', 'mg', 'twice', 'daily']",15,"['Terazosin', 'Dextroamphetamine', 'Apraclonidine']"
"Patient: 48F. Drugs: Nitroxoline 50mg after meals, Efonidipine, Emtricitabine.","['Nitroxoline', 'Efonidipine', 'Emtricitabine']",1,1,therapeutic efficacy,"patient: 48f. drugs: nitroxoline 50mg after meals, efonidipine, emtricitabine.","['patient', '48f', 'drugs', 'nitroxoline', '50', 'mg', 'meals', 'efonidipine', 'emtricitabine']",9,"['Efonidipine', 'Nitroxoline', 'Emtricitabine']"
"Patient: 70F. Drugs: Deutetrabenazine 500mg every 12 hours, Halazepam.","['Deutetrabenazine', 'Halazepam']",0,0,none,"patient: 70f. drugs: deutetrabenazine 500mg every 12 hours, halazepam.","['patient', '70f', 'drugs', 'deutetrabenazine', '500', 'mg', '12', 'hours', 'halazepam']",9,"['Halazepam', 'Deutetrabenazine']"
"Patient: 68M. Drugs: Tramadol 500mg after meals, Canrenoic acid.","['Tramadol', 'Canrenoic acid']",1,3,risk or severity of adverse effects,"patient: 68m. drugs: tramadol 500mg after meals, canrenoic acid.","['patient', '68', 'm.', 'drugs', 'tramadol', '500', 'mg', 'meals', 'canrenoic', 'acid']",10,"['Tramadol', 'Canrenoic acid']"
"Patient: 30M. Drugs: Acemetacin, Mestranol, Nicotine 25mg as needed.","['Acemetacin', 'Mestranol', 'Nicotine']",0,0,none,"patient: 30m. drugs: acemetacin, mestranol, nicotine 25mg as needed.","['patient', '30', 'm.', 'drugs', 'acemetacin', 'mestranol', 'nicotine', '25', 'mg', 'needed']",10,"['Nicotine', 'Acemetacin', 'Mestranol']"
"Patient: 58M. Drugs: Nimesulide 50mg twice daily, Artemether.","['Nimesulide', 'Artemether']",1,1,therapeutic efficacy,"patient: 58m. drugs: nimesulide 50mg twice daily, artemether.","['patient', '58', 'm.', 'drugs', 'nimesulide', '50', 'mg', 'twice', 'daily', 'artemether']",10,"['Nimesulide', 'Artemether']"
"Patient: 52M. Drugs: Gramicidin D 100mg before meals, Meloxicam.","['Gramicidin D', 'Meloxicam']",0,0,none,"patient: 52m. drugs: gramicidin d 100mg before meals, meloxicam.","['patient', '52', 'm.', 'drugs', 'gramicidin', 'd', '100', 'mg', 'meals', 'meloxicam']",10,"['Meloxicam', 'Gramicidin D']"
"Patient: 33M. Drugs: Pentamidine 25mg before meals, Modafinil 50mg twice daily, Terazosin 100mg as needed.","['Pentamidine', 'Modafinil', 'Terazosin']",1,2,metabolism,"patient: 33m. drugs: pentamidine 25mg before meals, modafinil 50mg twice daily, terazosin 100mg as needed.","['patient', '33', 'm.', 'drugs', 'pentamidine', '25', 'mg', 'meals', 'modafinil', '50', 'mg', 'twice', 'daily', 'terazosin', '100', 'mg', 'needed']",17,"['Terazosin', 'Pentamidine', 'Modafinil']"
"Patient: 35F. Drugs: Tramadol 100mg twice daily, Sulpiride 500mg twice daily, Vildagliptin 50mg twice daily.","['Tramadol', 'Sulpiride', 'Vildagliptin']",1,3,risk or severity of adverse effects,"patient: 35f. drugs: tramadol 100mg twice daily, sulpiride 500mg twice daily, vildagliptin 50mg twice daily.","['patient', '35f', 'drugs', 'tramadol', '100', 'mg', 'twice', 'daily', 'sulpiride', '500', 'mg', 'twice', 'daily', 'vildagliptin', '50', 'mg', 'twice', 'daily']",18,"['Vildagliptin', 'Tramadol', 'Sulpiride']"
"Patient: 62M. Drugs: Suprofen 500mg after meals, Leflunomide 100mg every 12 hours.","['Suprofen', 'Leflunomide']",1,3,risk or severity of adverse effects,"patient: 62m. drugs: suprofen 500mg after meals, leflunomide 100mg every 12 hours.","['patient', '62', 'm.', 'drugs', 'suprofen', '500', 'mg', 'meals', 'leflunomide', '100', 'mg', '12', 'hours']",13,"['Leflunomide', 'Suprofen']"
"Patient: 60F. Drugs: Demecarium 100mg every 12 hours, Thiotepa 500mg every 8 hours, Benzthiazide 25mg three times daily, Naftifine.","['Demecarium', 'Thiotepa', 'Benzthiazide', 'Naftifine']",1,1,therapeutic efficacy,"patient: 60f. drugs: demecarium 100mg every 12 hours, thiotepa 500mg every 8 hours, benzthiazide 25mg three times daily, naftifine.","['patient', '60f', 'drugs', 'demecarium', '100', 'mg', '12', 'hours', 'thiotepa', '500', 'mg', '8', 'hours', 'benzthiazide', '25', 'mg', 'times', 'daily', 'naftifine']",19,"['Benzthiazide', 'Naftifine', 'Thiotepa', 'Demecarium']"
"Patient: 60F. Drugs: Abemaciclib 500mg once daily, Vorapaxar, Lisuride 50mg every 12 hours.","['Abemaciclib', 'Vorapaxar', 'Lisuride']",0,0,none,"patient: 60f. drugs: abemaciclib 500mg once daily, vorapaxar, lisuride 50mg every 12 hours.","['patient', '60f', 'drugs', 'abemaciclib', '500', 'mg', 'daily', 'vorapaxar', 'lisuride', '50', 'mg', '12', 'hours']",13,"['Lisuride', 'Vorapaxar', 'Abemaciclib']"
"Patient: 75M. Drugs: Ceftaroline fosamil 100mg before meals, Lorazepam 25mg before meals, Varenicline.","['Ceftaroline fosamil', 'Lorazepam', 'Varenicline']",0,0,none,"patient: 75m. drugs: ceftaroline fosamil 100mg before meals, lorazepam 25mg before meals, varenicline.","['patient', '75', 'm.', 'drugs', 'ceftaroline', 'fosamil', '100', 'mg', 'meals', 'lorazepam', '25', 'mg', 'meals', 'varenicline']",14,"['Ceftaroline fosamil', 'Lorazepam', 'Varenicline']"
"Patient: 28F. Drugs: Iron saccharate 25mg every 12 hours, L-Glutamine, Methylphenobarbital 200mg before meals, Hexobarbital.","['Iron saccharate', 'L-Glutamine', 'Methylphenobarbital', 'Hexobarbital']",1,3,risk or severity of adverse effects,"patient: 28f. drugs: iron saccharate 25mg every 12 hours, lglutamine, methylphenobarbital 200mg before meals, hexobarbital.","['patient', '28f', 'drugs', 'iron', 'saccharate', '25', 'mg', '12', 'hours', 'lglutamine', 'methylphenobarbital', '200', 'mg', 'meals', 'hexobarbital']",15,"['L-Glutamine', 'Methylphenobarbital', 'Iron saccharate', 'Hexobarbital']"
"Patient: 45F. Drugs: Tolbutamide 25mg every 6 hours, Doxapram 200mg once daily.","['Tolbutamide', 'Doxapram']",0,0,none,"patient: 45f. drugs: tolbutamide 25mg every 6 hours, doxapram 200mg once daily.","['patient', '45f', 'drugs', 'tolbutamide', '25', 'mg', '6', 'hours', 'doxapram', '200', 'mg', 'daily']",12,"['Tolbutamide', 'Doxapram']"
"Patient: 33M. Drugs: Levodopa, Butethal 50mg every 12 hours, Pregabalin 50mg every 8 hours.","['Levodopa', 'Butethal', 'Pregabalin']",1,3,risk or severity of adverse effects,"patient: 33m. drugs: levodopa, butethal 50mg every 12 hours, pregabalin 50mg every 8 hours.","['patient', '33', 'm.', 'drugs', 'levodopa', 'butethal', '50', 'mg', '12', 'hours', 'pregabalin', '50', 'mg', '8', 'hours']",15,"['Levodopa', 'Pregabalin', 'Butethal']"
"Patient: 75M. Drugs: Dantrolene 50mg twice daily, Lofexidine 200mg once daily, Cephalexin 500mg three times daily.","['Dantrolene', 'Lofexidine', 'Cephalexin']",1,1,therapeutic efficacy,"patient: 75m. drugs: dantrolene 50mg twice daily, lofexidine 200mg once daily, cephalexin 500mg three times daily.","['patient', '75', 'm.', 'drugs', 'dantrolene', '50', 'mg', 'twice', 'daily', 'lofexidine', '200', 'mg', 'daily', 'cephalexin', '500', 'mg', 'times', 'daily']",18,"['Cephalexin', 'Dantrolene', 'Lofexidine']"
"Patient: 33M. Drugs: Oxyphenbutazone 200mg every 12 hours, Dinoprost.","['Oxyphenbutazone', 'Dinoprost']",1,1,therapeutic efficacy,"patient: 33m. drugs: oxyphenbutazone 200mg every 12 hours, dinoprost.","['patient', '33', 'm.', 'drugs', 'oxyphenbutazone', '200', 'mg', '12', 'hours', 'dinoprost']",10,"['Oxyphenbutazone', 'Dinoprost']"
"Patient: 58M. Drugs: Methylscopolamine bromide 75mg every 8 hours, Celecoxib, Fluorouracil 75mg three times daily, Acitretin 50mg as needed.","['Methylscopolamine bromide', 'Celecoxib', 'Fluorouracil', 'Acitretin']",1,2,metabolism,"patient: 58m. drugs: methylscopolamine bromide 75mg every 8 hours, celecoxib, fluorouracil 75mg three times daily, acitretin 50mg as needed.","['patient', '58', 'm.', 'drugs', 'methylscopolamine', 'bromide', '75', 'mg', '8', 'hours', 'celecoxib', 'fluorouracil', '75', 'mg', 'times', 'daily', 'acitretin', '50', 'mg', 'needed']",20,"['Methylscopolamine bromide', 'Fluorouracil', 'Acitretin', 'Celecoxib']"
"Patient: 62M. Drugs: Lidocaine 75mg every 8 hours, Estradiol cypionate 200mg after meals, Fomepizole 100mg as needed.","['Lidocaine', 'Estradiol cypionate', 'Fomepizole']",1,2,metabolism,"patient: 62m. drugs: lidocaine 75mg every 8 hours, estradiol cypionate 200mg after meals, fomepizole 100mg as needed.","['patient', '62', 'm.', 'drugs', 'lidocaine', '75', 'mg', '8', 'hours', 'estradiol', 'cypionate', '200', 'mg', 'meals', 'fomepizole', '100', 'mg', 'needed']",18,"['Fomepizole', 'Estradiol cypionate', 'Lidocaine']"
"Patient: 58M. Drugs: Diflorasone 75mg twice daily, Estradiol valerate, Dacarbazine 200mg every 6 hours.","['Diflorasone', 'Estradiol valerate', 'Dacarbazine']",1,2,serum concentration,"patient: 58m. drugs: diflorasone 75mg twice daily, estradiol valerate, dacarbazine 200mg every 6 hours.","['patient', '58', 'm.', 'drugs', 'diflorasone', '75', 'mg', 'twice', 'daily', 'estradiol', 'valerate', 'dacarbazine', '200', 'mg', '6', 'hours']",16,"['Estradiol valerate', 'Diflorasone', 'Dacarbazine']"
"Patient: 25F. Drugs: Nomegestrol acetate 100mg twice daily, Topiroxostat 75mg after meals, Prasugrel 75mg once daily.","['Nomegestrol acetate', 'Topiroxostat', 'Prasugrel']",1,2,metabolism,"patient: 25f. drugs: nomegestrol acetate 100mg twice daily, topiroxostat 75mg after meals, prasugrel 75mg once daily.","['patient', '25f', 'drugs', 'nomegestrol', 'acetate', '100', 'mg', 'twice', 'daily', 'topiroxostat', '75', 'mg', 'meals', 'prasugrel', '75', 'mg', 'daily']",17,"['Nomegestrol acetate', 'Prasugrel', 'Topiroxostat']"
"Patient: 45F. Drugs: Piperacillin, Suvorexant 100mg after meals.","['Piperacillin', 'Suvorexant']",0,0,none,"patient: 45f. drugs: piperacillin, suvorexant 100mg after meals.","['patient', '45f', 'drugs', 'piperacillin', 'suvorexant', '100', 'mg', 'meals']",8,"['Suvorexant', 'Piperacillin']"
"Patient: 62M. Drugs: Tramadol 200mg as needed, Metolazone 75mg every 6 hours, Pentoxifylline 25mg after meals.","['Tramadol', 'Metolazone', 'Pentoxifylline']",1,3,risk or severity of adverse effects,"patient: 62m. drugs: tramadol 200mg as needed, metolazone 75mg every 6 hours, pentoxifylline 25mg after meals.","['patient', '62', 'm.', 'drugs', 'tramadol', '200', 'mg', 'needed', 'metolazone', '75', 'mg', '6', 'hours', 'pentoxifylline', '25', 'mg', 'meals']",17,"['Pentoxifylline', 'Metolazone', 'Tramadol']"
"Patient: 25F. Drugs: Trifluoperazine 100mg after meals, Azelnidipine 25mg every 12 hours.","['Trifluoperazine', 'Azelnidipine']",1,3,risk or severity of hypotension,"patient: 25f. drugs: trifluoperazine 100mg after meals, azelnidipine 25mg every 12 hours.","['patient', '25f', 'drugs', 'trifluoperazine', '100', 'mg', 'meals', 'azelnidipine', '25', 'mg', '12', 'hours']",12,"['Trifluoperazine', 'Azelnidipine']"
"Patient: 48F. Drugs: Trabectedin, Linezolid 75mg every 8 hours, Griseofulvin 200mg before meals.","['Trabectedin', 'Linezolid', 'Griseofulvin']",0,0,none,"patient: 48f. drugs: trabectedin, linezolid 75mg every 8 hours, griseofulvin 200mg before meals.","['patient', '48f', 'drugs', 'trabectedin', 'linezolid', '75', 'mg', '8', 'hours', 'griseofulvin', '200', 'mg', 'meals']",13,"['Linezolid', 'Trabectedin', 'Griseofulvin']"
"Patient: 30M. Drugs: Carteolol 25mg after meals, Clindamycin, Methyltestosterone.","['Carteolol', 'Clindamycin', 'Methyltestosterone']",0,0,none,"patient: 30m. drugs: carteolol 25mg after meals, clindamycin, methyltestosterone.","['patient', '30', 'm.', 'drugs', 'carteolol', '25', 'mg', 'meals', 'clindamycin', 'methyltestosterone']",10,"['Carteolol', 'Clindamycin', 'Methyltestosterone']"
"Patient: 40M. Drugs: Doxazosin 25mg every 12 hours, Silodosin 75mg twice daily.","['Doxazosin', 'Silodosin']",1,2,serum concentration,"patient: 40m. drugs: doxazosin 25mg every 12 hours, silodosin 75mg twice daily.","['patient', '40', 'm.', 'drugs', 'doxazosin', '25', 'mg', '12', 'hours', 'silodosin', '75', 'mg', 'twice', 'daily']",14,"['Silodosin', 'Doxazosin']"
"Patient: 68M. Drugs: Delavirdine 50mg twice daily, Epinastine 25mg once daily.","['Delavirdine', 'Epinastine']",1,1,absorption,"patient: 68m. drugs: delavirdine 50mg twice daily, epinastine 25mg once daily.","['patient', '68', 'm.', 'drugs', 'delavirdine', '50', 'mg', 'twice', 'daily', 'epinastine', '25', 'mg', 'daily']",13,"['Epinastine', 'Delavirdine']"
"Patient: 40M. Drugs: Maraviroc, Artenimol 200mg once daily, Terconazole 50mg every 8 hours, Ramelteon 500mg once daily.","['Maraviroc', 'Artenimol', 'Terconazole', 'Ramelteon']",0,0,none,"patient: 40m. drugs: maraviroc, artenimol 200mg once daily, terconazole 50mg every 8 hours, ramelteon 500mg once daily.","['patient', '40', 'm.', 'drugs', 'maraviroc', 'artenimol', '200', 'mg', 'daily', 'terconazole', '50', 'mg', '8', 'hours', 'ramelteon', '500', 'mg', 'daily']",18,"['Artenimol', 'Terconazole', 'Ramelteon', 'Maraviroc']"
"Patient: 30M. Drugs: Fluindione 50mg every 8 hours, Thiabendazole 50mg every 8 hours, Mefloquine 75mg after meals, Vancomycin.","['Fluindione', 'Thiabendazole', 'Mefloquine', 'Vancomycin']",0,0,none,"patient: 30m. drugs: fluindione 50mg every 8 hours, thiabendazole 50mg every 8 hours, mefloquine 75mg after meals, vancomycin.","['patient', '30', 'm.', 'drugs', 'fluindione', '50', 'mg', '8', 'hours', 'thiabendazole', '50', 'mg', '8', 'hours', 'mefloquine', '75', 'mg', 'meals', 'vancomycin']",19,"['Vancomycin', 'Thiabendazole', 'Mefloquine', 'Fluindione']"
"Patient: 55F. Drugs: Methyl aminolevulinate 200mg before meals, Silver sulfadiazine 500mg twice daily, Mirtazapine 100mg as needed, Amitriptylinoxide.","['Methyl aminolevulinate', 'Silver sulfadiazine', 'Mirtazapine', 'Amitriptylinoxide']",0,0,none,"patient: 55f. drugs: methyl aminolevulinate 200mg before meals, silver sulfadiazine 500mg twice daily, mirtazapine 100mg as needed, amitriptylinoxide.","['patient', '55f', 'drugs', 'methyl', 'aminolevulinate', '200', 'mg', 'meals', 'silver', 'sulfadiazine', '500', 'mg', 'twice', 'daily', 'mirtazapine', '100', 'mg', 'needed', 'amitriptylinoxide']",19,"['Silver sulfadiazine', 'Mirtazapine', 'Methyl aminolevulinate', 'Amitriptylinoxide']"
"Patient: 75M. Drugs: Picosulfuric acid 50mg every 6 hours, Iodixanol 500mg twice daily.","['Picosulfuric acid', 'Iodixanol']",0,0,none,"patient: 75m. drugs: picosulfuric acid 50mg every 6 hours, iodixanol 500mg twice daily.","['patient', '75', 'm.', 'drugs', 'picosulfuric', 'acid', '50', 'mg', '6', 'hours', 'iodixanol', '500', 'mg', 'twice', 'daily']",15,"['Iodixanol', 'Picosulfuric acid']"
"Patient: 62M. Drugs: Cinchocaine 75mg every 6 hours, Pentazocine 25mg before meals, Omeprazole 25mg once daily.","['Cinchocaine', 'Pentazocine', 'Omeprazole']",1,3,risk or severity of adverse effects,"patient: 62m. drugs: cinchocaine 75mg every 6 hours, pentazocine 25mg before meals, omeprazole 25mg once daily.","['patient', '62', 'm.', 'drugs', 'cinchocaine', '75', 'mg', '6', 'hours', 'pentazocine', '25', 'mg', 'meals', 'omeprazole', '25', 'mg', 'daily']",17,"['Cinchocaine', 'Omeprazole', 'Pentazocine']"
"Patient: 75M. Drugs: Piperazine 50mg after meals, Saxagliptin 500mg as needed, Ceftazidime 200mg three times daily.","['Piperazine', 'Saxagliptin', 'Ceftazidime']",1,1,therapeutic efficacy,"patient: 75m. drugs: piperazine 50mg after meals, saxagliptin 500mg as needed, ceftazidime 200mg three times daily.","['patient', '75', 'm.', 'drugs', 'piperazine', '50', 'mg', 'meals', 'saxagliptin', '500', 'mg', 'needed', 'ceftazidime', '200', 'mg', 'times', 'daily']",17,"['Saxagliptin', 'Ceftazidime', 'Piperazine']"
"Patient: 70F. Drugs: Orciprenaline, Bromocriptine 75mg every 8 hours, Vildagliptin.","['Orciprenaline', 'Bromocriptine', 'Vildagliptin']",1,2,hypertensive and vasoconstricting activities,"patient: 70f. drugs: orciprenaline, bromocriptine 75mg every 8 hours, vildagliptin.","['patient', '70f', 'drugs', 'orciprenaline', 'bromocriptine', '75', 'mg', '8', 'hours', 'vildagliptin']",10,"['Orciprenaline', 'Vildagliptin', 'Bromocriptine']"
"Patient: 33M. Drugs: Tiludronic acid 500mg twice daily, Resveratrol 25mg once daily, Succinylcholine 25mg three times daily.","['Tiludronic acid', 'Resveratrol', 'Succinylcholine']",1,3,risk or severity of adverse effects,"patient: 33m. drugs: tiludronic acid 500mg twice daily, resveratrol 25mg once daily, succinylcholine 25mg three times daily.","['patient', '33', 'm.', 'drugs', 'tiludronic', 'acid', '500', 'mg', 'twice', 'daily', 'resveratrol', '25', 'mg', 'daily', 'succinylcholine', '25', 'mg', 'times', 'daily']",19,"['Resveratrol', 'Tiludronic acid', 'Succinylcholine']"
"Patient: 28F. Drugs: Paclitaxel 50mg as needed, Plicamycin 50mg three times daily, Deferiprone.","['Paclitaxel', 'Plicamycin', 'Deferiprone']",1,3,risk or severity of adverse effects,"patient: 28f. drugs: paclitaxel 50mg as needed, plicamycin 50mg three times daily, deferiprone.","['patient', '28f', 'drugs', 'paclitaxel', '50', 'mg', 'needed', 'plicamycin', '50', 'mg', 'times', 'daily', 'deferiprone']",13,"['Paclitaxel', 'Plicamycin', 'Deferiprone']"
"Patient: 70F. Drugs: Nortriptyline 200mg once daily, Granisetron 500mg once daily.","['Nortriptyline', 'Granisetron']",1,2,QTc-prolonging activities,"patient: 70f. drugs: nortriptyline 200mg once daily, granisetron 500mg once daily.","['patient', '70f', 'drugs', 'nortriptyline', '200', 'mg', 'daily', 'granisetron', '500', 'mg', 'daily']",11,"['Nortriptyline', 'Granisetron']"
"Patient: 35F. Drugs: Lumiracoxib 500mg once daily, Stepronin 75mg every 6 hours, Clarithromycin 200mg three times daily, Pimozide 100mg as needed.","['Lumiracoxib', 'Stepronin', 'Clarithromycin', 'Pimozide']",1,3,risk or severity of ventricular arrhythmias,"patient: 35f. drugs: lumiracoxib 500mg once daily, stepronin 75mg every 6 hours, clarithromycin 200mg three times daily, pimozide 100mg as needed.","['patient', '35f', 'drugs', 'lumiracoxib', '500', 'mg', 'daily', 'stepronin', '75', 'mg', '6', 'hours', 'clarithromycin', '200', 'mg', 'times', 'daily', 'pimozide', '100', 'mg', 'needed']",21,"['Pimozide', 'Stepronin', 'Clarithromycin', 'Lumiracoxib']"
"Patient: 45F. Drugs: Lamotrigine 100mg after meals, Calcium Phosphate 500mg every 12 hours.","['Lamotrigine', 'Calcium Phosphate']",1,1,therapeutic efficacy,"patient: 45f. drugs: lamotrigine 100mg after meals, calcium phosphate 500mg every 12 hours.","['patient', '45f', 'drugs', 'lamotrigine', '100', 'mg', 'meals', 'calcium', 'phosphate', '500', 'mg', '12', 'hours']",13,"['Lamotrigine', 'Calcium Phosphate']"
"Patient: 75M. Drugs: Isradipine 200mg every 8 hours, Mifepristone 100mg as needed, Benzylpenicilloyl Polylysine 75mg before meals.","['Isradipine', 'Mifepristone', 'Benzylpenicilloyl Polylysine']",1,2,serum concentration,"patient: 75m. drugs: isradipine 200mg every 8 hours, mifepristone 100mg as needed, benzylpenicilloyl polylysine 75mg before meals.","['patient', '75', 'm.', 'drugs', 'isradipine', '200', 'mg', '8', 'hours', 'mifepristone', '100', 'mg', 'needed', 'benzylpenicilloyl', 'polylysine', '75', 'mg', 'meals']",18,"['Isradipine', 'Benzylpenicilloyl Polylysine', 'Mifepristone']"
"Patient: 40M. Drugs: Tacrolimus, Pramlintide 500mg every 6 hours.","['Tacrolimus', 'Pramlintide']",1,1,therapeutic efficacy,"patient: 40m. drugs: tacrolimus, pramlintide 500mg every 6 hours.","['patient', '40', 'm.', 'drugs', 'tacrolimus', 'pramlintide', '500', 'mg', '6', 'hours']",10,"['Tacrolimus', 'Pramlintide']"
"Patient: 60F. Drugs: Dinoprost Tromethamine 50mg every 12 hours, Tranilast, Demecarium 50mg once daily.","['Dinoprost Tromethamine', 'Tranilast', 'Demecarium']",1,1,therapeutic efficacy,"patient: 60f. drugs: dinoprost tromethamine 50mg every 12 hours, tranilast, demecarium 50mg once daily.","['patient', '60f', 'drugs', 'dinoprost', 'tromethamine', '50', 'mg', '12', 'hours', 'tranilast', 'demecarium', '50', 'mg', 'daily']",14,"['Tranilast', 'Dinoprost Tromethamine', 'Demecarium']"
"Patient: 40M. Drugs: Clotrimazole 200mg every 8 hours, Doxorubicin.","['Clotrimazole', 'Doxorubicin']",1,2,metabolism,"patient: 40m. drugs: clotrimazole 200mg every 8 hours, doxorubicin.","['patient', '40', 'm.', 'drugs', 'clotrimazole', '200', 'mg', '8', 'hours', 'doxorubicin']",10,"['Doxorubicin', 'Clotrimazole']"
"Patient: 48F. Drugs: Methyltestosterone 75mg once daily, Difluprednate 200mg every 6 hours, Canagliflozin 50mg once daily.","['Methyltestosterone', 'Difluprednate', 'Canagliflozin']",1,2,fluid retaining activities,"patient: 48f. drugs: methyltestosterone 75mg once daily, difluprednate 200mg every 6 hours, canagliflozin 50mg once daily.","['patient', '48f', 'drugs', 'methyltestosterone', '75', 'mg', 'daily', 'difluprednate', '200', 'mg', '6', 'hours', 'canagliflozin', '50', 'mg', 'daily']",16,"['Canagliflozin', 'Methyltestosterone', 'Difluprednate']"
"Patient: 70F. Drugs: Salbutamol 200mg every 8 hours, Vemurafenib 75mg three times daily, Raloxifene 100mg once daily.","['Salbutamol', 'Vemurafenib', 'Raloxifene']",1,3,risk or severity of QTc prolongation,"patient: 70f. drugs: salbutamol 200mg every 8 hours, vemurafenib 75mg three times daily, raloxifene 100mg once daily.","['patient', '70f', 'drugs', 'salbutamol', '200', 'mg', '8', 'hours', 'vemurafenib', '75', 'mg', 'times', 'daily', 'raloxifene', '100', 'mg', 'daily']",17,"['Salbutamol', 'Raloxifene', 'Vemurafenib']"
"Patient: 33M. Drugs: Benazepril 75mg before meals, Saxagliptin, Clonazepam 500mg every 12 hours.","['Benazepril', 'Saxagliptin', 'Clonazepam']",1,3,risk or severity of adverse effects,"patient: 33m. drugs: benazepril 75mg before meals, saxagliptin, clonazepam 500mg every 12 hours.","['patient', '33', 'm.', 'drugs', 'benazepril', '75', 'mg', 'meals', 'saxagliptin', 'clonazepam', '500', 'mg', '12', 'hours']",14,"['Benazepril', 'Saxagliptin', 'Clonazepam']"
"Patient: 62M. Drugs: Citalopram 200mg before meals, Tenoxicam 500mg every 12 hours.","['Citalopram', 'Tenoxicam']",1,1,antiplatelet activities,"patient: 62m. drugs: citalopram 200mg before meals, tenoxicam 500mg every 12 hours.","['patient', '62', 'm.', 'drugs', 'citalopram', '200', 'mg', 'meals', 'tenoxicam', '500', 'mg', '12', 'hours']",13,"['Tenoxicam', 'Citalopram']"
"Patient: 45F. Drugs: Netilmicin, Vitamin C 500mg every 8 hours, Olodaterol 50mg before meals, Calcium gluconate 25mg before meals.","['Netilmicin', 'Vitamin C', 'Olodaterol', 'Calcium gluconate']",0,0,none,"patient: 45f. drugs: netilmicin, vitamin c 500mg every 8 hours, olodaterol 50mg before meals, calcium gluconate 25mg before meals.","['patient', '45f', 'drugs', 'netilmicin', 'vitamin', 'c', '500', 'mg', '8', 'hours', 'olodaterol', '50', 'mg', 'meals', 'calcium', 'gluconate', '25', 'mg', 'meals']",19,"['Olodaterol', 'Calcium gluconate', 'Netilmicin', 'Vitamin C']"
"Patient: 48F. Drugs: Cocaine 75mg every 6 hours, Bromperidol 25mg after meals, Rivaroxaban 50mg twice daily.","['Cocaine', 'Bromperidol', 'Rivaroxaban']",1,3,risk or severity of adverse effects,"patient: 48f. drugs: cocaine 75mg every 6 hours, bromperidol 25mg after meals, rivaroxaban 50mg twice daily.","['patient', '48f', 'drugs', 'cocaine', '75', 'mg', '6', 'hours', 'bromperidol', '25', 'mg', 'meals', 'rivaroxaban', '50', 'mg', 'twice', 'daily']",17,"['Rivaroxaban', 'Bromperidol', 'Cocaine']"
"Patient: 40M. Drugs: Cycloserine 25mg every 12 hours, Dalfampridine.","['Cycloserine', 'Dalfampridine']",0,0,none,"patient: 40m. drugs: cycloserine 25mg every 12 hours, dalfampridine.","['patient', '40', 'm.', 'drugs', 'cycloserine', '25', 'mg', '12', 'hours', 'dalfampridine']",10,"['Cycloserine', 'Dalfampridine']"
"Patient: 62M. Drugs: Citalopram 200mg before meals, Tenoxicam 500mg every 12 hours.","['Citalopram', 'Tenoxicam']",1,1,antiplatelet activities,"patient: 62m. drugs: citalopram 200mg before meals, tenoxicam 500mg every 12 hours.","['patient', '62', 'm.', 'drugs', 'citalopram', '200', 'mg', 'meals', 'tenoxicam', '500', 'mg', '12', 'hours']",13,"['Tenoxicam', 'Citalopram']"
"Patient: 70F. Drugs: Buprenorphine 100mg once daily, Dexlansoprazole, Tafluprost 50mg every 8 hours.","['Buprenorphine', 'Dexlansoprazole', 'Tafluprost']",0,0,none,"patient: 70f. drugs: buprenorphine 100mg once daily, dexlansoprazole, tafluprost 50mg every 8 hours.","['patient', '70f', 'drugs', 'buprenorphine', '100', 'mg', 'daily', 'dexlansoprazole', 'tafluprost', '50', 'mg', '8', 'hours']",13,"['Dexlansoprazole', 'Tafluprost', 'Buprenorphine']"
"Patient: 25F. Drugs: Ibuprofen, Alclofenac 75mg after meals.","['Ibuprofen', 'Alclofenac']",1,3,risk or severity of adverse effects,"patient: 25f. drugs: ibuprofen, alclofenac 75mg after meals.","['patient', '25f', 'drugs', 'ibuprofen', 'alclofenac', '75', 'mg', 'meals']",8,"['Alclofenac', 'Ibuprofen']"
"Patient: 60F. Drugs: Tolterodine 25mg every 6 hours, Moclobemide 25mg twice daily, Sorafenib 500mg once daily.","['Tolterodine', 'Moclobemide', 'Sorafenib']",1,2,metabolism,"patient: 60f. drugs: tolterodine 25mg every 6 hours, moclobemide 25mg twice daily, sorafenib 500mg once daily.","['patient', '60f', 'drugs', 'tolterodine', '25', 'mg', '6', 'hours', 'moclobemide', '25', 'mg', 'twice', 'daily', 'sorafenib', '500', 'mg', 'daily']",17,"['Sorafenib', 'Moclobemide', 'Tolterodine']"
"Patient: 33M. Drugs: Etomidate, Hexobarbital 200mg three times daily, Dronabinol.","['Etomidate', 'Hexobarbital', 'Dronabinol']",1,3,risk or severity of adverse effects,"patient: 33m. drugs: etomidate, hexobarbital 200mg three times daily, dronabinol.","['patient', '33', 'm.', 'drugs', 'etomidate', 'hexobarbital', '200', 'mg', 'times', 'daily', 'dronabinol']",11,"['Etomidate', 'Dronabinol', 'Hexobarbital']"
"Patient: 70F. Drugs: Hexaminolevulinate 100mg after meals, Cocaine 50mg every 12 hours, Picosulfuric acid.","['Hexaminolevulinate', 'Cocaine', 'Picosulfuric acid']",0,0,none,"patient: 70f. drugs: hexaminolevulinate 100mg after meals, cocaine 50mg every 12 hours, picosulfuric acid.","['patient', '70f', 'drugs', 'hexaminolevulinate', '100', 'mg', 'meals', 'cocaine', '50', 'mg', '12', 'hours', 'picosulfuric', 'acid']",14,"['Picosulfuric acid', 'Hexaminolevulinate', 'Cocaine']"
"Patient: 55F. Drugs: Methadone, Formestane.","['Methadone', 'Formestane']",1,2,serum concentration,"patient: 55f. drugs: methadone, formestane.","['patient', '55f', 'drugs', 'methadone', 'formestane']",5,"['Formestane', 'Methadone']"
"Patient: 45F. Drugs: Lamotrigine 100mg after meals, Calcium Phosphate 500mg every 12 hours.","['Lamotrigine', 'Calcium Phosphate']",1,1,therapeutic efficacy,"patient: 45f. drugs: lamotrigine 100mg after meals, calcium phosphate 500mg every 12 hours.","['patient', '45f', 'drugs', 'lamotrigine', '100', 'mg', 'meals', 'calcium', 'phosphate', '500', 'mg', '12', 'hours']",13,"['Lamotrigine', 'Calcium Phosphate']"
"Patient: 60F. Drugs: Ethyl loflazepate 500mg every 12 hours, Fospropofol 75mg every 12 hours, Minocycline.","['Ethyl loflazepate', 'Fospropofol', 'Minocycline']",1,3,risk or severity of adverse effects,"patient: 60f. drugs: ethyl loflazepate 500mg every 12 hours, fospropofol 75mg every 12 hours, minocycline.","['patient', '60f', 'drugs', 'ethyl', 'loflazepate', '500', 'mg', '12', 'hours', 'fospropofol', '75', 'mg', '12', 'hours', 'minocycline']",15,"['Fospropofol', 'Minocycline', 'Ethyl loflazepate']"
"Patient: 33M. Drugs: Tramadol, Morphine.","['Tramadol', 'Morphine']",1,3,risk or severity of adverse effects,"patient: 33m. drugs: tramadol, morphine.","['patient', '33', 'm.', 'drugs', 'tramadol', 'morphine']",6,"['Morphine', 'Tramadol']"
"Patient: 62M. Drugs: Naftifine, Formaldehyde, Ceftriaxone.","['Naftifine', 'Formaldehyde', 'Ceftriaxone']",0,0,none,"patient: 62m. drugs: naftifine, formaldehyde, ceftriaxone.","['patient', '62', 'm.', 'drugs', 'naftifine', 'formaldehyde', 'ceftriaxone']",7,"['Ceftriaxone', 'Formaldehyde', 'Naftifine']"
"Patient: 62M. Drugs: Esmolol 200mg every 12 hours, Terazosin 25mg every 12 hours, Salmeterol.","['Esmolol', 'Terazosin', 'Salmeterol']",1,2,orthostatic hypotensive activities,"patient: 62m. drugs: esmolol 200mg every 12 hours, terazosin 25mg every 12 hours, salmeterol.","['patient', '62', 'm.', 'drugs', 'esmolol', '200', 'mg', '12', 'hours', 'terazosin', '25', 'mg', '12', 'hours', 'salmeterol']",15,"['Terazosin', 'Salmeterol', 'Esmolol']"
"Patient: 25F. Drugs: Norgestimate 25mg after meals, Empagliflozin 500mg as needed.","['Norgestimate', 'Empagliflozin']",1,1,therapeutic efficacy,"patient: 25f. drugs: norgestimate 25mg after meals, empagliflozin 500mg as needed.","['patient', '25f', 'drugs', 'norgestimate', '25', 'mg', 'meals', 'empagliflozin', '500', 'mg', 'needed']",11,"['Norgestimate', 'Empagliflozin']"
"Patient: 40M. Drugs: Clobazam, Ethosuximide 500mg twice daily, Methohexital 50mg twice daily.","['Clobazam', 'Ethosuximide', 'Methohexital']",1,3,risk or severity of adverse effects,"patient: 40m. drugs: clobazam, ethosuximide 500mg twice daily, methohexital 50mg twice daily.","['patient', '40', 'm.', 'drugs', 'clobazam', 'ethosuximide', '500', 'mg', 'twice', 'daily', 'methohexital', '50', 'mg', 'twice', 'daily']",15,"['Clobazam', 'Ethosuximide', 'Methohexital']"
"Patient: 60F. Drugs: Dinoprost Tromethamine 50mg every 12 hours, Tranilast, Demecarium 50mg once daily.","['Dinoprost Tromethamine', 'Tranilast', 'Demecarium']",1,1,therapeutic efficacy,"patient: 60f. drugs: dinoprost tromethamine 50mg every 12 hours, tranilast, demecarium 50mg once daily.","['patient', '60f', 'drugs', 'dinoprost', 'tromethamine', '50', 'mg', '12', 'hours', 'tranilast', 'demecarium', '50', 'mg', 'daily']",14,"['Tranilast', 'Dinoprost Tromethamine', 'Demecarium']"
"Patient: 75M. Drugs: Spirapril 500mg every 6 hours, Selexipag 100mg every 6 hours, Fenfluramine 50mg every 8 hours.","['Spirapril', 'Selexipag', 'Fenfluramine']",1,2,hypotensive activities,"patient: 75m. drugs: spirapril 500mg every 6 hours, selexipag 100mg every 6 hours, fenfluramine 50mg every 8 hours.","['patient', '75', 'm.', 'drugs', 'spirapril', '500', 'mg', '6', 'hours', 'selexipag', '100', 'mg', '6', 'hours', 'fenfluramine', '50', 'mg', '8', 'hours']",19,"['Spirapril', 'Selexipag', 'Fenfluramine']"
"Patient: 45F. Drugs: Nicorandil 50mg before meals, Copanlisib 25mg every 6 hours, Doxacurium chloride.","['Nicorandil', 'Copanlisib', 'Doxacurium chloride']",0,0,none,"patient: 45f. drugs: nicorandil 50mg before meals, copanlisib 25mg every 6 hours, doxacurium chloride.","['patient', '45f', 'drugs', 'nicorandil', '50', 'mg', 'meals', 'copanlisib', '25', 'mg', '6', 'hours', 'doxacurium', 'chloride']",14,"['Copanlisib', 'Doxacurium chloride', 'Nicorandil']"
"Patient: 33M. Drugs: Cefotetan 100mg as needed, Macimorelin 200mg three times daily, Vortioxetine 50mg every 6 hours.","['Cefotetan', 'Macimorelin', 'Vortioxetine']",0,0,none,"patient: 33m. drugs: cefotetan 100mg as needed, macimorelin 200mg three times daily, vortioxetine 50mg every 6 hours.","['patient', '33', 'm.', 'drugs', 'cefotetan', '100', 'mg', 'needed', 'macimorelin', '200', 'mg', 'times', 'daily', 'vortioxetine', '50', 'mg', '6', 'hours']",18,"['Vortioxetine', 'Cefotetan', 'Macimorelin']"
"Patient: 35F. Drugs: Methadone 25mg once daily, Tasimelteon 25mg every 6 hours.","['Methadone', 'Tasimelteon']",1,3,risk or severity of adverse effects,"patient: 35f. drugs: methadone 25mg once daily, tasimelteon 25mg every 6 hours.","['patient', '35f', 'drugs', 'methadone', '25', 'mg', 'daily', 'tasimelteon', '25', 'mg', '6', 'hours']",12,"['Tasimelteon', 'Methadone']"
"Patient: 52M. Drugs: Tegafur, Balsalazide, Niraparib 25mg after meals.","['Tegafur', 'Balsalazide', 'Niraparib']",0,0,none,"patient: 52m. drugs: tegafur, balsalazide, niraparib 25mg after meals.","['patient', '52', 'm.', 'drugs', 'tegafur', 'balsalazide', 'niraparib', '25', 'mg', 'meals']",10,"['Balsalazide', 'Tegafur', 'Niraparib']"
"Patient: 68M. Drugs: Fluconazole 200mg every 12 hours, Aranidipine 50mg as needed, Vitamin C.","['Fluconazole', 'Aranidipine', 'Vitamin C']",1,1,therapeutic efficacy,"patient: 68m. drugs: fluconazole 200mg every 12 hours, aranidipine 50mg as needed, vitamin c.","['patient', '68', 'm.', 'drugs', 'fluconazole', '200', 'mg', '12', 'hours', 'aranidipine', '50', 'mg', 'needed', 'vitamin', 'c.']",15,"['Fluconazole', 'Vitamin', 'Aranidipine']"
"Patient: 48F. Drugs: Venlafaxine 25mg every 8 hours, Dihydroergocristine 50mg once daily.","['Venlafaxine', 'Dihydroergocristine']",1,3,risk or severity of adverse effects,"patient: 48f. drugs: venlafaxine 25mg every 8 hours, dihydroergocristine 50mg once daily.","['patient', '48f', 'drugs', 'venlafaxine', '25', 'mg', '8', 'hours', 'dihydroergocristine', '50', 'mg', 'daily']",12,"['Dihydroergocristine', 'Venlafaxine']"
"Patient: 48F. Drugs: Benzocaine, Tolazamide 50mg once daily, Alectinib, Luliconazole.","['Benzocaine', 'Tolazamide', 'Alectinib', 'Luliconazole']",0,0,none,"patient: 48f. drugs: benzocaine, tolazamide 50mg once daily, alectinib, luliconazole.","['patient', '48f', 'drugs', 'benzocaine', 'tolazamide', '50', 'mg', 'daily', 'alectinib', 'luliconazole']",10,"['Benzocaine', 'Tolazamide', 'Luliconazole', 'Alectinib']"
"Patient: 30M. Drugs: Amoxapine, Eliglustat 500mg before meals.","['Amoxapine', 'Eliglustat']",1,2,QTc-prolonging activities,"patient: 30m. drugs: amoxapine, eliglustat 500mg before meals.","['patient', '30', 'm.', 'drugs', 'amoxapine', 'eliglustat', '500', 'mg', 'meals']",9,"['Eliglustat', 'Amoxapine']"
"Patient: 60F. Drugs: Dapsone 100mg twice daily, Efavirenz 50mg as needed, Ropivacaine.","['Dapsone', 'Efavirenz', 'Ropivacaine']",1,2,metabolism,"patient: 60f. drugs: dapsone 100mg twice daily, efavirenz 50mg as needed, ropivacaine.","['patient', '60f', 'drugs', 'dapsone', '100', 'mg', 'twice', 'daily', 'efavirenz', '50', 'mg', 'needed', 'ropivacaine']",13,"['Efavirenz', 'Ropivacaine', 'Dapsone']"
"Patient: 55F. Drugs: Cefprozil 75mg before meals, Methyldopa 25mg every 8 hours.","['Cefprozil', 'Methyldopa']",0,0,none,"patient: 55f. drugs: cefprozil 75mg before meals, methyldopa 25mg every 8 hours.","['patient', '55f', 'drugs', 'cefprozil', '75', 'mg', 'meals', 'methyldopa', '25', 'mg', '8', 'hours']",12,"['Methyldopa', 'Cefprozil']"
"Patient: 55F. Drugs: Tiapride 200mg every 8 hours, Droperidol 200mg three times daily, Limaprost 100mg twice daily, Aminoglutethimide.","['Tiapride', 'Droperidol', 'Limaprost', 'Aminoglutethimide']",1,2,central nervous system depressant (CNS depressant) activities,"patient: 55f. drugs: tiapride 200mg every 8 hours, droperidol 200mg three times daily, limaprost 100mg twice daily, aminoglutethimide.","['patient', '55f', 'drugs', 'tiapride', '200', 'mg', '8', 'hours', 'droperidol', '200', 'mg', 'times', 'daily', 'limaprost', '100', 'mg', 'twice', 'daily', 'aminoglutethimide']",19,"['Droperidol', 'Limaprost', 'Aminoglutethimide', 'Tiapride']"
"Patient: 48F. Drugs: Lasofoxifene 75mg before meals, Carbachol, Fluticasone.","['Lasofoxifene', 'Carbachol', 'Fluticasone']",0,0,none,"patient: 48f. drugs: lasofoxifene 75mg before meals, carbachol, fluticasone.","['patient', '48f', 'drugs', 'lasofoxifene', '75', 'mg', 'meals', 'carbachol', 'fluticasone']",9,"['Lasofoxifene', 'Carbachol', 'Fluticasone']"
"Patient: 52M. Drugs: Alprostadil 100mg three times daily, Bufexamac 50mg after meals.","['Alprostadil', 'Bufexamac']",1,1,therapeutic efficacy,"patient: 52m. drugs: alprostadil 100mg three times daily, bufexamac 50mg after meals.","['patient', '52', 'm.', 'drugs', 'alprostadil', '100', 'mg', 'times', 'daily', 'bufexamac', '50', 'mg', 'meals']",13,"['Bufexamac', 'Alprostadil']"
"Patient: 48F. Drugs: Butoconazole, Efonidipine.","['Butoconazole', 'Efonidipine']",1,1,therapeutic efficacy,"patient: 48f. drugs: butoconazole, efonidipine.","['patient', '48f', 'drugs', 'butoconazole', 'efonidipine']",5,"['Efonidipine', 'Butoconazole']"
"Patient: 60F. Drugs: Methyl aminolevulinate 50mg every 8 hours, Cinitapride 25mg every 6 hours, Artenimol, Ribociclib.","['Methyl aminolevulinate', 'Cinitapride', 'Artenimol', 'Ribociclib']",0,0,none,"patient: 60f. drugs: methyl aminolevulinate 50mg every 8 hours, cinitapride 25mg every 6 hours, artenimol, ribociclib.","['patient', '60f', 'drugs', 'methyl', 'aminolevulinate', '50', 'mg', '8', 'hours', 'cinitapride', '25', 'mg', '6', 'hours', 'artenimol', 'ribociclib']",16,"['Cinitapride', 'Ribociclib', 'Artenimol', 'Methyl aminolevulinate']"
"Patient: 33M. Drugs: Tiludronic acid 500mg twice daily, Resveratrol 25mg once daily, Succinylcholine 25mg three times daily.","['Tiludronic acid', 'Resveratrol', 'Succinylcholine']",1,3,risk or severity of adverse effects,"patient: 33m. drugs: tiludronic acid 500mg twice daily, resveratrol 25mg once daily, succinylcholine 25mg three times daily.","['patient', '33', 'm.', 'drugs', 'tiludronic', 'acid', '500', 'mg', 'twice', 'daily', 'resveratrol', '25', 'mg', 'daily', 'succinylcholine', '25', 'mg', 'times', 'daily']",19,"['Resveratrol', 'Tiludronic acid', 'Succinylcholine']"
"Patient: 40M. Drugs: Apalutamide 25mg every 8 hours, Furazolidone 500mg before meals, Deserpidine 50mg after meals, Apomorphine 500mg every 12 hours.","['Apalutamide', 'Furazolidone', 'Deserpidine', 'Apomorphine']",1,2,hypotensive activities,"patient: 40m. drugs: apalutamide 25mg every 8 hours, furazolidone 500mg before meals, deserpidine 50mg after meals, apomorphine 500mg every 12 hours.","['patient', '40', 'm.', 'drugs', 'apalutamide', '25', 'mg', '8', 'hours', 'furazolidone', '500', 'mg', 'meals', 'deserpidine', '50', 'mg', 'meals', 'apomorphine', '500', 'mg', '12', 'hours']",22,"['Furazolidone', 'Deserpidine', 'Apomorphine', 'Apalutamide']"
"Patient: 25F. Drugs: Lisinopril 75mg every 6 hours, Aminosalicylic Acid 500mg twice daily, Ciprofibrate 100mg every 6 hours.","['Lisinopril', 'Aminosalicylic Acid', 'Ciprofibrate']",1,1,therapeutic efficacy,"patient: 25f. drugs: lisinopril 75mg every 6 hours, aminosalicylic acid 500mg twice daily, ciprofibrate 100mg every 6 hours.","['patient', '25f', 'drugs', 'lisinopril', '75', 'mg', '6', 'hours', 'aminosalicylic', 'acid', '500', 'mg', 'twice', 'daily', 'ciprofibrate', '100', 'mg', '6', 'hours']",19,"['Ciprofibrate', 'Aminosalicylic Acid', 'Lisinopril']"
"Patient: 35F. Drugs: Potassium bicarbonate 75mg every 6 hours, Erythrityl Tetranitrate 100mg three times daily.","['Potassium bicarbonate', 'Erythrityl Tetranitrate']",0,0,none,"patient: 35f. drugs: potassium bicarbonate 75mg every 6 hours, erythrityl tetranitrate 100mg three times daily.","['patient', '35f', 'drugs', 'potassium', 'bicarbonate', '75', 'mg', '6', 'hours', 'erythrityl', 'tetranitrate', '100', 'mg', 'times', 'daily']",15,"['Erythrityl Tetranitrate', 'Potassium bicarbonate']"
"Patient: 58M. Drugs: Aminophylline 200mg every 8 hours, Delorazepam 100mg every 12 hours, Asenapine 75mg after meals.","['Aminophylline', 'Delorazepam', 'Asenapine']",1,1,therapeutic efficacy,"patient: 58m. drugs: aminophylline 200mg every 8 hours, delorazepam 100mg every 12 hours, asenapine 75mg after meals.","['patient', '58', 'm.', 'drugs', 'aminophylline', '200', 'mg', '8', 'hours', 'delorazepam', '100', 'mg', '12', 'hours', 'asenapine', '75', 'mg', 'meals']",18,"['Delorazepam', 'Asenapine', 'Aminophylline']"
"Patient: 58M. Drugs: Itraconazole, Clevidipine 50mg after meals, Oxybutynin 50mg once daily.","['Itraconazole', 'Clevidipine', 'Oxybutynin']",1,1,therapeutic efficacy,"patient: 58m. drugs: itraconazole, clevidipine 50mg after meals, oxybutynin 50mg once daily.","['patient', '58', 'm.', 'drugs', 'itraconazole', 'clevidipine', '50', 'mg', 'meals', 'oxybutynin', '50', 'mg', 'daily']",13,"['Itraconazole', 'Oxybutynin', 'Clevidipine']"
"Patient: 28F. Drugs: Acepromazine 100mg as needed, Copper.","['Acepromazine', 'Copper']",0,0,none,"patient: 28f. drugs: acepromazine 100mg as needed, copper.","['patient', '28f', 'drugs', 'acepromazine', '100', 'mg', 'needed', 'copper']",8,"['Acepromazine', 'Copper']"
"Patient: 55F. Drugs: Norethisterone 500mg as needed, Flavoxate 100mg every 8 hours, Tinidazole 50mg every 8 hours, Novobiocin.","['Norethisterone', 'Flavoxate', 'Tinidazole', 'Novobiocin']",0,0,none,"patient: 55f. drugs: norethisterone 500mg as needed, flavoxate 100mg every 8 hours, tinidazole 50mg every 8 hours, novobiocin.","['patient', '55f', 'drugs', 'norethisterone', '500', 'mg', 'needed', 'flavoxate', '100', 'mg', '8', 'hours', 'tinidazole', '50', 'mg', '8', 'hours', 'novobiocin']",18,"['Norethisterone', 'Novobiocin', 'Tinidazole', 'Flavoxate']"
"Patient: 30M. Drugs: Raloxifene, Trichlormethiazide 200mg after meals.","['Raloxifene', 'Trichlormethiazide']",0,0,none,"patient: 30m. drugs: raloxifene, trichlormethiazide 200mg after meals.","['patient', '30', 'm.', 'drugs', 'raloxifene', 'trichlormethiazide', '200', 'mg', 'meals']",9,"['Trichlormethiazide', 'Raloxifene']"
"Patient: 68M. Drugs: Teniposide 50mg every 6 hours, Nefazodone 200mg every 12 hours, Gemfibrozil 500mg every 6 hours.","['Teniposide', 'Nefazodone', 'Gemfibrozil']",1,2,metabolism,"patient: 68m. drugs: teniposide 50mg every 6 hours, nefazodone 200mg every 12 hours, gemfibrozil 500mg every 6 hours.","['patient', '68', 'm.', 'drugs', 'teniposide', '50', 'mg', '6', 'hours', 'nefazodone', '200', 'mg', '12', 'hours', 'gemfibrozil', '500', 'mg', '6', 'hours']",19,"['Gemfibrozil', 'Teniposide', 'Nefazodone']"
"Patient: 48F. Drugs: Natamycin, Bepridil, Testolactone, Deflazacort 75mg once daily.","['Natamycin', 'Bepridil', 'Testolactone', 'Deflazacort']",1,1,therapeutic efficacy,"patient: 48f. drugs: natamycin, bepridil, testolactone, deflazacort 75mg once daily.","['patient', '48f', 'drugs', 'natamycin', 'bepridil', 'testolactone', 'deflazacort', '75', 'mg', 'daily']",10,"['Testolactone', 'Deflazacort', 'Bepridil', 'Natamycin']"
"Patient: 30M. Drugs: Trimethobenzamide 50mg three times daily, Clavulanate 200mg every 8 hours.","['Trimethobenzamide', 'Clavulanate']",0,0,none,"patient: 30m. drugs: trimethobenzamide 50mg three times daily, clavulanate 200mg every 8 hours.","['patient', '30', 'm.', 'drugs', 'trimethobenzamide', '50', 'mg', 'times', 'daily', 'clavulanate', '200', 'mg', '8', 'hours']",14,"['Clavulanate', 'Trimethobenzamide']"
"Patient: 75M. Drugs: Dantrolene 50mg twice daily, Lofexidine 200mg once daily, Cephalexin 500mg three times daily.","['Dantrolene', 'Lofexidine', 'Cephalexin']",1,1,therapeutic efficacy,"patient: 75m. drugs: dantrolene 50mg twice daily, lofexidine 200mg once daily, cephalexin 500mg three times daily.","['patient', '75', 'm.', 'drugs', 'dantrolene', '50', 'mg', 'twice', 'daily', 'lofexidine', '200', 'mg', 'daily', 'cephalexin', '500', 'mg', 'times', 'daily']",18,"['Cephalexin', 'Dantrolene', 'Lofexidine']"
"Patient: 75M. Drugs: Repaglinide 50mg every 12 hours, Linagliptin 25mg every 6 hours.","['Repaglinide', 'Linagliptin']",1,2,hypoglycemic activities,"patient: 75m. drugs: repaglinide 50mg every 12 hours, linagliptin 25mg every 6 hours.","['patient', '75', 'm.', 'drugs', 'repaglinide', '50', 'mg', '12', 'hours', 'linagliptin', '25', 'mg', '6', 'hours']",14,"['Linagliptin', 'Repaglinide']"
"Patient: 52M. Drugs: Epinastine 500mg every 12 hours, Fesoterodine.","['Epinastine', 'Fesoterodine']",1,2,serum concentration of active metabolites,"patient: 52m. drugs: epinastine 500mg every 12 hours, fesoterodine.","['patient', '52', 'm.', 'drugs', 'epinastine', '500', 'mg', '12', 'hours', 'fesoterodine']",10,"['Epinastine', 'Fesoterodine']"
"Patient: 35F. Drugs: Pregabalin 500mg once daily, Phenytoin.","['Pregabalin', 'Phenytoin']",1,1,therapeutic efficacy,"patient: 35f. drugs: pregabalin 500mg once daily, phenytoin.","['patient', '35f', 'drugs', 'pregabalin', '500', 'mg', 'daily', 'phenytoin']",8,"['Pregabalin', 'Phenytoin']"
"Patient: 62M. Drugs: Pentobarbital 50mg three times daily, Polythiazide, Mefloquine 200mg after meals.","['Pentobarbital', 'Polythiazide', 'Mefloquine']",1,2,orthostatic hypotensive activities,"patient: 62m. drugs: pentobarbital 50mg three times daily, polythiazide, mefloquine 200mg after meals.","['patient', '62', 'm.', 'drugs', 'pentobarbital', '50', 'mg', 'times', 'daily', 'polythiazide', 'mefloquine', '200', 'mg', 'meals']",14,"['Mefloquine', 'Pentobarbital', 'Polythiazide']"
"Patient: 40M. Drugs: Ketoconazole 25mg before meals, Aranidipine 75mg as needed.","['Ketoconazole', 'Aranidipine']",1,1,therapeutic efficacy,"patient: 40m. drugs: ketoconazole 25mg before meals, aranidipine 75mg as needed.","['patient', '40', 'm.', 'drugs', 'ketoconazole', '25', 'mg', 'meals', 'aranidipine', '75', 'mg', 'needed']",12,"['Ketoconazole', 'Aranidipine']"
"Patient: 60F. Drugs: Dinoprost Tromethamine 50mg every 12 hours, Tranilast, Demecarium 50mg once daily.","['Dinoprost Tromethamine', 'Tranilast', 'Demecarium']",1,1,therapeutic efficacy,"patient: 60f. drugs: dinoprost tromethamine 50mg every 12 hours, tranilast, demecarium 50mg once daily.","['patient', '60f', 'drugs', 'dinoprost', 'tromethamine', '50', 'mg', '12', 'hours', 'tranilast', 'demecarium', '50', 'mg', 'daily']",14,"['Tranilast', 'Dinoprost Tromethamine', 'Demecarium']"
"Patient: 45F. Drugs: Sevoflurane 25mg twice daily, Bosutinib 75mg twice daily, Miglustat 100mg every 8 hours.","['Sevoflurane', 'Bosutinib', 'Miglustat']",0,0,none,"patient: 45f. drugs: sevoflurane 25mg twice daily, bosutinib 75mg twice daily, miglustat 100mg every 8 hours.","['patient', '45f', 'drugs', 'sevoflurane', '25', 'mg', 'twice', 'daily', 'bosutinib', '75', 'mg', 'twice', 'daily', 'miglustat', '100', 'mg', '8', 'hours']",18,"['Bosutinib', 'Sevoflurane', 'Miglustat']"
"Patient: 58M. Drugs: Rifaximin 50mg as needed, Nitric Oxide, Clotiazepam.","['Rifaximin', 'Nitric Oxide', 'Clotiazepam']",0,0,none,"patient: 58m. drugs: rifaximin 50mg as needed, nitric oxide, clotiazepam.","['patient', '58', 'm.', 'drugs', 'rifaximin', '50', 'mg', 'needed', 'nitric', 'oxide', 'clotiazepam']",11,"['Rifaximin', 'Nitric Oxide', 'Clotiazepam']"
"Patient: 28F. Drugs: Nabilone 100mg every 6 hours, Tiapride 25mg after meals.","['Nabilone', 'Tiapride']",1,2,central nervous system depressant (CNS depressant) activities,"patient: 28f. drugs: nabilone 100mg every 6 hours, tiapride 25mg after meals.","['patient', '28f', 'drugs', 'nabilone', '100', 'mg', '6', 'hours', 'tiapride', '25', 'mg', 'meals']",12,"['Tiapride', 'Nabilone']"
"Patient: 30M. Drugs: Bimatoprost 100mg before meals, Benzydamine.","['Bimatoprost', 'Benzydamine']",1,1,therapeutic efficacy,"patient: 30m. drugs: bimatoprost 100mg before meals, benzydamine.","['patient', '30', 'm.', 'drugs', 'bimatoprost', '100', 'mg', 'meals', 'benzydamine']",9,"['Benzydamine', 'Bimatoprost']"
"Patient: 33M. Drugs: Tetracycline 200mg as needed, Pivmecillinam 500mg every 12 hours.","['Tetracycline', 'Pivmecillinam']",1,1,therapeutic efficacy,"patient: 33m. drugs: tetracycline 200mg as needed, pivmecillinam 500mg every 12 hours.","['patient', '33', 'm.', 'drugs', 'tetracycline', '200', 'mg', 'needed', 'pivmecillinam', '500', 'mg', '12', 'hours']",13,"['Tetracycline', 'Pivmecillinam']"
"Patient: 58M. Drugs: Rofecoxib 100mg before meals, Activated charcoal.","['Rofecoxib', 'Activated charcoal']",0,0,none,"patient: 58m. drugs: rofecoxib 100mg before meals, activated charcoal.","['patient', '58', 'm.', 'drugs', 'rofecoxib', '100', 'mg', 'meals', 'activated', 'charcoal']",10,"['Activated charcoal', 'Rofecoxib']"
"Patient: 28F. Drugs: Gatifloxacin 25mg as needed, Benzatropine 25mg every 12 hours, Trimebutine 25mg before meals, Rosiglitazone 200mg every 8 hours.","['Gatifloxacin', 'Benzatropine', 'Trimebutine', 'Rosiglitazone']",1,2,hypoglycemic activities,"patient: 28f. drugs: gatifloxacin 25mg as needed, benzatropine 25mg every 12 hours, trimebutine 25mg before meals, rosiglitazone 200mg every 8 hours.","['patient', '28f', 'drugs', 'gatifloxacin', '25', 'mg', 'needed', 'benzatropine', '25', 'mg', '12', 'hours', 'trimebutine', '25', 'mg', 'meals', 'rosiglitazone', '200', 'mg', '8', 'hours']",21,"['Rosiglitazone', 'Gatifloxacin', 'Trimebutine', 'Benzatropine']"
"Patient: 30M. Drugs: Zopiclone 100mg every 8 hours, Flumazenil, Colistimethate 500mg every 12 hours.","['Zopiclone', 'Flumazenil', 'Colistimethate']",1,2,sedative activities,"patient: 30m. drugs: zopiclone 100mg every 8 hours, flumazenil, colistimethate 500mg every 12 hours.","['patient', '30', 'm.', 'drugs', 'zopiclone', '100', 'mg', '8', 'hours', 'flumazenil', 'colistimethate', '500', 'mg', '12', 'hours']",15,"['Zopiclone', 'Colistimethate', 'Flumazenil']"
"Patient: 75M. Drugs: Clotrimazole, Nepafenac 200mg as needed, Silodosin, Ezetimibe 200mg after meals.","['Clotrimazole', 'Nepafenac', 'Silodosin', 'Ezetimibe']",1,2,serum concentration,"patient: 75m. drugs: clotrimazole, nepafenac 200mg as needed, silodosin, ezetimibe 200mg after meals.","['patient', '75', 'm.', 'drugs', 'clotrimazole', 'nepafenac', '200', 'mg', 'needed', 'silodosin', 'ezetimibe', '200', 'mg', 'meals']",14,"['Silodosin', 'Ezetimibe', 'Clotrimazole', 'Nepafenac']"
"Patient: 52M. Drugs: Isosorbide Dinitrate 25mg every 6 hours, Fluorouracil 50mg three times daily, Labetalol 500mg once daily, Desvenlafaxine 50mg once daily.","['Isosorbide Dinitrate', 'Fluorouracil', 'Labetalol', 'Desvenlafaxine']",1,3,risk or severity of adverse effects,"patient: 52m. drugs: isosorbide dinitrate 25mg every 6 hours, fluorouracil 50mg three times daily, labetalol 500mg once daily, desvenlafaxine 50mg once daily.","['patient', '52', 'm.', 'drugs', 'isosorbide', 'dinitrate', '25', 'mg', '6', 'hours', 'fluorouracil', '50', 'mg', 'times', 'daily', 'labetalol', '500', 'mg', 'daily', 'desvenlafaxine', '50', 'mg', 'daily']",23,"['Isosorbide Dinitrate', 'Fluorouracil', 'Labetalol', 'Desvenlafaxine']"
"Patient: 60F. Drugs: Decitabine, Rimonabant 75mg three times daily, Esmolol 200mg as needed, Succinylcholine.","['Decitabine', 'Rimonabant', 'Esmolol', 'Succinylcholine']",0,0,none,"patient: 60f. drugs: decitabine, rimonabant 75mg three times daily, esmolol 200mg as needed, succinylcholine.","['patient', '60f', 'drugs', 'decitabine', 'rimonabant', '75', 'mg', 'times', 'daily', 'esmolol', '200', 'mg', 'needed', 'succinylcholine']",14,"['Rimonabant', 'Decitabine', 'Esmolol', 'Succinylcholine']"
"Patient: 48F. Drugs: Oxybuprocaine 100mg every 8 hours, Fenoldopam 200mg every 8 hours, Latamoxef, Chenodeoxycholic acid.","['Oxybuprocaine', 'Fenoldopam', 'Latamoxef', 'Chenodeoxycholic acid']",0,0,none,"patient: 48f. drugs: oxybuprocaine 100mg every 8 hours, fenoldopam 200mg every 8 hours, latamoxef, chenodeoxycholic acid.","['patient', '48f', 'drugs', 'oxybuprocaine', '100', 'mg', '8', 'hours', 'fenoldopam', '200', 'mg', '8', 'hours', 'latamoxef', 'chenodeoxycholic', 'acid']",16,"['Chenodeoxycholic acid', 'Oxybuprocaine', 'Latamoxef', 'Fenoldopam']"
"Patient: 55F. Drugs: Antipyrine 75mg before meals, Piretanide, Pholcodine 50mg three times daily.","['Antipyrine', 'Piretanide', 'Pholcodine']",1,1,therapeutic efficacy,"patient: 55f. drugs: antipyrine 75mg before meals, piretanide, pholcodine 50mg three times daily.","['patient', '55f', 'drugs', 'antipyrine', '75', 'mg', 'meals', 'piretanide', 'pholcodine', '50', 'mg', 'times', 'daily']",13,"['Antipyrine', 'Piretanide', 'Pholcodine']"
"Patient: 52M. Drugs: Malathion, Piroxicam 500mg every 12 hours.","['Malathion', 'Piroxicam']",0,0,none,"patient: 52m. drugs: malathion, piroxicam 500mg every 12 hours.","['patient', '52', 'm.', 'drugs', 'malathion', 'piroxicam', '500', 'mg', '12', 'hours']",10,"['Malathion', 'Piroxicam']"
"Patient: 35F. Drugs: Dinoprost Tromethamine 500mg after meals, Nafamostat 50mg every 6 hours.","['Dinoprost Tromethamine', 'Nafamostat']",1,1,therapeutic efficacy,"patient: 35f. drugs: dinoprost tromethamine 500mg after meals, nafamostat 50mg every 6 hours.","['patient', '35f', 'drugs', 'dinoprost', 'tromethamine', '500', 'mg', 'meals', 'nafamostat', '50', 'mg', '6', 'hours']",13,"['Nafamostat', 'Dinoprost Tromethamine']"
"Patient: 60F. Drugs: Ticlopidine 25mg once daily, Neratinib 25mg three times daily.","['Ticlopidine', 'Neratinib']",1,2,metabolism,"patient: 60f. drugs: ticlopidine 25mg once daily, neratinib 25mg three times daily.","['patient', '60f', 'drugs', 'ticlopidine', '25', 'mg', 'daily', 'neratinib', '25', 'mg', 'times', 'daily']",12,"['Ticlopidine', 'Neratinib']"
"Patient: 62M. Drugs: Dinoprost Tromethamine, Sulconazole 500mg after meals.","['Dinoprost Tromethamine', 'Sulconazole']",0,0,none,"patient: 62m. drugs: dinoprost tromethamine, sulconazole 500mg after meals.","['patient', '62', 'm.', 'drugs', 'dinoprost', 'tromethamine', 'sulconazole', '500', 'mg', 'meals']",10,"['Dinoprost Tromethamine', 'Sulconazole']"
"Patient: 58M. Drugs: Sevelamer 25mg every 12 hours, Gemeprost 50mg as needed.","['Sevelamer', 'Gemeprost']",0,0,none,"patient: 58m. drugs: sevelamer 25mg every 12 hours, gemeprost 50mg as needed.","['patient', '58', 'm.', 'drugs', 'sevelamer', '25', 'mg', '12', 'hours', 'gemeprost', '50', 'mg', 'needed']",13,"['Gemeprost', 'Sevelamer']"
"Patient: 45F. Drugs: Goserelin 75mg every 8 hours, Physostigmine 75mg once daily, Tolterodine 75mg every 6 hours.","['Goserelin', 'Physostigmine', 'Tolterodine']",1,2,QTc-prolonging activities,"patient: 45f. drugs: goserelin 75mg every 8 hours, physostigmine 75mg once daily, tolterodine 75mg every 6 hours.","['patient', '45f', 'drugs', 'goserelin', '75', 'mg', '8', 'hours', 'physostigmine', '75', 'mg', 'daily', 'tolterodine', '75', 'mg', '6', 'hours']",17,"['Goserelin', 'Physostigmine', 'Tolterodine']"
"Patient: 52M. Drugs: Ciclesonide 25mg after meals, Antipyrine 200mg every 12 hours, Fluconazole 75mg once daily.","['Ciclesonide', 'Antipyrine', 'Fluconazole']",1,3,risk or severity of adverse effects,"patient: 52m. drugs: ciclesonide 25mg after meals, antipyrine 200mg every 12 hours, fluconazole 75mg once daily.","['patient', '52', 'm.', 'drugs', 'ciclesonide', '25', 'mg', 'meals', 'antipyrine', '200', 'mg', '12', 'hours', 'fluconazole', '75', 'mg', 'daily']",17,"['Fluconazole', 'Ciclesonide', 'Antipyrine']"
"Patient: 58M. Drugs: Canagliflozin 25mg every 6 hours, Bisacodyl 500mg three times daily, Diflunisal 75mg as needed, Amodiaquine 50mg before meals.","['Canagliflozin', 'Bisacodyl', 'Diflunisal', 'Amodiaquine']",1,2,hypoglycemic activities,"patient: 58m. drugs: canagliflozin 25mg every 6 hours, bisacodyl 500mg three times daily, diflunisal 75mg as needed, amodiaquine 50mg before meals.","['patient', '58', 'm.', 'drugs', 'canagliflozin', '25', 'mg', '6', 'hours', 'bisacodyl', '500', 'mg', 'times', 'daily', 'diflunisal', '75', 'mg', 'needed', 'amodiaquine', '50', 'mg', 'meals']",22,"['Diflunisal', 'Canagliflozin', 'Amodiaquine', 'Bisacodyl']"
"Patient: 33M. Drugs: Hydroflumethiazide, Eflornithine 50mg every 12 hours, Nepafenac 500mg before meals.","['Hydroflumethiazide', 'Eflornithine', 'Nepafenac']",1,1,therapeutic efficacy,"patient: 33m. drugs: hydroflumethiazide, eflornithine 50mg every 12 hours, nepafenac 500mg before meals.","['patient', '33', 'm.', 'drugs', 'hydroflumethiazide', 'eflornithine', '50', 'mg', '12', 'hours', 'nepafenac', '500', 'mg', 'meals']",14,"['Hydroflumethiazide', 'Eflornithine', 'Nepafenac']"
"Patient: 40M. Drugs: Quinethazone 500mg every 12 hours, Pethidine, Aprepitant 25mg every 12 hours.","['Quinethazone', 'Pethidine', 'Aprepitant']",1,3,risk or severity of adverse effects,"patient: 40m. drugs: quinethazone 500mg every 12 hours, pethidine, aprepitant 25mg every 12 hours.","['patient', '40', 'm.', 'drugs', 'quinethazone', '500', 'mg', '12', 'hours', 'pethidine', 'aprepitant', '25', 'mg', '12', 'hours']",15,"['Aprepitant', 'Quinethazone', 'Pethidine']"
"Patient: 40M. Drugs: Lercanidipine 100mg every 8 hours, Roflumilast 100mg twice daily, Phenindamine 500mg three times daily.","['Lercanidipine', 'Roflumilast', 'Phenindamine']",0,0,none,"patient: 40m. drugs: lercanidipine 100mg every 8 hours, roflumilast 100mg twice daily, phenindamine 500mg three times daily.","['patient', '40', 'm.', 'drugs', 'lercanidipine', '100', 'mg', '8', 'hours', 'roflumilast', '100', 'mg', 'twice', 'daily', 'phenindamine', '500', 'mg', 'times', 'daily']",19,"['Lercanidipine', 'Roflumilast', 'Phenindamine']"
"Patient: 75M. Drugs: Methohexital 500mg after meals, Thiothixene 75mg once daily, Praziquantel 100mg every 12 hours.","['Methohexital', 'Thiothixene', 'Praziquantel']",1,3,risk or severity of adverse effects,"patient: 75m. drugs: methohexital 500mg after meals, thiothixene 75mg once daily, praziquantel 100mg every 12 hours.","['patient', '75', 'm.', 'drugs', 'methohexital', '500', 'mg', 'meals', 'thiothixene', '75', 'mg', 'daily', 'praziquantel', '100', 'mg', '12', 'hours']",17,"['Methohexital', 'Thiothixene', 'Praziquantel']"
"Patient: 58M. Drugs: Ebastine 200mg every 12 hours, Tretinoin 75mg every 12 hours, Ticarcillin.","['Ebastine', 'Tretinoin', 'Ticarcillin']",0,0,none,"patient: 58m. drugs: ebastine 200mg every 12 hours, tretinoin 75mg every 12 hours, ticarcillin.","['patient', '58', 'm.', 'drugs', 'ebastine', '200', 'mg', '12', 'hours', 'tretinoin', '75', 'mg', '12', 'hours', 'ticarcillin']",15,"['Ebastine', 'Tretinoin', 'Ticarcillin']"
"Patient: 33M. Drugs: Oxyphenbutazone 200mg every 12 hours, Dinoprost.","['Oxyphenbutazone', 'Dinoprost']",1,1,therapeutic efficacy,"patient: 33m. drugs: oxyphenbutazone 200mg every 12 hours, dinoprost.","['patient', '33', 'm.', 'drugs', 'oxyphenbutazone', '200', 'mg', '12', 'hours', 'dinoprost']",10,"['Oxyphenbutazone', 'Dinoprost']"
"Patient: 33M. Drugs: Tetracycline 200mg as needed, Pivmecillinam 500mg every 12 hours.","['Tetracycline', 'Pivmecillinam']",1,1,therapeutic efficacy,"patient: 33m. drugs: tetracycline 200mg as needed, pivmecillinam 500mg every 12 hours.","['patient', '33', 'm.', 'drugs', 'tetracycline', '200', 'mg', 'needed', 'pivmecillinam', '500', 'mg', '12', 'hours']",13,"['Tetracycline', 'Pivmecillinam']"
"Patient: 68M. Drugs: Perflubutane 500mg as needed, Sulfamethoxazole, Methdilazine 200mg every 12 hours.","['Perflubutane', 'Sulfamethoxazole', 'Methdilazine']",0,0,none,"patient: 68m. drugs: perflubutane 500mg as needed, sulfamethoxazole, methdilazine 200mg every 12 hours.","['patient', '68', 'm.', 'drugs', 'perflubutane', '500', 'mg', 'needed', 'sulfamethoxazole', 'methdilazine', '200', 'mg', '12', 'hours']",14,"['Perflubutane', 'Sulfamethoxazole', 'Methdilazine']"
"Patient: 40M. Drugs: Lipoic Acid 100mg twice daily, Thalidomide, Fosphenytoin 75mg before meals, Acetyldigitoxin 500mg every 6 hours.","['Lipoic Acid', 'Thalidomide', 'Fosphenytoin', 'Acetyldigitoxin']",1,2,central nervous system depressant (CNS depressant) activities,"patient: 40m. drugs: lipoic acid 100mg twice daily, thalidomide, fosphenytoin 75mg before meals, acetyldigitoxin 500mg every 6 hours.","['patient', '40', 'm.', 'drugs', 'lipoic', 'acid', '100', 'mg', 'twice', 'daily', 'thalidomide', 'fosphenytoin', '75', 'mg', 'meals', 'acetyldigitoxin', '500', 'mg', '6', 'hours']",20,"['Lipoic Acid', 'Acetyldigitoxin', 'Thalidomide', 'Fosphenytoin']"
"Patient: 35F. Drugs: Boceprevir 100mg before meals, Testosterone cypionate 200mg twice daily, Thalidomide 25mg every 6 hours.","['Boceprevir', 'Testosterone cypionate', 'Thalidomide']",1,2,metabolism,"patient: 35f. drugs: boceprevir 100mg before meals, testosterone cypionate 200mg twice daily, thalidomide 25mg every 6 hours.","['patient', '35f', 'drugs', 'boceprevir', '100', 'mg', 'meals', 'testosterone', 'cypionate', '200', 'mg', 'twice', 'daily', 'thalidomide', '25', 'mg', '6', 'hours']",18,"['Boceprevir', 'Testosterone cypionate', 'Thalidomide']"
"Patient: 35F. Drugs: Alizapride 100mg twice daily, Griseofulvin 500mg twice daily, Minaprine 100mg once daily.","['Alizapride', 'Griseofulvin', 'Minaprine']",0,0,none,"patient: 35f. drugs: alizapride 100mg twice daily, griseofulvin 500mg twice daily, minaprine 100mg once daily.","['patient', '35f', 'drugs', 'alizapride', '100', 'mg', 'twice', 'daily', 'griseofulvin', '500', 'mg', 'twice', 'daily', 'minaprine', '100', 'mg', 'daily']",17,"['Minaprine', 'Griseofulvin', 'Alizapride']"
"Patient: 30M. Drugs: Bromazepam 75mg every 6 hours, Lymecycline 200mg once daily, Meloxicam 75mg before meals, Sodium glycerophosphate 50mg every 6 hours.","['Bromazepam', 'Lymecycline', 'Meloxicam', 'Sodium glycerophosphate']",0,0,none,"patient: 30m. drugs: bromazepam 75mg every 6 hours, lymecycline 200mg once daily, meloxicam 75mg before meals, sodium glycerophosphate 50mg every 6 hours.","['patient', '30', 'm.', 'drugs', 'bromazepam', '75', 'mg', '6', 'hours', 'lymecycline', '200', 'mg', 'daily', 'meloxicam', '75', 'mg', 'meals', 'sodium', 'glycerophosphate', '50', 'mg', '6', 'hours']",23,"['Sodium glycerophosphate', 'Lymecycline', 'Bromazepam', 'Meloxicam']"
"Patient: 75M. Drugs: Clonazepam 500mg every 6 hours, Acetyl sulfisoxazole, Succinylcholine 100mg every 6 hours.","['Clonazepam', 'Acetyl sulfisoxazole', 'Succinylcholine']",1,2,metabolism,"patient: 75m. drugs: clonazepam 500mg every 6 hours, acetyl sulfisoxazole, succinylcholine 100mg every 6 hours.","['patient', '75', 'm.', 'drugs', 'clonazepam', '500', 'mg', '6', 'hours', 'acetyl', 'sulfisoxazole', 'succinylcholine', '100', 'mg', '6', 'hours']",16,"['Clonazepam', 'Acetyl sulfisoxazole', 'Succinylcholine']"
"Patient: 30M. Drugs: Bimatoprost 100mg before meals, Benzydamine.","['Bimatoprost', 'Benzydamine']",1,1,therapeutic efficacy,"patient: 30m. drugs: bimatoprost 100mg before meals, benzydamine.","['patient', '30', 'm.', 'drugs', 'bimatoprost', '100', 'mg', 'meals', 'benzydamine']",9,"['Benzydamine', 'Bimatoprost']"
"Patient: 60F. Drugs: Alprazolam, Carprofen 100mg every 6 hours, Butorphanol 200mg as needed, Dyphylline 50mg every 12 hours.","['Alprazolam', 'Carprofen', 'Butorphanol', 'Dyphylline']",1,3,risk or severity of adverse effects,"patient: 60f. drugs: alprazolam, carprofen 100mg every 6 hours, butorphanol 200mg as needed, dyphylline 50mg every 12 hours.","['patient', '60f', 'drugs', 'alprazolam', 'carprofen', '100', 'mg', '6', 'hours', 'butorphanol', '200', 'mg', 'needed', 'dyphylline', '50', 'mg', '12', 'hours']",18,"['Dyphylline', 'Alprazolam', 'Carprofen', 'Butorphanol']"
"Patient: 40M. Drugs: Estrone sulfate 100mg every 8 hours, Magaldrate.","['Estrone sulfate', 'Magaldrate']",1,2,bioavailability,"patient: 40m. drugs: estrone sulfate 100mg every 8 hours, magaldrate.","['patient', '40', 'm.', 'drugs', 'estrone', 'sulfate', '100', 'mg', '8', 'hours', 'magaldrate']",11,"['Magaldrate', 'Estrone sulfate']"
"Patient: 75M. Drugs: Temocillin, Doconexent 100mg every 12 hours, Gluconic Acid 200mg every 6 hours.","['Temocillin', 'Doconexent', 'Gluconic Acid']",0,0,none,"patient: 75m. drugs: temocillin, doconexent 100mg every 12 hours, gluconic acid 200mg every 6 hours.","['patient', '75', 'm.', 'drugs', 'temocillin', 'doconexent', '100', 'mg', '12', 'hours', 'gluconic', 'acid', '200', 'mg', '6', 'hours']",16,"['Doconexent', 'Gluconic Acid', 'Temocillin']"
"Patient: 28F. Drugs: Quinethazone 75mg before meals, Empagliflozin 500mg every 8 hours.","['Quinethazone', 'Empagliflozin']",1,1,therapeutic efficacy,"patient: 28f. drugs: quinethazone 75mg before meals, empagliflozin 500mg every 8 hours.","['patient', '28f', 'drugs', 'quinethazone', '75', 'mg', 'meals', 'empagliflozin', '500', 'mg', '8', 'hours']",12,"['Quinethazone', 'Empagliflozin']"
"Patient: 58M. Drugs: Micafungin 100mg three times daily, Methysergide 100mg three times daily, Bepridil, Nalbuphine 500mg once daily.","['Micafungin', 'Methysergide', 'Bepridil', 'Nalbuphine']",1,1,therapeutic efficacy,"patient: 58m. drugs: micafungin 100mg three times daily, methysergide 100mg three times daily, bepridil, nalbuphine 500mg once daily.","['patient', '58', 'm.', 'drugs', 'micafungin', '100', 'mg', 'times', 'daily', 'methysergide', '100', 'mg', 'times', 'daily', 'bepridil', 'nalbuphine', '500', 'mg', 'daily']",19,"['Micafungin', 'Nalbuphine', 'Bepridil', 'Methysergide']"
"Patient: 52M. Drugs: Goserelin 100mg before meals, Felodipine.","['Goserelin', 'Felodipine']",0,0,none,"patient: 52m. drugs: goserelin 100mg before meals, felodipine.","['patient', '52', 'm.', 'drugs', 'goserelin', '100', 'mg', 'meals', 'felodipine']",9,"['Goserelin', 'Felodipine']"
"Patient: 52M. Drugs: Malathion, Piroxicam 500mg every 12 hours.","['Malathion', 'Piroxicam']",0,0,none,"patient: 52m. drugs: malathion, piroxicam 500mg every 12 hours.","['patient', '52', 'm.', 'drugs', 'malathion', 'piroxicam', '500', 'mg', '12', 'hours']",10,"['Malathion', 'Piroxicam']"
"Patient: 48F. Drugs: Axitinib, Pancuronium 25mg before meals, Sodium stibogluconate 75mg twice daily.","['Axitinib', 'Pancuronium', 'Sodium stibogluconate']",0,0,none,"patient: 48f. drugs: axitinib, pancuronium 25mg before meals, sodium stibogluconate 75mg twice daily.","['patient', '48f', 'drugs', 'axitinib', 'pancuronium', '25', 'mg', 'meals', 'sodium', 'stibogluconate', '75', 'mg', 'twice', 'daily']",14,"['Axitinib', 'Pancuronium', 'Sodium stibogluconate']"
"Patient: 60F. Drugs: Abemaciclib 500mg once daily, Vorapaxar, Lisuride 50mg every 12 hours.","['Abemaciclib', 'Vorapaxar', 'Lisuride']",0,0,none,"patient: 60f. drugs: abemaciclib 500mg once daily, vorapaxar, lisuride 50mg every 12 hours.","['patient', '60f', 'drugs', 'abemaciclib', '500', 'mg', 'daily', 'vorapaxar', 'lisuride', '50', 'mg', '12', 'hours']",13,"['Lisuride', 'Vorapaxar', 'Abemaciclib']"
"Patient: 45F. Drugs: Methylprednisolone 500mg twice daily, Testosterone cypionate 500mg every 8 hours, Progesterone 75mg after meals.","['Methylprednisolone', 'Testosterone cypionate', 'Progesterone']",1,3,risk or severity of edema formation,"patient: 45f. drugs: methylprednisolone 500mg twice daily, testosterone cypionate 500mg every 8 hours, progesterone 75mg after meals.","['patient', '45f', 'drugs', 'methylprednisolone', '500', 'mg', 'twice', 'daily', 'testosterone', 'cypionate', '500', 'mg', '8', 'hours', 'progesterone', '75', 'mg', 'meals']",18,"['Testosterone cypionate', 'Progesterone', 'Methylprednisolone']"
"Patient: 60F. Drugs: Hydromorphone 25mg every 8 hours, Lurasidone 25mg every 12 hours.","['Hydromorphone', 'Lurasidone']",1,3,risk or severity of adverse effects,"patient: 60f. drugs: hydromorphone 25mg every 8 hours, lurasidone 25mg every 12 hours.","['patient', '60f', 'drugs', 'hydromorphone', '25', 'mg', '8', 'hours', 'lurasidone', '25', 'mg', '12', 'hours']",13,"['Lurasidone', 'Hydromorphone']"
"Patient: 70F. Drugs: Butorphanol, Estazolam 100mg once daily, Tolbutamide.","['Butorphanol', 'Estazolam', 'Tolbutamide']",1,3,risk or severity of adverse effects,"patient: 70f. drugs: butorphanol, estazolam 100mg once daily, tolbutamide.","['patient', '70f', 'drugs', 'butorphanol', 'estazolam', '100', 'mg', 'daily', 'tolbutamide']",9,"['Tolbutamide', 'Estazolam', 'Butorphanol']"
"Patient: 70F. Drugs: Buprenorphine 100mg once daily, Dexlansoprazole, Tafluprost 50mg every 8 hours.","['Buprenorphine', 'Dexlansoprazole', 'Tafluprost']",0,0,none,"patient: 70f. drugs: buprenorphine 100mg once daily, dexlansoprazole, tafluprost 50mg every 8 hours.","['patient', '70f', 'drugs', 'buprenorphine', '100', 'mg', 'daily', 'dexlansoprazole', 'tafluprost', '50', 'mg', '8', 'hours']",13,"['Dexlansoprazole', 'Tafluprost', 'Buprenorphine']"
"Patient: 25F. Drugs: Tropicamide 25mg twice daily, Metoclopramide 75mg once daily.","['Tropicamide', 'Metoclopramide']",1,1,therapeutic efficacy,"patient: 25f. drugs: tropicamide 25mg twice daily, metoclopramide 75mg once daily.","['patient', '25f', 'drugs', 'tropicamide', '25', 'mg', 'twice', 'daily', 'metoclopramide', '75', 'mg', 'daily']",12,"['Tropicamide', 'Metoclopramide']"
"Patient: 75M. Drugs: Hydrocodone 75mg as needed, Isavuconazonium 100mg as needed, Magaldrate 75mg before meals.","['Hydrocodone', 'Isavuconazonium', 'Magaldrate']",1,2,serum concentration,"patient: 75m. drugs: hydrocodone 75mg as needed, isavuconazonium 100mg as needed, magaldrate 75mg before meals.","['patient', '75', 'm.', 'drugs', 'hydrocodone', '75', 'mg', 'needed', 'isavuconazonium', '100', 'mg', 'needed', 'magaldrate', '75', 'mg', 'meals']",16,"['Hydrocodone', 'Magaldrate', 'Isavuconazonium']"
"Patient: 55F. Drugs: Bupivacaine, Mestranol, Phenyl aminosalicylate.","['Bupivacaine', 'Mestranol', 'Phenyl aminosalicylate']",0,0,none,"patient: 55f. drugs: bupivacaine, mestranol, phenyl aminosalicylate.","['patient', '55f', 'drugs', 'bupivacaine', 'mestranol', 'phenyl', 'aminosalicylate']",7,"['Bupivacaine', 'Phenyl aminosalicylate', 'Mestranol']"
"Patient: 25F. Drugs: Deferiprone 500mg before meals, Arbekacin 75mg every 8 hours.","['Deferiprone', 'Arbekacin']",0,0,none,"patient: 25f. drugs: deferiprone 500mg before meals, arbekacin 75mg every 8 hours.","['patient', '25f', 'drugs', 'deferiprone', '500', 'mg', 'meals', 'arbekacin', '75', 'mg', '8', 'hours']",12,"['Arbekacin', 'Deferiprone']"
"Patient: 68M. Drugs: Mesalazine 500mg three times daily, Alimemazine 25mg every 12 hours, Piretanide.","['Mesalazine', 'Alimemazine', 'Piretanide']",1,1,therapeutic efficacy,"patient: 68m. drugs: mesalazine 500mg three times daily, alimemazine 25mg every 12 hours, piretanide.","['patient', '68', 'm.', 'drugs', 'mesalazine', '500', 'mg', 'times', 'daily', 'alimemazine', '25', 'mg', '12', 'hours', 'piretanide']",15,"['Mesalazine', 'Piretanide', 'Alimemazine']"
"Patient: 75M. Drugs: Azidocillin 75mg twice daily, Formoterol 500mg twice daily, Cisatracurium 200mg after meals, Ioversol.","['Azidocillin', 'Formoterol', 'Cisatracurium', 'Ioversol']",0,0,none,"patient: 75m. drugs: azidocillin 75mg twice daily, formoterol 500mg twice daily, cisatracurium 200mg after meals, ioversol.","['patient', '75', 'm.', 'drugs', 'azidocillin', '75', 'mg', 'twice', 'daily', 'formoterol', '500', 'mg', 'twice', 'daily', 'cisatracurium', '200', 'mg', 'meals', 'ioversol']",19,"['Formoterol', 'Cisatracurium', 'Azidocillin', 'Ioversol']"
"Patient: 75M. Drugs: Apraclonidine 100mg three times daily, Mianserin 200mg after meals, Ferrous sulfate 100mg before meals.","['Apraclonidine', 'Mianserin', 'Ferrous sulfate']",1,1,therapeutic efficacy,"patient: 75m. drugs: apraclonidine 100mg three times daily, mianserin 200mg after meals, ferrous sulfate 100mg before meals.","['patient', '75', 'm.', 'drugs', 'apraclonidine', '100', 'mg', 'times', 'daily', 'mianserin', '200', 'mg', 'meals', 'ferrous', 'sulfate', '100', 'mg', 'meals']",18,"['Ferrous sulfate', 'Mianserin', 'Apraclonidine']"
"Patient: 58M. Drugs: Methantheline 100mg after meals, Fesoterodine 50mg every 8 hours, Perflutren 75mg every 8 hours.","['Methantheline', 'Fesoterodine', 'Perflutren']",1,3,risk or severity of adverse effects,"patient: 58m. drugs: methantheline 100mg after meals, fesoterodine 50mg every 8 hours, perflutren 75mg every 8 hours.","['patient', '58', 'm.', 'drugs', 'methantheline', '100', 'mg', 'meals', 'fesoterodine', '50', 'mg', '8', 'hours', 'perflutren', '75', 'mg', '8', 'hours']",18,"['Fesoterodine', 'Methantheline', 'Perflutren']"
"Patient: 25F. Drugs: Lisinopril 75mg every 6 hours, Aminosalicylic Acid 500mg twice daily, Ciprofibrate 100mg every 6 hours.","['Lisinopril', 'Aminosalicylic Acid', 'Ciprofibrate']",1,1,therapeutic efficacy,"patient: 25f. drugs: lisinopril 75mg every 6 hours, aminosalicylic acid 500mg twice daily, ciprofibrate 100mg every 6 hours.","['patient', '25f', 'drugs', 'lisinopril', '75', 'mg', '6', 'hours', 'aminosalicylic', 'acid', '500', 'mg', 'twice', 'daily', 'ciprofibrate', '100', 'mg', '6', 'hours']",19,"['Ciprofibrate', 'Aminosalicylic Acid', 'Lisinopril']"
"Patient: 30M. Drugs: Amrinone 25mg three times daily, Nitroxoline, Piracetam 100mg after meals.","['Amrinone', 'Nitroxoline', 'Piracetam']",1,1,therapeutic efficacy,"patient: 30m. drugs: amrinone 25mg three times daily, nitroxoline, piracetam 100mg after meals.","['patient', '30', 'm.', 'drugs', 'amrinone', '25', 'mg', 'times', 'daily', 'nitroxoline', 'piracetam', '100', 'mg', 'meals']",14,"['Amrinone', 'Nitroxoline', 'Piracetam']"
"Patient: 58M. Drugs: Gadobenic acid 50mg once daily, Propofol 75mg as needed, Oxyphenonium 25mg every 8 hours.","['Gadobenic acid', 'Propofol', 'Oxyphenonium']",1,2,QTc-prolonging activities,"patient: 58m. drugs: gadobenic acid 50mg once daily, propofol 75mg as needed, oxyphenonium 25mg every 8 hours.","['patient', '58', 'm.', 'drugs', 'gadobenic', 'acid', '50', 'mg', 'daily', 'propofol', '75', 'mg', 'needed', 'oxyphenonium', '25', 'mg', '8', 'hours']",18,"['Propofol', 'Oxyphenonium', 'Gadobenic acid']"
"Patient: 35F. Drugs: Sodium glycerophosphate 500mg as needed, Bismuth subnitrate 25mg twice daily, Ethionamide 200mg every 12 hours.","['Sodium glycerophosphate', 'Bismuth subnitrate', 'Ethionamide']",1,1,absorption,"patient: 35f. drugs: sodium glycerophosphate 500mg as needed, bismuth subnitrate 25mg twice daily, ethionamide 200mg every 12 hours.","['patient', '35f', 'drugs', 'sodium', 'glycerophosphate', '500', 'mg', 'needed', 'bismuth', 'subnitrate', '25', 'mg', 'twice', 'daily', 'ethionamide', '200', 'mg', '12', 'hours']",19,"['Bismuth subnitrate', 'Sodium glycerophosphate', 'Ethionamide']"
"Patient: 25F. Drugs: Ciprofloxacin 50mg twice daily, Terazosin, Mecamylamine.","['Ciprofloxacin', 'Terazosin', 'Mecamylamine']",1,3,risk or severity of adverse effects,"patient: 25f. drugs: ciprofloxacin 50mg twice daily, terazosin, mecamylamine.","['patient', '25f', 'drugs', 'ciprofloxacin', '50', 'mg', 'twice', 'daily', 'terazosin', 'mecamylamine']",10,"['Terazosin', 'Mecamylamine', 'Ciprofloxacin']"
"Patient: 58M. Drugs: Itraconazole, Clevidipine 50mg after meals, Oxybutynin 50mg once daily.","['Itraconazole', 'Clevidipine', 'Oxybutynin']",1,1,therapeutic efficacy,"patient: 58m. drugs: itraconazole, clevidipine 50mg after meals, oxybutynin 50mg once daily.","['patient', '58', 'm.', 'drugs', 'itraconazole', 'clevidipine', '50', 'mg', 'meals', 'oxybutynin', '50', 'mg', 'daily']",13,"['Itraconazole', 'Oxybutynin', 'Clevidipine']"
"Patient: 25F. Drugs: Valsartan 50mg every 8 hours, Hexafluronium, Remifentanil 500mg as needed.","['Valsartan', 'Hexafluronium', 'Remifentanil']",1,3,risk or severity of adverse effects,"patient: 25f. drugs: valsartan 50mg every 8 hours, hexafluronium, remifentanil 500mg as needed.","['patient', '25f', 'drugs', 'valsartan', '50', 'mg', '8', 'hours', 'hexafluronium', 'remifentanil', '500', 'mg', 'needed']",13,"['Remifentanil', 'Valsartan', 'Hexafluronium']"
"Patient: 70F. Drugs: Nitroglycerin, Pindolol, Nevirapine.","['Nitroglycerin', 'Pindolol', 'Nevirapine']",1,3,risk or severity of adverse effects,"patient: 70f. drugs: nitroglycerin, pindolol, nevirapine.","['patient', '70f', 'drugs', 'nitroglycerin', 'pindolol', 'nevirapine']",6,"['Nitroglycerin', 'Nevirapine', 'Pindolol']"
"Patient: 33M. Drugs: Olopatadine 25mg every 6 hours, Nafamostat 25mg every 8 hours, L-Carnitine.","['Olopatadine', 'Nafamostat', 'L-Carnitine']",1,2,anticoagulant activities,"patient: 33m. drugs: olopatadine 25mg every 6 hours, nafamostat 25mg every 8 hours, lcarnitine.","['patient', '33', 'm.', 'drugs', 'olopatadine', '25', 'mg', '6', 'hours', 'nafamostat', '25', 'mg', '8', 'hours', 'lcarnitine']",15,"['L-Carnitine', 'Nafamostat', 'Olopatadine']"
"Patient: 40M. Drugs: Eprosartan 75mg once daily, Penbutolol 200mg every 12 hours.","['Eprosartan', 'Penbutolol']",1,2,hypotensive activities,"patient: 40m. drugs: eprosartan 75mg once daily, penbutolol 200mg every 12 hours.","['patient', '40', 'm.', 'drugs', 'eprosartan', '75', 'mg', 'daily', 'penbutolol', '200', 'mg', '12', 'hours']",13,"['Penbutolol', 'Eprosartan']"
"Patient: 68M. Drugs: Pentoxyverine 75mg every 12 hours, Suvorexant.","['Pentoxyverine', 'Suvorexant']",0,0,none,"patient: 68m. drugs: pentoxyverine 75mg every 12 hours, suvorexant.","['patient', '68', 'm.', 'drugs', 'pentoxyverine', '75', 'mg', '12', 'hours', 'suvorexant']",10,"['Suvorexant', 'Pentoxyverine']"
"Patient: 35F. Drugs: Norepinephrine 75mg every 12 hours, Epinephrine 25mg after meals, Nebivolol 75mg before meals.","['Norepinephrine', 'Epinephrine', 'Nebivolol']",1,3,risk or severity of adverse effects,"patient: 35f. drugs: norepinephrine 75mg every 12 hours, epinephrine 25mg after meals, nebivolol 75mg before meals.","['patient', '35f', 'drugs', 'norepinephrine', '75', 'mg', '12', 'hours', 'epinephrine', '25', 'mg', 'meals', 'nebivolol', '75', 'mg', 'meals']",16,"['Epinephrine', 'Norepinephrine', 'Nebivolol']"
"Patient: 35F. Drugs: Entecavir 50mg twice daily, Aceclofenac, Trilostane.","['Entecavir', 'Aceclofenac', 'Trilostane']",0,0,none,"patient: 35f. drugs: entecavir 50mg twice daily, aceclofenac, trilostane.","['patient', '35f', 'drugs', 'entecavir', '50', 'mg', 'twice', 'daily', 'aceclofenac', 'trilostane']",10,"['Entecavir', 'Aceclofenac', 'Trilostane']"
"Patient: 62M. Drugs: Posaconazole 200mg every 6 hours, Estradiol benzoate 500mg twice daily.","['Posaconazole', 'Estradiol benzoate']",1,2,metabolism,"patient: 62m. drugs: posaconazole 200mg every 6 hours, estradiol benzoate 500mg twice daily.","['patient', '62', 'm.', 'drugs', 'posaconazole', '200', 'mg', '6', 'hours', 'estradiol', 'benzoate', '500', 'mg', 'twice', 'daily']",15,"['Posaconazole', 'Estradiol benzoate']"
"Patient: 28F. Drugs: Pindolol 100mg every 12 hours, Mycophenolic acid 200mg after meals.","['Pindolol', 'Mycophenolic acid']",1,2,antihypertensive activities,"patient: 28f. drugs: pindolol 100mg every 12 hours, mycophenolic acid 200mg after meals.","['patient', '28f', 'drugs', 'pindolol', '100', 'mg', '12', 'hours', 'mycophenolic', 'acid', '200', 'mg', 'meals']",13,"['Mycophenolic acid', 'Pindolol']"
"Patient: 58M. Drugs: Nitroglycerin 75mg twice daily, Azilsartan medoxomil 200mg every 12 hours.","['Nitroglycerin', 'Azilsartan medoxomil']",1,3,risk or severity of adverse effects,"patient: 58m. drugs: nitroglycerin 75mg twice daily, azilsartan medoxomil 200mg every 12 hours.","['patient', '58', 'm.', 'drugs', 'nitroglycerin', '75', 'mg', 'twice', 'daily', 'azilsartan', 'medoxomil', '200', 'mg', '12', 'hours']",15,"['Azilsartan medoxomil', 'Nitroglycerin']"
"Patient: 62M. Drugs: Citalopram 200mg before meals, Tenoxicam 500mg every 12 hours.","['Citalopram', 'Tenoxicam']",1,1,antiplatelet activities,"patient: 62m. drugs: citalopram 200mg before meals, tenoxicam 500mg every 12 hours.","['patient', '62', 'm.', 'drugs', 'citalopram', '200', 'mg', 'meals', 'tenoxicam', '500', 'mg', '12', 'hours']",13,"['Tenoxicam', 'Citalopram']"
"Patient: 60F. Drugs: Trilostane 100mg as needed, Crizotinib, Phenazopyridine.","['Trilostane', 'Crizotinib', 'Phenazopyridine']",0,0,none,"patient: 60f. drugs: trilostane 100mg as needed, crizotinib, phenazopyridine.","['patient', '60f', 'drugs', 'trilostane', '100', 'mg', 'needed', 'crizotinib', 'phenazopyridine']",9,"['Crizotinib', 'Trilostane', 'Phenazopyridine']"
"Patient: 55F. Drugs: Flunarizine 100mg once daily, Calcium glubionate.","['Flunarizine', 'Calcium glubionate']",1,1,therapeutic efficacy,"patient: 55f. drugs: flunarizine 100mg once daily, calcium glubionate.","['patient', '55f', 'drugs', 'flunarizine', '100', 'mg', 'daily', 'calcium', 'glubionate']",9,"['Calcium glubionate', 'Flunarizine']"
"Patient: 40M. Drugs: Umeclidinium 50mg after meals, Dexrazoxane 500mg every 12 hours.","['Umeclidinium', 'Dexrazoxane']",0,0,none,"patient: 40m. drugs: umeclidinium 50mg after meals, dexrazoxane 500mg every 12 hours.","['patient', '40', 'm.', 'drugs', 'umeclidinium', '50', 'mg', 'meals', 'dexrazoxane', '500', 'mg', '12', 'hours']",13,"['Dexrazoxane', 'Umeclidinium']"
"Patient: 25F. Drugs: Iloperidone 50mg every 6 hours, Lynestrenol 500mg twice daily, Lofexidine.","['Iloperidone', 'Lynestrenol', 'Lofexidine']",1,1,therapeutic efficacy,"patient: 25f. drugs: iloperidone 50mg every 6 hours, lynestrenol 500mg twice daily, lofexidine.","['patient', '25f', 'drugs', 'iloperidone', '50', 'mg', '6', 'hours', 'lynestrenol', '500', 'mg', 'twice', 'daily', 'lofexidine']",14,"['Iloperidone', 'Lynestrenol', 'Lofexidine']"
"Patient: 40M. Drugs: Tacrolimus, Pramlintide 500mg every 6 hours.","['Tacrolimus', 'Pramlintide']",1,1,therapeutic efficacy,"patient: 40m. drugs: tacrolimus, pramlintide 500mg every 6 hours.","['patient', '40', 'm.', 'drugs', 'tacrolimus', 'pramlintide', '500', 'mg', '6', 'hours']",10,"['Tacrolimus', 'Pramlintide']"
"Patient: 30M. Drugs: Verapamil 75mg every 8 hours, Atorvastatin 500mg before meals, Somatostatin 500mg three times daily.","['Verapamil', 'Atorvastatin', 'Somatostatin']",1,1,absorption,"patient: 30m. drugs: verapamil 75mg every 8 hours, atorvastatin 500mg before meals, somatostatin 500mg three times daily.","['patient', '30', 'm.', 'drugs', 'verapamil', '75', 'mg', '8', 'hours', 'atorvastatin', '500', 'mg', 'meals', 'somatostatin', '500', 'mg', 'times', 'daily']",18,"['Atorvastatin', 'Somatostatin', 'Verapamil']"
"Patient: 60F. Drugs: Potassium Citrate 200mg every 12 hours, Lynestrenol 50mg three times daily.","['Potassium Citrate', 'Lynestrenol']",1,1,therapeutic efficacy,"patient: 60f. drugs: potassium citrate 200mg every 12 hours, lynestrenol 50mg three times daily.","['patient', '60f', 'drugs', 'potassium', 'citrate', '200', 'mg', '12', 'hours', 'lynestrenol', '50', 'mg', 'times', 'daily']",14,"['Lynestrenol', 'Potassium Citrate']"
"Patient: 35F. Drugs: Tramadol 100mg twice daily, Sulpiride 500mg twice daily, Vildagliptin 50mg twice daily.","['Tramadol', 'Sulpiride', 'Vildagliptin']",1,3,risk or severity of adverse effects,"patient: 35f. drugs: tramadol 100mg twice daily, sulpiride 500mg twice daily, vildagliptin 50mg twice daily.","['patient', '35f', 'drugs', 'tramadol', '100', 'mg', 'twice', 'daily', 'sulpiride', '500', 'mg', 'twice', 'daily', 'vildagliptin', '50', 'mg', 'twice', 'daily']",18,"['Vildagliptin', 'Tramadol', 'Sulpiride']"
"Patient: 35F. Drugs: Unoprostone 25mg as needed, Acemetacin 500mg every 8 hours, Ketamine.","['Unoprostone', 'Acemetacin', 'Ketamine']",1,1,therapeutic efficacy,"patient: 35f. drugs: unoprostone 25mg as needed, acemetacin 500mg every 8 hours, ketamine.","['patient', '35f', 'drugs', 'unoprostone', '25', 'mg', 'needed', 'acemetacin', '500', 'mg', '8', 'hours', 'ketamine']",13,"['Ketamine', 'Unoprostone', 'Acemetacin']"
"Patient: 48F. Drugs: Venlafaxine 25mg every 12 hours, Rizatriptan.","['Venlafaxine', 'Rizatriptan']",1,3,risk or severity of adverse effects,"patient: 48f. drugs: venlafaxine 25mg every 12 hours, rizatriptan.","['patient', '48f', 'drugs', 'venlafaxine', '25', 'mg', '12', 'hours', 'rizatriptan']",9,"['Rizatriptan', 'Venlafaxine']"
"Patient: 40M. Drugs: Aranidipine 25mg every 6 hours, Calcium lactate 100mg as needed.","['Aranidipine', 'Calcium lactate']",1,1,therapeutic efficacy,"patient: 40m. drugs: aranidipine 25mg every 6 hours, calcium lactate 100mg as needed.","['patient', '40', 'm.', 'drugs', 'aranidipine', '25', 'mg', '6', 'hours', 'calcium', 'lactate', '100', 'mg', 'needed']",14,"['Calcium lactate', 'Aranidipine']"
"Patient: 45F. Drugs: Oxybutynin, Metoclopramide 200mg as needed, Tolazoline 50mg before meals.","['Oxybutynin', 'Metoclopramide', 'Tolazoline']",1,1,therapeutic efficacy,"patient: 45f. drugs: oxybutynin, metoclopramide 200mg as needed, tolazoline 50mg before meals.","['patient', '45f', 'drugs', 'oxybutynin', 'metoclopramide', '200', 'mg', 'needed', 'tolazoline', '50', 'mg', 'meals']",12,"['Tolazoline', 'Oxybutynin', 'Metoclopramide']"
"Patient: 52M. Drugs: Epinephrine, Procarbazine 200mg once daily.","['Epinephrine', 'Procarbazine']",1,2,hypertensive activities,"patient: 52m. drugs: epinephrine, procarbazine 200mg once daily.","['patient', '52', 'm.', 'drugs', 'epinephrine', 'procarbazine', '200', 'mg', 'daily']",9,"['Procarbazine', 'Epinephrine']"
"Patient: 48F. Drugs: Nitroxoline, Aranidipine 75mg before meals, Delamanid 75mg three times daily.","['Nitroxoline', 'Aranidipine', 'Delamanid']",1,1,therapeutic efficacy,"patient: 48f. drugs: nitroxoline, aranidipine 75mg before meals, delamanid 75mg three times daily.","['patient', '48f', 'drugs', 'nitroxoline', 'aranidipine', '75', 'mg', 'meals', 'delamanid', '75', 'mg', 'times', 'daily']",13,"['Nitroxoline', 'Delamanid', 'Aranidipine']"
"Patient: 62M. Drugs: Alvimopan, Cabozantinib 500mg after meals, Dexlansoprazole 75mg three times daily.","['Alvimopan', 'Cabozantinib', 'Dexlansoprazole']",0,0,none,"patient: 62m. drugs: alvimopan, cabozantinib 500mg after meals, dexlansoprazole 75mg three times daily.","['patient', '62', 'm.', 'drugs', 'alvimopan', 'cabozantinib', '500', 'mg', 'meals', 'dexlansoprazole', '75', 'mg', 'times', 'daily']",14,"['Cabozantinib', 'Alvimopan', 'Dexlansoprazole']"
"Patient: 58M. Drugs: Paliperidone 500mg three times daily, Dyclonine 500mg twice daily.","['Paliperidone', 'Dyclonine']",1,3,risk or severity of adverse effects,"patient: 58m. drugs: paliperidone 500mg three times daily, dyclonine 500mg twice daily.","['patient', '58', 'm.', 'drugs', 'paliperidone', '500', 'mg', 'times', 'daily', 'dyclonine', '500', 'mg', 'twice', 'daily']",14,"['Paliperidone', 'Dyclonine']"
"Patient: 62M. Drugs: Dinoprost Tromethamine, Sulconazole 500mg after meals.","['Dinoprost Tromethamine', 'Sulconazole']",0,0,none,"patient: 62m. drugs: dinoprost tromethamine, sulconazole 500mg after meals.","['patient', '62', 'm.', 'drugs', 'dinoprost', 'tromethamine', 'sulconazole', '500', 'mg', 'meals']",10,"['Dinoprost Tromethamine', 'Sulconazole']"
"Patient: 62M. Drugs: Citalopram 200mg before meals, Tenoxicam 500mg every 12 hours.","['Citalopram', 'Tenoxicam']",1,1,antiplatelet activities,"patient: 62m. drugs: citalopram 200mg before meals, tenoxicam 500mg every 12 hours.","['patient', '62', 'm.', 'drugs', 'citalopram', '200', 'mg', 'meals', 'tenoxicam', '500', 'mg', '12', 'hours']",13,"['Tenoxicam', 'Citalopram']"
"Patient: 75M. Drugs: Dantrolene 50mg twice daily, Lofexidine 200mg once daily, Cephalexin 500mg three times daily.","['Dantrolene', 'Lofexidine', 'Cephalexin']",1,1,therapeutic efficacy,"patient: 75m. drugs: dantrolene 50mg twice daily, lofexidine 200mg once daily, cephalexin 500mg three times daily.","['patient', '75', 'm.', 'drugs', 'dantrolene', '50', 'mg', 'twice', 'daily', 'lofexidine', '200', 'mg', 'daily', 'cephalexin', '500', 'mg', 'times', 'daily']",18,"['Cephalexin', 'Dantrolene', 'Lofexidine']"
"Patient: 75M. Drugs: Temocillin, Doconexent 100mg every 12 hours, Gluconic Acid 200mg every 6 hours.","['Temocillin', 'Doconexent', 'Gluconic Acid']",0,0,none,"patient: 75m. drugs: temocillin, doconexent 100mg every 12 hours, gluconic acid 200mg every 6 hours.","['patient', '75', 'm.', 'drugs', 'temocillin', 'doconexent', '100', 'mg', '12', 'hours', 'gluconic', 'acid', '200', 'mg', '6', 'hours']",16,"['Doconexent', 'Gluconic Acid', 'Temocillin']"
"Patient: 30M. Drugs: Methyclothiazide, Spironolactone 50mg three times daily, Naltrexone 25mg twice daily.","['Methyclothiazide', 'Spironolactone', 'Naltrexone']",1,3,risk or severity of adverse effects,"patient: 30m. drugs: methyclothiazide, spironolactone 50mg three times daily, naltrexone 25mg twice daily.","['patient', '30', 'm.', 'drugs', 'methyclothiazide', 'spironolactone', '50', 'mg', 'times', 'daily', 'naltrexone', '25', 'mg', 'twice', 'daily']",15,"['Naltrexone', 'Spironolactone', 'Methyclothiazide']"
"Patient: 68M. Drugs: Crizotinib, Sodium stibogluconate 75mg once daily.","['Crizotinib', 'Sodium stibogluconate']",0,0,none,"patient: 68m. drugs: crizotinib, sodium stibogluconate 75mg once daily.","['patient', '68', 'm.', 'drugs', 'crizotinib', 'sodium', 'stibogluconate', '75', 'mg', 'daily']",10,"['Crizotinib', 'Sodium stibogluconate']"
"Patient: 35F. Drugs: Selegiline, Ioflupane I-123, Bromotheophylline.","['Selegiline', 'Ioflupane I-123', 'Bromotheophylline']",1,1,diagnostic agent,"patient: 35f. drugs: selegiline, ioflupane i123, bromotheophylline.","['patient', '35f', 'drugs', 'selegiline', 'ioflupane', 'i123', 'bromotheophylline']",7,"['Selegiline', 'Bromotheophylline', 'Ioflupane I-123']"
"Patient: 60F. Drugs: Pindolol, Artemether 75mg three times daily.","['Pindolol', 'Artemether']",1,2,metabolism,"patient: 60f. drugs: pindolol, artemether 75mg three times daily.","['patient', '60f', 'drugs', 'pindolol', 'artemether', '75', 'mg', 'times', 'daily']",9,"['Artemether', 'Pindolol']"
"Patient: 35F. Drugs: Chlorprothixene, Salicylamide 25mg before meals, Cisplatin 500mg after meals, Zidovudine.","['Chlorprothixene', 'Salicylamide', 'Cisplatin', 'Zidovudine']",1,3,risk or severity of adverse effects,"patient: 35f. drugs: chlorprothixene, salicylamide 25mg before meals, cisplatin 500mg after meals, zidovudine.","['patient', '35f', 'drugs', 'chlorprothixene', 'salicylamide', '25', 'mg', 'meals', 'cisplatin', '500', 'mg', 'meals', 'zidovudine']",13,"['Cisplatin', 'Salicylamide', 'Zidovudine', 'Chlorprothixene']"
"Patient: 70F. Drugs: Fluconazole 75mg every 12 hours, Copanlisib 100mg after meals, Thioproperazine.","['Fluconazole', 'Copanlisib', 'Thioproperazine']",1,2,metabolism,"patient: 70f. drugs: fluconazole 75mg every 12 hours, copanlisib 100mg after meals, thioproperazine.","['patient', '70f', 'drugs', 'fluconazole', '75', 'mg', '12', 'hours', 'copanlisib', '100', 'mg', 'meals', 'thioproperazine']",13,"['Fluconazole', 'Thioproperazine', 'Copanlisib']"
"Patient: 40M. Drugs: Carbamazepine 50mg after meals, Triprolidine 500mg before meals, Phylloquinone 50mg twice daily, Diethylpropion 500mg twice daily.","['Carbamazepine', 'Triprolidine', 'Phylloquinone', 'Diethylpropion']",1,3,risk or severity of adverse effects,"patient: 40m. drugs: carbamazepine 50mg after meals, triprolidine 500mg before meals, phylloquinone 50mg twice daily, diethylpropion 500mg twice daily.","['patient', '40', 'm.', 'drugs', 'carbamazepine', '50', 'mg', 'meals', 'triprolidine', '500', 'mg', 'meals', 'phylloquinone', '50', 'mg', 'twice', 'daily', 'diethylpropion', '500', 'mg', 'twice', 'daily']",22,"['Triprolidine', 'Phylloquinone', 'Carbamazepine', 'Diethylpropion']"
"Patient: 30M. Drugs: Aminophenazone 50mg twice daily, Allopurinol.","['Aminophenazone', 'Allopurinol']",0,0,none,"patient: 30m. drugs: aminophenazone 50mg twice daily, allopurinol.","['patient', '30', 'm.', 'drugs', 'aminophenazone', '50', 'mg', 'twice', 'daily', 'allopurinol']",10,"['Allopurinol', 'Aminophenazone']"
"Patient: 68M. Drugs: Meprobamate, Deutetrabenazine.","['Meprobamate', 'Deutetrabenazine']",1,3,risk or severity of sedation and somnolence,"patient: 68m. drugs: meprobamate, deutetrabenazine.","['patient', '68', 'm.', 'drugs', 'meprobamate', 'deutetrabenazine']",6,"['Deutetrabenazine', 'Meprobamate']"
"Patient: 60F. Drugs: Haloperidol 25mg every 8 hours, Meclofenamic acid 75mg before meals, Crizotinib 500mg every 8 hours.","['Haloperidol', 'Meclofenamic acid', 'Crizotinib']",1,3,risk or severity of adverse effects,"patient: 60f. drugs: haloperidol 25mg every 8 hours, meclofenamic acid 75mg before meals, crizotinib 500mg every 8 hours.","['patient', '60f', 'drugs', 'haloperidol', '25', 'mg', '8', 'hours', 'meclofenamic', 'acid', '75', 'mg', 'meals', 'crizotinib', '500', 'mg', '8', 'hours']",18,"['Crizotinib', 'Haloperidol', 'Meclofenamic acid']"
"Patient: 60F. Drugs: Methotrexate 50mg as needed, Ifenprodil 200mg every 8 hours.","['Methotrexate', 'Ifenprodil']",0,0,none,"patient: 60f. drugs: methotrexate 50mg as needed, ifenprodil 200mg every 8 hours.","['patient', '60f', 'drugs', 'methotrexate', '50', 'mg', 'needed', 'ifenprodil', '200', 'mg', '8', 'hours']",12,"['Ifenprodil', 'Methotrexate']"
"Patient: 75M. Drugs: Thiopental 75mg every 8 hours, Methylphenobarbital.","['Thiopental', 'Methylphenobarbital']",1,3,risk or severity of adverse effects,"patient: 75m. drugs: thiopental 75mg every 8 hours, methylphenobarbital.","['patient', '75', 'm.', 'drugs', 'thiopental', '75', 'mg', '8', 'hours', 'methylphenobarbital']",10,"['Methylphenobarbital', 'Thiopental']"
"Patient: 45F. Drugs: Methylprednisolone 500mg twice daily, Testosterone cypionate 500mg every 8 hours, Progesterone 75mg after meals.","['Methylprednisolone', 'Testosterone cypionate', 'Progesterone']",1,3,risk or severity of edema formation,"patient: 45f. drugs: methylprednisolone 500mg twice daily, testosterone cypionate 500mg every 8 hours, progesterone 75mg after meals.","['patient', '45f', 'drugs', 'methylprednisolone', '500', 'mg', 'twice', 'daily', 'testosterone', 'cypionate', '500', 'mg', '8', 'hours', 'progesterone', '75', 'mg', 'meals']",18,"['Testosterone cypionate', 'Progesterone', 'Methylprednisolone']"
"Patient: 35F. Drugs: Unoprostone 25mg as needed, Acemetacin 500mg every 8 hours, Ketamine.","['Unoprostone', 'Acemetacin', 'Ketamine']",1,1,therapeutic efficacy,"patient: 35f. drugs: unoprostone 25mg as needed, acemetacin 500mg every 8 hours, ketamine.","['patient', '35f', 'drugs', 'unoprostone', '25', 'mg', 'needed', 'acemetacin', '500', 'mg', '8', 'hours', 'ketamine']",13,"['Ketamine', 'Unoprostone', 'Acemetacin']"
"Patient: 60F. Drugs: Moexipril 100mg every 12 hours, Acetylsalicylic acid, Sevoflurane.","['Moexipril', 'Acetylsalicylic acid', 'Sevoflurane']",1,1,therapeutic efficacy,"patient: 60f. drugs: moexipril 100mg every 12 hours, acetylsalicylic acid, sevoflurane.","['patient', '60f', 'drugs', 'moexipril', '100', 'mg', '12', 'hours', 'acetylsalicylic', 'acid', 'sevoflurane']",11,"['Sevoflurane', 'Moexipril', 'Acetylsalicylic acid']"
"Patient: 28F. Drugs: Quinethazone 75mg before meals, Empagliflozin 500mg every 8 hours.","['Quinethazone', 'Empagliflozin']",1,1,therapeutic efficacy,"patient: 28f. drugs: quinethazone 75mg before meals, empagliflozin 500mg every 8 hours.","['patient', '28f', 'drugs', 'quinethazone', '75', 'mg', 'meals', 'empagliflozin', '500', 'mg', '8', 'hours']",12,"['Quinethazone', 'Empagliflozin']"
"Patient: 48F. Drugs: Guanfacine, Sevoflurane 75mg once daily, Deferasirox 200mg once daily.","['Guanfacine', 'Sevoflurane', 'Deferasirox']",1,3,risk or severity of adverse effects,"patient: 48f. drugs: guanfacine, sevoflurane 75mg once daily, deferasirox 200mg once daily.","['patient', '48f', 'drugs', 'guanfacine', 'sevoflurane', '75', 'mg', 'daily', 'deferasirox', '200', 'mg', 'daily']",12,"['Guanfacine', 'Sevoflurane', 'Deferasirox']"
"Patient: 30M. Drugs: Buspirone, Sufentanil, Cerulenin 75mg three times daily.","['Buspirone', 'Sufentanil', 'Cerulenin']",1,3,risk or severity of adverse effects,"patient: 30m. drugs: buspirone, sufentanil, cerulenin 75mg three times daily.","['patient', '30', 'm.', 'drugs', 'buspirone', 'sufentanil', 'cerulenin', '75', 'mg', 'times', 'daily']",11,"['Sufentanil', 'Cerulenin', 'Buspirone']"
"Patient: 68M. Drugs: Folic Acid 25mg every 6 hours, Oxyphenbutazone 100mg every 6 hours.","['Folic Acid', 'Oxyphenbutazone']",1,1,therapeutic efficacy,"patient: 68m. drugs: folic acid 25mg every 6 hours, oxyphenbutazone 100mg every 6 hours.","['patient', '68', 'm.', 'drugs', 'folic', 'acid', '25', 'mg', '6', 'hours', 'oxyphenbutazone', '100', 'mg', '6', 'hours']",15,"['Oxyphenbutazone', 'Folic Acid']"
"Patient: 70F. Drugs: Dextromethorphan, Quinupristin 100mg as needed.","['Dextromethorphan', 'Quinupristin']",0,0,none,"patient: 70f. drugs: dextromethorphan, quinupristin 100mg as needed.","['patient', '70f', 'drugs', 'dextromethorphan', 'quinupristin', '100', 'mg', 'needed']",8,"['Quinupristin', 'Dextromethorphan']"
"Patient: 45F. Drugs: Esmolol 100mg every 6 hours, Irbesartan 200mg every 6 hours.","['Esmolol', 'Irbesartan']",1,3,risk or severity of adverse effects,"patient: 45f. drugs: esmolol 100mg every 6 hours, irbesartan 200mg every 6 hours.","['patient', '45f', 'drugs', 'esmolol', '100', 'mg', '6', 'hours', 'irbesartan', '200', 'mg', '6', 'hours']",13,"['Irbesartan', 'Esmolol']"
"Patient: 25F. Drugs: Calcium Chloride, Vildagliptin, Mirabegron 50mg three times daily, Isavuconazonium.","['Calcium Chloride', 'Vildagliptin', 'Mirabegron', 'Isavuconazonium']",1,2,metabolism,"patient: 25f. drugs: calcium chloride, vildagliptin, mirabegron 50mg three times daily, isavuconazonium.","['patient', '25f', 'drugs', 'calcium', 'chloride', 'vildagliptin', 'mirabegron', '50', 'mg', 'times', 'daily', 'isavuconazonium']",12,"['Calcium Chloride', 'Vildagliptin', 'Mirabegron', 'Isavuconazonium']"
"Patient: 45F. Drugs: Oxaprozin, Resveratrol.","['Oxaprozin', 'Resveratrol']",1,3,risk or severity of adverse effects,"patient: 45f. drugs: oxaprozin, resveratrol.","['patient', '45f', 'drugs', 'oxaprozin', 'resveratrol']",5,"['Resveratrol', 'Oxaprozin']"
"Patient: 45F. Drugs: Acetyldigitoxin 75mg once daily, Hydroxyprogesterone caproate.","['Acetyldigitoxin', 'Hydroxyprogesterone caproate']",1,2,cardiotoxic activities,"patient: 45f. drugs: acetyldigitoxin 75mg once daily, hydroxyprogesterone caproate.","['patient', '45f', 'drugs', 'acetyldigitoxin', '75', 'mg', 'daily', 'hydroxyprogesterone', 'caproate']",9,"['Hydroxyprogesterone caproate', 'Acetyldigitoxin']"
"Patient: 25F. Drugs: Fluphenazine 500mg after meals, Darunavir 50mg before meals, Ketotifen 50mg once daily.","['Fluphenazine', 'Darunavir', 'Ketotifen']",1,2,serum concentration,"patient: 25f. drugs: fluphenazine 500mg after meals, darunavir 50mg before meals, ketotifen 50mg once daily.","['patient', '25f', 'drugs', 'fluphenazine', '500', 'mg', 'meals', 'darunavir', '50', 'mg', 'meals', 'ketotifen', '50', 'mg', 'daily']",15,"['Darunavir', 'Fluphenazine', 'Ketotifen']"
"Patient: 75M. Drugs: Carvedilol 500mg after meals, Methacycline, Bexarotene 75mg as needed, Diethylcarbamazine 75mg every 6 hours.","['Carvedilol', 'Methacycline', 'Bexarotene', 'Diethylcarbamazine']",0,0,none,"patient: 75m. drugs: carvedilol 500mg after meals, methacycline, bexarotene 75mg as needed, diethylcarbamazine 75mg every 6 hours.","['patient', '75', 'm.', 'drugs', 'carvedilol', '500', 'mg', 'meals', 'methacycline', 'bexarotene', '75', 'mg', 'needed', 'diethylcarbamazine', '75', 'mg', '6', 'hours']",18,"['Carvedilol', 'Methacycline', 'Bexarotene', 'Diethylcarbamazine']"
"Patient: 30M. Drugs: Brinzolamide 100mg before meals, Antipyrine 200mg before meals, Pasireotide 100mg after meals.","['Brinzolamide', 'Antipyrine', 'Pasireotide']",0,0,none,"patient: 30m. drugs: brinzolamide 100mg before meals, antipyrine 200mg before meals, pasireotide 100mg after meals.","['patient', '30', 'm.', 'drugs', 'brinzolamide', '100', 'mg', 'meals', 'antipyrine', '200', 'mg', 'meals', 'pasireotide', '100', 'mg', 'meals']",16,"['Pasireotide', 'Antipyrine', 'Brinzolamide']"
"Patient: 70F. Drugs: Methoxyflurane 200mg every 8 hours, Iloperidone 500mg twice daily.","['Methoxyflurane', 'Iloperidone']",1,3,risk or severity of adverse effects,"patient: 70f. drugs: methoxyflurane 200mg every 8 hours, iloperidone 500mg twice daily.","['patient', '70f', 'drugs', 'methoxyflurane', '200', 'mg', '8', 'hours', 'iloperidone', '500', 'mg', 'twice', 'daily']",13,"['Methoxyflurane', 'Iloperidone']"
"Patient: 35F. Drugs: Lopinavir 500mg every 8 hours, Eperisone, Methylergometrine.","['Lopinavir', 'Eperisone', 'Methylergometrine']",1,3,risk or severity of adverse effects,"patient: 35f. drugs: lopinavir 500mg every 8 hours, eperisone, methylergometrine.","['patient', '35f', 'drugs', 'lopinavir', '500', 'mg', '8', 'hours', 'eperisone', 'methylergometrine']",10,"['Eperisone', 'Methylergometrine', 'Lopinavir']"
"Patient: 70F. Drugs: Tafenoquine, Adapalene 50mg as needed, Isoflurophate, Eletriptan 25mg before meals.","['Tafenoquine', 'Adapalene', 'Isoflurophate', 'Eletriptan']",0,0,none,"patient: 70f. drugs: tafenoquine, adapalene 50mg as needed, isoflurophate, eletriptan 25mg before meals.","['patient', '70f', 'drugs', 'tafenoquine', 'adapalene', '50', 'mg', 'needed', 'isoflurophate', 'eletriptan', '25', 'mg', 'meals']",13,"['Adapalene', 'Tafenoquine', 'Eletriptan', 'Isoflurophate']"
"Patient: 60F. Drugs: Fenfluramine, Teriflunomide.","['Fenfluramine', 'Teriflunomide']",0,0,none,"patient: 60f. drugs: fenfluramine, teriflunomide.","['patient', '60f', 'drugs', 'fenfluramine', 'teriflunomide']",5,"['Teriflunomide', 'Fenfluramine']"
"Patient: 75M. Drugs: Magnesium sulfate 500mg as needed, Metaxalone 50mg every 8 hours.","['Magnesium sulfate', 'Metaxalone']",1,1,therapeutic efficacy,"patient: 75m. drugs: magnesium sulfate 500mg as needed, metaxalone 50mg every 8 hours.","['patient', '75', 'm.', 'drugs', 'magnesium', 'sulfate', '500', 'mg', 'needed', 'metaxalone', '50', 'mg', '8', 'hours']",14,"['Metaxalone', 'Magnesium sulfate']"
"Patient: 55F. Drugs: Aclidinium 25mg after meals, Sulfathiazole 25mg every 6 hours, Cannabidiol 25mg once daily, Methoxamine.","['Aclidinium', 'Sulfathiazole', 'Cannabidiol', 'Methoxamine']",0,0,none,"patient: 55f. drugs: aclidinium 25mg after meals, sulfathiazole 25mg every 6 hours, cannabidiol 25mg once daily, methoxamine.","['patient', '55f', 'drugs', 'aclidinium', '25', 'mg', 'meals', 'sulfathiazole', '25', 'mg', '6', 'hours', 'cannabidiol', '25', 'mg', 'daily', 'methoxamine']",17,"['Aclidinium', 'Sulfathiazole', 'Cannabidiol', 'Methoxamine']"
"Patient: 68M. Drugs: Delavirdine 50mg twice daily, Epinastine 25mg once daily.","['Delavirdine', 'Epinastine']",1,1,absorption,"patient: 68m. drugs: delavirdine 50mg twice daily, epinastine 25mg once daily.","['patient', '68', 'm.', 'drugs', 'delavirdine', '50', 'mg', 'twice', 'daily', 'epinastine', '25', 'mg', 'daily']",13,"['Epinastine', 'Delavirdine']"
"Patient: 75M. Drugs: Apraclonidine 100mg three times daily, Mianserin 200mg after meals, Ferrous sulfate 100mg before meals.","['Apraclonidine', 'Mianserin', 'Ferrous sulfate']",1,1,therapeutic efficacy,"patient: 75m. drugs: apraclonidine 100mg three times daily, mianserin 200mg after meals, ferrous sulfate 100mg before meals.","['patient', '75', 'm.', 'drugs', 'apraclonidine', '100', 'mg', 'times', 'daily', 'mianserin', '200', 'mg', 'meals', 'ferrous', 'sulfate', '100', 'mg', 'meals']",18,"['Ferrous sulfate', 'Mianserin', 'Apraclonidine']"
"Patient: 55F. Drugs: Valsartan, Bumetanide 25mg every 6 hours, Gemifloxacin 75mg after meals.","['Valsartan', 'Bumetanide', 'Gemifloxacin']",1,3,risk or severity of adverse effects,"patient: 55f. drugs: valsartan, bumetanide 25mg every 6 hours, gemifloxacin 75mg after meals.","['patient', '55f', 'drugs', 'valsartan', 'bumetanide', '25', 'mg', '6', 'hours', 'gemifloxacin', '75', 'mg', 'meals']",13,"['Valsartan', 'Gemifloxacin', 'Bumetanide']"
"Patient: 68M. Drugs: Tranylcypromine 200mg every 12 hours, Isoflurane 25mg before meals.","['Tranylcypromine', 'Isoflurane']",1,3,risk or severity of adverse effects,"patient: 68m. drugs: tranylcypromine 200mg every 12 hours, isoflurane 25mg before meals.","['patient', '68', 'm.', 'drugs', 'tranylcypromine', '200', 'mg', '12', 'hours', 'isoflurane', '25', 'mg', 'meals']",13,"['Isoflurane', 'Tranylcypromine']"
"Patient: 33M. Drugs: Triamcinolone, Dirithromycin, Adenosine 25mg three times daily.","['Triamcinolone', 'Dirithromycin', 'Adenosine']",0,0,none,"patient: 33m. drugs: triamcinolone, dirithromycin, adenosine 25mg three times daily.","['patient', '33', 'm.', 'drugs', 'triamcinolone', 'dirithromycin', 'adenosine', '25', 'mg', 'times', 'daily']",11,"['Triamcinolone', 'Dirithromycin', 'Adenosine']"
"Patient: 45F. Drugs: Trandolapril 500mg after meals, Propranolol 25mg after meals.","['Trandolapril', 'Propranolol']",1,2,hypotensive activities,"patient: 45f. drugs: trandolapril 500mg after meals, propranolol 25mg after meals.","['patient', '45f', 'drugs', 'trandolapril', '500', 'mg', 'meals', 'propranolol', '25', 'mg', 'meals']",11,"['Propranolol', 'Trandolapril']"
"Patient: 30M. Drugs: Tacrine 50mg every 6 hours, Zileuton 500mg before meals, Cangrelor.","['Tacrine', 'Zileuton', 'Cangrelor']",0,0,none,"patient: 30m. drugs: tacrine 50mg every 6 hours, zileuton 500mg before meals, cangrelor.","['patient', '30', 'm.', 'drugs', 'tacrine', '50', 'mg', '6', 'hours', 'zileuton', '500', 'mg', 'meals', 'cangrelor']",14,"['Cangrelor', 'Zileuton', 'Tacrine']"
"Patient: 48F. Drugs: Ifosfamide, Oritavancin 500mg as needed.","['Ifosfamide', 'Oritavancin']",0,0,none,"patient: 48f. drugs: ifosfamide, oritavancin 500mg as needed.","['patient', '48f', 'drugs', 'ifosfamide', 'oritavancin', '500', 'mg', 'needed']",8,"['Oritavancin', 'Ifosfamide']"
"Patient: 75M. Drugs: Clorazepate 50mg three times daily, Sufentanil.","['Clorazepate', 'Sufentanil']",1,3,risk or severity of adverse effects,"patient: 75m. drugs: clorazepate 50mg three times daily, sufentanil.","['patient', '75', 'm.', 'drugs', 'clorazepate', '50', 'mg', 'times', 'daily', 'sufentanil']",10,"['Clorazepate', 'Sufentanil']"
"Patient: 55F. Drugs: Rizatriptan 25mg every 8 hours, Granisetron 500mg every 12 hours, Iodipamide, Ambenonium 25mg every 8 hours.","['Rizatriptan', 'Granisetron', 'Iodipamide', 'Ambenonium']",1,2,serotonergic activities,"patient: 55f. drugs: rizatriptan 25mg every 8 hours, granisetron 500mg every 12 hours, iodipamide, ambenonium 25mg every 8 hours.","['patient', '55f', 'drugs', 'rizatriptan', '25', 'mg', '8', 'hours', 'granisetron', '500', 'mg', '12', 'hours', 'iodipamide', 'ambenonium', '25', 'mg', '8', 'hours']",19,"['Ambenonium', 'Granisetron', 'Rizatriptan', 'Iodipamide']"
"Patient: 52M. Drugs: Cerivastatin 25mg twice daily, Cyclophosphamide 200mg once daily.","['Cerivastatin', 'Cyclophosphamide']",1,2,serum concentration,"patient: 52m. drugs: cerivastatin 25mg twice daily, cyclophosphamide 200mg once daily.","['patient', '52', 'm.', 'drugs', 'cerivastatin', '25', 'mg', 'twice', 'daily', 'cyclophosphamide', '200', 'mg', 'daily']",13,"['Cerivastatin', 'Cyclophosphamide']"
"Patient: 62M. Drugs: Labetalol, Procarbazine 200mg twice daily, Chlorambucil 500mg twice daily.","['Labetalol', 'Procarbazine', 'Chlorambucil']",1,2,hypotensive activities,"patient: 62m. drugs: labetalol, procarbazine 200mg twice daily, chlorambucil 500mg twice daily.","['patient', '62', 'm.', 'drugs', 'labetalol', 'procarbazine', '200', 'mg', 'twice', 'daily', 'chlorambucil', '500', 'mg', 'twice', 'daily']",15,"['Procarbazine', 'Chlorambucil', 'Labetalol']"
"Patient: 48F. Drugs: Guanfacine, Sevoflurane 75mg once daily, Deferasirox 200mg once daily.","['Guanfacine', 'Sevoflurane', 'Deferasirox']",1,3,risk or severity of adverse effects,"patient: 48f. drugs: guanfacine, sevoflurane 75mg once daily, deferasirox 200mg once daily.","['patient', '48f', 'drugs', 'guanfacine', 'sevoflurane', '75', 'mg', 'daily', 'deferasirox', '200', 'mg', 'daily']",12,"['Guanfacine', 'Sevoflurane', 'Deferasirox']"
"Patient: 40M. Drugs: Flurazepam, Vortioxetine 100mg every 6 hours, Palmitic Acid 100mg as needed.","['Flurazepam', 'Vortioxetine', 'Palmitic Acid']",1,3,risk or severity of adverse effects,"patient: 40m. drugs: flurazepam, vortioxetine 100mg every 6 hours, palmitic acid 100mg as needed.","['patient', '40', 'm.', 'drugs', 'flurazepam', 'vortioxetine', '100', 'mg', '6', 'hours', 'palmitic', 'acid', '100', 'mg', 'needed']",15,"['Vortioxetine', 'Palmitic Acid', 'Flurazepam']"
"Patient: 35F. Drugs: Selegiline, Ioflupane I-123, Bromotheophylline.","['Selegiline', 'Ioflupane I-123', 'Bromotheophylline']",1,1,diagnostic agent,"patient: 35f. drugs: selegiline, ioflupane i123, bromotheophylline.","['patient', '35f', 'drugs', 'selegiline', 'ioflupane', 'i123', 'bromotheophylline']",7,"['Selegiline', 'Bromotheophylline', 'Ioflupane I-123']"
"Patient: 58M. Drugs: Aclidinium 100mg as needed, Normethadone.","['Aclidinium', 'Normethadone']",1,3,risk or severity of adverse effects,"patient: 58m. drugs: aclidinium 100mg as needed, normethadone.","['patient', '58', 'm.', 'drugs', 'aclidinium', '100', 'mg', 'needed', 'normethadone']",9,"['Aclidinium', 'Normethadone']"
"Patient: 75M. Drugs: Furosemide, Lumiracoxib 200mg three times daily.","['Furosemide', 'Lumiracoxib']",1,1,therapeutic efficacy,"patient: 75m. drugs: furosemide, lumiracoxib 200mg three times daily.","['patient', '75', 'm.', 'drugs', 'furosemide', 'lumiracoxib', '200', 'mg', 'times', 'daily']",10,"['Lumiracoxib', 'Furosemide']"
"Patient: 52M. Drugs: Losartan 25mg three times daily, Ombitasvir 50mg as needed, Pivmecillinam 500mg every 6 hours.","['Losartan', 'Ombitasvir', 'Pivmecillinam']",1,2,metabolism,"patient: 52m. drugs: losartan 25mg three times daily, ombitasvir 50mg as needed, pivmecillinam 500mg every 6 hours.","['patient', '52', 'm.', 'drugs', 'losartan', '25', 'mg', 'times', 'daily', 'ombitasvir', '50', 'mg', 'needed', 'pivmecillinam', '500', 'mg', '6', 'hours']",18,"['Losartan', 'Ombitasvir', 'Pivmecillinam']"
"Patient: 70F. Drugs: Dexmedetomidine 200mg once daily, Aliskiren.","['Dexmedetomidine', 'Aliskiren']",1,3,risk or severity of adverse effects,"patient: 70f. drugs: dexmedetomidine 200mg once daily, aliskiren.","['patient', '70f', 'drugs', 'dexmedetomidine', '200', 'mg', 'daily', 'aliskiren']",8,"['Dexmedetomidine', 'Aliskiren']"
"Patient: 58M. Drugs: Sulbactam 200mg every 6 hours, Pamidronate.","['Sulbactam', 'Pamidronate']",0,0,none,"patient: 58m. drugs: sulbactam 200mg every 6 hours, pamidronate.","['patient', '58', 'm.', 'drugs', 'sulbactam', '200', 'mg', '6', 'hours', 'pamidronate']",10,"['Sulbactam', 'Pamidronate']"
"Patient: 60F. Drugs: Prochlorperazine 200mg before meals, Pentazocine 25mg as needed, Praziquantel 75mg after meals.","['Prochlorperazine', 'Pentazocine', 'Praziquantel']",1,3,risk or severity of adverse effects,"patient: 60f. drugs: prochlorperazine 200mg before meals, pentazocine 25mg as needed, praziquantel 75mg after meals.","['patient', '60f', 'drugs', 'prochlorperazine', '200', 'mg', 'meals', 'pentazocine', '25', 'mg', 'needed', 'praziquantel', '75', 'mg', 'meals']",15,"['Prochlorperazine', 'Praziquantel', 'Pentazocine']"
"Patient: 30M. Drugs: Cyclosporine 100mg twice daily, Methysergide, Zafirlukast 25mg as needed.","['Cyclosporine', 'Methysergide', 'Zafirlukast']",1,3,risk or severity of adverse effects,"patient: 30m. drugs: cyclosporine 100mg twice daily, methysergide, zafirlukast 25mg as needed.","['patient', '30', 'm.', 'drugs', 'cyclosporine', '100', 'mg', 'twice', 'daily', 'methysergide', 'zafirlukast', '25', 'mg', 'needed']",14,"['Cyclosporine', 'Zafirlukast', 'Methysergide']"
"Patient: 62M. Drugs: Prasterone, Pindolol 25mg every 8 hours, Clomifene 500mg twice daily, Isosorbide Mononitrate 500mg every 12 hours.","['Prasterone', 'Pindolol', 'Clomifene', 'Isosorbide Mononitrate']",1,3,risk or severity of adverse effects,"patient: 62m. drugs: prasterone, pindolol 25mg every 8 hours, clomifene 500mg twice daily, isosorbide mononitrate 500mg every 12 hours.","['patient', '62', 'm.', 'drugs', 'prasterone', 'pindolol', '25', 'mg', '8', 'hours', 'clomifene', '500', 'mg', 'twice', 'daily', 'isosorbide', 'mononitrate', '500', 'mg', '12', 'hours']",21,"['Isosorbide Mononitrate', 'Prasterone', 'Pindolol', 'Clomifene']"
"Patient: 70F. Drugs: Cephalexin, Lumefantrine.","['Cephalexin', 'Lumefantrine']",1,2,metabolism,"patient: 70f. drugs: cephalexin, lumefantrine.","['patient', '70f', 'drugs', 'cephalexin', 'lumefantrine']",5,"['Cephalexin', 'Lumefantrine']"
"Patient: 75M. Drugs: Bortezomib 75mg every 8 hours, Ranitidine, Fingolimod.","['Bortezomib', 'Ranitidine', 'Fingolimod']",1,2,metabolism,"patient: 75m. drugs: bortezomib 75mg every 8 hours, ranitidine, fingolimod.","['patient', '75', 'm.', 'drugs', 'bortezomib', '75', 'mg', '8', 'hours', 'ranitidine', 'fingolimod']",11,"['Bortezomib', 'Fingolimod', 'Ranitidine']"
"Patient: 30M. Drugs: Dasatinib 500mg as needed, Testosterone cypionate.","['Dasatinib', 'Testosterone cypionate']",1,2,serum concentration,"patient: 30m. drugs: dasatinib 500mg as needed, testosterone cypionate.","['patient', '30', 'm.', 'drugs', 'dasatinib', '500', 'mg', 'needed', 'testosterone', 'cypionate']",10,"['Dasatinib', 'Testosterone cypionate']"
"Patient: 55F. Drugs: Cefprozil 75mg before meals, Methyldopa 25mg every 8 hours.","['Cefprozil', 'Methyldopa']",0,0,none,"patient: 55f. drugs: cefprozil 75mg before meals, methyldopa 25mg every 8 hours.","['patient', '55f', 'drugs', 'cefprozil', '75', 'mg', 'meals', 'methyldopa', '25', 'mg', '8', 'hours']",12,"['Methyldopa', 'Cefprozil']"
"Patient: 30M. Drugs: Bepridil, Hexetidine 500mg every 12 hours, Temazepam 75mg three times daily.","['Bepridil', 'Hexetidine', 'Temazepam']",1,1,therapeutic efficacy,"patient: 30m. drugs: bepridil, hexetidine 500mg every 12 hours, temazepam 75mg three times daily.","['patient', '30', 'm.', 'drugs', 'bepridil', 'hexetidine', '500', 'mg', '12', 'hours', 'temazepam', '75', 'mg', 'times', 'daily']",15,"['Hexetidine', 'Bepridil', 'Temazepam']"
"Patient: 60F. Drugs: Corticorelin ovine triflutate 25mg twice daily, Difluocortolone 500mg as needed, Cinnarizine.","['Corticorelin ovine triflutate', 'Difluocortolone', 'Cinnarizine']",1,1,therapeutic efficacy,"patient: 60f. drugs: corticorelin ovine triflutate 25mg twice daily, difluocortolone 500mg as needed, cinnarizine.","['patient', '60f', 'drugs', 'corticorelin', 'ovine', 'triflutate', '25', 'mg', 'twice', 'daily', 'difluocortolone', '500', 'mg', 'needed', 'cinnarizine']",15,"['Corticorelin ovine triflutate', 'Difluocortolone', 'Cinnarizine']"
"Patient: 48F. Drugs: Zinc sulfate 75mg every 6 hours, Acipimox 25mg before meals.","['Zinc sulfate', 'Acipimox']",0,0,none,"patient: 48f. drugs: zinc sulfate 75mg every 6 hours, acipimox 25mg before meals.","['patient', '48f', 'drugs', 'zinc', 'sulfate', '75', 'mg', '6', 'hours', 'acipimox', '25', 'mg', 'meals']",13,"['Acipimox', 'Zinc sulfate']"
"Patient: 52M. Drugs: Butorphanol, Methamphetamine.","['Butorphanol', 'Methamphetamine']",1,1,analgesic activities,"patient: 52m. drugs: butorphanol, methamphetamine.","['patient', '52', 'm.', 'drugs', 'butorphanol', 'methamphetamine']",6,"['Methamphetamine', 'Butorphanol']"
"Patient: 58M. Drugs: Methantheline 100mg after meals, Fesoterodine 50mg every 8 hours, Perflutren 75mg every 8 hours.","['Methantheline', 'Fesoterodine', 'Perflutren']",1,3,risk or severity of adverse effects,"patient: 58m. drugs: methantheline 100mg after meals, fesoterodine 50mg every 8 hours, perflutren 75mg every 8 hours.","['patient', '58', 'm.', 'drugs', 'methantheline', '100', 'mg', 'meals', 'fesoterodine', '50', 'mg', '8', 'hours', 'perflutren', '75', 'mg', '8', 'hours']",18,"['Fesoterodine', 'Methantheline', 'Perflutren']"
"Patient: 60F. Drugs: Nicotinamide, Alcaftadine 200mg every 8 hours, Almotriptan, Nitroxoline 75mg before meals.","['Nicotinamide', 'Alcaftadine', 'Almotriptan', 'Nitroxoline']",0,0,none,"patient: 60f. drugs: nicotinamide, alcaftadine 200mg every 8 hours, almotriptan, nitroxoline 75mg before meals.","['patient', '60f', 'drugs', 'nicotinamide', 'alcaftadine', '200', 'mg', '8', 'hours', 'almotriptan', 'nitroxoline', '75', 'mg', 'meals']",14,"['Nitroxoline', 'Alcaftadine', 'Nicotinamide', 'Almotriptan']"
"Patient: 48F. Drugs: Rimonabant 500mg every 6 hours, Cobicistat, Josamycin 50mg every 6 hours.","['Rimonabant', 'Cobicistat', 'Josamycin']",1,2,metabolism,"patient: 48f. drugs: rimonabant 500mg every 6 hours, cobicistat, josamycin 50mg every 6 hours.","['patient', '48f', 'drugs', 'rimonabant', '500', 'mg', '6', 'hours', 'cobicistat', 'josamycin', '50', 'mg', '6', 'hours']",14,"['Rimonabant', 'Cobicistat', 'Josamycin']"
"Patient: 58M. Drugs: Dihydroergotamine, Vardenafil.","['Dihydroergotamine', 'Vardenafil']",1,2,metabolism,"patient: 58m. drugs: dihydroergotamine, vardenafil.","['patient', '58', 'm.', 'drugs', 'dihydroergotamine', 'vardenafil']",6,"['Dihydroergotamine', 'Vardenafil']"
"Patient: 30M. Drugs: Bimatoprost 100mg before meals, Benzydamine.","['Bimatoprost', 'Benzydamine']",1,1,therapeutic efficacy,"patient: 30m. drugs: bimatoprost 100mg before meals, benzydamine.","['patient', '30', 'm.', 'drugs', 'bimatoprost', '100', 'mg', 'meals', 'benzydamine']",9,"['Benzydamine', 'Bimatoprost']"
"Patient: 75M. Drugs: Ergonovine 25mg once daily, Nicotinamide 50mg before meals, Fluticasone.","['Ergonovine', 'Nicotinamide', 'Fluticasone']",1,3,risk or severity of adverse effects,"patient: 75m. drugs: ergonovine 25mg once daily, nicotinamide 50mg before meals, fluticasone.","['patient', '75', 'm.', 'drugs', 'ergonovine', '25', 'mg', 'daily', 'nicotinamide', '50', 'mg', 'meals', 'fluticasone']",13,"['Ergonovine', 'Nicotinamide', 'Fluticasone']"
"Patient: 25F. Drugs: Prochlorperazine, Hexobarbital, Mometasone.","['Prochlorperazine', 'Hexobarbital', 'Mometasone']",1,3,risk or severity of adverse effects,"patient: 25f. drugs: prochlorperazine, hexobarbital, mometasone.","['patient', '25f', 'drugs', 'prochlorperazine', 'hexobarbital', 'mometasone']",6,"['Prochlorperazine', 'Mometasone', 'Hexobarbital']"
"Patient: 28F. Drugs: Brotizolam 25mg once daily, Nabiximols 500mg once daily, Topiramate 25mg every 6 hours.","['Brotizolam', 'Nabiximols', 'Topiramate']",1,3,risk or severity of adverse effects,"patient: 28f. drugs: brotizolam 25mg once daily, nabiximols 500mg once daily, topiramate 25mg every 6 hours.","['patient', '28f', 'drugs', 'brotizolam', '25', 'mg', 'daily', 'nabiximols', '500', 'mg', 'daily', 'topiramate', '25', 'mg', '6', 'hours']",16,"['Topiramate', 'Nabiximols', 'Brotizolam']"
"Patient: 35F. Drugs: Unoprostone 25mg as needed, Acemetacin 500mg every 8 hours, Ketamine.","['Unoprostone', 'Acemetacin', 'Ketamine']",1,1,therapeutic efficacy,"patient: 35f. drugs: unoprostone 25mg as needed, acemetacin 500mg every 8 hours, ketamine.","['patient', '35f', 'drugs', 'unoprostone', '25', 'mg', 'needed', 'acemetacin', '500', 'mg', '8', 'hours', 'ketamine']",13,"['Ketamine', 'Unoprostone', 'Acemetacin']"
"Patient: 52M. Drugs: Dextropropoxyphene, Etizolam 50mg twice daily.","['Dextropropoxyphene', 'Etizolam']",1,3,risk or severity of adverse effects,"patient: 52m. drugs: dextropropoxyphene, etizolam 50mg twice daily.","['patient', '52', 'm.', 'drugs', 'dextropropoxyphene', 'etizolam', '50', 'mg', 'twice', 'daily']",10,"['Dextropropoxyphene', 'Etizolam']"
"Patient: 62M. Drugs: Secobarbital, Hydroxyprogesterone caproate 500mg every 12 hours, Ticarcillin.","['Secobarbital', 'Hydroxyprogesterone caproate', 'Ticarcillin']",1,1,therapeutic efficacy,"patient: 62m. drugs: secobarbital, hydroxyprogesterone caproate 500mg every 12 hours, ticarcillin.","['patient', '62', 'm.', 'drugs', 'secobarbital', 'hydroxyprogesterone', 'caproate', '500', 'mg', '12', 'hours', 'ticarcillin']",12,"['Hydroxyprogesterone caproate', 'Ticarcillin', 'Secobarbital']"
"Patient: 35F. Drugs: Terconazole 25mg after meals, Glycine 75mg every 12 hours.","['Terconazole', 'Glycine']",0,0,none,"patient: 35f. drugs: terconazole 25mg after meals, glycine 75mg every 12 hours.","['patient', '35f', 'drugs', 'terconazole', '25', 'mg', 'meals', 'glycine', '75', 'mg', '12', 'hours']",12,"['Glycine', 'Terconazole']"
"Patient: 48F. Drugs: Trimipramine, Agomelatine, Sodium Chloride.","['Trimipramine', 'Agomelatine', 'Sodium Chloride']",1,3,risk or severity of adverse effects,"patient: 48f. drugs: trimipramine, agomelatine, sodium chloride.","['patient', '48f', 'drugs', 'trimipramine', 'agomelatine', 'sodium', 'chloride']",7,"['Sodium Chloride', 'Agomelatine', 'Trimipramine']"
"Patient: 68M. Drugs: Meprobamate, Deutetrabenazine.","['Meprobamate', 'Deutetrabenazine']",1,3,risk or severity of sedation and somnolence,"patient: 68m. drugs: meprobamate, deutetrabenazine.","['patient', '68', 'm.', 'drugs', 'meprobamate', 'deutetrabenazine']",6,"['Deutetrabenazine', 'Meprobamate']"
"Patient: 30M. Drugs: Halazepam 50mg every 12 hours, Chlorprothixene 100mg once daily, Sugammadex.","['Halazepam', 'Chlorprothixene', 'Sugammadex']",1,3,risk or severity of adverse effects,"patient: 30m. drugs: halazepam 50mg every 12 hours, chlorprothixene 100mg once daily, sugammadex.","['patient', '30', 'm.', 'drugs', 'halazepam', '50', 'mg', '12', 'hours', 'chlorprothixene', '100', 'mg', 'daily', 'sugammadex']",14,"['Halazepam', 'Chlorprothixene', 'Sugammadex']"
"Patient: 28F. Drugs: Azithromycin, Apixaban, Choline 100mg twice daily.","['Azithromycin', 'Apixaban', 'Choline']",1,2,metabolism,"patient: 28f. drugs: azithromycin, apixaban, choline 100mg twice daily.","['patient', '28f', 'drugs', 'azithromycin', 'apixaban', 'choline', '100', 'mg', 'twice', 'daily']",10,"['Apixaban', 'Choline', 'Azithromycin']"
"Patient: 25F. Drugs: Tropisetron 500mg as needed, Etofibrate, Epinephrine 25mg once daily, Fludarabine 500mg once daily.","['Tropisetron', 'Etofibrate', 'Epinephrine', 'Fludarabine']",0,0,none,"patient: 25f. drugs: tropisetron 500mg as needed, etofibrate, epinephrine 25mg once daily, fludarabine 500mg once daily.","['patient', '25f', 'drugs', 'tropisetron', '500', 'mg', 'needed', 'etofibrate', 'epinephrine', '25', 'mg', 'daily', 'fludarabine', '500', 'mg', 'daily']",16,"['Epinephrine', 'Fludarabine', 'Etofibrate', 'Tropisetron']"
"Patient: 48F. Drugs: Metaraminol, Azilsartan medoxomil 500mg every 8 hours.","['Metaraminol', 'Azilsartan medoxomil']",0,0,none,"patient: 48f. drugs: metaraminol, azilsartan medoxomil 500mg every 8 hours.","['patient', '48f', 'drugs', 'metaraminol', 'azilsartan', 'medoxomil', '500', 'mg', '8', 'hours']",10,"['Azilsartan medoxomil', 'Metaraminol']"
"Patient: 45F. Drugs: Methohexital, Dyclonine 25mg twice daily, Cefpirome 50mg three times daily.","['Methohexital', 'Dyclonine', 'Cefpirome']",1,3,risk or severity of adverse effects,"patient: 45f. drugs: methohexital, dyclonine 25mg twice daily, cefpirome 50mg three times daily.","['patient', '45f', 'drugs', 'methohexital', 'dyclonine', '25', 'mg', 'twice', 'daily', 'cefpirome', '50', 'mg', 'times', 'daily']",14,"['Cefpirome', 'Methohexital', 'Dyclonine']"
"Patient: 52M. Drugs: Netilmicin 100mg every 6 hours, Parecoxib.","['Netilmicin', 'Parecoxib']",1,2,excretion rate of higher serum level,"patient: 52m. drugs: netilmicin 100mg every 6 hours, parecoxib.","['patient', '52', 'm.', 'drugs', 'netilmicin', '100', 'mg', '6', 'hours', 'parecoxib']",10,"['Parecoxib', 'Netilmicin']"
"Patient: 55F. Drugs: Flunarizine 100mg once daily, Calcium glubionate.","['Flunarizine', 'Calcium glubionate']",1,1,therapeutic efficacy,"patient: 55f. drugs: flunarizine 100mg once daily, calcium glubionate.","['patient', '55f', 'drugs', 'flunarizine', '100', 'mg', 'daily', 'calcium', 'glubionate']",9,"['Calcium glubionate', 'Flunarizine']"
"Patient: 70F. Drugs: Carteolol 500mg every 8 hours, Nortriptyline, Perindopril.","['Carteolol', 'Nortriptyline', 'Perindopril']",1,2,orthostatic hypotensive activities,"patient: 70f. drugs: carteolol 500mg every 8 hours, nortriptyline, perindopril.","['patient', '70f', 'drugs', 'carteolol', '500', 'mg', '8', 'hours', 'nortriptyline', 'perindopril']",10,"['Carteolol', 'Nortriptyline', 'Perindopril']"
"Patient: 28F. Drugs: Neostigmine, Dinoprost 200mg every 8 hours, Methazolamide.","['Neostigmine', 'Dinoprost', 'Methazolamide']",0,0,none,"patient: 28f. drugs: neostigmine, dinoprost 200mg every 8 hours, methazolamide.","['patient', '28f', 'drugs', 'neostigmine', 'dinoprost', '200', 'mg', '8', 'hours', 'methazolamide']",10,"['Neostigmine', 'Dinoprost', 'Methazolamide']"
"Patient: 52M. Drugs: Micafungin, Rifampicin 200mg as needed, Pimecrolimus, Troleandomycin 25mg every 12 hours.","['Micafungin', 'Rifampicin', 'Pimecrolimus', 'Troleandomycin']",1,2,serum concentration,"patient: 52m. drugs: micafungin, rifampicin 200mg as needed, pimecrolimus, troleandomycin 25mg every 12 hours.","['patient', '52', 'm.', 'drugs', 'micafungin', 'rifampicin', '200', 'mg', 'needed', 'pimecrolimus', 'troleandomycin', '25', 'mg', '12', 'hours']",15,"['Micafungin', 'Troleandomycin', 'Rifampicin', 'Pimecrolimus']"
"Patient: 48F. Drugs: Itraconazole, Ticarcillin 75mg before meals.","['Itraconazole', 'Ticarcillin']",0,0,none,"patient: 48f. drugs: itraconazole, ticarcillin 75mg before meals.","['patient', '48f', 'drugs', 'itraconazole', 'ticarcillin', '75', 'mg', 'meals']",8,"['Itraconazole', 'Ticarcillin']"
"Patient: 28F. Drugs: Quinethazone 75mg before meals, Empagliflozin 500mg every 8 hours.","['Quinethazone', 'Empagliflozin']",1,1,therapeutic efficacy,"patient: 28f. drugs: quinethazone 75mg before meals, empagliflozin 500mg every 8 hours.","['patient', '28f', 'drugs', 'quinethazone', '75', 'mg', 'meals', 'empagliflozin', '500', 'mg', '8', 'hours']",12,"['Quinethazone', 'Empagliflozin']"
"Patient: 75M. Drugs: Nortriptyline 75mg every 6 hours, Lumacaftor 500mg twice daily, Thiosulfuric acid 75mg three times daily.","['Nortriptyline', 'Lumacaftor', 'Thiosulfuric acid']",1,2,serum concentration,"patient: 75m. drugs: nortriptyline 75mg every 6 hours, lumacaftor 500mg twice daily, thiosulfuric acid 75mg three times daily.","['patient', '75', 'm.', 'drugs', 'nortriptyline', '75', 'mg', '6', 'hours', 'lumacaftor', '500', 'mg', 'twice', 'daily', 'thiosulfuric', 'acid', '75', 'mg', 'times', 'daily']",20,"['Nortriptyline', 'Thiosulfuric acid', 'Lumacaftor']"
"Patient: 33M. Drugs: Icatibant, Dinoprost 50mg every 12 hours.","['Icatibant', 'Dinoprost']",1,1,therapeutic efficacy,"patient: 33m. drugs: icatibant, dinoprost 50mg every 12 hours.","['patient', '33', 'm.', 'drugs', 'icatibant', 'dinoprost', '50', 'mg', '12', 'hours']",10,"['Icatibant', 'Dinoprost']"
"Patient: 58M. Drugs: Trimethadione, Cephalexin.","['Trimethadione', 'Cephalexin']",0,0,none,"patient: 58m. drugs: trimethadione, cephalexin.","['patient', '58', 'm.', 'drugs', 'trimethadione', 'cephalexin']",6,"['Cephalexin', 'Trimethadione']"
"Patient: 48F. Drugs: Gemfibrozil 75mg three times daily, Clevidipine, Testosterone enanthate.","['Gemfibrozil', 'Clevidipine', 'Testosterone enanthate']",1,2,metabolism,"patient: 48f. drugs: gemfibrozil 75mg three times daily, clevidipine, testosterone enanthate.","['patient', '48f', 'drugs', 'gemfibrozil', '75', 'mg', 'times', 'daily', 'clevidipine', 'testosterone', 'enanthate']",11,"['Gemfibrozil', 'Clevidipine', 'Testosterone enanthate']"
"Patient: 25F. Drugs: Carisoprodol 200mg every 8 hours, Propericiazine 500mg three times daily.","['Carisoprodol', 'Propericiazine']",0,0,none,"patient: 25f. drugs: carisoprodol 200mg every 8 hours, propericiazine 500mg three times daily.","['patient', '25f', 'drugs', 'carisoprodol', '200', 'mg', '8', 'hours', 'propericiazine', '500', 'mg', 'times', 'daily']",13,"['Propericiazine', 'Carisoprodol']"
"Patient: 30M. Drugs: Adapalene 100mg every 12 hours, Piretanide 100mg every 6 hours.","['Adapalene', 'Piretanide']",1,1,therapeutic efficacy,"patient: 30m. drugs: adapalene 100mg every 12 hours, piretanide 100mg every 6 hours.","['patient', '30', 'm.', 'drugs', 'adapalene', '100', 'mg', '12', 'hours', 'piretanide', '100', 'mg', '6', 'hours']",14,"['Adapalene', 'Piretanide']"
"Patient: 40M. Drugs: Sildenafil, Doxycycline 50mg every 12 hours, Malathion.","['Sildenafil', 'Doxycycline', 'Malathion']",1,2,metabolism,"patient: 40m. drugs: sildenafil, doxycycline 50mg every 12 hours, malathion.","['patient', '40', 'm.', 'drugs', 'sildenafil', 'doxycycline', '50', 'mg', '12', 'hours', 'malathion']",11,"['Doxycycline', 'Sildenafil', 'Malathion']"
"Patient: 25F. Drugs: Trifluoperazine 100mg after meals, Azelnidipine 25mg every 12 hours.","['Trifluoperazine', 'Azelnidipine']",1,3,risk or severity of hypotension,"patient: 25f. drugs: trifluoperazine 100mg after meals, azelnidipine 25mg every 12 hours.","['patient', '25f', 'drugs', 'trifluoperazine', '100', 'mg', 'meals', 'azelnidipine', '25', 'mg', '12', 'hours']",12,"['Trifluoperazine', 'Azelnidipine']"
"Patient: 52M. Drugs: Piperazine 50mg as needed, Fluocinolone Acetonide, Thonzylamine 500mg before meals.","['Piperazine', 'Fluocinolone Acetonide', 'Thonzylamine']",0,0,none,"patient: 52m. drugs: piperazine 50mg as needed, fluocinolone acetonide, thonzylamine 500mg before meals.","['patient', '52', 'm.', 'drugs', 'piperazine', '50', 'mg', 'needed', 'fluocinolone', 'acetonide', 'thonzylamine', '500', 'mg', 'meals']",14,"['Piperazine', 'Fluocinolone Acetonide', 'Thonzylamine']"
"Patient: 33M. Drugs: Icatibant, Dinoprost 50mg every 12 hours.","['Icatibant', 'Dinoprost']",1,1,therapeutic efficacy,"patient: 33m. drugs: icatibant, dinoprost 50mg every 12 hours.","['patient', '33', 'm.', 'drugs', 'icatibant', 'dinoprost', '50', 'mg', '12', 'hours']",10,"['Icatibant', 'Dinoprost']"
"Patient: 40M. Drugs: Cariprazine, Netupitant 500mg three times daily, Metipranolol 500mg three times daily.","['Cariprazine', 'Netupitant', 'Metipranolol']",1,2,serum concentration,"patient: 40m. drugs: cariprazine, netupitant 500mg three times daily, metipranolol 500mg three times daily.","['patient', '40', 'm.', 'drugs', 'cariprazine', 'netupitant', '500', 'mg', 'times', 'daily', 'metipranolol', '500', 'mg', 'times', 'daily']",15,"['Netupitant', 'Metipranolol', 'Cariprazine']"
"Patient: 58M. Drugs: Silodosin 50mg before meals, Tolazoline, Trichloroethylene 200mg every 6 hours, Nystatin 200mg before meals.","['Silodosin', 'Tolazoline', 'Trichloroethylene', 'Nystatin']",1,2,antihypertensive activities,"patient: 58m. drugs: silodosin 50mg before meals, tolazoline, trichloroethylene 200mg every 6 hours, nystatin 200mg before meals.","['patient', '58', 'm.', 'drugs', 'silodosin', '50', 'mg', 'meals', 'tolazoline', 'trichloroethylene', '200', 'mg', '6', 'hours', 'nystatin', '200', 'mg', 'meals']",18,"['Tolazoline', 'Silodosin', 'Nystatin', 'Trichloroethylene']"
"Patient: 68M. Drugs: Doxazosin, Clenbuterol.","['Doxazosin', 'Clenbuterol']",1,2,vasoconstricting activities,"patient: 68m. drugs: doxazosin, clenbuterol.","['patient', '68', 'm.', 'drugs', 'doxazosin', 'clenbuterol']",6,"['Clenbuterol', 'Doxazosin']"
"Patient: 48F. Drugs: Kanamycin 100mg as needed, Calcium levulinate 50mg after meals, Telmisartan 25mg twice daily, Dasabuvir.","['Kanamycin', 'Calcium levulinate', 'Telmisartan', 'Dasabuvir']",0,0,none,"patient: 48f. drugs: kanamycin 100mg as needed, calcium levulinate 50mg after meals, telmisartan 25mg twice daily, dasabuvir.","['patient', '48f', 'drugs', 'kanamycin', '100', 'mg', 'needed', 'calcium', 'levulinate', '50', 'mg', 'meals', 'telmisartan', '25', 'mg', 'twice', 'daily', 'dasabuvir']",18,"['Calcium levulinate', 'Telmisartan', 'Dasabuvir', 'Kanamycin']"
"Patient: 58M. Drugs: Propacetamol, Celiprolol, Cyclophosphamide, Pipotiazine 25mg twice daily.","['Propacetamol', 'Celiprolol', 'Cyclophosphamide', 'Pipotiazine']",1,2,antihypertensive activities,"patient: 58m. drugs: propacetamol, celiprolol, cyclophosphamide, pipotiazine 25mg twice daily.","['patient', '58', 'm.', 'drugs', 'propacetamol', 'celiprolol', 'cyclophosphamide', 'pipotiazine', '25', 'mg', 'twice', 'daily']",12,"['Propacetamol', 'Celiprolol', 'Cyclophosphamide', 'Pipotiazine']"
"Patient: 52M. Drugs: Secobarbital 25mg twice daily, Normethadone 100mg once daily.","['Secobarbital', 'Normethadone']",1,3,risk or severity of adverse effects,"patient: 52m. drugs: secobarbital 25mg twice daily, normethadone 100mg once daily.","['patient', '52', 'm.', 'drugs', 'secobarbital', '25', 'mg', 'twice', 'daily', 'normethadone', '100', 'mg', 'daily']",13,"['Normethadone', 'Secobarbital']"
"Patient: 70F. Drugs: Fluoxetine 200mg every 8 hours, Promethazine, Isradipine 200mg twice daily.","['Fluoxetine', 'Promethazine', 'Isradipine']",1,2,metabolism,"patient: 70f. drugs: fluoxetine 200mg every 8 hours, promethazine, isradipine 200mg twice daily.","['patient', '70f', 'drugs', 'fluoxetine', '200', 'mg', '8', 'hours', 'promethazine', 'isradipine', '200', 'mg', 'twice', 'daily']",14,"['Fluoxetine', 'Isradipine', 'Promethazine']"
"Patient: 58M. Drugs: Fluticasone propionate 25mg once daily, Testosterone enanthate 200mg three times daily, Letrozole.","['Fluticasone propionate', 'Testosterone enanthate', 'Letrozole']",1,3,risk or severity of edema formation,"patient: 58m. drugs: fluticasone propionate 25mg once daily, testosterone enanthate 200mg three times daily, letrozole.","['patient', '58', 'm.', 'drugs', 'fluticasone', 'propionate', '25', 'mg', 'daily', 'testosterone', 'enanthate', '200', 'mg', 'times', 'daily', 'letrozole']",16,"['Testosterone enanthate', 'Letrozole', 'Fluticasone propionate']"
"Patient: 55F. Drugs: Flunarizine 100mg once daily, Calcium glubionate.","['Flunarizine', 'Calcium glubionate']",1,1,therapeutic efficacy,"patient: 55f. drugs: flunarizine 100mg once daily, calcium glubionate.","['patient', '55f', 'drugs', 'flunarizine', '100', 'mg', 'daily', 'calcium', 'glubionate']",9,"['Calcium glubionate', 'Flunarizine']"
"Patient: 45F. Drugs: Dicyclomine, Bethanechol 100mg as needed, Bromotheophylline 50mg as needed, Clofedanol.","['Dicyclomine', 'Bethanechol', 'Bromotheophylline', 'Clofedanol']",0,0,none,"patient: 45f. drugs: dicyclomine, bethanechol 100mg as needed, bromotheophylline 50mg as needed, clofedanol.","['patient', '45f', 'drugs', 'dicyclomine', 'bethanechol', '100', 'mg', 'needed', 'bromotheophylline', '50', 'mg', 'needed', 'clofedanol']",13,"['Clofedanol', 'Bromotheophylline', 'Bethanechol', 'Dicyclomine']"
"Patient: 52M. Drugs: Cilastatin, Methotrexate 100mg twice daily, Isradipine.","['Cilastatin', 'Methotrexate', 'Isradipine']",0,0,none,"patient: 52m. drugs: cilastatin, methotrexate 100mg twice daily, isradipine.","['patient', '52', 'm.', 'drugs', 'cilastatin', 'methotrexate', '100', 'mg', 'twice', 'daily', 'isradipine']",11,"['Methotrexate', 'Isradipine', 'Cilastatin']"
"Patient: 55F. Drugs: Antipyrine 75mg before meals, Piretanide, Pholcodine 50mg three times daily.","['Antipyrine', 'Piretanide', 'Pholcodine']",1,1,therapeutic efficacy,"patient: 55f. drugs: antipyrine 75mg before meals, piretanide, pholcodine 50mg three times daily.","['patient', '55f', 'drugs', 'antipyrine', '75', 'mg', 'meals', 'piretanide', 'pholcodine', '50', 'mg', 'times', 'daily']",13,"['Antipyrine', 'Piretanide', 'Pholcodine']"
"Patient: 25F. Drugs: Clobazam 500mg before meals, Pimozide 500mg after meals, Dipotassium phosphate 50mg three times daily.","['Clobazam', 'Pimozide', 'Dipotassium phosphate']",1,3,risk or severity of adverse effects,"patient: 25f. drugs: clobazam 500mg before meals, pimozide 500mg after meals, dipotassium phosphate 50mg three times daily.","['patient', '25f', 'drugs', 'clobazam', '500', 'mg', 'meals', 'pimozide', '500', 'mg', 'meals', 'dipotassium', 'phosphate', '50', 'mg', 'times', 'daily']",17,"['Clobazam', 'Pimozide', 'Dipotassium phosphate']"
"Patient: 70F. Drugs: Hexaminolevulinate 100mg after meals, Cocaine 50mg every 12 hours, Picosulfuric acid.","['Hexaminolevulinate', 'Cocaine', 'Picosulfuric acid']",0,0,none,"patient: 70f. drugs: hexaminolevulinate 100mg after meals, cocaine 50mg every 12 hours, picosulfuric acid.","['patient', '70f', 'drugs', 'hexaminolevulinate', '100', 'mg', 'meals', 'cocaine', '50', 'mg', '12', 'hours', 'picosulfuric', 'acid']",14,"['Picosulfuric acid', 'Hexaminolevulinate', 'Cocaine']"
"Patient: 40M. Drugs: Maraviroc, Artenimol 200mg once daily, Terconazole 50mg every 8 hours, Ramelteon 500mg once daily.","['Maraviroc', 'Artenimol', 'Terconazole', 'Ramelteon']",0,0,none,"patient: 40m. drugs: maraviroc, artenimol 200mg once daily, terconazole 50mg every 8 hours, ramelteon 500mg once daily.","['patient', '40', 'm.', 'drugs', 'maraviroc', 'artenimol', '200', 'mg', 'daily', 'terconazole', '50', 'mg', '8', 'hours', 'ramelteon', '500', 'mg', 'daily']",18,"['Artenimol', 'Terconazole', 'Ramelteon', 'Maraviroc']"
"Patient: 45F. Drugs: Lamotrigine 25mg three times daily, Bismuth Subcitrate 75mg twice daily, Lomitapide, Balsalazide 25mg twice daily.","['Lamotrigine', 'Bismuth Subcitrate', 'Lomitapide', 'Balsalazide']",0,0,none,"patient: 45f. drugs: lamotrigine 25mg three times daily, bismuth subcitrate 75mg twice daily, lomitapide, balsalazide 25mg twice daily.","['patient', '45f', 'drugs', 'lamotrigine', '25', 'mg', 'times', 'daily', 'bismuth', 'subcitrate', '75', 'mg', 'twice', 'daily', 'lomitapide', 'balsalazide', '25', 'mg', 'twice', 'daily']",20,"['Lomitapide', 'Balsalazide', 'Lamotrigine', 'Bismuth Subcitrate']"
"Patient: 48F. Drugs: Zileuton, Rifampicin.","['Zileuton', 'Rifampicin']",1,2,metabolism,"patient: 48f. drugs: zileuton, rifampicin.","['patient', '48f', 'drugs', 'zileuton', 'rifampicin']",5,"['Rifampicin', 'Zileuton']"
"Patient: 52M. Drugs: Metronidazole 100mg twice daily, Lactic Acid.","['Metronidazole', 'Lactic Acid']",0,0,none,"patient: 52m. drugs: metronidazole 100mg twice daily, lactic acid.","['patient', '52', 'm.', 'drugs', 'metronidazole', '100', 'mg', 'twice', 'daily', 'lactic', 'acid']",11,"['Metronidazole', 'Lactic Acid']"
"Patient: 68M. Drugs: Delavirdine 50mg twice daily, Epinastine 25mg once daily.","['Delavirdine', 'Epinastine']",1,1,absorption,"patient: 68m. drugs: delavirdine 50mg twice daily, epinastine 25mg once daily.","['patient', '68', 'm.', 'drugs', 'delavirdine', '50', 'mg', 'twice', 'daily', 'epinastine', '25', 'mg', 'daily']",13,"['Epinastine', 'Delavirdine']"
"Patient: 48F. Drugs: Zileuton, Phenoxybenzamine 75mg every 12 hours, Lorpiprazole 75mg before meals, Deferoxamine.","['Zileuton', 'Phenoxybenzamine', 'Lorpiprazole', 'Deferoxamine']",1,2,serum concentration,"patient: 48f. drugs: zileuton, phenoxybenzamine 75mg every 12 hours, lorpiprazole 75mg before meals, deferoxamine.","['patient', '48f', 'drugs', 'zileuton', 'phenoxybenzamine', '75', 'mg', '12', 'hours', 'lorpiprazole', '75', 'mg', 'meals', 'deferoxamine']",14,"['Phenoxybenzamine', 'Zileuton', 'Lorpiprazole', 'Deferoxamine']"
"Patient: 55F. Drugs: Antipyrine 75mg before meals, Piretanide, Pholcodine 50mg three times daily.","['Antipyrine', 'Piretanide', 'Pholcodine']",1,1,therapeutic efficacy,"patient: 55f. drugs: antipyrine 75mg before meals, piretanide, pholcodine 50mg three times daily.","['patient', '55f', 'drugs', 'antipyrine', '75', 'mg', 'meals', 'piretanide', 'pholcodine', '50', 'mg', 'times', 'daily']",13,"['Antipyrine', 'Piretanide', 'Pholcodine']"
"Patient: 75M. Drugs: Doxercalciferol, Indapamide.","['Doxercalciferol', 'Indapamide']",1,3,risk or severity of hyperkalemia,"patient: 75m. drugs: doxercalciferol, indapamide.","['patient', '75', 'm.', 'drugs', 'doxercalciferol', 'indapamide']",6,"['Doxercalciferol', 'Indapamide']"
"Patient: 48F. Drugs: Naproxen 200mg after meals, Methylergometrine 500mg before meals.","['Naproxen', 'Methylergometrine']",0,0,none,"patient: 48f. drugs: naproxen 200mg after meals, methylergometrine 500mg before meals.","['patient', '48f', 'drugs', 'naproxen', '200', 'mg', 'meals', 'methylergometrine', '500', 'mg', 'meals']",11,"['Methylergometrine', 'Naproxen']"
"Patient: 30M. Drugs: Adapalene 100mg every 12 hours, Piretanide 100mg every 6 hours.","['Adapalene', 'Piretanide']",1,1,therapeutic efficacy,"patient: 30m. drugs: adapalene 100mg every 12 hours, piretanide 100mg every 6 hours.","['patient', '30', 'm.', 'drugs', 'adapalene', '100', 'mg', '12', 'hours', 'piretanide', '100', 'mg', '6', 'hours']",14,"['Adapalene', 'Piretanide']"
"Patient: 35F. Drugs: Deflazacort 100mg twice daily, Estradiol cypionate 50mg as needed, Phenprocoumon 500mg twice daily.","['Deflazacort', 'Estradiol cypionate', 'Phenprocoumon']",1,2,serum concentration,"patient: 35f. drugs: deflazacort 100mg twice daily, estradiol cypionate 50mg as needed, phenprocoumon 500mg twice daily.","['patient', '35f', 'drugs', 'deflazacort', '100', 'mg', 'twice', 'daily', 'estradiol', 'cypionate', '50', 'mg', 'needed', 'phenprocoumon', '500', 'mg', 'twice', 'daily']",18,"['Estradiol cypionate', 'Deflazacort', 'Phenprocoumon']"
"Patient: 30M. Drugs: Alogliptin, Deflazacort 100mg once daily, Lornoxicam.","['Alogliptin', 'Deflazacort', 'Lornoxicam']",1,3,risk or severity of adverse effects,"patient: 30m. drugs: alogliptin, deflazacort 100mg once daily, lornoxicam.","['patient', '30', 'm.', 'drugs', 'alogliptin', 'deflazacort', '100', 'mg', 'daily', 'lornoxicam']",10,"['Lornoxicam', 'Deflazacort', 'Alogliptin']"
"Patient: 62M. Drugs: Methylnaltrexone, Almotriptan, Cloxacillin, Vardenafil.","['Methylnaltrexone', 'Almotriptan', 'Cloxacillin', 'Vardenafil']",0,0,none,"patient: 62m. drugs: methylnaltrexone, almotriptan, cloxacillin, vardenafil.","['patient', '62', 'm.', 'drugs', 'methylnaltrexone', 'almotriptan', 'cloxacillin', 'vardenafil']",8,"['Vardenafil', 'Cloxacillin', 'Methylnaltrexone', 'Almotriptan']"
"Patient: 62M. Drugs: Tranylcypromine, Salbutamol 200mg before meals.","['Tranylcypromine', 'Salbutamol']",1,3,risk or severity of adverse effects,"patient: 62m. drugs: tranylcypromine, salbutamol 200mg before meals.","['patient', '62', 'm.', 'drugs', 'tranylcypromine', 'salbutamol', '200', 'mg', 'meals']",9,"['Salbutamol', 'Tranylcypromine']"
"Patient: 55F. Drugs: Posaconazole 50mg once daily, Clevidipine 200mg before meals, Adenine.","['Posaconazole', 'Clevidipine', 'Adenine']",1,1,therapeutic efficacy,"patient: 55f. drugs: posaconazole 50mg once daily, clevidipine 200mg before meals, adenine.","['patient', '55f', 'drugs', 'posaconazole', '50', 'mg', 'daily', 'clevidipine', '200', 'mg', 'meals', 'adenine']",12,"['Adenine', 'Posaconazole', 'Clevidipine']"
"Patient: 68M. Drugs: Fluconazole 200mg every 12 hours, Aranidipine 50mg as needed, Vitamin C.","['Fluconazole', 'Aranidipine', 'Vitamin C']",1,1,therapeutic efficacy,"patient: 68m. drugs: fluconazole 200mg every 12 hours, aranidipine 50mg as needed, vitamin c.","['patient', '68', 'm.', 'drugs', 'fluconazole', '200', 'mg', '12', 'hours', 'aranidipine', '50', 'mg', 'needed', 'vitamin', 'c.']",15,"['Fluconazole', 'Vitamin', 'Aranidipine']"
"Patient: 70F. Drugs: Hexaminolevulinate 100mg after meals, Cocaine 50mg every 12 hours, Picosulfuric acid.","['Hexaminolevulinate', 'Cocaine', 'Picosulfuric acid']",0,0,none,"patient: 70f. drugs: hexaminolevulinate 100mg after meals, cocaine 50mg every 12 hours, picosulfuric acid.","['patient', '70f', 'drugs', 'hexaminolevulinate', '100', 'mg', 'meals', 'cocaine', '50', 'mg', '12', 'hours', 'picosulfuric', 'acid']",14,"['Picosulfuric acid', 'Hexaminolevulinate', 'Cocaine']"
"Patient: 40M. Drugs: Atazanavir 50mg twice daily, Hydroxyprogesterone caproate.","['Atazanavir', 'Hydroxyprogesterone caproate']",1,2,serum concentration,"patient: 40m. drugs: atazanavir 50mg twice daily, hydroxyprogesterone caproate.","['patient', '40', 'm.', 'drugs', 'atazanavir', '50', 'mg', 'twice', 'daily', 'hydroxyprogesterone', 'caproate']",11,"['Hydroxyprogesterone caproate', 'Atazanavir']"
"Patient: 60F. Drugs: Potassium Citrate 200mg every 12 hours, Lynestrenol 50mg three times daily.","['Potassium Citrate', 'Lynestrenol']",1,1,therapeutic efficacy,"patient: 60f. drugs: potassium citrate 200mg every 12 hours, lynestrenol 50mg three times daily.","['patient', '60f', 'drugs', 'potassium', 'citrate', '200', 'mg', '12', 'hours', 'lynestrenol', '50', 'mg', 'times', 'daily']",14,"['Lynestrenol', 'Potassium Citrate']"
"Patient: 55F. Drugs: Nimodipine 75mg twice daily, Griseofulvin 75mg three times daily.","['Nimodipine', 'Griseofulvin']",1,1,therapeutic efficacy,"patient: 55f. drugs: nimodipine 75mg twice daily, griseofulvin 75mg three times daily.","['patient', '55f', 'drugs', 'nimodipine', '75', 'mg', 'twice', 'daily', 'griseofulvin', '75', 'mg', 'times', 'daily']",13,"['Griseofulvin', 'Nimodipine']"
"Patient: 30M. Drugs: Pregabalin 25mg every 8 hours, Tetrabenazine 200mg every 6 hours.","['Pregabalin', 'Tetrabenazine']",1,1,therapeutic efficacy,"patient: 30m. drugs: pregabalin 25mg every 8 hours, tetrabenazine 200mg every 6 hours.","['patient', '30', 'm.', 'drugs', 'pregabalin', '25', 'mg', '8', 'hours', 'tetrabenazine', '200', 'mg', '6', 'hours']",14,"['Tetrabenazine', 'Pregabalin']"
"Patient: 55F. Drugs: Spironolactone 75mg every 8 hours, Chloroquine, Aluminum hydroxide.","['Spironolactone', 'Chloroquine', 'Aluminum hydroxide']",1,2,antihypertensive activities,"patient: 55f. drugs: spironolactone 75mg every 8 hours, chloroquine, aluminum hydroxide.","['patient', '55f', 'drugs', 'spironolactone', '75', 'mg', '8', 'hours', 'chloroquine', 'aluminum', 'hydroxide']",11,"['Aluminum hydroxide', 'Spironolactone', 'Chloroquine']"
"Patient: 60F. Drugs: Butriptyline 500mg every 6 hours, Goserelin, Dihydrocodeine 50mg every 12 hours, Fimasartan.","['Butriptyline', 'Goserelin', 'Dihydrocodeine', 'Fimasartan']",0,0,none,"patient: 60f. drugs: butriptyline 500mg every 6 hours, goserelin, dihydrocodeine 50mg every 12 hours, fimasartan.","['patient', '60f', 'drugs', 'butriptyline', '500', 'mg', '6', 'hours', 'goserelin', 'dihydrocodeine', '50', 'mg', '12', 'hours', 'fimasartan']",15,"['Goserelin', 'Dihydrocodeine', 'Fimasartan', 'Butriptyline']"
"Patient: 28F. Drugs: Pibrentasvir 200mg before meals, Cortisone acetate 75mg as needed, Chloroxylenol 100mg as needed, Trandolapril 100mg twice daily.","['Pibrentasvir', 'Cortisone acetate', 'Chloroxylenol', 'Trandolapril']",0,0,none,"patient: 28f. drugs: pibrentasvir 200mg before meals, cortisone acetate 75mg as needed, chloroxylenol 100mg as needed, trandolapril 100mg twice daily.","['patient', '28f', 'drugs', 'pibrentasvir', '200', 'mg', 'meals', 'cortisone', 'acetate', '75', 'mg', 'needed', 'chloroxylenol', '100', 'mg', 'needed', 'trandolapril', '100', 'mg', 'twice', 'daily']",21,"['Trandolapril', 'Chloroxylenol', 'Cortisone acetate', 'Pibrentasvir']"
"Patient: 62M. Drugs: Carisoprodol 25mg twice daily, Nalbuphine, Midostaurin 75mg every 12 hours.","['Carisoprodol', 'Nalbuphine', 'Midostaurin']",1,3,risk or severity of adverse effects,"patient: 62m. drugs: carisoprodol 25mg twice daily, nalbuphine, midostaurin 75mg every 12 hours.","['patient', '62', 'm.', 'drugs', 'carisoprodol', '25', 'mg', 'twice', 'daily', 'nalbuphine', 'midostaurin', '75', 'mg', '12', 'hours']",15,"['Midostaurin', 'Nalbuphine', 'Carisoprodol']"
"Patient: 25F. Drugs: Ticlopidine 200mg after meals, Ranitidine, Crisaborole.","['Ticlopidine', 'Ranitidine', 'Crisaborole']",1,2,metabolism,"patient: 25f. drugs: ticlopidine 200mg after meals, ranitidine, crisaborole.","['patient', '25f', 'drugs', 'ticlopidine', '200', 'mg', 'meals', 'ranitidine', 'crisaborole']",9,"['Ticlopidine', 'Ranitidine', 'Crisaborole']"
"Patient: 55F. Drugs: Albendazole 25mg twice daily, Deslanoside 75mg every 8 hours, Amphetamine 500mg every 12 hours.","['Albendazole', 'Deslanoside', 'Amphetamine']",1,2,cardiotoxic activities,"patient: 55f. drugs: albendazole 25mg twice daily, deslanoside 75mg every 8 hours, amphetamine 500mg every 12 hours.","['patient', '55f', 'drugs', 'albendazole', '25', 'mg', 'twice', 'daily', 'deslanoside', '75', 'mg', '8', 'hours', 'amphetamine', '500', 'mg', '12', 'hours']",18,"['Amphetamine', 'Albendazole', 'Deslanoside']"
"Patient: 60F. Drugs: Colistimethate 25mg before meals, Ambroxol 50mg every 6 hours.","['Colistimethate', 'Ambroxol']",0,0,none,"patient: 60f. drugs: colistimethate 25mg before meals, ambroxol 50mg every 6 hours.","['patient', '60f', 'drugs', 'colistimethate', '25', 'mg', 'meals', 'ambroxol', '50', 'mg', '6', 'hours']",12,"['Colistimethate', 'Ambroxol']"
"Patient: 55F. Drugs: Lercanidipine 75mg before meals, Iobenguane 75mg as needed, Sitaxentan 200mg every 6 hours, Difluprednate 25mg once daily.","['Lercanidipine', 'Iobenguane', 'Sitaxentan', 'Difluprednate']",1,2,hypotensive activities,"patient: 55f. drugs: lercanidipine 75mg before meals, iobenguane 75mg as needed, sitaxentan 200mg every 6 hours, difluprednate 25mg once daily.","['patient', '55f', 'drugs', 'lercanidipine', '75', 'mg', 'meals', 'iobenguane', '75', 'mg', 'needed', 'sitaxentan', '200', 'mg', '6', 'hours', 'difluprednate', '25', 'mg', 'daily']",20,"['Iobenguane', 'Lercanidipine', 'Difluprednate', 'Sitaxentan']"
"Patient: 30M. Drugs: Cyclosporine 500mg three times daily, Sucralfate, Melperone.","['Cyclosporine', 'Sucralfate', 'Melperone']",1,1,absorption,"patient: 30m. drugs: cyclosporine 500mg three times daily, sucralfate, melperone.","['patient', '30', 'm.', 'drugs', 'cyclosporine', '500', 'mg', 'times', 'daily', 'sucralfate', 'melperone']",11,"['Melperone', 'Cyclosporine', 'Sucralfate']"
"Patient: 33M. Drugs: Doxapram, Nabumetone 25mg as needed, Permethrin 500mg every 8 hours.","['Doxapram', 'Nabumetone', 'Permethrin']",0,0,none,"patient: 33m. drugs: doxapram, nabumetone 25mg as needed, permethrin 500mg every 8 hours.","['patient', '33', 'm.', 'drugs', 'doxapram', 'nabumetone', '25', 'mg', 'needed', 'permethrin', '500', 'mg', '8', 'hours']",14,"['Permethrin', 'Nabumetone', 'Doxapram']"
"Patient: 70F. Drugs: Clomipramine, Empagliflozin 50mg twice daily.","['Clomipramine', 'Empagliflozin']",1,3,risk or severity of adverse effects,"patient: 70f. drugs: clomipramine, empagliflozin 50mg twice daily.","['patient', '70f', 'drugs', 'clomipramine', 'empagliflozin', '50', 'mg', 'twice', 'daily']",9,"['Empagliflozin', 'Clomipramine']"
"Patient: 60F. Drugs: Levorphanol, Silodosin, Quinupristin.","['Levorphanol', 'Silodosin', 'Quinupristin']",0,0,none,"patient: 60f. drugs: levorphanol, silodosin, quinupristin.","['patient', '60f', 'drugs', 'levorphanol', 'silodosin', 'quinupristin']",6,"['Quinupristin', 'Silodosin', 'Levorphanol']"
"Patient: 28F. Drugs: Venlafaxine, Elvitegravir 25mg three times daily.","['Venlafaxine', 'Elvitegravir']",1,2,metabolism,"patient: 28f. drugs: venlafaxine, elvitegravir 25mg three times daily.","['patient', '28f', 'drugs', 'venlafaxine', 'elvitegravir', '25', 'mg', 'times', 'daily']",9,"['Elvitegravir', 'Venlafaxine']"
"Patient: 35F. Drugs: Fluvoxamine, Dabrafenib.","['Fluvoxamine', 'Dabrafenib']",1,2,metabolism,"patient: 35f. drugs: fluvoxamine, dabrafenib.","['patient', '35f', 'drugs', 'fluvoxamine', 'dabrafenib']",5,"['Fluvoxamine', 'Dabrafenib']"
"Patient: 28F. Drugs: Quinethazone 75mg before meals, Empagliflozin 500mg every 8 hours.","['Quinethazone', 'Empagliflozin']",1,1,therapeutic efficacy,"patient: 28f. drugs: quinethazone 75mg before meals, empagliflozin 500mg every 8 hours.","['patient', '28f', 'drugs', 'quinethazone', '75', 'mg', 'meals', 'empagliflozin', '500', 'mg', '8', 'hours']",12,"['Quinethazone', 'Empagliflozin']"
"Patient: 60F. Drugs: Thiopental 200mg after meals, Apraclonidine, Guanabenz 100mg every 6 hours.","['Thiopental', 'Apraclonidine', 'Guanabenz']",1,2,hypotensive activities,"patient: 60f. drugs: thiopental 200mg after meals, apraclonidine, guanabenz 100mg every 6 hours.","['patient', '60f', 'drugs', 'thiopental', '200', 'mg', 'meals', 'apraclonidine', 'guanabenz', '100', 'mg', '6', 'hours']",13,"['Thiopental', 'Apraclonidine', 'Guanabenz']"
"Patient: 48F. Drugs: Levobunolol 200mg every 12 hours, Triprolidine 75mg once daily, Fenbufen 50mg before meals, Biperiden.","['Levobunolol', 'Triprolidine', 'Fenbufen', 'Biperiden']",1,2,antihypertensive activities,"patient: 48f. drugs: levobunolol 200mg every 12 hours, triprolidine 75mg once daily, fenbufen 50mg before meals, biperiden.","['patient', '48f', 'drugs', 'levobunolol', '200', 'mg', '12', 'hours', 'triprolidine', '75', 'mg', 'daily', 'fenbufen', '50', 'mg', 'meals', 'biperiden']",17,"['Triprolidine', 'Fenbufen', 'Levobunolol', 'Biperiden']"
"Patient: 60F. Drugs: Hexetidine 100mg as needed, Eletriptan 50mg every 6 hours.","['Hexetidine', 'Eletriptan']",0,0,none,"patient: 60f. drugs: hexetidine 100mg as needed, eletriptan 50mg every 6 hours.","['patient', '60f', 'drugs', 'hexetidine', '100', 'mg', 'needed', 'eletriptan', '50', 'mg', '6', 'hours']",12,"['Hexetidine', 'Eletriptan']"
"Patient: 40M. Drugs: Tolperisone, Polaprezinc 25mg every 6 hours.","['Tolperisone', 'Polaprezinc']",0,0,none,"patient: 40m. drugs: tolperisone, polaprezinc 25mg every 6 hours.","['patient', '40', 'm.', 'drugs', 'tolperisone', 'polaprezinc', '25', 'mg', '6', 'hours']",10,"['Polaprezinc', 'Tolperisone']"
"Patient: 58M. Drugs: Prochlorperazine 75mg twice daily, Ethyl chloride 25mg before meals, Vismodegib 100mg once daily, Minoxidil 75mg every 12 hours.","['Prochlorperazine', 'Ethyl chloride', 'Vismodegib', 'Minoxidil']",1,3,risk or severity of adverse effects,"patient: 58m. drugs: prochlorperazine 75mg twice daily, ethyl chloride 25mg before meals, vismodegib 100mg once daily, minoxidil 75mg every 12 hours.","['patient', '58', 'm.', 'drugs', 'prochlorperazine', '75', 'mg', 'twice', 'daily', 'ethyl', 'chloride', '25', 'mg', 'meals', 'vismodegib', '100', 'mg', 'daily', 'minoxidil', '75', 'mg', '12', 'hours']",23,"['Minoxidil', 'Ethyl chloride', 'Prochlorperazine', 'Vismodegib']"
"Patient: 55F. Drugs: Etoposide, Curcumin 50mg three times daily.","['Etoposide', 'Curcumin']",1,2,metabolism,"patient: 55f. drugs: etoposide, curcumin 50mg three times daily.","['patient', '55f', 'drugs', 'etoposide', 'curcumin', '50', 'mg', 'times', 'daily']",9,"['Etoposide', 'Curcumin']"
"Patient: 68M. Drugs: Sulfisoxazole 500mg every 6 hours, Estazolam 25mg once daily.","['Sulfisoxazole', 'Estazolam']",1,2,metabolism,"patient: 68m. drugs: sulfisoxazole 500mg every 6 hours, estazolam 25mg once daily.","['patient', '68', 'm.', 'drugs', 'sulfisoxazole', '500', 'mg', '6', 'hours', 'estazolam', '25', 'mg', 'daily']",13,"['Estazolam', 'Sulfisoxazole']"
"Patient: 35F. Drugs: Hydroxyamphetamine, Cyclopentolate 100mg after meals, Phenoxymethylpenicillin 200mg once daily, Isosorbide Mononitrate 200mg every 8 hours.","['Hydroxyamphetamine', 'Cyclopentolate', 'Phenoxymethylpenicillin', 'Isosorbide Mononitrate']",0,0,none,"patient: 35f. drugs: hydroxyamphetamine, cyclopentolate 100mg after meals, phenoxymethylpenicillin 200mg once daily, isosorbide mononitrate 200mg every 8 hours.","['patient', '35f', 'drugs', 'hydroxyamphetamine', 'cyclopentolate', '100', 'mg', 'meals', 'phenoxymethylpenicillin', '200', 'mg', 'daily', 'isosorbide', 'mononitrate', '200', 'mg', '8', 'hours']",18,"['Isosorbide Mononitrate', 'Hydroxyamphetamine', 'Phenoxymethylpenicillin', 'Cyclopentolate']"
"Patient: 45F. Drugs: Oxybutynin, Metoclopramide 200mg as needed, Tolazoline 50mg before meals.","['Oxybutynin', 'Metoclopramide', 'Tolazoline']",1,1,therapeutic efficacy,"patient: 45f. drugs: oxybutynin, metoclopramide 200mg as needed, tolazoline 50mg before meals.","['patient', '45f', 'drugs', 'oxybutynin', 'metoclopramide', '200', 'mg', 'needed', 'tolazoline', '50', 'mg', 'meals']",12,"['Tolazoline', 'Oxybutynin', 'Metoclopramide']"
"Patient: 40M. Drugs: Ketoconazole 25mg before meals, Aranidipine 75mg as needed.","['Ketoconazole', 'Aranidipine']",1,1,therapeutic efficacy,"patient: 40m. drugs: ketoconazole 25mg before meals, aranidipine 75mg as needed.","['patient', '40', 'm.', 'drugs', 'ketoconazole', '25', 'mg', 'meals', 'aranidipine', '75', 'mg', 'needed']",12,"['Ketoconazole', 'Aranidipine']"
"Patient: 58M. Drugs: Rifapentine 50mg after meals, Safinamide 50mg every 12 hours, Megestrol acetate 75mg three times daily.","['Rifapentine', 'Safinamide', 'Megestrol acetate']",1,2,metabolism,"patient: 58m. drugs: rifapentine 50mg after meals, safinamide 50mg every 12 hours, megestrol acetate 75mg three times daily.","['patient', '58', 'm.', 'drugs', 'rifapentine', '50', 'mg', 'meals', 'safinamide', '50', 'mg', '12', 'hours', 'megestrol', 'acetate', '75', 'mg', 'times', 'daily']",19,"['Megestrol acetate', 'Safinamide', 'Rifapentine']"
"Patient: 25F. Drugs: Norgestimate 25mg after meals, Empagliflozin 500mg as needed.","['Norgestimate', 'Empagliflozin']",1,1,therapeutic efficacy,"patient: 25f. drugs: norgestimate 25mg after meals, empagliflozin 500mg as needed.","['patient', '25f', 'drugs', 'norgestimate', '25', 'mg', 'meals', 'empagliflozin', '500', 'mg', 'needed']",11,"['Norgestimate', 'Empagliflozin']"
"Patient: 30M. Drugs: Griseofulvin 50mg once daily, Pergolide.","['Griseofulvin', 'Pergolide']",0,0,none,"patient: 30m. drugs: griseofulvin 50mg once daily, pergolide.","['patient', '30', 'm.', 'drugs', 'griseofulvin', '50', 'mg', 'daily', 'pergolide']",9,"['Pergolide', 'Griseofulvin']"
"Patient: 28F. Drugs: Fosinopril, Udenafil 500mg once daily.","['Fosinopril', 'Udenafil']",1,2,antihypertensive activities,"patient: 28f. drugs: fosinopril, udenafil 500mg once daily.","['patient', '28f', 'drugs', 'fosinopril', 'udenafil', '500', 'mg', 'daily']",8,"['Udenafil', 'Fosinopril']"
"Patient: 40M. Drugs: Lovastatin, Pioglitazone 100mg before meals, Granisetron 75mg once daily.","['Lovastatin', 'Pioglitazone', 'Granisetron']",1,2,metabolism,"patient: 40m. drugs: lovastatin, pioglitazone 100mg before meals, granisetron 75mg once daily.","['patient', '40', 'm.', 'drugs', 'lovastatin', 'pioglitazone', '100', 'mg', 'meals', 'granisetron', '75', 'mg', 'daily']",13,"['Lovastatin', 'Pioglitazone', 'Granisetron']"
"Patient: 68M. Drugs: Nimesulide, Propantheline 500mg every 6 hours, Roxithromycin 200mg before meals, Colchicine 100mg before meals.","['Nimesulide', 'Propantheline', 'Roxithromycin', 'Colchicine']",0,0,none,"patient: 68m. drugs: nimesulide, propantheline 500mg every 6 hours, roxithromycin 200mg before meals, colchicine 100mg before meals.","['patient', '68', 'm.', 'drugs', 'nimesulide', 'propantheline', '500', 'mg', '6', 'hours', 'roxithromycin', '200', 'mg', 'meals', 'colchicine', '100', 'mg', 'meals']",18,"['Propantheline', 'Colchicine', 'Roxithromycin', 'Nimesulide']"
"Patient: 75M. Drugs: Irbesartan 75mg once daily, Macimorelin 100mg every 6 hours, Thiopental.","['Irbesartan', 'Macimorelin', 'Thiopental']",1,2,hypotensive activities,"patient: 75m. drugs: irbesartan 75mg once daily, macimorelin 100mg every 6 hours, thiopental.","['patient', '75', 'm.', 'drugs', 'irbesartan', '75', 'mg', 'daily', 'macimorelin', '100', 'mg', '6', 'hours', 'thiopental']",14,"['Irbesartan', 'Thiopental', 'Macimorelin']"
"Patient: 60F. Drugs: Pipamperone, Mefenamic acid, Candesartan cilexetil 75mg after meals.","['Pipamperone', 'Mefenamic acid', 'Candesartan cilexetil']",1,3,risk or severity of adverse effects,"patient: 60f. drugs: pipamperone, mefenamic acid, candesartan cilexetil 75mg after meals.","['patient', '60f', 'drugs', 'pipamperone', 'mefenamic', 'acid', 'candesartan', 'cilexetil', '75', 'mg', 'meals']",11,"['Mefenamic acid', 'Pipamperone', 'Candesartan cilexetil']"
"Patient: 25F. Drugs: Toremifene, Diphenhydramine, Bismuth subnitrate.","['Toremifene', 'Diphenhydramine', 'Bismuth subnitrate']",1,2,QTc-prolonging activities,"patient: 25f. drugs: toremifene, diphenhydramine, bismuth subnitrate.","['patient', '25f', 'drugs', 'toremifene', 'diphenhydramine', 'bismuth', 'subnitrate']",7,"['Diphenhydramine', 'Bismuth subnitrate', 'Toremifene']"
"Patient: 75M. Drugs: Apraclonidine 100mg three times daily, Mianserin 200mg after meals, Ferrous sulfate 100mg before meals.","['Apraclonidine', 'Mianserin', 'Ferrous sulfate']",1,1,therapeutic efficacy,"patient: 75m. drugs: apraclonidine 100mg three times daily, mianserin 200mg after meals, ferrous sulfate 100mg before meals.","['patient', '75', 'm.', 'drugs', 'apraclonidine', '100', 'mg', 'times', 'daily', 'mianserin', '200', 'mg', 'meals', 'ferrous', 'sulfate', '100', 'mg', 'meals']",18,"['Ferrous sulfate', 'Mianserin', 'Apraclonidine']"
"Patient: 58M. Drugs: Sulpiride 25mg as needed, Sumatriptan 500mg after meals.","['Sulpiride', 'Sumatriptan']",1,3,risk or severity of adverse effects,"patient: 58m. drugs: sulpiride 25mg as needed, sumatriptan 500mg after meals.","['patient', '58', 'm.', 'drugs', 'sulpiride', '25', 'mg', 'needed', 'sumatriptan', '500', 'mg', 'meals']",12,"['Sumatriptan', 'Sulpiride']"
"Patient: 68M. Drugs: Tranylcypromine 200mg every 12 hours, Isoflurane 25mg before meals.","['Tranylcypromine', 'Isoflurane']",1,3,risk or severity of adverse effects,"patient: 68m. drugs: tranylcypromine 200mg every 12 hours, isoflurane 25mg before meals.","['patient', '68', 'm.', 'drugs', 'tranylcypromine', '200', 'mg', '12', 'hours', 'isoflurane', '25', 'mg', 'meals']",13,"['Isoflurane', 'Tranylcypromine']"
"Patient: 33M. Drugs: Reserpine 75mg every 6 hours, Remikiren 200mg three times daily, Promethazine.","['Reserpine', 'Remikiren', 'Promethazine']",1,2,hypotensive activities,"patient: 33m. drugs: reserpine 75mg every 6 hours, remikiren 200mg three times daily, promethazine.","['patient', '33', 'm.', 'drugs', 'reserpine', '75', 'mg', '6', 'hours', 'remikiren', '200', 'mg', 'times', 'daily', 'promethazine']",15,"['Reserpine', 'Remikiren', 'Promethazine']"
"Patient: 25F. Drugs: Norgestimate 25mg after meals, Empagliflozin 500mg as needed.","['Norgestimate', 'Empagliflozin']",1,1,therapeutic efficacy,"patient: 25f. drugs: norgestimate 25mg after meals, empagliflozin 500mg as needed.","['patient', '25f', 'drugs', 'norgestimate', '25', 'mg', 'meals', 'empagliflozin', '500', 'mg', 'needed']",11,"['Norgestimate', 'Empagliflozin']"
"Patient: 75M. Drugs: Ledipasvir, Formestane, Clomifene 200mg as needed, Sulfamerazine 200mg three times daily.","['Ledipasvir', 'Formestane', 'Clomifene', 'Sulfamerazine']",0,0,none,"patient: 75m. drugs: ledipasvir, formestane, clomifene 200mg as needed, sulfamerazine 200mg three times daily.","['patient', '75', 'm.', 'drugs', 'ledipasvir', 'formestane', 'clomifene', '200', 'mg', 'needed', 'sulfamerazine', '200', 'mg', 'times', 'daily']",15,"['Sulfamerazine', 'Formestane', 'Ledipasvir', 'Clomifene']"
"Patient: 25F. Drugs: Testosterone 100mg before meals, Ambrisentan, Tranexamic Acid.","['Testosterone', 'Ambrisentan', 'Tranexamic Acid']",0,0,none,"patient: 25f. drugs: testosterone 100mg before meals, ambrisentan, tranexamic acid.","['patient', '25f', 'drugs', 'testosterone', '100', 'mg', 'meals', 'ambrisentan', 'tranexamic', 'acid']",10,"['Tranexamic Acid', 'Ambrisentan', 'Testosterone']"
"Patient: 55F. Drugs: Sulfamethazine, Dicoumarol, Meropenem 500mg three times daily, Calcitriol 25mg every 8 hours.","['Sulfamethazine', 'Dicoumarol', 'Meropenem', 'Calcitriol']",0,0,none,"patient: 55f. drugs: sulfamethazine, dicoumarol, meropenem 500mg three times daily, calcitriol 25mg every 8 hours.","['patient', '55f', 'drugs', 'sulfamethazine', 'dicoumarol', 'meropenem', '500', 'mg', 'times', 'daily', 'calcitriol', '25', 'mg', '8', 'hours']",15,"['Meropenem', 'Calcitriol', 'Dicoumarol', 'Sulfamethazine']"
"Patient: 52M. Drugs: Mefenamic acid 50mg three times daily, Bumetanide 500mg once daily, Dexmethylphenidate 500mg every 12 hours.","['Mefenamic acid', 'Bumetanide', 'Dexmethylphenidate']",1,1,therapeutic efficacy,"patient: 52m. drugs: mefenamic acid 50mg three times daily, bumetanide 500mg once daily, dexmethylphenidate 500mg every 12 hours.","['patient', '52', 'm.', 'drugs', 'mefenamic', 'acid', '50', 'mg', 'times', 'daily', 'bumetanide', '500', 'mg', 'daily', 'dexmethylphenidate', '500', 'mg', '12', 'hours']",19,"['Mefenamic acid', 'Bumetanide', 'Dexmethylphenidate']"
"Patient: 58M. Drugs: Aminophylline 200mg every 8 hours, Delorazepam 100mg every 12 hours, Asenapine 75mg after meals.","['Aminophylline', 'Delorazepam', 'Asenapine']",1,1,therapeutic efficacy,"patient: 58m. drugs: aminophylline 200mg every 8 hours, delorazepam 100mg every 12 hours, asenapine 75mg after meals.","['patient', '58', 'm.', 'drugs', 'aminophylline', '200', 'mg', '8', 'hours', 'delorazepam', '100', 'mg', '12', 'hours', 'asenapine', '75', 'mg', 'meals']",18,"['Delorazepam', 'Asenapine', 'Aminophylline']"
"Patient: 52M. Drugs: Desloratadine, Zuclopenthixol 500mg three times daily, Trioxsalen 100mg as needed.","['Desloratadine', 'Zuclopenthixol', 'Trioxsalen']",1,3,risk or severity of adverse effects,"patient: 52m. drugs: desloratadine, zuclopenthixol 500mg three times daily, trioxsalen 100mg as needed.","['patient', '52', 'm.', 'drugs', 'desloratadine', 'zuclopenthixol', '500', 'mg', 'times', 'daily', 'trioxsalen', '100', 'mg', 'needed']",14,"['Zuclopenthixol', 'Desloratadine', 'Trioxsalen']"
"Patient: 35F. Drugs: Fludiazepam 50mg as needed, Etidocaine 500mg after meals.","['Fludiazepam', 'Etidocaine']",1,3,risk or severity of adverse effects,"patient: 35f. drugs: fludiazepam 50mg as needed, etidocaine 500mg after meals.","['patient', '35f', 'drugs', 'fludiazepam', '50', 'mg', 'needed', 'etidocaine', '500', 'mg', 'meals']",11,"['Fludiazepam', 'Etidocaine']"
"Patient: 62M. Drugs: Lisdexamfetamine, Demeclocycline 75mg as needed, Quinapril 100mg as needed.","['Lisdexamfetamine', 'Demeclocycline', 'Quinapril']",1,1,absorption,"patient: 62m. drugs: lisdexamfetamine, demeclocycline 75mg as needed, quinapril 100mg as needed.","['patient', '62', 'm.', 'drugs', 'lisdexamfetamine', 'demeclocycline', '75', 'mg', 'needed', 'quinapril', '100', 'mg', 'needed']",13,"['Lisdexamfetamine', 'Demeclocycline', 'Quinapril']"
"Patient: 28F. Drugs: Protriptyline, Trichloroethylene 100mg once daily, Meropenem 25mg every 12 hours.","['Protriptyline', 'Trichloroethylene', 'Meropenem']",1,3,risk or severity of adverse effects,"patient: 28f. drugs: protriptyline, trichloroethylene 100mg once daily, meropenem 25mg every 12 hours.","['patient', '28f', 'drugs', 'protriptyline', 'trichloroethylene', '100', 'mg', 'daily', 'meropenem', '25', 'mg', '12', 'hours']",13,"['Trichloroethylene', 'Meropenem', 'Protriptyline']"
"Patient: 62M. Drugs: Piritramide 100mg before meals, Tolazoline, Promethazine.","['Piritramide', 'Tolazoline', 'Promethazine']",1,2,hypotensive activities,"patient: 62m. drugs: piritramide 100mg before meals, tolazoline, promethazine.","['patient', '62', 'm.', 'drugs', 'piritramide', '100', 'mg', 'meals', 'tolazoline', 'promethazine']",10,"['Tolazoline', 'Piritramide', 'Promethazine']"
"Patient: 35F. Drugs: Diltiazem, Tolnaftate 50mg every 8 hours.","['Diltiazem', 'Tolnaftate']",1,1,therapeutic efficacy,"patient: 35f. drugs: diltiazem, tolnaftate 50mg every 8 hours.","['patient', '35f', 'drugs', 'diltiazem', 'tolnaftate', '50', 'mg', '8', 'hours']",9,"['Diltiazem', 'Tolnaftate']"
"Patient: 35F. Drugs: Unoprostone 25mg as needed, Acemetacin 500mg every 8 hours, Ketamine.","['Unoprostone', 'Acemetacin', 'Ketamine']",1,1,therapeutic efficacy,"patient: 35f. drugs: unoprostone 25mg as needed, acemetacin 500mg every 8 hours, ketamine.","['patient', '35f', 'drugs', 'unoprostone', '25', 'mg', 'needed', 'acemetacin', '500', 'mg', '8', 'hours', 'ketamine']",13,"['Ketamine', 'Unoprostone', 'Acemetacin']"
"Patient: 58M. Drugs: Pranlukast 50mg every 8 hours, Aprobarbital 100mg every 6 hours, Pramlintide 25mg every 8 hours, Nomegestrol acetate.","['Pranlukast', 'Aprobarbital', 'Pramlintide', 'Nomegestrol acetate']",0,0,none,"patient: 58m. drugs: pranlukast 50mg every 8 hours, aprobarbital 100mg every 6 hours, pramlintide 25mg every 8 hours, nomegestrol acetate.","['patient', '58', 'm.', 'drugs', 'pranlukast', '50', 'mg', '8', 'hours', 'aprobarbital', '100', 'mg', '6', 'hours', 'pramlintide', '25', 'mg', '8', 'hours', 'nomegestrol', 'acetate']",21,"['Nomegestrol acetate', 'Pranlukast', 'Aprobarbital', 'Pramlintide']"
"Patient: 30M. Drugs: Triamterene, Nitrendipine.","['Triamterene', 'Nitrendipine']",1,3,risk or severity of adverse effects,"patient: 30m. drugs: triamterene, nitrendipine.","['patient', '30', 'm.', 'drugs', 'triamterene', 'nitrendipine']",6,"['Triamterene', 'Nitrendipine']"
"Patient: 62M. Drugs: Carbocisteine 75mg three times daily, Remifentanil 200mg before meals, Gallium nitrate, Bosentan 500mg twice daily.","['Carbocisteine', 'Remifentanil', 'Gallium nitrate', 'Bosentan']",0,0,none,"patient: 62m. drugs: carbocisteine 75mg three times daily, remifentanil 200mg before meals, gallium nitrate, bosentan 500mg twice daily.","['patient', '62', 'm.', 'drugs', 'carbocisteine', '75', 'mg', 'times', 'daily', 'remifentanil', '200', 'mg', 'meals', 'gallium', 'nitrate', 'bosentan', '500', 'mg', 'twice', 'daily']",20,"['Remifentanil', 'Bosentan', 'Gallium nitrate', 'Carbocisteine']"
"Patient: 28F. Drugs: Solifenacin 500mg three times daily, Fesoterodine 75mg three times daily.","['Solifenacin', 'Fesoterodine']",1,3,risk or severity of adverse effects,"patient: 28f. drugs: solifenacin 500mg three times daily, fesoterodine 75mg three times daily.","['patient', '28f', 'drugs', 'solifenacin', '500', 'mg', 'times', 'daily', 'fesoterodine', '75', 'mg', 'times', 'daily']",13,"['Fesoterodine', 'Solifenacin']"
"Patient: 40M. Drugs: Aminophenazone 500mg every 8 hours, Calcidiol 50mg every 6 hours.","['Aminophenazone', 'Calcidiol']",0,0,none,"patient: 40m. drugs: aminophenazone 500mg every 8 hours, calcidiol 50mg every 6 hours.","['patient', '40', 'm.', 'drugs', 'aminophenazone', '500', 'mg', '8', 'hours', 'calcidiol', '50', 'mg', '6', 'hours']",14,"['Calcidiol', 'Aminophenazone']"
"Patient: 60F. Drugs: Decitabine, Rimonabant 75mg three times daily, Esmolol 200mg as needed, Succinylcholine.","['Decitabine', 'Rimonabant', 'Esmolol', 'Succinylcholine']",0,0,none,"patient: 60f. drugs: decitabine, rimonabant 75mg three times daily, esmolol 200mg as needed, succinylcholine.","['patient', '60f', 'drugs', 'decitabine', 'rimonabant', '75', 'mg', 'times', 'daily', 'esmolol', '200', 'mg', 'needed', 'succinylcholine']",14,"['Rimonabant', 'Decitabine', 'Esmolol', 'Succinylcholine']"
"Patient: 25F. Drugs: Nalidixic Acid, Aluminum hydroxide 50mg once daily, Acetylcholine.","['Nalidixic Acid', 'Aluminum hydroxide', 'Acetylcholine']",1,1,absorption,"patient: 25f. drugs: nalidixic acid, aluminum hydroxide 50mg once daily, acetylcholine.","['patient', '25f', 'drugs', 'nalidixic', 'acid', 'aluminum', 'hydroxide', '50', 'mg', 'daily', 'acetylcholine']",11,"['Aluminum hydroxide', 'Acetylcholine', 'Nalidixic Acid']"
"Patient: 45F. Drugs: Oxymorphone 100mg before meals, Levetiracetam 100mg three times daily.","['Oxymorphone', 'Levetiracetam']",1,3,risk or severity of adverse effects,"patient: 45f. drugs: oxymorphone 100mg before meals, levetiracetam 100mg three times daily.","['patient', '45f', 'drugs', 'oxymorphone', '100', 'mg', 'meals', 'levetiracetam', '100', 'mg', 'times', 'daily']",12,"['Levetiracetam', 'Oxymorphone']"
"Patient: 40M. Drugs: Capecitabine 100mg every 12 hours, Artemether.","['Capecitabine', 'Artemether']",1,2,metabolism,"patient: 40m. drugs: capecitabine 100mg every 12 hours, artemether.","['patient', '40', 'm.', 'drugs', 'capecitabine', '100', 'mg', '12', 'hours', 'artemether']",10,"['Capecitabine', 'Artemether']"
"Patient: 33M. Drugs: Hydroflumethiazide, Eflornithine 50mg every 12 hours, Nepafenac 500mg before meals.","['Hydroflumethiazide', 'Eflornithine', 'Nepafenac']",1,1,therapeutic efficacy,"patient: 33m. drugs: hydroflumethiazide, eflornithine 50mg every 12 hours, nepafenac 500mg before meals.","['patient', '33', 'm.', 'drugs', 'hydroflumethiazide', 'eflornithine', '50', 'mg', '12', 'hours', 'nepafenac', '500', 'mg', 'meals']",14,"['Hydroflumethiazide', 'Eflornithine', 'Nepafenac']"
"Patient: 30M. Drugs: Brivaracetam, Floctafenine 100mg once daily, Theobromine 200mg before meals, Cilnidipine 200mg twice daily.","['Brivaracetam', 'Floctafenine', 'Theobromine', 'Cilnidipine']",0,0,none,"patient: 30m. drugs: brivaracetam, floctafenine 100mg once daily, theobromine 200mg before meals, cilnidipine 200mg twice daily.","['patient', '30', 'm.', 'drugs', 'brivaracetam', 'floctafenine', '100', 'mg', 'daily', 'theobromine', '200', 'mg', 'meals', 'cilnidipine', '200', 'mg', 'twice', 'daily']",18,"['Floctafenine', 'Theobromine', 'Cilnidipine', 'Brivaracetam']"
"Patient: 30M. Drugs: Elbasvir, Midodrine 25mg every 12 hours, Oxitriptan 50mg every 6 hours, Bivalirudin 100mg every 12 hours.","['Elbasvir', 'Midodrine', 'Oxitriptan', 'Bivalirudin']",0,0,none,"patient: 30m. drugs: elbasvir, midodrine 25mg every 12 hours, oxitriptan 50mg every 6 hours, bivalirudin 100mg every 12 hours.","['patient', '30', 'm.', 'drugs', 'elbasvir', 'midodrine', '25', 'mg', '12', 'hours', 'oxitriptan', '50', 'mg', '6', 'hours', 'bivalirudin', '100', 'mg', '12', 'hours']",20,"['Bivalirudin', 'Midodrine', 'Oxitriptan', 'Elbasvir']"
"Patient: 48F. Drugs: Methyl aminolevulinate 50mg as needed, Rosiglitazone 25mg every 12 hours, Sulfameter 25mg after meals, Bromotheophylline.","['Methyl aminolevulinate', 'Rosiglitazone', 'Sulfameter', 'Bromotheophylline']",0,0,none,"patient: 48f. drugs: methyl aminolevulinate 50mg as needed, rosiglitazone 25mg every 12 hours, sulfameter 25mg after meals, bromotheophylline.","['patient', '48f', 'drugs', 'methyl', 'aminolevulinate', '50', 'mg', 'needed', 'rosiglitazone', '25', 'mg', '12', 'hours', 'sulfameter', '25', 'mg', 'meals', 'bromotheophylline']",18,"['Rosiglitazone', 'Bromotheophylline', 'Sulfameter', 'Methyl aminolevulinate']"
"Patient: 60F. Drugs: Demecarium 100mg every 12 hours, Thiotepa 500mg every 8 hours, Benzthiazide 25mg three times daily, Naftifine.","['Demecarium', 'Thiotepa', 'Benzthiazide', 'Naftifine']",1,1,therapeutic efficacy,"patient: 60f. drugs: demecarium 100mg every 12 hours, thiotepa 500mg every 8 hours, benzthiazide 25mg three times daily, naftifine.","['patient', '60f', 'drugs', 'demecarium', '100', 'mg', '12', 'hours', 'thiotepa', '500', 'mg', '8', 'hours', 'benzthiazide', '25', 'mg', 'times', 'daily', 'naftifine']",19,"['Benzthiazide', 'Naftifine', 'Thiotepa', 'Demecarium']"
"Patient: 60F. Drugs: Haloperidol 25mg every 8 hours, Meclofenamic acid 75mg before meals, Crizotinib 500mg every 8 hours.","['Haloperidol', 'Meclofenamic acid', 'Crizotinib']",1,3,risk or severity of adverse effects,"patient: 60f. drugs: haloperidol 25mg every 8 hours, meclofenamic acid 75mg before meals, crizotinib 500mg every 8 hours.","['patient', '60f', 'drugs', 'haloperidol', '25', 'mg', '8', 'hours', 'meclofenamic', 'acid', '75', 'mg', 'meals', 'crizotinib', '500', 'mg', '8', 'hours']",18,"['Crizotinib', 'Haloperidol', 'Meclofenamic acid']"
"Patient: 70F. Drugs: Choline, Metocurine Iodide 25mg before meals, Atovaquone 200mg twice daily, Acemetacin 50mg after meals.","['Choline', 'Metocurine Iodide', 'Atovaquone', 'Acemetacin']",0,0,none,"patient: 70f. drugs: choline, metocurine iodide 25mg before meals, atovaquone 200mg twice daily, acemetacin 50mg after meals.","['patient', '70f', 'drugs', 'choline', 'metocurine', 'iodide', '25', 'mg', 'meals', 'atovaquone', '200', 'mg', 'twice', 'daily', 'acemetacin', '50', 'mg', 'meals']",18,"['Acemetacin', 'Metocurine Iodide', 'Choline', 'Atovaquone']"
"Patient: 45F. Drugs: Methadone, Fluoxetine, Eletriptan 500mg three times daily.","['Methadone', 'Fluoxetine', 'Eletriptan']",1,2,metabolism,"patient: 45f. drugs: methadone, fluoxetine, eletriptan 500mg three times daily.","['patient', '45f', 'drugs', 'methadone', 'fluoxetine', 'eletriptan', '500', 'mg', 'times', 'daily']",10,"['Fluoxetine', 'Eletriptan', 'Methadone']"
"Patient: 35F. Drugs: Pregabalin 500mg once daily, Phenytoin.","['Pregabalin', 'Phenytoin']",1,1,therapeutic efficacy,"patient: 35f. drugs: pregabalin 500mg once daily, phenytoin.","['patient', '35f', 'drugs', 'pregabalin', '500', 'mg', 'daily', 'phenytoin']",8,"['Pregabalin', 'Phenytoin']"
"Patient: 68M. Drugs: Zuclopenthixol 200mg before meals, Ixazomib 50mg before meals.","['Zuclopenthixol', 'Ixazomib']",0,0,none,"patient: 68m. drugs: zuclopenthixol 200mg before meals, ixazomib 50mg before meals.","['patient', '68', 'm.', 'drugs', 'zuclopenthixol', '200', 'mg', 'meals', 'ixazomib', '50', 'mg', 'meals']",12,"['Zuclopenthixol', 'Ixazomib']"
"Patient: 68M. Drugs: Bacitracin 50mg every 8 hours, Regadenoson 50mg every 8 hours, Sofosbuvir 200mg every 12 hours, Carbocisteine.","['Bacitracin', 'Regadenoson', 'Sofosbuvir', 'Carbocisteine']",0,0,none,"patient: 68m. drugs: bacitracin 50mg every 8 hours, regadenoson 50mg every 8 hours, sofosbuvir 200mg every 12 hours, carbocisteine.","['patient', '68', 'm.', 'drugs', 'bacitracin', '50', 'mg', '8', 'hours', 'regadenoson', '50', 'mg', '8', 'hours', 'sofosbuvir', '200', 'mg', '12', 'hours', 'carbocisteine']",20,"['Bacitracin', 'Sofosbuvir', 'Regadenoson', 'Carbocisteine']"
"Patient: 28F. Drugs: Butalbital 200mg once daily, Dexmethylphenidate 200mg every 12 hours.","['Butalbital', 'Dexmethylphenidate']",0,0,none,"patient: 28f. drugs: butalbital 200mg once daily, dexmethylphenidate 200mg every 12 hours.","['patient', '28f', 'drugs', 'butalbital', '200', 'mg', 'daily', 'dexmethylphenidate', '200', 'mg', '12', 'hours']",12,"['Butalbital', 'Dexmethylphenidate']"
"Patient: 28F. Drugs: Quinethazone 75mg before meals, Empagliflozin 500mg every 8 hours.","['Quinethazone', 'Empagliflozin']",1,1,therapeutic efficacy,"patient: 28f. drugs: quinethazone 75mg before meals, empagliflozin 500mg every 8 hours.","['patient', '28f', 'drugs', 'quinethazone', '75', 'mg', 'meals', 'empagliflozin', '500', 'mg', '8', 'hours']",12,"['Quinethazone', 'Empagliflozin']"
"Patient: 68M. Drugs: Mifepristone 100mg every 12 hours, Celiprolol.","['Mifepristone', 'Celiprolol']",1,2,serum concentration,"patient: 68m. drugs: mifepristone 100mg every 12 hours, celiprolol.","['patient', '68', 'm.', 'drugs', 'mifepristone', '100', 'mg', '12', 'hours', 'celiprolol']",10,"['Celiprolol', 'Mifepristone']"
"Patient: 58M. Drugs: Sulfisoxazole 50mg every 8 hours, Sulfinpyrazone 25mg before meals.","['Sulfisoxazole', 'Sulfinpyrazone']",1,2,metabolism,"patient: 58m. drugs: sulfisoxazole 50mg every 8 hours, sulfinpyrazone 25mg before meals.","['patient', '58', 'm.', 'drugs', 'sulfisoxazole', '50', 'mg', '8', 'hours', 'sulfinpyrazone', '25', 'mg', 'meals']",13,"['Sulfinpyrazone', 'Sulfisoxazole']"
"Patient: 48F. Drugs: Ergotamine 100mg three times daily, Primidone 500mg twice daily.","['Ergotamine', 'Primidone']",1,2,metabolism,"patient: 48f. drugs: ergotamine 100mg three times daily, primidone 500mg twice daily.","['patient', '48f', 'drugs', 'ergotamine', '100', 'mg', 'times', 'daily', 'primidone', '500', 'mg', 'twice', 'daily']",13,"['Ergotamine', 'Primidone']"
"Patient: 25F. Drugs: Zaltoprofen 100mg as needed, Fluprednisolone 200mg after meals.","['Zaltoprofen', 'Fluprednisolone']",1,3,risk or severity of adverse effects,"patient: 25f. drugs: zaltoprofen 100mg as needed, fluprednisolone 200mg after meals.","['patient', '25f', 'drugs', 'zaltoprofen', '100', 'mg', 'needed', 'fluprednisolone', '200', 'mg', 'meals']",11,"['Zaltoprofen', 'Fluprednisolone']"
"Patient: 25F. Drugs: Alclometasone 500mg twice daily, Salsalate 200mg after meals.","['Alclometasone', 'Salsalate']",1,3,risk or severity of adverse effects,"patient: 25f. drugs: alclometasone 500mg twice daily, salsalate 200mg after meals.","['patient', '25f', 'drugs', 'alclometasone', '500', 'mg', 'twice', 'daily', 'salsalate', '200', 'mg', 'meals']",12,"['Alclometasone', 'Salsalate']"
"Patient: 75M. Drugs: Apraclonidine 100mg three times daily, Mianserin 200mg after meals, Ferrous sulfate 100mg before meals.","['Apraclonidine', 'Mianserin', 'Ferrous sulfate']",1,1,therapeutic efficacy,"patient: 75m. drugs: apraclonidine 100mg three times daily, mianserin 200mg after meals, ferrous sulfate 100mg before meals.","['patient', '75', 'm.', 'drugs', 'apraclonidine', '100', 'mg', 'times', 'daily', 'mianserin', '200', 'mg', 'meals', 'ferrous', 'sulfate', '100', 'mg', 'meals']",18,"['Ferrous sulfate', 'Mianserin', 'Apraclonidine']"
"Patient: 48F. Drugs: Toloxatone 75mg as needed, Resveratrol, Brimonidine 75mg every 12 hours, Tiaprofenic acid 200mg after meals.","['Toloxatone', 'Resveratrol', 'Brimonidine', 'Tiaprofenic acid']",1,3,risk or severity of adverse effects,"patient: 48f. drugs: toloxatone 75mg as needed, resveratrol, brimonidine 75mg every 12 hours, tiaprofenic acid 200mg after meals.","['patient', '48f', 'drugs', 'toloxatone', '75', 'mg', 'needed', 'resveratrol', 'brimonidine', '75', 'mg', '12', 'hours', 'tiaprofenic', 'acid', '200', 'mg', 'meals']",18,"['Toloxatone', 'Resveratrol', 'Brimonidine', 'Tiaprofenic acid']"
"Patient: 52M. Drugs: Halcinonide 500mg every 6 hours, Ceforanide 75mg before meals, Parecoxib 75mg every 6 hours.","['Halcinonide', 'Ceforanide', 'Parecoxib']",1,3,risk or severity of adverse effects,"patient: 52m. drugs: halcinonide 500mg every 6 hours, ceforanide 75mg before meals, parecoxib 75mg every 6 hours.","['patient', '52', 'm.', 'drugs', 'halcinonide', '500', 'mg', '6', 'hours', 'ceforanide', '75', 'mg', 'meals', 'parecoxib', '75', 'mg', '6', 'hours']",18,"['Halcinonide', 'Parecoxib', 'Ceforanide']"
"Patient: 48F. Drugs: Clonidine 25mg three times daily, Flupentixol.","['Clonidine', 'Flupentixol']",1,3,risk or severity of adverse effects,"patient: 48f. drugs: clonidine 25mg three times daily, flupentixol.","['patient', '48f', 'drugs', 'clonidine', '25', 'mg', 'times', 'daily', 'flupentixol']",9,"['Clonidine', 'Flupentixol']"
"Patient: 28F. Drugs: Biperiden, Tolterodine 200mg every 12 hours, Hydrocortisone.","['Biperiden', 'Tolterodine', 'Hydrocortisone']",1,3,risk or severity of adverse effects,"patient: 28f. drugs: biperiden, tolterodine 200mg every 12 hours, hydrocortisone.","['patient', '28f', 'drugs', 'biperiden', 'tolterodine', '200', 'mg', '12', 'hours', 'hydrocortisone']",10,"['Hydrocortisone', 'Tolterodine', 'Biperiden']"
"Patient: 30M. Drugs: Fluticasone propionate, Nitrazepam, Calcium levulinate 50mg after meals.","['Fluticasone propionate', 'Nitrazepam', 'Calcium levulinate']",1,3,risk or severity of adverse effects,"patient: 30m. drugs: fluticasone propionate, nitrazepam, calcium levulinate 50mg after meals.","['patient', '30', 'm.', 'drugs', 'fluticasone', 'propionate', 'nitrazepam', 'calcium', 'levulinate', '50', 'mg', 'meals']",12,"['Calcium levulinate', 'Nitrazepam', 'Fluticasone propionate']"
"Patient: 75M. Drugs: Mesalazine 200mg after meals, Ibandronate 25mg three times daily.","['Mesalazine', 'Ibandronate']",1,3,risk or severity of adverse effects,"patient: 75m. drugs: mesalazine 200mg after meals, ibandronate 25mg three times daily.","['patient', '75', 'm.', 'drugs', 'mesalazine', '200', 'mg', 'meals', 'ibandronate', '25', 'mg', 'times', 'daily']",13,"['Ibandronate', 'Mesalazine']"
"Patient: 30M. Drugs: Venlafaxine 500mg after meals, Morniflumate 500mg twice daily, Fluoxetine 75mg as needed.","['Venlafaxine', 'Morniflumate', 'Fluoxetine']",1,1,antiplatelet activities,"patient: 30m. drugs: venlafaxine 500mg after meals, morniflumate 500mg twice daily, fluoxetine 75mg as needed.","['patient', '30', 'm.', 'drugs', 'venlafaxine', '500', 'mg', 'meals', 'morniflumate', '500', 'mg', 'twice', 'daily', 'fluoxetine', '75', 'mg', 'needed']",17,"['Fluoxetine', 'Morniflumate', 'Venlafaxine']"
"Patient: 75M. Drugs: Brompheniramine 75mg three times daily, Flunarizine 75mg twice daily, Cefpodoxime 500mg every 6 hours.","['Brompheniramine', 'Flunarizine', 'Cefpodoxime']",1,3,risk or severity of adverse effects,"patient: 75m. drugs: brompheniramine 75mg three times daily, flunarizine 75mg twice daily, cefpodoxime 500mg every 6 hours.","['patient', '75', 'm.', 'drugs', 'brompheniramine', '75', 'mg', 'times', 'daily', 'flunarizine', '75', 'mg', 'twice', 'daily', 'cefpodoxime', '500', 'mg', '6', 'hours']",19,"['Cefpodoxime', 'Flunarizine', 'Brompheniramine']"
"Patient: 48F. Drugs: Oxybuprocaine 50mg every 12 hours, Tasosartan 75mg every 12 hours, Amorolfine 100mg every 12 hours.","['Oxybuprocaine', 'Tasosartan', 'Amorolfine']",0,0,none,"patient: 48f. drugs: oxybuprocaine 50mg every 12 hours, tasosartan 75mg every 12 hours, amorolfine 100mg every 12 hours.","['patient', '48f', 'drugs', 'oxybuprocaine', '50', 'mg', '12', 'hours', 'tasosartan', '75', 'mg', '12', 'hours', 'amorolfine', '100', 'mg', '12', 'hours']",18,"['Oxybuprocaine', 'Amorolfine', 'Tasosartan']"
"Patient: 58M. Drugs: Fulvestrant 75mg every 6 hours, Somatostatin 100mg after meals.","['Fulvestrant', 'Somatostatin']",0,0,none,"patient: 58m. drugs: fulvestrant 75mg every 6 hours, somatostatin 100mg after meals.","['patient', '58', 'm.', 'drugs', 'fulvestrant', '75', 'mg', '6', 'hours', 'somatostatin', '100', 'mg', 'meals']",13,"['Somatostatin', 'Fulvestrant']"
"Patient: 35F. Drugs: Felodipine 500mg every 6 hours, Propiverine, Isometheptene.","['Felodipine', 'Propiverine', 'Isometheptene']",1,3,risk or severity of hypotension,"patient: 35f. drugs: felodipine 500mg every 6 hours, propiverine, isometheptene.","['patient', '35f', 'drugs', 'felodipine', '500', 'mg', '6', 'hours', 'propiverine', 'isometheptene']",10,"['Propiverine', 'Isometheptene', 'Felodipine']"
"Patient: 48F. Drugs: Nitroxoline, Aranidipine 75mg before meals, Delamanid 75mg three times daily.","['Nitroxoline', 'Aranidipine', 'Delamanid']",1,1,therapeutic efficacy,"patient: 48f. drugs: nitroxoline, aranidipine 75mg before meals, delamanid 75mg three times daily.","['patient', '48f', 'drugs', 'nitroxoline', 'aranidipine', '75', 'mg', 'meals', 'delamanid', '75', 'mg', 'times', 'daily']",13,"['Nitroxoline', 'Delamanid', 'Aranidipine']"
"Patient: 25F. Drugs: Valsartan 50mg every 8 hours, Hexafluronium, Remifentanil 500mg as needed.","['Valsartan', 'Hexafluronium', 'Remifentanil']",1,3,risk or severity of adverse effects,"patient: 25f. drugs: valsartan 50mg every 8 hours, hexafluronium, remifentanil 500mg as needed.","['patient', '25f', 'drugs', 'valsartan', '50', 'mg', '8', 'hours', 'hexafluronium', 'remifentanil', '500', 'mg', 'needed']",13,"['Remifentanil', 'Valsartan', 'Hexafluronium']"
"Patient: 30M. Drugs: Dasabuvir, Iopromide 500mg as needed, Dyclonine 25mg every 12 hours.","['Dasabuvir', 'Iopromide', 'Dyclonine']",0,0,none,"patient: 30m. drugs: dasabuvir, iopromide 500mg as needed, dyclonine 25mg every 12 hours.","['patient', '30', 'm.', 'drugs', 'dasabuvir', 'iopromide', '500', 'mg', 'needed', 'dyclonine', '25', 'mg', '12', 'hours']",14,"['Iopromide', 'Dasabuvir', 'Dyclonine']"
"Patient: 35F. Drugs: Irinotecan, Pipamperone 100mg three times daily.","['Irinotecan', 'Pipamperone']",0,0,none,"patient: 35f. drugs: irinotecan, pipamperone 100mg three times daily.","['patient', '35f', 'drugs', 'irinotecan', 'pipamperone', '100', 'mg', 'times', 'daily']",9,"['Irinotecan', 'Pipamperone']"
"Patient: 68M. Drugs: Fluconazole 200mg every 12 hours, Aranidipine 50mg as needed, Vitamin C.","['Fluconazole', 'Aranidipine', 'Vitamin C']",1,1,therapeutic efficacy,"patient: 68m. drugs: fluconazole 200mg every 12 hours, aranidipine 50mg as needed, vitamin c.","['patient', '68', 'm.', 'drugs', 'fluconazole', '200', 'mg', '12', 'hours', 'aranidipine', '50', 'mg', 'needed', 'vitamin', 'c.']",15,"['Fluconazole', 'Vitamin', 'Aranidipine']"
"Patient: 28F. Drugs: Gabapentin 50mg three times daily, Milnacipran 75mg before meals, Azelaic Acid 100mg before meals.","['Gabapentin', 'Milnacipran', 'Azelaic Acid']",1,3,risk or severity of adverse effects,"patient: 28f. drugs: gabapentin 50mg three times daily, milnacipran 75mg before meals, azelaic acid 100mg before meals.","['patient', '28f', 'drugs', 'gabapentin', '50', 'mg', 'times', 'daily', 'milnacipran', '75', 'mg', 'meals', 'azelaic', 'acid', '100', 'mg', 'meals']",17,"['Azelaic Acid', 'Milnacipran', 'Gabapentin']"
"Patient: 70F. Drugs: Hydroxyzine, Propofol 100mg before meals.","['Hydroxyzine', 'Propofol']",1,2,central nervous system depressant (CNS depressant) activities,"patient: 70f. drugs: hydroxyzine, propofol 100mg before meals.","['patient', '70f', 'drugs', 'hydroxyzine', 'propofol', '100', 'mg', 'meals']",8,"['Propofol', 'Hydroxyzine']"
"Patient: 40M. Drugs: Orphenadrine 75mg every 8 hours, Huperzine A 25mg once daily.","['Orphenadrine', 'Huperzine A']",1,1,therapeutic efficacy,"patient: 40m. drugs: orphenadrine 75mg every 8 hours, huperzine a 25mg once daily.","['patient', '40', 'm.', 'drugs', 'orphenadrine', '75', 'mg', '8', 'hours', 'huperzine', '25', 'mg', 'daily']",13,"['Huperzine A', 'Orphenadrine']"
"Patient: 55F. Drugs: Choline C 11 25mg as needed, Epinastine 75mg three times daily.","['Choline C 11', 'Epinastine']",0,0,none,"patient: 55f. drugs: choline c 11 25mg as needed, epinastine 75mg three times daily.","['patient', '55f', 'drugs', 'choline', 'c', '11', '25', 'mg', 'needed', 'epinastine', '75', 'mg', 'times', 'daily']",14,"['Choline C 11', 'Epinastine']"
"Patient: 48F. Drugs: Cyproheptadine 25mg every 6 hours, Oxyphenonium, Lomitapide.","['Cyproheptadine', 'Oxyphenonium', 'Lomitapide']",0,0,none,"patient: 48f. drugs: cyproheptadine 25mg every 6 hours, oxyphenonium, lomitapide.","['patient', '48f', 'drugs', 'cyproheptadine', '25', 'mg', '6', 'hours', 'oxyphenonium', 'lomitapide']",10,"['Lomitapide', 'Cyproheptadine', 'Oxyphenonium']"
"Patient: 75M. Drugs: Ospemifene 50mg every 12 hours, Rilmenidine 200mg twice daily.","['Ospemifene', 'Rilmenidine']",0,0,none,"patient: 75m. drugs: ospemifene 50mg every 12 hours, rilmenidine 200mg twice daily.","['patient', '75', 'm.', 'drugs', 'ospemifene', '50', 'mg', '12', 'hours', 'rilmenidine', '200', 'mg', 'twice', 'daily']",14,"['Rilmenidine', 'Ospemifene']"
"Patient: 52M. Drugs: Methazolamide, Sacubitril 75mg twice daily, Tolvaptan.","['Methazolamide', 'Sacubitril', 'Tolvaptan']",1,3,risk or severity of adverse effects,"patient: 52m. drugs: methazolamide, sacubitril 75mg twice daily, tolvaptan.","['patient', '52', 'm.', 'drugs', 'methazolamide', 'sacubitril', '75', 'mg', 'twice', 'daily', 'tolvaptan']",11,"['Tolvaptan', 'Methazolamide', 'Sacubitril']"
"Patient: 52M. Drugs: Alprostadil 100mg three times daily, Bufexamac 50mg after meals.","['Alprostadil', 'Bufexamac']",1,1,therapeutic efficacy,"patient: 52m. drugs: alprostadil 100mg three times daily, bufexamac 50mg after meals.","['patient', '52', 'm.', 'drugs', 'alprostadil', '100', 'mg', 'times', 'daily', 'bufexamac', '50', 'mg', 'meals']",13,"['Bufexamac', 'Alprostadil']"
"Patient: 62M. Drugs: Nortriptyline, Practolol 25mg once daily.","['Nortriptyline', 'Practolol']",1,2,orthostatic hypotensive activities,"patient: 62m. drugs: nortriptyline, practolol 25mg once daily.","['patient', '62', 'm.', 'drugs', 'nortriptyline', 'practolol', '25', 'mg', 'daily']",9,"['Nortriptyline', 'Practolol']"
"Patient: 70F. Drugs: Sulfametopyrazine, Prednicarbate 50mg after meals.","['Sulfametopyrazine', 'Prednicarbate']",0,0,none,"patient: 70f. drugs: sulfametopyrazine, prednicarbate 50mg after meals.","['patient', '70f', 'drugs', 'sulfametopyrazine', 'prednicarbate', '50', 'mg', 'meals']",8,"['Prednicarbate', 'Sulfametopyrazine']"
"Patient: 70F. Drugs: Acetohexamide, Benzthiazide 25mg as needed.","['Acetohexamide', 'Benzthiazide']",1,1,therapeutic efficacy,"patient: 70f. drugs: acetohexamide, benzthiazide 25mg as needed.","['patient', '70f', 'drugs', 'acetohexamide', 'benzthiazide', '25', 'mg', 'needed']",8,"['Benzthiazide', 'Acetohexamide']"
"Patient: 33M. Drugs: Lurasidone, Tetracaine.","['Lurasidone', 'Tetracaine']",1,3,risk or severity of adverse effects,"patient: 33m. drugs: lurasidone, tetracaine.","['patient', '33', 'm.', 'drugs', 'lurasidone', 'tetracaine']",6,"['Tetracaine', 'Lurasidone']"
"Patient: 48F. Drugs: Bicalutamide 200mg every 12 hours, Lactic Acid 75mg before meals, Prasterone 25mg every 6 hours.","['Bicalutamide', 'Lactic Acid', 'Prasterone']",0,0,none,"patient: 48f. drugs: bicalutamide 200mg every 12 hours, lactic acid 75mg before meals, prasterone 25mg every 6 hours.","['patient', '48f', 'drugs', 'bicalutamide', '200', 'mg', '12', 'hours', 'lactic', 'acid', '75', 'mg', 'meals', 'prasterone', '25', 'mg', '6', 'hours']",18,"['Prasterone', 'Bicalutamide', 'Lactic Acid']"
"Patient: 60F. Drugs: Moexipril 100mg every 12 hours, Acetylsalicylic acid, Sevoflurane.","['Moexipril', 'Acetylsalicylic acid', 'Sevoflurane']",1,1,therapeutic efficacy,"patient: 60f. drugs: moexipril 100mg every 12 hours, acetylsalicylic acid, sevoflurane.","['patient', '60f', 'drugs', 'moexipril', '100', 'mg', '12', 'hours', 'acetylsalicylic', 'acid', 'sevoflurane']",11,"['Sevoflurane', 'Moexipril', 'Acetylsalicylic acid']"
"Patient: 28F. Drugs: Bromfenac 500mg once daily, Nadolol 25mg after meals.","['Bromfenac', 'Nadolol']",1,2,antihypertensive activities,"patient: 28f. drugs: bromfenac 500mg once daily, nadolol 25mg after meals.","['patient', '28f', 'drugs', 'bromfenac', '500', 'mg', 'daily', 'nadolol', '25', 'mg', 'meals']",11,"['Nadolol', 'Bromfenac']"
"Patient: 55F. Drugs: Rivaroxaban 200mg every 12 hours, Copanlisib 200mg every 12 hours.","['Rivaroxaban', 'Copanlisib']",0,0,none,"patient: 55f. drugs: rivaroxaban 200mg every 12 hours, copanlisib 200mg every 12 hours.","['patient', '55f', 'drugs', 'rivaroxaban', '200', 'mg', '12', 'hours', 'copanlisib', '200', 'mg', '12', 'hours']",13,"['Rivaroxaban', 'Copanlisib']"
"Patient: 33M. Drugs: Oxyphenbutazone 200mg every 12 hours, Dinoprost.","['Oxyphenbutazone', 'Dinoprost']",1,1,therapeutic efficacy,"patient: 33m. drugs: oxyphenbutazone 200mg every 12 hours, dinoprost.","['patient', '33', 'm.', 'drugs', 'oxyphenbutazone', '200', 'mg', '12', 'hours', 'dinoprost']",10,"['Oxyphenbutazone', 'Dinoprost']"
"Patient: 52M. Drugs: Ciclesonide 25mg after meals, Antipyrine 200mg every 12 hours, Fluconazole 75mg once daily.","['Ciclesonide', 'Antipyrine', 'Fluconazole']",1,3,risk or severity of adverse effects,"patient: 52m. drugs: ciclesonide 25mg after meals, antipyrine 200mg every 12 hours, fluconazole 75mg once daily.","['patient', '52', 'm.', 'drugs', 'ciclesonide', '25', 'mg', 'meals', 'antipyrine', '200', 'mg', '12', 'hours', 'fluconazole', '75', 'mg', 'daily']",17,"['Fluconazole', 'Ciclesonide', 'Antipyrine']"
"Patient: 68M. Drugs: Posaconazole 100mg twice daily, Digitoxin 100mg as needed, Mequinol 75mg every 6 hours.","['Posaconazole', 'Digitoxin', 'Mequinol']",1,2,metabolism,"patient: 68m. drugs: posaconazole 100mg twice daily, digitoxin 100mg as needed, mequinol 75mg every 6 hours.","['patient', '68', 'm.', 'drugs', 'posaconazole', '100', 'mg', 'twice', 'daily', 'digitoxin', '100', 'mg', 'needed', 'mequinol', '75', 'mg', '6', 'hours']",18,"['Digitoxin', 'Mequinol', 'Posaconazole']"
"Patient: 40M. Drugs: Amphetamine 25mg every 8 hours, Apraclonidine 75mg once daily.","['Amphetamine', 'Apraclonidine']",1,3,risk or severity of adverse effects,"patient: 40m. drugs: amphetamine 25mg every 8 hours, apraclonidine 75mg once daily.","['patient', '40', 'm.', 'drugs', 'amphetamine', '25', 'mg', '8', 'hours', 'apraclonidine', '75', 'mg', 'daily']",13,"['Amphetamine', 'Apraclonidine']"
"Patient: 30M. Drugs: Etacrynic acid 100mg three times daily, Aliskiren 100mg as needed, Nabilone 100mg twice daily.","['Etacrynic acid', 'Aliskiren', 'Nabilone']",1,3,risk or severity of adverse effects,"patient: 30m. drugs: etacrynic acid 100mg three times daily, aliskiren 100mg as needed, nabilone 100mg twice daily.","['patient', '30', 'm.', 'drugs', 'etacrynic', 'acid', '100', 'mg', 'times', 'daily', 'aliskiren', '100', 'mg', 'needed', 'nabilone', '100', 'mg', 'twice', 'daily']",19,"['Etacrynic acid', 'Aliskiren', 'Nabilone']"
"Patient: 60F. Drugs: Fenoldopam 100mg before meals, Levobunolol.","['Fenoldopam', 'Levobunolol']",1,3,risk or severity of adverse effects,"patient: 60f. drugs: fenoldopam 100mg before meals, levobunolol.","['patient', '60f', 'drugs', 'fenoldopam', '100', 'mg', 'meals', 'levobunolol']",8,"['Fenoldopam', 'Levobunolol']"
"Patient: 48F. Drugs: Idelalisib 75mg once daily, Capsaicin 75mg twice daily, Primidone 75mg every 12 hours.","['Idelalisib', 'Capsaicin', 'Primidone']",1,2,serum concentration,"patient: 48f. drugs: idelalisib 75mg once daily, capsaicin 75mg twice daily, primidone 75mg every 12 hours.","['patient', '48f', 'drugs', 'idelalisib', '75', 'mg', 'daily', 'capsaicin', '75', 'mg', 'twice', 'daily', 'primidone', '75', 'mg', '12', 'hours']",17,"['Capsaicin', 'Primidone', 'Idelalisib']"
"Patient: 30M. Drugs: Naproxen 200mg after meals, Meloxicam 25mg three times daily, Avatrombopag 50mg three times daily.","['Naproxen', 'Meloxicam', 'Avatrombopag']",1,3,risk or severity of adverse effects,"patient: 30m. drugs: naproxen 200mg after meals, meloxicam 25mg three times daily, avatrombopag 50mg three times daily.","['patient', '30', 'm.', 'drugs', 'naproxen', '200', 'mg', 'meals', 'meloxicam', '25', 'mg', 'times', 'daily', 'avatrombopag', '50', 'mg', 'times', 'daily']",18,"['Meloxicam', 'Naproxen', 'Avatrombopag']"
"Patient: 62M. Drugs: Secobarbital, Hydroxyprogesterone caproate 500mg every 12 hours, Ticarcillin.","['Secobarbital', 'Hydroxyprogesterone caproate', 'Ticarcillin']",1,1,therapeutic efficacy,"patient: 62m. drugs: secobarbital, hydroxyprogesterone caproate 500mg every 12 hours, ticarcillin.","['patient', '62', 'm.', 'drugs', 'secobarbital', 'hydroxyprogesterone', 'caproate', '500', 'mg', '12', 'hours', 'ticarcillin']",12,"['Hydroxyprogesterone caproate', 'Ticarcillin', 'Secobarbital']"
"Patient: 75M. Drugs: Magnesium sulfate 500mg as needed, Metaxalone 50mg every 8 hours.","['Magnesium sulfate', 'Metaxalone']",1,1,therapeutic efficacy,"patient: 75m. drugs: magnesium sulfate 500mg as needed, metaxalone 50mg every 8 hours.","['patient', '75', 'm.', 'drugs', 'magnesium', 'sulfate', '500', 'mg', 'needed', 'metaxalone', '50', 'mg', '8', 'hours']",14,"['Metaxalone', 'Magnesium sulfate']"
"Patient: 52M. Drugs: Amiodarone 200mg twice daily, Isavuconazonium 50mg twice daily, Deutetrabenazine 25mg after meals.","['Amiodarone', 'Isavuconazonium', 'Deutetrabenazine']",1,2,serum concentration of active metabolites,"patient: 52m. drugs: amiodarone 200mg twice daily, isavuconazonium 50mg twice daily, deutetrabenazine 25mg after meals.","['patient', '52', 'm.', 'drugs', 'amiodarone', '200', 'mg', 'twice', 'daily', 'isavuconazonium', '50', 'mg', 'twice', 'daily', 'deutetrabenazine', '25', 'mg', 'meals']",18,"['Deutetrabenazine', 'Isavuconazonium', 'Amiodarone']"
"Patient: 28F. Drugs: Eszopiclone, Clomocycline 100mg three times daily.","['Eszopiclone', 'Clomocycline']",0,0,none,"patient: 28f. drugs: eszopiclone, clomocycline 100mg three times daily.","['patient', '28f', 'drugs', 'eszopiclone', 'clomocycline', '100', 'mg', 'times', 'daily']",9,"['Clomocycline', 'Eszopiclone']"
"Patient: 48F. Drugs: Estrone sulfate, Acebutolol 500mg every 8 hours, Ombitasvir 75mg twice daily.","['Estrone sulfate', 'Acebutolol', 'Ombitasvir']",0,0,none,"patient: 48f. drugs: estrone sulfate, acebutolol 500mg every 8 hours, ombitasvir 75mg twice daily.","['patient', '48f', 'drugs', 'estrone', 'sulfate', 'acebutolol', '500', 'mg', '8', 'hours', 'ombitasvir', '75', 'mg', 'twice', 'daily']",15,"['Ombitasvir', 'Acebutolol', 'Estrone sulfate']"
"Patient: 70F. Drugs: Cinolazepam 25mg three times daily, Amitriptylinoxide 75mg before meals.","['Cinolazepam', 'Amitriptylinoxide']",0,0,none,"patient: 70f. drugs: cinolazepam 25mg three times daily, amitriptylinoxide 75mg before meals.","['patient', '70f', 'drugs', 'cinolazepam', '25', 'mg', 'times', 'daily', 'amitriptylinoxide', '75', 'mg', 'meals']",12,"['Cinolazepam', 'Amitriptylinoxide']"
"Patient: 68M. Drugs: Amitriptyline 25mg every 8 hours, Dezocine, Amyl Nitrite.","['Amitriptyline', 'Dezocine', 'Amyl Nitrite']",1,3,risk or severity of adverse effects,"patient: 68m. drugs: amitriptyline 25mg every 8 hours, dezocine, amyl nitrite.","['patient', '68', 'm.', 'drugs', 'amitriptyline', '25', 'mg', '8', 'hours', 'dezocine', 'amyl', 'nitrite']",12,"['Amitriptyline', 'Amyl Nitrite', 'Dezocine']"
"Patient: 62M. Drugs: Tetryzoline 50mg after meals, Dihydroergocornine 200mg as needed.","['Tetryzoline', 'Dihydroergocornine']",1,2,hypertensive activities,"patient: 62m. drugs: tetryzoline 50mg after meals, dihydroergocornine 200mg as needed.","['patient', '62', 'm.', 'drugs', 'tetryzoline', '50', 'mg', 'meals', 'dihydroergocornine', '200', 'mg', 'needed']",12,"['Tetryzoline', 'Dihydroergocornine']"
"Patient: 75M. Drugs: Carprofen 50mg every 12 hours, Trolamine salicylate 200mg every 12 hours, Tigecycline 100mg three times daily.","['Carprofen', 'Trolamine salicylate', 'Tigecycline']",1,3,risk or severity of adverse effects,"patient: 75m. drugs: carprofen 50mg every 12 hours, trolamine salicylate 200mg every 12 hours, tigecycline 100mg three times daily.","['patient', '75', 'm.', 'drugs', 'carprofen', '50', 'mg', '12', 'hours', 'trolamine', 'salicylate', '200', 'mg', '12', 'hours', 'tigecycline', '100', 'mg', 'times', 'daily']",20,"['Tigecycline', 'Trolamine salicylate', 'Carprofen']"
"Patient: 33M. Drugs: Nabumetone 500mg after meals, Rescinnamine 100mg once daily, Cyclobenzaprine 500mg after meals.","['Nabumetone', 'Rescinnamine', 'Cyclobenzaprine']",1,3,risk or severity of adverse effects,"patient: 33m. drugs: nabumetone 500mg after meals, rescinnamine 100mg once daily, cyclobenzaprine 500mg after meals.","['patient', '33', 'm.', 'drugs', 'nabumetone', '500', 'mg', 'meals', 'rescinnamine', '100', 'mg', 'daily', 'cyclobenzaprine', '500', 'mg', 'meals']",16,"['Cyclobenzaprine', 'Rescinnamine', 'Nabumetone']"
"Patient: 35F. Drugs: Bupranolol 100mg every 12 hours, Vandetanib, Amisulpride 200mg every 8 hours, Isavuconazole 50mg every 6 hours.","['Bupranolol', 'Vandetanib', 'Amisulpride', 'Isavuconazole']",1,2,serum concentration,"patient: 35f. drugs: bupranolol 100mg every 12 hours, vandetanib, amisulpride 200mg every 8 hours, isavuconazole 50mg every 6 hours.","['patient', '35f', 'drugs', 'bupranolol', '100', 'mg', '12', 'hours', 'vandetanib', 'amisulpride', '200', 'mg', '8', 'hours', 'isavuconazole', '50', 'mg', '6', 'hours']",19,"['Vandetanib', 'Bupranolol', 'Amisulpride', 'Isavuconazole']"
"Patient: 62M. Drugs: Butabarbital 50mg every 12 hours, Thiopental, Dihydralazine 500mg three times daily.","['Butabarbital', 'Thiopental', 'Dihydralazine']",1,3,risk or severity of adverse effects,"patient: 62m. drugs: butabarbital 50mg every 12 hours, thiopental, dihydralazine 500mg three times daily.","['patient', '62', 'm.', 'drugs', 'butabarbital', '50', 'mg', '12', 'hours', 'thiopental', 'dihydralazine', '500', 'mg', 'times', 'daily']",15,"['Dihydralazine', 'Thiopental', 'Butabarbital']"
"Patient: 45F. Drugs: Mexiletine 50mg once daily, Efonidipine 25mg every 12 hours, Gestrinone.","['Mexiletine', 'Efonidipine', 'Gestrinone']",0,0,none,"patient: 45f. drugs: mexiletine 50mg once daily, efonidipine 25mg every 12 hours, gestrinone.","['patient', '45f', 'drugs', 'mexiletine', '50', 'mg', 'daily', 'efonidipine', '25', 'mg', '12', 'hours', 'gestrinone']",13,"['Efonidipine', 'Mexiletine', 'Gestrinone']"
"Patient: 52M. Drugs: Dyclonine 500mg after meals, Eprosartan 200mg before meals, Captopril 25mg before meals, Paroxetine 25mg twice daily.","['Dyclonine', 'Eprosartan', 'Captopril', 'Paroxetine']",1,3,risk or severity of adverse effects,"patient: 52m. drugs: dyclonine 500mg after meals, eprosartan 200mg before meals, captopril 25mg before meals, paroxetine 25mg twice daily.","['patient', '52', 'm.', 'drugs', 'dyclonine', '500', 'mg', 'meals', 'eprosartan', '200', 'mg', 'meals', 'captopril', '25', 'mg', 'meals', 'paroxetine', '25', 'mg', 'twice', 'daily']",21,"['Paroxetine', 'Eprosartan', 'Dyclonine', 'Captopril']"
"Patient: 33M. Drugs: Benzocaine 50mg before meals, Sevoflurane 25mg twice daily, Zoledronic acid.","['Benzocaine', 'Sevoflurane', 'Zoledronic acid']",1,3,risk or severity of adverse effects,"patient: 33m. drugs: benzocaine 50mg before meals, sevoflurane 25mg twice daily, zoledronic acid.","['patient', '33', 'm.', 'drugs', 'benzocaine', '50', 'mg', 'meals', 'sevoflurane', '25', 'mg', 'twice', 'daily', 'zoledronic', 'acid']",15,"['Benzocaine', 'Zoledronic acid', 'Sevoflurane']"
"Patient: 60F. Drugs: Potassium Citrate 200mg every 12 hours, Lynestrenol 50mg three times daily.","['Potassium Citrate', 'Lynestrenol']",1,1,therapeutic efficacy,"patient: 60f. drugs: potassium citrate 200mg every 12 hours, lynestrenol 50mg three times daily.","['patient', '60f', 'drugs', 'potassium', 'citrate', '200', 'mg', '12', 'hours', 'lynestrenol', '50', 'mg', 'times', 'daily']",14,"['Lynestrenol', 'Potassium Citrate']"
"Patient: 48F. Drugs: Fluprednisolone 100mg after meals, Pipazethate 500mg three times daily.","['Fluprednisolone', 'Pipazethate']",0,0,none,"patient: 48f. drugs: fluprednisolone 100mg after meals, pipazethate 500mg three times daily.","['patient', '48f', 'drugs', 'fluprednisolone', '100', 'mg', 'meals', 'pipazethate', '500', 'mg', 'times', 'daily']",12,"['Pipazethate', 'Fluprednisolone']"
"Patient: 58M. Drugs: Difluocortolone 200mg twice daily, Morniflumate 100mg every 6 hours, Daclatasvir 50mg three times daily.","['Difluocortolone', 'Morniflumate', 'Daclatasvir']",1,3,risk or severity of adverse effects,"patient: 58m. drugs: difluocortolone 200mg twice daily, morniflumate 100mg every 6 hours, daclatasvir 50mg three times daily.","['patient', '58', 'm.', 'drugs', 'difluocortolone', '200', 'mg', 'twice', 'daily', 'morniflumate', '100', 'mg', '6', 'hours', 'daclatasvir', '50', 'mg', 'times', 'daily']",19,"['Difluocortolone', 'Morniflumate', 'Daclatasvir']"
"Patient: 52M. Drugs: Clotrimazole 500mg every 6 hours, Lomefloxacin 50mg as needed.","['Clotrimazole', 'Lomefloxacin']",1,2,metabolism,"patient: 52m. drugs: clotrimazole 500mg every 6 hours, lomefloxacin 50mg as needed.","['patient', '52', 'm.', 'drugs', 'clotrimazole', '500', 'mg', '6', 'hours', 'lomefloxacin', '50', 'mg', 'needed']",13,"['Lomefloxacin', 'Clotrimazole']"
"Patient: 33M. Drugs: Clofarabine 500mg every 8 hours, Nilvadipine.","['Clofarabine', 'Nilvadipine']",1,3,risk or severity of adverse effects,"patient: 33m. drugs: clofarabine 500mg every 8 hours, nilvadipine.","['patient', '33', 'm.', 'drugs', 'clofarabine', '500', 'mg', '8', 'hours', 'nilvadipine']",10,"['Clofarabine', 'Nilvadipine']"
"Patient: 48F. Drugs: Methyl aminolevulinate 50mg as needed, Rosiglitazone 25mg every 12 hours, Sulfameter 25mg after meals, Bromotheophylline.","['Methyl aminolevulinate', 'Rosiglitazone', 'Sulfameter', 'Bromotheophylline']",0,0,none,"patient: 48f. drugs: methyl aminolevulinate 50mg as needed, rosiglitazone 25mg every 12 hours, sulfameter 25mg after meals, bromotheophylline.","['patient', '48f', 'drugs', 'methyl', 'aminolevulinate', '50', 'mg', 'needed', 'rosiglitazone', '25', 'mg', '12', 'hours', 'sulfameter', '25', 'mg', 'meals', 'bromotheophylline']",18,"['Rosiglitazone', 'Bromotheophylline', 'Sulfameter', 'Methyl aminolevulinate']"
"Patient: 30M. Drugs: Verapamil 75mg every 8 hours, Atorvastatin 500mg before meals, Somatostatin 500mg three times daily.","['Verapamil', 'Atorvastatin', 'Somatostatin']",1,1,absorption,"patient: 30m. drugs: verapamil 75mg every 8 hours, atorvastatin 500mg before meals, somatostatin 500mg three times daily.","['patient', '30', 'm.', 'drugs', 'verapamil', '75', 'mg', '8', 'hours', 'atorvastatin', '500', 'mg', 'meals', 'somatostatin', '500', 'mg', 'times', 'daily']",18,"['Atorvastatin', 'Somatostatin', 'Verapamil']"
"Patient: 60F. Drugs: Potassium Citrate 200mg every 12 hours, Lynestrenol 50mg three times daily.","['Potassium Citrate', 'Lynestrenol']",1,1,therapeutic efficacy,"patient: 60f. drugs: potassium citrate 200mg every 12 hours, lynestrenol 50mg three times daily.","['patient', '60f', 'drugs', 'potassium', 'citrate', '200', 'mg', '12', 'hours', 'lynestrenol', '50', 'mg', 'times', 'daily']",14,"['Lynestrenol', 'Potassium Citrate']"
"Patient: 58M. Drugs: Pirfenidone, Nitrofural 200mg every 8 hours.","['Pirfenidone', 'Nitrofural']",0,0,none,"patient: 58m. drugs: pirfenidone, nitrofural 200mg every 8 hours.","['patient', '58', 'm.', 'drugs', 'pirfenidone', 'nitrofural', '200', 'mg', '8', 'hours']",10,"['Pirfenidone', 'Nitrofural']"
"Patient: 62M. Drugs: Prasterone, Pindolol 25mg every 8 hours, Clomifene 500mg twice daily, Isosorbide Mononitrate 500mg every 12 hours.","['Prasterone', 'Pindolol', 'Clomifene', 'Isosorbide Mononitrate']",1,3,risk or severity of adverse effects,"patient: 62m. drugs: prasterone, pindolol 25mg every 8 hours, clomifene 500mg twice daily, isosorbide mononitrate 500mg every 12 hours.","['patient', '62', 'm.', 'drugs', 'prasterone', 'pindolol', '25', 'mg', '8', 'hours', 'clomifene', '500', 'mg', 'twice', 'daily', 'isosorbide', 'mononitrate', '500', 'mg', '12', 'hours']",21,"['Isosorbide Mononitrate', 'Prasterone', 'Pindolol', 'Clomifene']"
"Patient: 75M. Drugs: Equilin, Lacidipine 75mg every 8 hours, Guanethidine 100mg before meals.","['Equilin', 'Lacidipine', 'Guanethidine']",1,2,serum concentration,"patient: 75m. drugs: equilin, lacidipine 75mg every 8 hours, guanethidine 100mg before meals.","['patient', '75', 'm.', 'drugs', 'equilin', 'lacidipine', '75', 'mg', '8', 'hours', 'guanethidine', '100', 'mg', 'meals']",14,"['Lacidipine', 'Equilin', 'Guanethidine']"
"Patient: 60F. Drugs: Zolmitriptan 50mg three times daily, Paroxetine 200mg as needed, Clenbuterol 500mg three times daily.","['Zolmitriptan', 'Paroxetine', 'Clenbuterol']",1,3,risk or severity of adverse effects,"patient: 60f. drugs: zolmitriptan 50mg three times daily, paroxetine 200mg as needed, clenbuterol 500mg three times daily.","['patient', '60f', 'drugs', 'zolmitriptan', '50', 'mg', 'times', 'daily', 'paroxetine', '200', 'mg', 'needed', 'clenbuterol', '500', 'mg', 'times', 'daily']",17,"['Paroxetine', 'Clenbuterol', 'Zolmitriptan']"
"Patient: 68M. Drugs: Triazolam, Lurasidone, Olanzapine.","['Triazolam', 'Lurasidone', 'Olanzapine']",1,3,risk or severity of adverse effects,"patient: 68m. drugs: triazolam, lurasidone, olanzapine.","['patient', '68', 'm.', 'drugs', 'triazolam', 'lurasidone', 'olanzapine']",7,"['Lurasidone', 'Olanzapine', 'Triazolam']"
"Patient: 35F. Drugs: Chlorprothixene, Salicylamide 25mg before meals, Cisplatin 500mg after meals, Zidovudine.","['Chlorprothixene', 'Salicylamide', 'Cisplatin', 'Zidovudine']",1,3,risk or severity of adverse effects,"patient: 35f. drugs: chlorprothixene, salicylamide 25mg before meals, cisplatin 500mg after meals, zidovudine.","['patient', '35f', 'drugs', 'chlorprothixene', 'salicylamide', '25', 'mg', 'meals', 'cisplatin', '500', 'mg', 'meals', 'zidovudine']",13,"['Cisplatin', 'Salicylamide', 'Zidovudine', 'Chlorprothixene']"
"Patient: 40M. Drugs: Alprazolam, Desloratadine 75mg three times daily.","['Alprazolam', 'Desloratadine']",1,3,risk or severity of adverse effects,"patient: 40m. drugs: alprazolam, desloratadine 75mg three times daily.","['patient', '40', 'm.', 'drugs', 'alprazolam', 'desloratadine', '75', 'mg', 'times', 'daily']",10,"['Alprazolam', 'Desloratadine']"
"Patient: 30M. Drugs: Benznidazole, Desipramine, Bepridil 500mg every 8 hours, Dienestrol 25mg before meals.","['Benznidazole', 'Desipramine', 'Bepridil', 'Dienestrol']",1,2,metabolism,"patient: 30m. drugs: benznidazole, desipramine, bepridil 500mg every 8 hours, dienestrol 25mg before meals.","['patient', '30', 'm.', 'drugs', 'benznidazole', 'desipramine', 'bepridil', '500', 'mg', '8', 'hours', 'dienestrol', '25', 'mg', 'meals']",15,"['Bepridil', 'Benznidazole', 'Desipramine', 'Dienestrol']"
"Patient: 45F. Drugs: Oxybutynin, Metoclopramide 200mg as needed, Tolazoline 50mg before meals.","['Oxybutynin', 'Metoclopramide', 'Tolazoline']",1,1,therapeutic efficacy,"patient: 45f. drugs: oxybutynin, metoclopramide 200mg as needed, tolazoline 50mg before meals.","['patient', '45f', 'drugs', 'oxybutynin', 'metoclopramide', '200', 'mg', 'needed', 'tolazoline', '50', 'mg', 'meals']",12,"['Tolazoline', 'Oxybutynin', 'Metoclopramide']"
"Patient: 68M. Drugs: Cyclosporine, Nandrolone decanoate 500mg twice daily, Pentobarbital 50mg once daily.","['Cyclosporine', 'Nandrolone decanoate', 'Pentobarbital']",1,3,hepatotoxic activities,"patient: 68m. drugs: cyclosporine, nandrolone decanoate 500mg twice daily, pentobarbital 50mg once daily.","['patient', '68', 'm.', 'drugs', 'cyclosporine', 'nandrolone', 'decanoate', '500', 'mg', 'twice', 'daily', 'pentobarbital', '50', 'mg', 'daily']",15,"['Nandrolone decanoate', 'Pentobarbital', 'Cyclosporine']"
"Patient: 75M. Drugs: Apraclonidine 100mg three times daily, Mianserin 200mg after meals, Ferrous sulfate 100mg before meals.","['Apraclonidine', 'Mianserin', 'Ferrous sulfate']",1,1,therapeutic efficacy,"patient: 75m. drugs: apraclonidine 100mg three times daily, mianserin 200mg after meals, ferrous sulfate 100mg before meals.","['patient', '75', 'm.', 'drugs', 'apraclonidine', '100', 'mg', 'times', 'daily', 'mianserin', '200', 'mg', 'meals', 'ferrous', 'sulfate', '100', 'mg', 'meals']",18,"['Ferrous sulfate', 'Mianserin', 'Apraclonidine']"
"Patient: 58M. Drugs: Minocycline 500mg after meals, Iron saccharate 25mg before meals, Pitolisant 100mg three times daily.","['Minocycline', 'Iron saccharate', 'Pitolisant']",1,2,serum concentration,"patient: 58m. drugs: minocycline 500mg after meals, iron saccharate 25mg before meals, pitolisant 100mg three times daily.","['patient', '58', 'm.', 'drugs', 'minocycline', '500', 'mg', 'meals', 'iron', 'saccharate', '25', 'mg', 'meals', 'pitolisant', '100', 'mg', 'times', 'daily']",18,"['Pitolisant', 'Iron saccharate', 'Minocycline']"
"Patient: 52M. Drugs: Nitrous oxide, Paraldehyde 200mg before meals.","['Nitrous oxide', 'Paraldehyde']",1,2,central nervous system depressant (CNS depressant) activities,"patient: 52m. drugs: nitrous oxide, paraldehyde 200mg before meals.","['patient', '52', 'm.', 'drugs', 'nitrous', 'oxide', 'paraldehyde', '200', 'mg', 'meals']",10,"['Paraldehyde', 'Nitrous oxide']"
"Patient: 28F. Drugs: Cerulenin 75mg before meals, Dirithromycin, Zinc sulfate, Mebeverine.","['Cerulenin', 'Dirithromycin', 'Zinc sulfate', 'Mebeverine']",0,0,none,"patient: 28f. drugs: cerulenin 75mg before meals, dirithromycin, zinc sulfate, mebeverine.","['patient', '28f', 'drugs', 'cerulenin', '75', 'mg', 'meals', 'dirithromycin', 'zinc', 'sulfate', 'mebeverine']",11,"['Zinc sulfate', 'Cerulenin', 'Dirithromycin', 'Mebeverine']"
"Patient: 35F. Drugs: Dinoprost Tromethamine 500mg after meals, Nafamostat 50mg every 6 hours.","['Dinoprost Tromethamine', 'Nafamostat']",1,1,therapeutic efficacy,"patient: 35f. drugs: dinoprost tromethamine 500mg after meals, nafamostat 50mg every 6 hours.","['patient', '35f', 'drugs', 'dinoprost', 'tromethamine', '500', 'mg', 'meals', 'nafamostat', '50', 'mg', '6', 'hours']",13,"['Nafamostat', 'Dinoprost Tromethamine']"
"Patient: 52M. Drugs: Ciclesonide 25mg after meals, Antipyrine 200mg every 12 hours, Fluconazole 75mg once daily.","['Ciclesonide', 'Antipyrine', 'Fluconazole']",1,3,risk or severity of adverse effects,"patient: 52m. drugs: ciclesonide 25mg after meals, antipyrine 200mg every 12 hours, fluconazole 75mg once daily.","['patient', '52', 'm.', 'drugs', 'ciclesonide', '25', 'mg', 'meals', 'antipyrine', '200', 'mg', '12', 'hours', 'fluconazole', '75', 'mg', 'daily']",17,"['Fluconazole', 'Ciclesonide', 'Antipyrine']"
"Patient: 52M. Drugs: Furosemide, Phenformin 75mg every 6 hours.","['Furosemide', 'Phenformin']",1,1,therapeutic efficacy,"patient: 52m. drugs: furosemide, phenformin 75mg every 6 hours.","['patient', '52', 'm.', 'drugs', 'furosemide', 'phenformin', '75', 'mg', '6', 'hours']",10,"['Phenformin', 'Furosemide']"
"Patient: 48F. Drugs: Ergotamine, Idelalisib 25mg before meals, Estramustine.","['Ergotamine', 'Idelalisib', 'Estramustine']",1,3,risk or severity of adverse effects,"patient: 48f. drugs: ergotamine, idelalisib 25mg before meals, estramustine.","['patient', '48f', 'drugs', 'ergotamine', 'idelalisib', '25', 'mg', 'meals', 'estramustine']",9,"['Ergotamine', 'Idelalisib', 'Estramustine']"
"Patient: 58M. Drugs: Methylprednisolone 50mg every 12 hours, Roflumilast 100mg as needed.","['Methylprednisolone', 'Roflumilast']",1,2,immunosuppressive activities,"patient: 58m. drugs: methylprednisolone 50mg every 12 hours, roflumilast 100mg as needed.","['patient', '58', 'm.', 'drugs', 'methylprednisolone', '50', 'mg', '12', 'hours', 'roflumilast', '100', 'mg', 'needed']",13,"['Roflumilast', 'Methylprednisolone']"
"Patient: 35F. Drugs: Potassium bicarbonate 75mg every 6 hours, Erythrityl Tetranitrate 100mg three times daily.","['Potassium bicarbonate', 'Erythrityl Tetranitrate']",0,0,none,"patient: 35f. drugs: potassium bicarbonate 75mg every 6 hours, erythrityl tetranitrate 100mg three times daily.","['patient', '35f', 'drugs', 'potassium', 'bicarbonate', '75', 'mg', '6', 'hours', 'erythrityl', 'tetranitrate', '100', 'mg', 'times', 'daily']",15,"['Erythrityl Tetranitrate', 'Potassium bicarbonate']"
"Patient: 25F. Drugs: Nalidixic Acid, Aluminum hydroxide 50mg once daily, Acetylcholine.","['Nalidixic Acid', 'Aluminum hydroxide', 'Acetylcholine']",1,1,absorption,"patient: 25f. drugs: nalidixic acid, aluminum hydroxide 50mg once daily, acetylcholine.","['patient', '25f', 'drugs', 'nalidixic', 'acid', 'aluminum', 'hydroxide', '50', 'mg', 'daily', 'acetylcholine']",11,"['Aluminum hydroxide', 'Acetylcholine', 'Nalidixic Acid']"
"Patient: 25F. Drugs: Doxorubicin, Sucralfate 200mg every 12 hours.","['Doxorubicin', 'Sucralfate']",0,0,none,"patient: 25f. drugs: doxorubicin, sucralfate 200mg every 12 hours.","['patient', '25f', 'drugs', 'doxorubicin', 'sucralfate', '200', 'mg', '12', 'hours']",9,"['Doxorubicin', 'Sucralfate']"
"Patient: 45F. Drugs: Dapiprazole 50mg as needed, Primidone, Vandetanib 25mg every 8 hours.","['Dapiprazole', 'Primidone', 'Vandetanib']",1,3,risk or severity of adverse effects,"patient: 45f. drugs: dapiprazole 50mg as needed, primidone, vandetanib 25mg every 8 hours.","['patient', '45f', 'drugs', 'dapiprazole', '50', 'mg', 'needed', 'primidone', 'vandetanib', '25', 'mg', '8', 'hours']",13,"['Vandetanib', 'Dapiprazole', 'Primidone']"
"Patient: 60F. Drugs: Polythiazide 200mg three times daily, Bambuterol.","['Polythiazide', 'Bambuterol']",1,2,hypokalemic activities,"patient: 60f. drugs: polythiazide 200mg three times daily, bambuterol.","['patient', '60f', 'drugs', 'polythiazide', '200', 'mg', 'times', 'daily', 'bambuterol']",9,"['Polythiazide', 'Bambuterol']"
"Patient: 30M. Drugs: Venlafaxine 500mg after meals, Morniflumate 500mg twice daily, Fluoxetine 75mg as needed.","['Venlafaxine', 'Morniflumate', 'Fluoxetine']",1,1,antiplatelet activities,"patient: 30m. drugs: venlafaxine 500mg after meals, morniflumate 500mg twice daily, fluoxetine 75mg as needed.","['patient', '30', 'm.', 'drugs', 'venlafaxine', '500', 'mg', 'meals', 'morniflumate', '500', 'mg', 'twice', 'daily', 'fluoxetine', '75', 'mg', 'needed']",17,"['Fluoxetine', 'Morniflumate', 'Venlafaxine']"
"Patient: 35F. Drugs: Alfentanil 500mg before meals, Desipramine 200mg every 8 hours, Doxercalciferol.","['Alfentanil', 'Desipramine', 'Doxercalciferol']",1,3,risk or severity of adverse effects,"patient: 35f. drugs: alfentanil 500mg before meals, desipramine 200mg every 8 hours, doxercalciferol.","['patient', '35f', 'drugs', 'alfentanil', '500', 'mg', 'meals', 'desipramine', '200', 'mg', '8', 'hours', 'doxercalciferol']",13,"['Alfentanil', 'Desipramine', 'Doxercalciferol']"
"Patient: 45F. Drugs: Trifluoperazine 75mg every 8 hours, Ephedrine 200mg every 12 hours, Ampicillin 50mg every 8 hours.","['Trifluoperazine', 'Ephedrine', 'Ampicillin']",1,2,vasoconstricting activities,"patient: 45f. drugs: trifluoperazine 75mg every 8 hours, ephedrine 200mg every 12 hours, ampicillin 50mg every 8 hours.","['patient', '45f', 'drugs', 'trifluoperazine', '75', 'mg', '8', 'hours', 'ephedrine', '200', 'mg', '12', 'hours', 'ampicillin', '50', 'mg', '8', 'hours']",18,"['Trifluoperazine', 'Ampicillin', 'Ephedrine']"
"Patient: 45F. Drugs: Artesunate 75mg every 12 hours, Azilsartan medoxomil 25mg every 12 hours.","['Artesunate', 'Azilsartan medoxomil']",0,0,none,"patient: 45f. drugs: artesunate 75mg every 12 hours, azilsartan medoxomil 25mg every 12 hours.","['patient', '45f', 'drugs', 'artesunate', '75', 'mg', '12', 'hours', 'azilsartan', 'medoxomil', '25', 'mg', '12', 'hours']",14,"['Azilsartan medoxomil', 'Artesunate']"
"Patient: 30M. Drugs: Etacrynic acid 100mg three times daily, Aliskiren 100mg as needed, Nabilone 100mg twice daily.","['Etacrynic acid', 'Aliskiren', 'Nabilone']",1,3,risk or severity of adverse effects,"patient: 30m. drugs: etacrynic acid 100mg three times daily, aliskiren 100mg as needed, nabilone 100mg twice daily.","['patient', '30', 'm.', 'drugs', 'etacrynic', 'acid', '100', 'mg', 'times', 'daily', 'aliskiren', '100', 'mg', 'needed', 'nabilone', '100', 'mg', 'twice', 'daily']",19,"['Etacrynic acid', 'Aliskiren', 'Nabilone']"
"Patient: 35F. Drugs: Methysergide 25mg every 12 hours, Diazepam.","['Methysergide', 'Diazepam']",1,3,risk or severity of adverse effects,"patient: 35f. drugs: methysergide 25mg every 12 hours, diazepam.","['patient', '35f', 'drugs', 'methysergide', '25', 'mg', '12', 'hours', 'diazepam']",9,"['Diazepam', 'Methysergide']"
"Patient: 75M. Drugs: Rifabutin, Thymol 500mg three times daily, Cyanocobalamin 100mg three times daily.","['Rifabutin', 'Thymol', 'Cyanocobalamin']",1,2,serum concentration,"patient: 75m. drugs: rifabutin, thymol 500mg three times daily, cyanocobalamin 100mg three times daily.","['patient', '75', 'm.', 'drugs', 'rifabutin', 'thymol', '500', 'mg', 'times', 'daily', 'cyanocobalamin', '100', 'mg', 'times', 'daily']",15,"['Cyanocobalamin', 'Thymol', 'Rifabutin']"
"Patient: 68M. Drugs: Theophylline, Artemether 50mg every 8 hours.","['Theophylline', 'Artemether']",1,2,metabolism,"patient: 68m. drugs: theophylline, artemether 50mg every 8 hours.","['patient', '68', 'm.', 'drugs', 'theophylline', 'artemether', '50', 'mg', '8', 'hours']",10,"['Theophylline', 'Artemether']"
"Patient: 68M. Drugs: Dantrolene 100mg every 12 hours, Phenoxyethanol, Triflupromazine 75mg once daily.","['Dantrolene', 'Phenoxyethanol', 'Triflupromazine']",1,3,risk or severity of adverse effects,"patient: 68m. drugs: dantrolene 100mg every 12 hours, phenoxyethanol, triflupromazine 75mg once daily.","['patient', '68', 'm.', 'drugs', 'dantrolene', '100', 'mg', '12', 'hours', 'phenoxyethanol', 'triflupromazine', '75', 'mg', 'daily']",14,"['Phenoxyethanol', 'Dantrolene', 'Triflupromazine']"
"Patient: 28F. Drugs: Thalidomide, Lormetazepam 50mg before meals.","['Thalidomide', 'Lormetazepam']",1,2,central nervous system depressant (CNS depressant) activities,"patient: 28f. drugs: thalidomide, lormetazepam 50mg before meals.","['patient', '28f', 'drugs', 'thalidomide', 'lormetazepam', '50', 'mg', 'meals']",8,"['Thalidomide', 'Lormetazepam']"
"Patient: 45F. Drugs: Indapamide, Leflunomide 500mg every 8 hours.","['Indapamide', 'Leflunomide']",1,1,therapeutic efficacy,"patient: 45f. drugs: indapamide, leflunomide 500mg every 8 hours.","['patient', '45f', 'drugs', 'indapamide', 'leflunomide', '500', 'mg', '8', 'hours']",9,"['Leflunomide', 'Indapamide']"
"Patient: 45F. Drugs: Tolbutamide 25mg every 6 hours, Doxapram 200mg once daily.","['Tolbutamide', 'Doxapram']",0,0,none,"patient: 45f. drugs: tolbutamide 25mg every 6 hours, doxapram 200mg once daily.","['patient', '45f', 'drugs', 'tolbutamide', '25', 'mg', '6', 'hours', 'doxapram', '200', 'mg', 'daily']",12,"['Tolbutamide', 'Doxapram']"
"Patient: 60F. Drugs: Dinoprost Tromethamine 50mg every 12 hours, Tranilast, Demecarium 50mg once daily.","['Dinoprost Tromethamine', 'Tranilast', 'Demecarium']",1,1,therapeutic efficacy,"patient: 60f. drugs: dinoprost tromethamine 50mg every 12 hours, tranilast, demecarium 50mg once daily.","['patient', '60f', 'drugs', 'dinoprost', 'tromethamine', '50', 'mg', '12', 'hours', 'tranilast', 'demecarium', '50', 'mg', 'daily']",14,"['Tranilast', 'Dinoprost Tromethamine', 'Demecarium']"
"Patient: 28F. Drugs: Doxycycline 100mg three times daily, Vinorelbine 100mg after meals, Alectinib.","['Doxycycline', 'Vinorelbine', 'Alectinib']",1,2,metabolism,"patient: 28f. drugs: doxycycline 100mg three times daily, vinorelbine 100mg after meals, alectinib.","['patient', '28f', 'drugs', 'doxycycline', '100', 'mg', 'times', 'daily', 'vinorelbine', '100', 'mg', 'meals', 'alectinib']",13,"['Doxycycline', 'Vinorelbine', 'Alectinib']"
"Patient: 68M. Drugs: Ipratropium bromide 50mg every 8 hours, Pramlintide, Alprostadil 100mg every 12 hours.","['Ipratropium bromide', 'Pramlintide', 'Alprostadil']",1,2,anticholinergic activities,"patient: 68m. drugs: ipratropium bromide 50mg every 8 hours, pramlintide, alprostadil 100mg every 12 hours.","['patient', '68', 'm.', 'drugs', 'ipratropium', 'bromide', '50', 'mg', '8', 'hours', 'pramlintide', 'alprostadil', '100', 'mg', '12', 'hours']",16,"['Alprostadil', 'Pramlintide', 'Ipratropium bromide']"
"Patient: 25F. Drugs: Valsartan 50mg every 8 hours, Hexafluronium, Remifentanil 500mg as needed.","['Valsartan', 'Hexafluronium', 'Remifentanil']",1,3,risk or severity of adverse effects,"patient: 25f. drugs: valsartan 50mg every 8 hours, hexafluronium, remifentanil 500mg as needed.","['patient', '25f', 'drugs', 'valsartan', '50', 'mg', '8', 'hours', 'hexafluronium', 'remifentanil', '500', 'mg', 'needed']",13,"['Remifentanil', 'Valsartan', 'Hexafluronium']"
"Patient: 68M. Drugs: Tranylcypromine 200mg every 12 hours, Isoflurane 25mg before meals.","['Tranylcypromine', 'Isoflurane']",1,3,risk or severity of adverse effects,"patient: 68m. drugs: tranylcypromine 200mg every 12 hours, isoflurane 25mg before meals.","['patient', '68', 'm.', 'drugs', 'tranylcypromine', '200', 'mg', '12', 'hours', 'isoflurane', '25', 'mg', 'meals']",13,"['Isoflurane', 'Tranylcypromine']"
"Patient: 48F. Drugs: Nitroxoline, Aranidipine 75mg before meals, Delamanid 75mg three times daily.","['Nitroxoline', 'Aranidipine', 'Delamanid']",1,1,therapeutic efficacy,"patient: 48f. drugs: nitroxoline, aranidipine 75mg before meals, delamanid 75mg three times daily.","['patient', '48f', 'drugs', 'nitroxoline', 'aranidipine', '75', 'mg', 'meals', 'delamanid', '75', 'mg', 'times', 'daily']",13,"['Nitroxoline', 'Delamanid', 'Aranidipine']"
"Patient: 45F. Drugs: Clozapine 100mg every 8 hours, Promazine, Fluticasone.","['Clozapine', 'Promazine', 'Fluticasone']",1,2,antihypertensive activities,"patient: 45f. drugs: clozapine 100mg every 8 hours, promazine, fluticasone.","['patient', '45f', 'drugs', 'clozapine', '100', 'mg', '8', 'hours', 'promazine', 'fluticasone']",10,"['Promazine', 'Clozapine', 'Fluticasone']"
"Patient: 30M. Drugs: Procaine 25mg before meals, Gabapentin 25mg every 12 hours.","['Procaine', 'Gabapentin']",1,3,risk or severity of adverse effects,"patient: 30m. drugs: procaine 25mg before meals, gabapentin 25mg every 12 hours.","['patient', '30', 'm.', 'drugs', 'procaine', '25', 'mg', 'meals', 'gabapentin', '25', 'mg', '12', 'hours']",13,"['Gabapentin', 'Procaine']"
"Patient: 30M. Drugs: Trimipramine 50mg after meals, Levosalbutamol 100mg every 6 hours.","['Trimipramine', 'Levosalbutamol']",1,3,risk or severity of adverse effects,"patient: 30m. drugs: trimipramine 50mg after meals, levosalbutamol 100mg every 6 hours.","['patient', '30', 'm.', 'drugs', 'trimipramine', '50', 'mg', 'meals', 'levosalbutamol', '100', 'mg', '6', 'hours']",13,"['Trimipramine', 'Levosalbutamol']"
"Patient: 58M. Drugs: Itraconazole, Clevidipine 50mg after meals, Oxybutynin 50mg once daily.","['Itraconazole', 'Clevidipine', 'Oxybutynin']",1,1,therapeutic efficacy,"patient: 58m. drugs: itraconazole, clevidipine 50mg after meals, oxybutynin 50mg once daily.","['patient', '58', 'm.', 'drugs', 'itraconazole', 'clevidipine', '50', 'mg', 'meals', 'oxybutynin', '50', 'mg', 'daily']",13,"['Itraconazole', 'Oxybutynin', 'Clevidipine']"
"Patient: 45F. Drugs: Pioglitazone 50mg before meals, Trazodone 500mg three times daily, Oxcarbazepine 500mg once daily, Isotretinoin.","['Pioglitazone', 'Trazodone', 'Oxcarbazepine', 'Isotretinoin']",0,0,none,"patient: 45f. drugs: pioglitazone 50mg before meals, trazodone 500mg three times daily, oxcarbazepine 500mg once daily, isotretinoin.","['patient', '45f', 'drugs', 'pioglitazone', '50', 'mg', 'meals', 'trazodone', '500', 'mg', 'times', 'daily', 'oxcarbazepine', '500', 'mg', 'daily', 'isotretinoin']",17,"['Isotretinoin', 'Trazodone', 'Pioglitazone', 'Oxcarbazepine']"
"Patient: 52M. Drugs: Mitoxantrone 75mg every 8 hours, Metamizole 200mg every 8 hours.","['Mitoxantrone', 'Metamizole']",1,3,risk or severity of myelosuppression,"patient: 52m. drugs: mitoxantrone 75mg every 8 hours, metamizole 200mg every 8 hours.","['patient', '52', 'm.', 'drugs', 'mitoxantrone', '75', 'mg', '8', 'hours', 'metamizole', '200', 'mg', '8', 'hours']",14,"['Metamizole', 'Mitoxantrone']"
"Patient: 28F. Drugs: Lisuride, Propranolol 25mg twice daily, Aminoglutethimide 100mg before meals, Mepivacaine.","['Lisuride', 'Propranolol', 'Aminoglutethimide', 'Mepivacaine']",1,2,serum concentration,"patient: 28f. drugs: lisuride, propranolol 25mg twice daily, aminoglutethimide 100mg before meals, mepivacaine.","['patient', '28f', 'drugs', 'lisuride', 'propranolol', '25', 'mg', 'twice', 'daily', 'aminoglutethimide', '100', 'mg', 'meals', 'mepivacaine']",14,"['Lisuride', 'Aminoglutethimide', 'Mepivacaine', 'Propranolol']"
"Patient: 30M. Drugs: Bepridil, Hexetidine 500mg every 12 hours, Temazepam 75mg three times daily.","['Bepridil', 'Hexetidine', 'Temazepam']",1,1,therapeutic efficacy,"patient: 30m. drugs: bepridil, hexetidine 500mg every 12 hours, temazepam 75mg three times daily.","['patient', '30', 'm.', 'drugs', 'bepridil', 'hexetidine', '500', 'mg', '12', 'hours', 'temazepam', '75', 'mg', 'times', 'daily']",15,"['Hexetidine', 'Bepridil', 'Temazepam']"
"Patient: 40M. Drugs: Lasofoxifene, Bupranolol 500mg every 6 hours.","['Lasofoxifene', 'Bupranolol']",0,0,none,"patient: 40m. drugs: lasofoxifene, bupranolol 500mg every 6 hours.","['patient', '40', 'm.', 'drugs', 'lasofoxifene', 'bupranolol', '500', 'mg', '6', 'hours']",10,"['Lasofoxifene', 'Bupranolol']"
"Patient: 62M. Drugs: Nicergoline 75mg every 12 hours, Risperidone 200mg as needed, Zaltoprofen 25mg after meals.","['Nicergoline', 'Risperidone', 'Zaltoprofen']",1,3,risk or severity of adverse effects,"patient: 62m. drugs: nicergoline 75mg every 12 hours, risperidone 200mg as needed, zaltoprofen 25mg after meals.","['patient', '62', 'm.', 'drugs', 'nicergoline', '75', 'mg', '12', 'hours', 'risperidone', '200', 'mg', 'needed', 'zaltoprofen', '25', 'mg', 'meals']",17,"['Risperidone', 'Zaltoprofen', 'Nicergoline']"
"Patient: 75M. Drugs: Dihydroergocristine 500mg every 6 hours, Polymyxin B Sulfate 100mg every 8 hours, Magnesium hydroxide 500mg once daily, Desipramine.","['Dihydroergocristine', 'Polymyxin B Sulfate', 'Magnesium hydroxide', 'Desipramine']",1,3,risk or severity of adverse effects,"patient: 75m. drugs: dihydroergocristine 500mg every 6 hours, polymyxin b sulfate 100mg every 8 hours, magnesium hydroxide 500mg once daily, desipramine.","['patient', '75', 'm.', 'drugs', 'dihydroergocristine', '500', 'mg', '6', 'hours', 'polymyxin', 'b', 'sulfate', '100', 'mg', '8', 'hours', 'magnesium', 'hydroxide', '500', 'mg', 'daily', 'desipramine']",22,"['Desipramine', 'Dihydroergocristine', 'Polymyxin B Sulfate', 'Magnesium hydroxide']"
"Patient: 33M. Drugs: Amiloride 50mg once daily, Hexafluronium, Carbamazepine, Perflutren 100mg after meals.","['Amiloride', 'Hexafluronium', 'Carbamazepine', 'Perflutren']",0,0,none,"patient: 33m. drugs: amiloride 50mg once daily, hexafluronium, carbamazepine, perflutren 100mg after meals.","['patient', '33', 'm.', 'drugs', 'amiloride', '50', 'mg', 'daily', 'hexafluronium', 'carbamazepine', 'perflutren', '100', 'mg', 'meals']",14,"['Carbamazepine', 'Hexafluronium', 'Amiloride', 'Perflutren']"
"Patient: 30M. Drugs: Phenytoin 100mg every 8 hours, Vandetanib 100mg twice daily, Glyburide 500mg every 6 hours.","['Phenytoin', 'Vandetanib', 'Glyburide']",1,2,serum concentration,"patient: 30m. drugs: phenytoin 100mg every 8 hours, vandetanib 100mg twice daily, glyburide 500mg every 6 hours.","['patient', '30', 'm.', 'drugs', 'phenytoin', '100', 'mg', '8', 'hours', 'vandetanib', '100', 'mg', 'twice', 'daily', 'glyburide', '500', 'mg', '6', 'hours']",19,"['Vandetanib', 'Phenytoin', 'Glyburide']"
"Patient: 48F. Drugs: Ethchlorvynol 50mg as needed, Etomidate 50mg once daily.","['Ethchlorvynol', 'Etomidate']",1,3,risk or severity of adverse effects,"patient: 48f. drugs: ethchlorvynol 50mg as needed, etomidate 50mg once daily.","['patient', '48f', 'drugs', 'ethchlorvynol', '50', 'mg', 'needed', 'etomidate', '50', 'mg', 'daily']",11,"['Ethchlorvynol', 'Etomidate']"
"Patient: 68M. Drugs: Methylprednisolone, Idelalisib 100mg after meals, Boceprevir 25mg once daily.","['Methylprednisolone', 'Idelalisib', 'Boceprevir']",1,2,serum concentration,"patient: 68m. drugs: methylprednisolone, idelalisib 100mg after meals, boceprevir 25mg once daily.","['patient', '68', 'm.', 'drugs', 'methylprednisolone', 'idelalisib', '100', 'mg', 'meals', 'boceprevir', '25', 'mg', 'daily']",13,"['Boceprevir', 'Idelalisib', 'Methylprednisolone']"
"Patient: 62M. Drugs: Prasterone, Pindolol 25mg every 8 hours, Clomifene 500mg twice daily, Isosorbide Mononitrate 500mg every 12 hours.","['Prasterone', 'Pindolol', 'Clomifene', 'Isosorbide Mononitrate']",1,3,risk or severity of adverse effects,"patient: 62m. drugs: prasterone, pindolol 25mg every 8 hours, clomifene 500mg twice daily, isosorbide mononitrate 500mg every 12 hours.","['patient', '62', 'm.', 'drugs', 'prasterone', 'pindolol', '25', 'mg', '8', 'hours', 'clomifene', '500', 'mg', 'twice', 'daily', 'isosorbide', 'mononitrate', '500', 'mg', '12', 'hours']",21,"['Isosorbide Mononitrate', 'Prasterone', 'Pindolol', 'Clomifene']"
"Patient: 48F. Drugs: Tolnaftate 75mg every 12 hours, Clonixin 25mg twice daily.","['Tolnaftate', 'Clonixin']",0,0,none,"patient: 48f. drugs: tolnaftate 75mg every 12 hours, clonixin 25mg twice daily.","['patient', '48f', 'drugs', 'tolnaftate', '75', 'mg', '12', 'hours', 'clonixin', '25', 'mg', 'twice', 'daily']",13,"['Clonixin', 'Tolnaftate']"
"Patient: 62M. Drugs: Carisoprodol 25mg twice daily, Nalbuphine, Midostaurin 75mg every 12 hours.","['Carisoprodol', 'Nalbuphine', 'Midostaurin']",1,3,risk or severity of adverse effects,"patient: 62m. drugs: carisoprodol 25mg twice daily, nalbuphine, midostaurin 75mg every 12 hours.","['patient', '62', 'm.', 'drugs', 'carisoprodol', '25', 'mg', 'twice', 'daily', 'nalbuphine', 'midostaurin', '75', 'mg', '12', 'hours']",15,"['Midostaurin', 'Nalbuphine', 'Carisoprodol']"
"Patient: 45F. Drugs: Artesunate 75mg every 12 hours, Azilsartan medoxomil 25mg every 12 hours.","['Artesunate', 'Azilsartan medoxomil']",0,0,none,"patient: 45f. drugs: artesunate 75mg every 12 hours, azilsartan medoxomil 25mg every 12 hours.","['patient', '45f', 'drugs', 'artesunate', '75', 'mg', '12', 'hours', 'azilsartan', 'medoxomil', '25', 'mg', '12', 'hours']",14,"['Azilsartan medoxomil', 'Artesunate']"
"Patient: 33M. Drugs: Bismuth Subsalicylate 100mg as needed, Hexylresorcinol, Promethazine 75mg before meals.","['Bismuth Subsalicylate', 'Hexylresorcinol', 'Promethazine']",0,0,none,"patient: 33m. drugs: bismuth subsalicylate 100mg as needed, hexylresorcinol, promethazine 75mg before meals.","['patient', '33', 'm.', 'drugs', 'bismuth', 'subsalicylate', '100', 'mg', 'needed', 'hexylresorcinol', 'promethazine', '75', 'mg', 'meals']",14,"['Bismuth Subsalicylate', 'Promethazine', 'Hexylresorcinol']"
"Patient: 30M. Drugs: Venlafaxine 500mg after meals, Morniflumate 500mg twice daily, Fluoxetine 75mg as needed.","['Venlafaxine', 'Morniflumate', 'Fluoxetine']",1,1,antiplatelet activities,"patient: 30m. drugs: venlafaxine 500mg after meals, morniflumate 500mg twice daily, fluoxetine 75mg as needed.","['patient', '30', 'm.', 'drugs', 'venlafaxine', '500', 'mg', 'meals', 'morniflumate', '500', 'mg', 'twice', 'daily', 'fluoxetine', '75', 'mg', 'needed']",17,"['Fluoxetine', 'Morniflumate', 'Venlafaxine']"
"Patient: 60F. Drugs: Moexipril 100mg every 12 hours, Acetylsalicylic acid, Sevoflurane.","['Moexipril', 'Acetylsalicylic acid', 'Sevoflurane']",1,1,therapeutic efficacy,"patient: 60f. drugs: moexipril 100mg every 12 hours, acetylsalicylic acid, sevoflurane.","['patient', '60f', 'drugs', 'moexipril', '100', 'mg', '12', 'hours', 'acetylsalicylic', 'acid', 'sevoflurane']",11,"['Sevoflurane', 'Moexipril', 'Acetylsalicylic acid']"
"Patient: 35F. Drugs: Zuclopenthixol 50mg every 8 hours, Piritramide 200mg twice daily, Heroin 50mg as needed.","['Zuclopenthixol', 'Piritramide', 'Heroin']",1,3,risk or severity of adverse effects,"patient: 35f. drugs: zuclopenthixol 50mg every 8 hours, piritramide 200mg twice daily, heroin 50mg as needed.","['patient', '35f', 'drugs', 'zuclopenthixol', '50', 'mg', '8', 'hours', 'piritramide', '200', 'mg', 'twice', 'daily', 'heroin', '50', 'mg', 'needed']",17,"['Piritramide', 'Zuclopenthixol', 'Heroin']"
"Patient: 45F. Drugs: Tioguanine 50mg twice daily, Protriptyline 75mg every 8 hours, Levosalbutamol 50mg once daily.","['Tioguanine', 'Protriptyline', 'Levosalbutamol']",1,3,risk or severity of adverse effects,"patient: 45f. drugs: tioguanine 50mg twice daily, protriptyline 75mg every 8 hours, levosalbutamol 50mg once daily.","['patient', '45f', 'drugs', 'tioguanine', '50', 'mg', 'twice', 'daily', 'protriptyline', '75', 'mg', '8', 'hours', 'levosalbutamol', '50', 'mg', 'daily']",17,"['Tioguanine', 'Protriptyline', 'Levosalbutamol']"
"Patient: 55F. Drugs: Losartan, Atorvastatin 100mg before meals, Remifentanil 50mg three times daily.","['Losartan', 'Atorvastatin', 'Remifentanil']",1,3,risk or severity of adverse effects,"patient: 55f. drugs: losartan, atorvastatin 100mg before meals, remifentanil 50mg three times daily.","['patient', '55f', 'drugs', 'losartan', 'atorvastatin', '100', 'mg', 'meals', 'remifentanil', '50', 'mg', 'times', 'daily']",13,"['Remifentanil', 'Atorvastatin', 'Losartan']"
"Patient: 40M. Drugs: Ketoconazole 25mg before meals, Aranidipine 75mg as needed.","['Ketoconazole', 'Aranidipine']",1,1,therapeutic efficacy,"patient: 40m. drugs: ketoconazole 25mg before meals, aranidipine 75mg as needed.","['patient', '40', 'm.', 'drugs', 'ketoconazole', '25', 'mg', 'meals', 'aranidipine', '75', 'mg', 'needed']",12,"['Ketoconazole', 'Aranidipine']"
"Patient: 70F. Drugs: Anastrozole 75mg every 8 hours, Metipranolol.","['Anastrozole', 'Metipranolol']",0,0,none,"patient: 70f. drugs: anastrozole 75mg every 8 hours, metipranolol.","['patient', '70f', 'drugs', 'anastrozole', '75', 'mg', '8', 'hours', 'metipranolol']",9,"['Metipranolol', 'Anastrozole']"
"Patient: 45F. Drugs: Iloprost 25mg every 12 hours, Bisacodyl 100mg every 8 hours, Bupropion 25mg every 6 hours.","['Iloprost', 'Bisacodyl', 'Bupropion']",0,0,none,"patient: 45f. drugs: iloprost 25mg every 12 hours, bisacodyl 100mg every 8 hours, bupropion 25mg every 6 hours.","['patient', '45f', 'drugs', 'iloprost', '25', 'mg', '12', 'hours', 'bisacodyl', '100', 'mg', '8', 'hours', 'bupropion', '25', 'mg', '6', 'hours']",18,"['Bupropion', 'Iloprost', 'Bisacodyl']"
"Patient: 68M. Drugs: Tranylcypromine 200mg every 12 hours, Isoflurane 25mg before meals.","['Tranylcypromine', 'Isoflurane']",1,3,risk or severity of adverse effects,"patient: 68m. drugs: tranylcypromine 200mg every 12 hours, isoflurane 25mg before meals.","['patient', '68', 'm.', 'drugs', 'tranylcypromine', '200', 'mg', '12', 'hours', 'isoflurane', '25', 'mg', 'meals']",13,"['Isoflurane', 'Tranylcypromine']"
"Patient: 62M. Drugs: Ambenonium, Dihydroergotamine 200mg once daily, Lubiprostone 200mg once daily.","['Ambenonium', 'Dihydroergotamine', 'Lubiprostone']",0,0,none,"patient: 62m. drugs: ambenonium, dihydroergotamine 200mg once daily, lubiprostone 200mg once daily.","['patient', '62', 'm.', 'drugs', 'ambenonium', 'dihydroergotamine', '200', 'mg', 'daily', 'lubiprostone', '200', 'mg', 'daily']",13,"['Dihydroergotamine', 'Lubiprostone', 'Ambenonium']"
"Patient: 52M. Drugs: Venlafaxine 200mg as needed, Pramlintide, Orciprenaline.","['Venlafaxine', 'Pramlintide', 'Orciprenaline']",1,2,hypoglycemic activities,"patient: 52m. drugs: venlafaxine 200mg as needed, pramlintide, orciprenaline.","['patient', '52', 'm.', 'drugs', 'venlafaxine', '200', 'mg', 'needed', 'pramlintide', 'orciprenaline']",10,"['Orciprenaline', 'Pramlintide', 'Venlafaxine']"
"Patient: 35F. Drugs: Pregabalin 500mg once daily, Phenytoin.","['Pregabalin', 'Phenytoin']",1,1,therapeutic efficacy,"patient: 35f. drugs: pregabalin 500mg once daily, phenytoin.","['patient', '35f', 'drugs', 'pregabalin', '500', 'mg', 'daily', 'phenytoin']",8,"['Pregabalin', 'Phenytoin']"
"Patient: 75M. Drugs: Carprofen 50mg every 12 hours, Trolamine salicylate 200mg every 12 hours, Tigecycline 100mg three times daily.","['Carprofen', 'Trolamine salicylate', 'Tigecycline']",1,3,risk or severity of adverse effects,"patient: 75m. drugs: carprofen 50mg every 12 hours, trolamine salicylate 200mg every 12 hours, tigecycline 100mg three times daily.","['patient', '75', 'm.', 'drugs', 'carprofen', '50', 'mg', '12', 'hours', 'trolamine', 'salicylate', '200', 'mg', '12', 'hours', 'tigecycline', '100', 'mg', 'times', 'daily']",20,"['Tigecycline', 'Trolamine salicylate', 'Carprofen']"
"Patient: 52M. Drugs: Alprostadil 100mg three times daily, Bufexamac 50mg after meals.","['Alprostadil', 'Bufexamac']",1,1,therapeutic efficacy,"patient: 52m. drugs: alprostadil 100mg three times daily, bufexamac 50mg after meals.","['patient', '52', 'm.', 'drugs', 'alprostadil', '100', 'mg', 'times', 'daily', 'bufexamac', '50', 'mg', 'meals']",13,"['Bufexamac', 'Alprostadil']"
"Patient: 58M. Drugs: Cefpodoxime 25mg as needed, Paroxetine 25mg twice daily, Pancuronium.","['Cefpodoxime', 'Paroxetine', 'Pancuronium']",0,0,none,"patient: 58m. drugs: cefpodoxime 25mg as needed, paroxetine 25mg twice daily, pancuronium.","['patient', '58', 'm.', 'drugs', 'cefpodoxime', '25', 'mg', 'needed', 'paroxetine', '25', 'mg', 'twice', 'daily', 'pancuronium']",14,"['Paroxetine', 'Pancuronium', 'Cefpodoxime']"
"Patient: 52M. Drugs: Fenfluramine 75mg three times daily, Amcinonide 75mg as needed, Remikiren 25mg as needed.","['Fenfluramine', 'Amcinonide', 'Remikiren']",0,0,none,"patient: 52m. drugs: fenfluramine 75mg three times daily, amcinonide 75mg as needed, remikiren 25mg as needed.","['patient', '52', 'm.', 'drugs', 'fenfluramine', '75', 'mg', 'times', 'daily', 'amcinonide', '75', 'mg', 'needed', 'remikiren', '25', 'mg', 'needed']",17,"['Remikiren', 'Amcinonide', 'Fenfluramine']"
"Patient: 40M. Drugs: Ketoconazole 25mg before meals, Aranidipine 75mg as needed.","['Ketoconazole', 'Aranidipine']",1,1,therapeutic efficacy,"patient: 40m. drugs: ketoconazole 25mg before meals, aranidipine 75mg as needed.","['patient', '40', 'm.', 'drugs', 'ketoconazole', '25', 'mg', 'meals', 'aranidipine', '75', 'mg', 'needed']",12,"['Ketoconazole', 'Aranidipine']"
"Patient: 52M. Drugs: Quazepam, Pivmecillinam, Clorazepate 200mg every 12 hours.","['Quazepam', 'Pivmecillinam', 'Clorazepate']",1,3,risk or severity of adverse effects,"patient: 52m. drugs: quazepam, pivmecillinam, clorazepate 200mg every 12 hours.","['patient', '52', 'm.', 'drugs', 'quazepam', 'pivmecillinam', 'clorazepate', '200', 'mg', '12', 'hours']",11,"['Clorazepate', 'Quazepam', 'Pivmecillinam']"
"Patient: 68M. Drugs: Tolfenamic Acid, Cyclopenthiazide 75mg after meals, L-Glutamine 200mg every 12 hours.","['Tolfenamic Acid', 'Cyclopenthiazide', 'L-Glutamine']",1,1,therapeutic efficacy,"patient: 68m. drugs: tolfenamic acid, cyclopenthiazide 75mg after meals, lglutamine 200mg every 12 hours.","['patient', '68', 'm.', 'drugs', 'tolfenamic', 'acid', 'cyclopenthiazide', '75', 'mg', 'meals', 'lglutamine', '200', 'mg', '12', 'hours']",15,"['Cyclopenthiazide', 'L-Glutamine', 'Tolfenamic Acid']"
"Patient: 58M. Drugs: Methsuximide 75mg after meals, Guanabenz 25mg after meals, Gamma Hydroxybutyric Acid 25mg three times daily.","['Methsuximide', 'Guanabenz', 'Gamma Hydroxybutyric Acid']",1,3,risk or severity of adverse effects,"patient: 58m. drugs: methsuximide 75mg after meals, guanabenz 25mg after meals, gamma hydroxybutyric acid 25mg three times daily.","['patient', '58', 'm.', 'drugs', 'methsuximide', '75', 'mg', 'meals', 'guanabenz', '25', 'mg', 'meals', 'gamma', 'hydroxybutyric', 'acid', '25', 'mg', 'times', 'daily']",19,"['Methsuximide', 'Gamma Hydroxybutyric Acid', 'Guanabenz']"
"Patient: 25F. Drugs: Ciprofloxacin 50mg twice daily, Terazosin, Mecamylamine.","['Ciprofloxacin', 'Terazosin', 'Mecamylamine']",1,3,risk or severity of adverse effects,"patient: 25f. drugs: ciprofloxacin 50mg twice daily, terazosin, mecamylamine.","['patient', '25f', 'drugs', 'ciprofloxacin', '50', 'mg', 'twice', 'daily', 'terazosin', 'mecamylamine']",10,"['Terazosin', 'Mecamylamine', 'Ciprofloxacin']"
"Patient: 60F. Drugs: Moexipril 100mg every 12 hours, Acetylsalicylic acid, Sevoflurane.","['Moexipril', 'Acetylsalicylic acid', 'Sevoflurane']",1,1,therapeutic efficacy,"patient: 60f. drugs: moexipril 100mg every 12 hours, acetylsalicylic acid, sevoflurane.","['patient', '60f', 'drugs', 'moexipril', '100', 'mg', '12', 'hours', 'acetylsalicylic', 'acid', 'sevoflurane']",11,"['Sevoflurane', 'Moexipril', 'Acetylsalicylic acid']"
"Patient: 48F. Drugs: Mestranol, Paramethasone.","['Mestranol', 'Paramethasone']",1,2,serum concentration,"patient: 48f. drugs: mestranol, paramethasone.","['patient', '48f', 'drugs', 'mestranol', 'paramethasone']",5,"['Paramethasone', 'Mestranol']"
"Patient: 55F. Drugs: Aclidinium 25mg after meals, Sulfathiazole 25mg every 6 hours, Cannabidiol 25mg once daily, Methoxamine.","['Aclidinium', 'Sulfathiazole', 'Cannabidiol', 'Methoxamine']",0,0,none,"patient: 55f. drugs: aclidinium 25mg after meals, sulfathiazole 25mg every 6 hours, cannabidiol 25mg once daily, methoxamine.","['patient', '55f', 'drugs', 'aclidinium', '25', 'mg', 'meals', 'sulfathiazole', '25', 'mg', '6', 'hours', 'cannabidiol', '25', 'mg', 'daily', 'methoxamine']",17,"['Aclidinium', 'Sulfathiazole', 'Cannabidiol', 'Methoxamine']"
"Patient: 40M. Drugs: Tenoxicam 200mg twice daily, Dexibuprofen, Pirlindole.","['Tenoxicam', 'Dexibuprofen', 'Pirlindole']",1,3,risk or severity of adverse effects,"patient: 40m. drugs: tenoxicam 200mg twice daily, dexibuprofen, pirlindole.","['patient', '40', 'm.', 'drugs', 'tenoxicam', '200', 'mg', 'twice', 'daily', 'dexibuprofen', 'pirlindole']",11,"['Tenoxicam', 'Pirlindole', 'Dexibuprofen']"
"Patient: 33M. Drugs: Magnesium oxide, Permethrin 75mg every 6 hours.","['Magnesium oxide', 'Permethrin']",0,0,none,"patient: 33m. drugs: magnesium oxide, permethrin 75mg every 6 hours.","['patient', '33', 'm.', 'drugs', 'magnesium', 'oxide', 'permethrin', '75', 'mg', '6', 'hours']",11,"['Permethrin', 'Magnesium oxide']"
"Patient: 70F. Drugs: Butabarbital 100mg twice daily, Dimenhydrinate 25mg once daily, Anidulafungin 75mg after meals.","['Butabarbital', 'Dimenhydrinate', 'Anidulafungin']",1,3,risk or severity of adverse effects,"patient: 70f. drugs: butabarbital 100mg twice daily, dimenhydrinate 25mg once daily, anidulafungin 75mg after meals.","['patient', '70f', 'drugs', 'butabarbital', '100', 'mg', 'twice', 'daily', 'dimenhydrinate', '25', 'mg', 'daily', 'anidulafungin', '75', 'mg', 'meals']",16,"['Anidulafungin', 'Dimenhydrinate', 'Butabarbital']"
"Patient: 75M. Drugs: Atazanavir, Rucaparib 75mg as needed.","['Atazanavir', 'Rucaparib']",1,2,metabolism,"patient: 75m. drugs: atazanavir, rucaparib 75mg as needed.","['patient', '75', 'm.', 'drugs', 'atazanavir', 'rucaparib', '75', 'mg', 'needed']",9,"['Rucaparib', 'Atazanavir']"
"Patient: 58M. Drugs: Cinoxacin 50mg every 6 hours, Aluminum hydroxide 200mg every 12 hours, Erythromycin 75mg twice daily.","['Cinoxacin', 'Aluminum hydroxide', 'Erythromycin']",1,1,absorption,"patient: 58m. drugs: cinoxacin 50mg every 6 hours, aluminum hydroxide 200mg every 12 hours, erythromycin 75mg twice daily.","['patient', '58', 'm.', 'drugs', 'cinoxacin', '50', 'mg', '6', 'hours', 'aluminum', 'hydroxide', '200', 'mg', '12', 'hours', 'erythromycin', '75', 'mg', 'twice', 'daily']",20,"['Aluminum hydroxide', 'Erythromycin', 'Cinoxacin']"
"Patient: 30M. Drugs: Verapamil 75mg every 8 hours, Atorvastatin 500mg before meals, Somatostatin 500mg three times daily.","['Verapamil', 'Atorvastatin', 'Somatostatin']",1,1,absorption,"patient: 30m. drugs: verapamil 75mg every 8 hours, atorvastatin 500mg before meals, somatostatin 500mg three times daily.","['patient', '30', 'm.', 'drugs', 'verapamil', '75', 'mg', '8', 'hours', 'atorvastatin', '500', 'mg', 'meals', 'somatostatin', '500', 'mg', 'times', 'daily']",18,"['Atorvastatin', 'Somatostatin', 'Verapamil']"
"Patient: 30M. Drugs: Busulfan 25mg once daily, Deferasirox 200mg as needed, Venlafaxine 200mg twice daily.","['Busulfan', 'Deferasirox', 'Venlafaxine']",1,2,serum concentration,"patient: 30m. drugs: busulfan 25mg once daily, deferasirox 200mg as needed, venlafaxine 200mg twice daily.","['patient', '30', 'm.', 'drugs', 'busulfan', '25', 'mg', 'daily', 'deferasirox', '200', 'mg', 'needed', 'venlafaxine', '200', 'mg', 'twice', 'daily']",17,"['Busulfan', 'Deferasirox', 'Venlafaxine']"
"Patient: 55F. Drugs: Nimodipine 75mg twice daily, Griseofulvin 75mg three times daily.","['Nimodipine', 'Griseofulvin']",1,1,therapeutic efficacy,"patient: 55f. drugs: nimodipine 75mg twice daily, griseofulvin 75mg three times daily.","['patient', '55f', 'drugs', 'nimodipine', '75', 'mg', 'twice', 'daily', 'griseofulvin', '75', 'mg', 'times', 'daily']",13,"['Griseofulvin', 'Nimodipine']"
"Patient: 25F. Drugs: Icosapent ethyl 25mg every 8 hours, Oxamniquine 200mg as needed, Ruxolitinib, Pasireotide 200mg as needed.","['Icosapent ethyl', 'Oxamniquine', 'Ruxolitinib', 'Pasireotide']",1,2,bradycardic activities,"patient: 25f. drugs: icosapent ethyl 25mg every 8 hours, oxamniquine 200mg as needed, ruxolitinib, pasireotide 200mg as needed.","['patient', '25f', 'drugs', 'icosapent', 'ethyl', '25', 'mg', '8', 'hours', 'oxamniquine', '200', 'mg', 'needed', 'ruxolitinib', 'pasireotide', '200', 'mg', 'needed']",18,"['Pasireotide', 'Icosapent ethyl', 'Oxamniquine', 'Ruxolitinib']"
"Patient: 68M. Drugs: Quetiapine, Propoxycaine 50mg every 8 hours, Empagliflozin.","['Quetiapine', 'Propoxycaine', 'Empagliflozin']",1,3,risk or severity of adverse effects,"patient: 68m. drugs: quetiapine, propoxycaine 50mg every 8 hours, empagliflozin.","['patient', '68', 'm.', 'drugs', 'quetiapine', 'propoxycaine', '50', 'mg', '8', 'hours', 'empagliflozin']",11,"['Empagliflozin', 'Propoxycaine', 'Quetiapine']"
"Patient: 55F. Drugs: Flunarizine 100mg once daily, Calcium glubionate.","['Flunarizine', 'Calcium glubionate']",1,1,therapeutic efficacy,"patient: 55f. drugs: flunarizine 100mg once daily, calcium glubionate.","['patient', '55f', 'drugs', 'flunarizine', '100', 'mg', 'daily', 'calcium', 'glubionate']",9,"['Calcium glubionate', 'Flunarizine']"
"Patient: 33M. Drugs: Bromocriptine 75mg after meals, Zotepine 200mg before meals, Flavoxate 200mg before meals.","['Bromocriptine', 'Zotepine', 'Flavoxate']",1,1,therapeutic efficacy,"patient: 33m. drugs: bromocriptine 75mg after meals, zotepine 200mg before meals, flavoxate 200mg before meals.","['patient', '33', 'm.', 'drugs', 'bromocriptine', '75', 'mg', 'meals', 'zotepine', '200', 'mg', 'meals', 'flavoxate', '200', 'mg', 'meals']",16,"['Flavoxate', 'Bromocriptine', 'Zotepine']"
"Patient: 33M. Drugs: Bedaquiline, Mannitol 75mg three times daily, Procaine benzylpenicillin 200mg every 8 hours.","['Bedaquiline', 'Mannitol', 'Procaine benzylpenicillin']",0,0,none,"patient: 33m. drugs: bedaquiline, mannitol 75mg three times daily, procaine benzylpenicillin 200mg every 8 hours.","['patient', '33', 'm.', 'drugs', 'bedaquiline', 'mannitol', '75', 'mg', 'times', 'daily', 'procaine', 'benzylpenicillin', '200', 'mg', '8', 'hours']",16,"['Bedaquiline', 'Procaine benzylpenicillin', 'Mannitol']"
"Patient: 58M. Drugs: Ebastine 200mg every 12 hours, Tretinoin 75mg every 12 hours, Ticarcillin.","['Ebastine', 'Tretinoin', 'Ticarcillin']",0,0,none,"patient: 58m. drugs: ebastine 200mg every 12 hours, tretinoin 75mg every 12 hours, ticarcillin.","['patient', '58', 'm.', 'drugs', 'ebastine', '200', 'mg', '12', 'hours', 'tretinoin', '75', 'mg', '12', 'hours', 'ticarcillin']",15,"['Ebastine', 'Tretinoin', 'Ticarcillin']"
"Patient: 28F. Drugs: Ethchlorvynol 75mg after meals, Fosphenytoin 200mg every 8 hours, Granisetron 200mg twice daily.","['Ethchlorvynol', 'Fosphenytoin', 'Granisetron']",1,3,risk or severity of adverse effects,"patient: 28f. drugs: ethchlorvynol 75mg after meals, fosphenytoin 200mg every 8 hours, granisetron 200mg twice daily.","['patient', '28f', 'drugs', 'ethchlorvynol', '75', 'mg', 'meals', 'fosphenytoin', '200', 'mg', '8', 'hours', 'granisetron', '200', 'mg', 'twice', 'daily']",17,"['Ethchlorvynol', 'Granisetron', 'Fosphenytoin']"
"Patient: 30M. Drugs: Verapamil 75mg every 8 hours, Atorvastatin 500mg before meals, Somatostatin 500mg three times daily.","['Verapamil', 'Atorvastatin', 'Somatostatin']",1,1,absorption,"patient: 30m. drugs: verapamil 75mg every 8 hours, atorvastatin 500mg before meals, somatostatin 500mg three times daily.","['patient', '30', 'm.', 'drugs', 'verapamil', '75', 'mg', '8', 'hours', 'atorvastatin', '500', 'mg', 'meals', 'somatostatin', '500', 'mg', 'times', 'daily']",18,"['Atorvastatin', 'Somatostatin', 'Verapamil']"
"Patient: 33M. Drugs: Enflurane 100mg before meals, Etacrynic acid 100mg before meals, Tranilast 50mg twice daily.","['Enflurane', 'Etacrynic acid', 'Tranilast']",1,1,therapeutic efficacy,"patient: 33m. drugs: enflurane 100mg before meals, etacrynic acid 100mg before meals, tranilast 50mg twice daily.","['patient', '33', 'm.', 'drugs', 'enflurane', '100', 'mg', 'meals', 'etacrynic', 'acid', '100', 'mg', 'meals', 'tranilast', '50', 'mg', 'twice', 'daily']",18,"['Tranilast', 'Etacrynic acid', 'Enflurane']"
"Patient: 30M. Drugs: Hydrochlorothiazide, Avanafil 25mg every 6 hours, Prednicarbate 25mg three times daily.","['Hydrochlorothiazide', 'Avanafil', 'Prednicarbate']",1,2,antihypertensive activities,"patient: 30m. drugs: hydrochlorothiazide, avanafil 25mg every 6 hours, prednicarbate 25mg three times daily.","['patient', '30', 'm.', 'drugs', 'hydrochlorothiazide', 'avanafil', '25', 'mg', '6', 'hours', 'prednicarbate', '25', 'mg', 'times', 'daily']",15,"['Prednicarbate', 'Hydrochlorothiazide', 'Avanafil']"
"Patient: 25F. Drugs: Amiloride 100mg every 6 hours, Sulfamethizole 100mg as needed.","['Amiloride', 'Sulfamethizole']",0,0,none,"patient: 25f. drugs: amiloride 100mg every 6 hours, sulfamethizole 100mg as needed.","['patient', '25f', 'drugs', 'amiloride', '100', 'mg', '6', 'hours', 'sulfamethizole', '100', 'mg', 'needed']",12,"['Sulfamethizole', 'Amiloride']"
"Patient: 35F. Drugs: Propofol 100mg before meals, Elbasvir 50mg every 6 hours.","['Propofol', 'Elbasvir']",0,0,none,"patient: 35f. drugs: propofol 100mg before meals, elbasvir 50mg every 6 hours.","['patient', '35f', 'drugs', 'propofol', '100', 'mg', 'meals', 'elbasvir', '50', 'mg', '6', 'hours']",12,"['Propofol', 'Elbasvir']"
"Patient: 70F. Drugs: Furazolidone 100mg after meals, Carbamazepine, Framycetin 75mg once daily.","['Furazolidone', 'Carbamazepine', 'Framycetin']",1,3,risk or severity of adverse effects,"patient: 70f. drugs: furazolidone 100mg after meals, carbamazepine, framycetin 75mg once daily.","['patient', '70f', 'drugs', 'furazolidone', '100', 'mg', 'meals', 'carbamazepine', 'framycetin', '75', 'mg', 'daily']",12,"['Furazolidone', 'Carbamazepine', 'Framycetin']"
"Patient: 33M. Drugs: Ropinirole 50mg once daily, Penbutolol 100mg three times daily, Pirbuterol.","['Ropinirole', 'Penbutolol', 'Pirbuterol']",1,2,atrioventricular blocking (AV block) activities,"patient: 33m. drugs: ropinirole 50mg once daily, penbutolol 100mg three times daily, pirbuterol.","['patient', '33', 'm.', 'drugs', 'ropinirole', '50', 'mg', 'daily', 'penbutolol', '100', 'mg', 'times', 'daily', 'pirbuterol']",14,"['Penbutolol', 'Ropinirole', 'Pirbuterol']"
"Patient: 62M. Drugs: Celecoxib 200mg every 6 hours, Candesartan cilexetil 50mg as needed, Regadenoson 75mg every 6 hours.","['Celecoxib', 'Candesartan cilexetil', 'Regadenoson']",1,3,risk or severity of adverse effects,"patient: 62m. drugs: celecoxib 200mg every 6 hours, candesartan cilexetil 50mg as needed, regadenoson 75mg every 6 hours.","['patient', '62', 'm.', 'drugs', 'celecoxib', '200', 'mg', '6', 'hours', 'candesartan', 'cilexetil', '50', 'mg', 'needed', 'regadenoson', '75', 'mg', '6', 'hours']",19,"['Celecoxib', 'Regadenoson', 'Candesartan cilexetil']"
"Patient: 70F. Drugs: Dofetilide, Delamanid.","['Dofetilide', 'Delamanid']",1,2,QTc-prolonging activities,"patient: 70f. drugs: dofetilide, delamanid.","['patient', '70f', 'drugs', 'dofetilide', 'delamanid']",5,"['Dofetilide', 'Delamanid']"
"Patient: 45F. Drugs: Tioguanine 50mg twice daily, Protriptyline 75mg every 8 hours, Levosalbutamol 50mg once daily.","['Tioguanine', 'Protriptyline', 'Levosalbutamol']",1,3,risk or severity of adverse effects,"patient: 45f. drugs: tioguanine 50mg twice daily, protriptyline 75mg every 8 hours, levosalbutamol 50mg once daily.","['patient', '45f', 'drugs', 'tioguanine', '50', 'mg', 'twice', 'daily', 'protriptyline', '75', 'mg', '8', 'hours', 'levosalbutamol', '50', 'mg', 'daily']",17,"['Tioguanine', 'Protriptyline', 'Levosalbutamol']"
"Patient: 52M. Drugs: Dextropropoxyphene, Etizolam 50mg twice daily.","['Dextropropoxyphene', 'Etizolam']",1,3,risk or severity of adverse effects,"patient: 52m. drugs: dextropropoxyphene, etizolam 50mg twice daily.","['patient', '52', 'm.', 'drugs', 'dextropropoxyphene', 'etizolam', '50', 'mg', 'twice', 'daily']",10,"['Dextropropoxyphene', 'Etizolam']"
"Patient: 52M. Drugs: Phenindione 25mg as needed, Ticagrelor 75mg twice daily, Dienogest 75mg twice daily, Lomustine 100mg every 8 hours.","['Phenindione', 'Ticagrelor', 'Dienogest', 'Lomustine']",1,2,anticoagulant activities,"patient: 52m. drugs: phenindione 25mg as needed, ticagrelor 75mg twice daily, dienogest 75mg twice daily, lomustine 100mg every 8 hours.","['patient', '52', 'm.', 'drugs', 'phenindione', '25', 'mg', 'needed', 'ticagrelor', '75', 'mg', 'twice', 'daily', 'dienogest', '75', 'mg', 'twice', 'daily', 'lomustine', '100', 'mg', '8', 'hours']",23,"['Dienogest', 'Ticagrelor', 'Lomustine', 'Phenindione']"
"Patient: 30M. Drugs: Bepridil, Hexetidine 500mg every 12 hours, Temazepam 75mg three times daily.","['Bepridil', 'Hexetidine', 'Temazepam']",1,1,therapeutic efficacy,"patient: 30m. drugs: bepridil, hexetidine 500mg every 12 hours, temazepam 75mg three times daily.","['patient', '30', 'm.', 'drugs', 'bepridil', 'hexetidine', '500', 'mg', '12', 'hours', 'temazepam', '75', 'mg', 'times', 'daily']",15,"['Hexetidine', 'Bepridil', 'Temazepam']"
"Patient: 48F. Drugs: Oxetacaine 200mg every 6 hours, Buspirone, Ledipasvir 50mg as needed, Copanlisib.","['Oxetacaine', 'Buspirone', 'Ledipasvir', 'Copanlisib']",1,2,serum concentration,"patient: 48f. drugs: oxetacaine 200mg every 6 hours, buspirone, ledipasvir 50mg as needed, copanlisib.","['patient', '48f', 'drugs', 'oxetacaine', '200', 'mg', '6', 'hours', 'buspirone', 'ledipasvir', '50', 'mg', 'needed', 'copanlisib']",14,"['Oxetacaine', 'Ledipasvir', 'Buspirone', 'Copanlisib']"
"Patient: 55F. Drugs: Methysergide 100mg as needed, Isometheptene, Betamethasone.","['Methysergide', 'Isometheptene', 'Betamethasone']",1,2,hypertensive activities,"patient: 55f. drugs: methysergide 100mg as needed, isometheptene, betamethasone.","['patient', '55f', 'drugs', 'methysergide', '100', 'mg', 'needed', 'isometheptene', 'betamethasone']",9,"['Betamethasone', 'Isometheptene', 'Methysergide']"
"Patient: 70F. Drugs: Clobazam 100mg once daily, Abemaciclib, Indapamide 200mg before meals, Budesonide 50mg three times daily.","['Clobazam', 'Abemaciclib', 'Indapamide', 'Budesonide']",1,2,hypokalemic activities,"patient: 70f. drugs: clobazam 100mg once daily, abemaciclib, indapamide 200mg before meals, budesonide 50mg three times daily.","['patient', '70f', 'drugs', 'clobazam', '100', 'mg', 'daily', 'abemaciclib', 'indapamide', '200', 'mg', 'meals', 'budesonide', '50', 'mg', 'times', 'daily']",17,"['Budesonide', 'Clobazam', 'Abemaciclib', 'Indapamide']"
"Patient: 55F. Drugs: Escitalopram, Nitrazepam 500mg before meals, Cefapirin 100mg after meals.","['Escitalopram', 'Nitrazepam', 'Cefapirin']",1,3,risk or severity of adverse effects,"patient: 55f. drugs: escitalopram, nitrazepam 500mg before meals, cefapirin 100mg after meals.","['patient', '55f', 'drugs', 'escitalopram', 'nitrazepam', '500', 'mg', 'meals', 'cefapirin', '100', 'mg', 'meals']",12,"['Nitrazepam', 'Cefapirin', 'Escitalopram']"
"Patient: 60F. Drugs: Potassium Citrate 200mg every 12 hours, Lynestrenol 50mg three times daily.","['Potassium Citrate', 'Lynestrenol']",1,1,therapeutic efficacy,"patient: 60f. drugs: potassium citrate 200mg every 12 hours, lynestrenol 50mg three times daily.","['patient', '60f', 'drugs', 'potassium', 'citrate', '200', 'mg', '12', 'hours', 'lynestrenol', '50', 'mg', 'times', 'daily']",14,"['Lynestrenol', 'Potassium Citrate']"
"Patient: 25F. Drugs: Lomefloxacin 75mg every 8 hours, Fluocortolone, Cefoperazone 100mg every 6 hours.","['Lomefloxacin', 'Fluocortolone', 'Cefoperazone']",1,3,risk or severity of adverse effects,"patient: 25f. drugs: lomefloxacin 75mg every 8 hours, fluocortolone, cefoperazone 100mg every 6 hours.","['patient', '25f', 'drugs', 'lomefloxacin', '75', 'mg', '8', 'hours', 'fluocortolone', 'cefoperazone', '100', 'mg', '6', 'hours']",14,"['Fluocortolone', 'Cefoperazone', 'Lomefloxacin']"
"Patient: 58M. Drugs: Trimetrexate, Probenecid 500mg once daily, Sirolimus 200mg once daily, Azidocillin 50mg three times daily.","['Trimetrexate', 'Probenecid', 'Sirolimus', 'Azidocillin']",1,2,serum concentration,"patient: 58m. drugs: trimetrexate, probenecid 500mg once daily, sirolimus 200mg once daily, azidocillin 50mg three times daily.","['patient', '58', 'm.', 'drugs', 'trimetrexate', 'probenecid', '500', 'mg', 'daily', 'sirolimus', '200', 'mg', 'daily', 'azidocillin', '50', 'mg', 'times', 'daily']",18,"['Probenecid', 'Sirolimus', 'Azidocillin', 'Trimetrexate']"
"Patient: 48F. Drugs: Trabectedin, Linezolid 75mg every 8 hours, Griseofulvin 200mg before meals.","['Trabectedin', 'Linezolid', 'Griseofulvin']",0,0,none,"patient: 48f. drugs: trabectedin, linezolid 75mg every 8 hours, griseofulvin 200mg before meals.","['patient', '48f', 'drugs', 'trabectedin', 'linezolid', '75', 'mg', '8', 'hours', 'griseofulvin', '200', 'mg', 'meals']",13,"['Linezolid', 'Trabectedin', 'Griseofulvin']"
"Patient: 75M. Drugs: Dipivefrin 75mg every 12 hours, Clobetasol propionate 75mg as needed.","['Dipivefrin', 'Clobetasol propionate']",1,3,risk or severity of adverse effects,"patient: 75m. drugs: dipivefrin 75mg every 12 hours, clobetasol propionate 75mg as needed.","['patient', '75', 'm.', 'drugs', 'dipivefrin', '75', 'mg', '12', 'hours', 'clobetasol', 'propionate', '75', 'mg', 'needed']",14,"['Dipivefrin', 'Clobetasol propionate']"
"Patient: 68M. Drugs: Delavirdine 50mg twice daily, Epinastine 25mg once daily.","['Delavirdine', 'Epinastine']",1,1,absorption,"patient: 68m. drugs: delavirdine 50mg twice daily, epinastine 25mg once daily.","['patient', '68', 'm.', 'drugs', 'delavirdine', '50', 'mg', 'twice', 'daily', 'epinastine', '25', 'mg', 'daily']",13,"['Epinastine', 'Delavirdine']"
"Patient: 70F. Drugs: Etomidate 25mg every 12 hours, Promethazine 100mg every 12 hours, Cholic Acid 75mg every 8 hours.","['Etomidate', 'Promethazine', 'Cholic Acid']",1,3,risk or severity of adverse effects,"patient: 70f. drugs: etomidate 25mg every 12 hours, promethazine 100mg every 12 hours, cholic acid 75mg every 8 hours.","['patient', '70f', 'drugs', 'etomidate', '25', 'mg', '12', 'hours', 'promethazine', '100', 'mg', '12', 'hours', 'cholic', 'acid', '75', 'mg', '8', 'hours']",19,"['Cholic Acid', 'Etomidate', 'Promethazine']"
"Patient: 48F. Drugs: Venlafaxine 25mg every 12 hours, Rizatriptan.","['Venlafaxine', 'Rizatriptan']",1,3,risk or severity of adverse effects,"patient: 48f. drugs: venlafaxine 25mg every 12 hours, rizatriptan.","['patient', '48f', 'drugs', 'venlafaxine', '25', 'mg', '12', 'hours', 'rizatriptan']",9,"['Rizatriptan', 'Venlafaxine']"
"Patient: 30M. Drugs: Tetracycline 500mg before meals, Radium Ra 223 Dichloride 50mg after meals, Fluvoxamine.","['Tetracycline', 'Radium Ra 223 Dichloride', 'Fluvoxamine']",1,2,metabolism,"patient: 30m. drugs: tetracycline 500mg before meals, radium ra 223 dichloride 50mg after meals, fluvoxamine.","['patient', '30', 'm.', 'drugs', 'tetracycline', '500', 'mg', 'meals', 'radium', 'ra', '223', 'dichloride', '50', 'mg', 'meals', 'fluvoxamine']",16,"['Tetracycline', 'Fluvoxamine', 'Radium Ra 223 Dichloride']"
"Patient: 33M. Drugs: Hydroflumethiazide, Eflornithine 50mg every 12 hours, Nepafenac 500mg before meals.","['Hydroflumethiazide', 'Eflornithine', 'Nepafenac']",1,1,therapeutic efficacy,"patient: 33m. drugs: hydroflumethiazide, eflornithine 50mg every 12 hours, nepafenac 500mg before meals.","['patient', '33', 'm.', 'drugs', 'hydroflumethiazide', 'eflornithine', '50', 'mg', '12', 'hours', 'nepafenac', '500', 'mg', 'meals']",14,"['Hydroflumethiazide', 'Eflornithine', 'Nepafenac']"
"Patient: 30M. Drugs: Tranylcypromine 75mg three times daily, Glucosamine.","['Tranylcypromine', 'Glucosamine']",1,2,metabolism,"patient: 30m. drugs: tranylcypromine 75mg three times daily, glucosamine.","['patient', '30', 'm.', 'drugs', 'tranylcypromine', '75', 'mg', 'times', 'daily', 'glucosamine']",10,"['Glucosamine', 'Tranylcypromine']"
"Patient: 30M. Drugs: Venlafaxine 500mg after meals, Morniflumate 500mg twice daily, Fluoxetine 75mg as needed.","['Venlafaxine', 'Morniflumate', 'Fluoxetine']",1,1,antiplatelet activities,"patient: 30m. drugs: venlafaxine 500mg after meals, morniflumate 500mg twice daily, fluoxetine 75mg as needed.","['patient', '30', 'm.', 'drugs', 'venlafaxine', '500', 'mg', 'meals', 'morniflumate', '500', 'mg', 'twice', 'daily', 'fluoxetine', '75', 'mg', 'needed']",17,"['Fluoxetine', 'Morniflumate', 'Venlafaxine']"
"Patient: 70F. Drugs: Fenofibrate 50mg twice daily, Ivacaftor 500mg every 12 hours, Tapentadol.","['Fenofibrate', 'Ivacaftor', 'Tapentadol']",1,2,serum concentration,"patient: 70f. drugs: fenofibrate 50mg twice daily, ivacaftor 500mg every 12 hours, tapentadol.","['patient', '70f', 'drugs', 'fenofibrate', '50', 'mg', 'twice', 'daily', 'ivacaftor', '500', 'mg', '12', 'hours', 'tapentadol']",14,"['Fenofibrate', 'Ivacaftor', 'Tapentadol']"
"Patient: 35F. Drugs: Diltiazem, Tolnaftate 50mg every 8 hours.","['Diltiazem', 'Tolnaftate']",1,1,therapeutic efficacy,"patient: 35f. drugs: diltiazem, tolnaftate 50mg every 8 hours.","['patient', '35f', 'drugs', 'diltiazem', 'tolnaftate', '50', 'mg', '8', 'hours']",9,"['Diltiazem', 'Tolnaftate']"
"Patient: 33M. Drugs: Diltiazem, Mefloquine.","['Diltiazem', 'Mefloquine']",1,2,metabolism,"patient: 33m. drugs: diltiazem, mefloquine.","['patient', '33', 'm.', 'drugs', 'diltiazem', 'mefloquine']",6,"['Mefloquine', 'Diltiazem']"
"Patient: 25F. Drugs: Capreomycin 500mg every 8 hours, Difluocortolone 200mg every 8 hours, Mitiglinide 200mg once daily, Molsidomine 50mg three times daily.","['Capreomycin', 'Difluocortolone', 'Mitiglinide', 'Molsidomine']",0,0,none,"patient: 25f. drugs: capreomycin 500mg every 8 hours, difluocortolone 200mg every 8 hours, mitiglinide 200mg once daily, molsidomine 50mg three times daily.","['patient', '25f', 'drugs', 'capreomycin', '500', 'mg', '8', 'hours', 'difluocortolone', '200', 'mg', '8', 'hours', 'mitiglinide', '200', 'mg', 'daily', 'molsidomine', '50', 'mg', 'times', 'daily']",22,"['Molsidomine', 'Capreomycin', 'Mitiglinide', 'Difluocortolone']"
"Patient: 52M. Drugs: Furosemide, Phenformin 75mg every 6 hours.","['Furosemide', 'Phenformin']",1,1,therapeutic efficacy,"patient: 52m. drugs: furosemide, phenformin 75mg every 6 hours.","['patient', '52', 'm.', 'drugs', 'furosemide', 'phenformin', '75', 'mg', '6', 'hours']",10,"['Phenformin', 'Furosemide']"
"Patient: 58M. Drugs: Levosimendan 75mg every 6 hours, Halothane.","['Levosimendan', 'Halothane']",1,3,risk or severity of adverse effects,"patient: 58m. drugs: levosimendan 75mg every 6 hours, halothane.","['patient', '58', 'm.', 'drugs', 'levosimendan', '75', 'mg', '6', 'hours', 'halothane']",10,"['Levosimendan', 'Halothane']"
"Patient: 35F. Drugs: Unoprostone 25mg as needed, Acemetacin 500mg every 8 hours, Ketamine.","['Unoprostone', 'Acemetacin', 'Ketamine']",1,1,therapeutic efficacy,"patient: 35f. drugs: unoprostone 25mg as needed, acemetacin 500mg every 8 hours, ketamine.","['patient', '35f', 'drugs', 'unoprostone', '25', 'mg', 'needed', 'acemetacin', '500', 'mg', '8', 'hours', 'ketamine']",13,"['Ketamine', 'Unoprostone', 'Acemetacin']"
"Patient: 48F. Drugs: Dinoprost Tromethamine 200mg every 8 hours, Loxoprofen, Flurandrenolide 75mg every 12 hours.","['Dinoprost Tromethamine', 'Loxoprofen', 'Flurandrenolide']",1,1,therapeutic efficacy,"patient: 48f. drugs: dinoprost tromethamine 200mg every 8 hours, loxoprofen, flurandrenolide 75mg every 12 hours.","['patient', '48f', 'drugs', 'dinoprost', 'tromethamine', '200', 'mg', '8', 'hours', 'loxoprofen', 'flurandrenolide', '75', 'mg', '12', 'hours']",15,"['Dinoprost Tromethamine', 'Flurandrenolide', 'Loxoprofen']"
"Patient: 68M. Drugs: Crizotinib, Sodium stibogluconate 75mg once daily.","['Crizotinib', 'Sodium stibogluconate']",0,0,none,"patient: 68m. drugs: crizotinib, sodium stibogluconate 75mg once daily.","['patient', '68', 'm.', 'drugs', 'crizotinib', 'sodium', 'stibogluconate', '75', 'mg', 'daily']",10,"['Crizotinib', 'Sodium stibogluconate']"
"Patient: 62M. Drugs: Butoconazole, Iron 50mg before meals, Bismuth Subsalicylate 25mg once daily, Practolol 75mg once daily.","['Butoconazole', 'Iron', 'Bismuth Subsalicylate', 'Practolol']",0,0,none,"patient: 62m. drugs: butoconazole, iron 50mg before meals, bismuth subsalicylate 25mg once daily, practolol 75mg once daily.","['patient', '62', 'm.', 'drugs', 'butoconazole', 'iron', '50', 'mg', 'meals', 'bismuth', 'subsalicylate', '25', 'mg', 'daily', 'practolol', '75', 'mg', 'daily']",18,"['Practolol', 'Butoconazole', 'Bismuth Subsalicylate', 'Iron']"
"Patient: 30M. Drugs: Adapalene 100mg every 12 hours, Piretanide 100mg every 6 hours.","['Adapalene', 'Piretanide']",1,1,therapeutic efficacy,"patient: 30m. drugs: adapalene 100mg every 12 hours, piretanide 100mg every 6 hours.","['patient', '30', 'm.', 'drugs', 'adapalene', '100', 'mg', '12', 'hours', 'piretanide', '100', 'mg', '6', 'hours']",14,"['Adapalene', 'Piretanide']"
"Patient: 70F. Drugs: Tolcapone 100mg as needed, Gliclazide 50mg as needed, Magnesium carbonate 25mg after meals, Moxonidine 25mg every 6 hours.","['Tolcapone', 'Gliclazide', 'Magnesium carbonate', 'Moxonidine']",1,3,risk or severity of adverse effects,"patient: 70f. drugs: tolcapone 100mg as needed, gliclazide 50mg as needed, magnesium carbonate 25mg after meals, moxonidine 25mg every 6 hours.","['patient', '70f', 'drugs', 'tolcapone', '100', 'mg', 'needed', 'gliclazide', '50', 'mg', 'needed', 'magnesium', 'carbonate', '25', 'mg', 'meals', 'moxonidine', '25', 'mg', '6', 'hours']",21,"['Tolcapone', 'Gliclazide', 'Magnesium carbonate', 'Moxonidine']"
"Patient: 48F. Drugs: Oxybuprocaine 50mg every 12 hours, Tasosartan 75mg every 12 hours, Amorolfine 100mg every 12 hours.","['Oxybuprocaine', 'Tasosartan', 'Amorolfine']",0,0,none,"patient: 48f. drugs: oxybuprocaine 50mg every 12 hours, tasosartan 75mg every 12 hours, amorolfine 100mg every 12 hours.","['patient', '48f', 'drugs', 'oxybuprocaine', '50', 'mg', '12', 'hours', 'tasosartan', '75', 'mg', '12', 'hours', 'amorolfine', '100', 'mg', '12', 'hours']",18,"['Oxybuprocaine', 'Amorolfine', 'Tasosartan']"
"Patient: 48F. Drugs: Maraviroc 25mg after meals, Ceritinib, Velpatasvir.","['Maraviroc', 'Ceritinib', 'Velpatasvir']",1,2,serum concentration,"patient: 48f. drugs: maraviroc 25mg after meals, ceritinib, velpatasvir.","['patient', '48f', 'drugs', 'maraviroc', '25', 'mg', 'meals', 'ceritinib', 'velpatasvir']",9,"['Ceritinib', 'Maraviroc', 'Velpatasvir']"
"Patient: 35F. Drugs: Pregabalin 500mg once daily, Phenytoin.","['Pregabalin', 'Phenytoin']",1,1,therapeutic efficacy,"patient: 35f. drugs: pregabalin 500mg once daily, phenytoin.","['patient', '35f', 'drugs', 'pregabalin', '500', 'mg', 'daily', 'phenytoin']",8,"['Pregabalin', 'Phenytoin']"
"Patient: 60F. Drugs: Betaxolol 50mg as needed, Furosemide, Levetiracetam.","['Betaxolol', 'Furosemide', 'Levetiracetam']",1,3,risk or severity of adverse effects,"patient: 60f. drugs: betaxolol 50mg as needed, furosemide, levetiracetam.","['patient', '60f', 'drugs', 'betaxolol', '50', 'mg', 'needed', 'furosemide', 'levetiracetam']",9,"['Levetiracetam', 'Furosemide', 'Betaxolol']"
"Patient: 48F. Drugs: Tolterodine 75mg before meals, Metyrapone 50mg once daily, Clonixin.","['Tolterodine', 'Metyrapone', 'Clonixin']",0,0,none,"patient: 48f. drugs: tolterodine 75mg before meals, metyrapone 50mg once daily, clonixin.","['patient', '48f', 'drugs', 'tolterodine', '75', 'mg', 'meals', 'metyrapone', '50', 'mg', 'daily', 'clonixin']",12,"['Clonixin', 'Tolterodine', 'Metyrapone']"
"Patient: 25F. Drugs: Lisinopril 75mg every 6 hours, Aminosalicylic Acid 500mg twice daily, Ciprofibrate 100mg every 6 hours.","['Lisinopril', 'Aminosalicylic Acid', 'Ciprofibrate']",1,1,therapeutic efficacy,"patient: 25f. drugs: lisinopril 75mg every 6 hours, aminosalicylic acid 500mg twice daily, ciprofibrate 100mg every 6 hours.","['patient', '25f', 'drugs', 'lisinopril', '75', 'mg', '6', 'hours', 'aminosalicylic', 'acid', '500', 'mg', 'twice', 'daily', 'ciprofibrate', '100', 'mg', '6', 'hours']",19,"['Ciprofibrate', 'Aminosalicylic Acid', 'Lisinopril']"
"Patient: 48F. Drugs: Tolazoline 500mg three times daily, Irbesartan.","['Tolazoline', 'Irbesartan']",1,2,hypotensive activities,"patient: 48f. drugs: tolazoline 500mg three times daily, irbesartan.","['patient', '48f', 'drugs', 'tolazoline', '500', 'mg', 'times', 'daily', 'irbesartan']",9,"['Tolazoline', 'Irbesartan']"
"Patient: 25F. Drugs: Nevirapine, Irbesartan 75mg twice daily, Fenbufen.","['Nevirapine', 'Irbesartan', 'Fenbufen']",1,2,metabolism,"patient: 25f. drugs: nevirapine, irbesartan 75mg twice daily, fenbufen.","['patient', '25f', 'drugs', 'nevirapine', 'irbesartan', '75', 'mg', 'twice', 'daily', 'fenbufen']",10,"['Irbesartan', 'Fenbufen', 'Nevirapine']"
"Patient: 60F. Drugs: Ranolazine 75mg every 12 hours, Lomitapide 50mg once daily.","['Ranolazine', 'Lomitapide']",1,2,serum concentration,"patient: 60f. drugs: ranolazine 75mg every 12 hours, lomitapide 50mg once daily.","['patient', '60f', 'drugs', 'ranolazine', '75', 'mg', '12', 'hours', 'lomitapide', '50', 'mg', 'daily']",12,"['Ranolazine', 'Lomitapide']"
"Patient: 55F. Drugs: Pindolol 25mg after meals, Levodopa 25mg every 8 hours.","['Pindolol', 'Levodopa']",1,2,orthostatic hypotensive activities,"patient: 55f. drugs: pindolol 25mg after meals, levodopa 25mg every 8 hours.","['patient', '55f', 'drugs', 'pindolol', '25', 'mg', 'meals', 'levodopa', '25', 'mg', '8', 'hours']",12,"['Levodopa', 'Pindolol']"
"Patient: 75M. Drugs: Piperazine 50mg after meals, Saxagliptin 500mg as needed, Ceftazidime 200mg three times daily.","['Piperazine', 'Saxagliptin', 'Ceftazidime']",1,1,therapeutic efficacy,"patient: 75m. drugs: piperazine 50mg after meals, saxagliptin 500mg as needed, ceftazidime 200mg three times daily.","['patient', '75', 'm.', 'drugs', 'piperazine', '50', 'mg', 'meals', 'saxagliptin', '500', 'mg', 'needed', 'ceftazidime', '200', 'mg', 'times', 'daily']",17,"['Saxagliptin', 'Ceftazidime', 'Piperazine']"
"Patient: 75M. Drugs: Piperazine 50mg after meals, Saxagliptin 500mg as needed, Ceftazidime 200mg three times daily.","['Piperazine', 'Saxagliptin', 'Ceftazidime']",1,1,therapeutic efficacy,"patient: 75m. drugs: piperazine 50mg after meals, saxagliptin 500mg as needed, ceftazidime 200mg three times daily.","['patient', '75', 'm.', 'drugs', 'piperazine', '50', 'mg', 'meals', 'saxagliptin', '500', 'mg', 'needed', 'ceftazidime', '200', 'mg', 'times', 'daily']",17,"['Saxagliptin', 'Ceftazidime', 'Piperazine']"
"Patient: 60F. Drugs: Phenindione, Josamycin.","['Phenindione', 'Josamycin']",1,2,serum concentration,"patient: 60f. drugs: phenindione, josamycin.","['patient', '60f', 'drugs', 'phenindione', 'josamycin']",5,"['Josamycin', 'Phenindione']"
"Patient: 52M. Drugs: Diflorasone, Mephenesin.","['Diflorasone', 'Mephenesin']",0,0,none,"patient: 52m. drugs: diflorasone, mephenesin.","['patient', '52', 'm.', 'drugs', 'diflorasone', 'mephenesin']",6,"['Mephenesin', 'Diflorasone']"
"Patient: 25F. Drugs: Tolvaptan 75mg as needed, Aloglutamol 50mg three times daily, Methylphenidate 200mg three times daily, Tiotropium 100mg after meals.","['Tolvaptan', 'Aloglutamol', 'Methylphenidate', 'Tiotropium']",1,1,absorption,"patient: 25f. drugs: tolvaptan 75mg as needed, aloglutamol 50mg three times daily, methylphenidate 200mg three times daily, tiotropium 100mg after meals.","['patient', '25f', 'drugs', 'tolvaptan', '75', 'mg', 'needed', 'aloglutamol', '50', 'mg', 'times', 'daily', 'methylphenidate', '200', 'mg', 'times', 'daily', 'tiotropium', '100', 'mg', 'meals']",21,"['Tolvaptan', 'Methylphenidate', 'Aloglutamol', 'Tiotropium']"
"Patient: 75M. Drugs: Felbamate, Flubendazole.","['Felbamate', 'Flubendazole']",0,0,none,"patient: 75m. drugs: felbamate, flubendazole.","['patient', '75', 'm.', 'drugs', 'felbamate', 'flubendazole']",6,"['Felbamate', 'Flubendazole']"
"Patient: 45F. Drugs: Fulvestrant 200mg before meals, Liothyronine 200mg twice daily, Tafluprost 500mg every 12 hours, Levonordefrin 50mg after meals.","['Fulvestrant', 'Liothyronine', 'Tafluprost', 'Levonordefrin']",0,0,none,"patient: 45f. drugs: fulvestrant 200mg before meals, liothyronine 200mg twice daily, tafluprost 500mg every 12 hours, levonordefrin 50mg after meals.","['patient', '45f', 'drugs', 'fulvestrant', '200', 'mg', 'meals', 'liothyronine', '200', 'mg', 'twice', 'daily', 'tafluprost', '500', 'mg', '12', 'hours', 'levonordefrin', '50', 'mg', 'meals']",21,"['Levonordefrin', 'Fulvestrant', 'Tafluprost', 'Liothyronine']"
"Patient: 68M. Drugs: Cephaloglycin 50mg as needed, Temocillin 75mg every 12 hours, Teriflunomide, Rocuronium 100mg before meals.","['Cephaloglycin', 'Temocillin', 'Teriflunomide', 'Rocuronium']",0,0,none,"patient: 68m. drugs: cephaloglycin 50mg as needed, temocillin 75mg every 12 hours, teriflunomide, rocuronium 100mg before meals.","['patient', '68', 'm.', 'drugs', 'cephaloglycin', '50', 'mg', 'needed', 'temocillin', '75', 'mg', '12', 'hours', 'teriflunomide', 'rocuronium', '100', 'mg', 'meals']",18,"['Cephaloglycin', 'Rocuronium', 'Teriflunomide', 'Temocillin']"
"Patient: 40M. Drugs: Bumetanide 25mg three times daily, Saxagliptin, Ethynodiol diacetate.","['Bumetanide', 'Saxagliptin', 'Ethynodiol diacetate']",1,1,therapeutic efficacy,"patient: 40m. drugs: bumetanide 25mg three times daily, saxagliptin, ethynodiol diacetate.","['patient', '40', 'm.', 'drugs', 'bumetanide', '25', 'mg', 'times', 'daily', 'saxagliptin', 'ethynodiol', 'diacetate']",12,"['Saxagliptin', 'Ethynodiol diacetate', 'Bumetanide']"
"Patient: 48F. Drugs: Clotrimazole 200mg twice daily, Antipyrine 500mg before meals.","['Clotrimazole', 'Antipyrine']",1,2,metabolism,"patient: 48f. drugs: clotrimazole 200mg twice daily, antipyrine 500mg before meals.","['patient', '48f', 'drugs', 'clotrimazole', '200', 'mg', 'twice', 'daily', 'antipyrine', '500', 'mg', 'meals']",12,"['Antipyrine', 'Clotrimazole']"
"Patient: 60F. Drugs: Chlorpromazine 25mg twice daily, Simeprevir 200mg once daily.","['Chlorpromazine', 'Simeprevir']",1,2,serum concentration,"patient: 60f. drugs: chlorpromazine 25mg twice daily, simeprevir 200mg once daily.","['patient', '60f', 'drugs', 'chlorpromazine', '25', 'mg', 'twice', 'daily', 'simeprevir', '200', 'mg', 'daily']",12,"['Simeprevir', 'Chlorpromazine']"
"Patient: 70F. Drugs: Prednisone 75mg once daily, Seratrodast 25mg every 12 hours, Cisatracurium.","['Prednisone', 'Seratrodast', 'Cisatracurium']",1,3,risk or severity of adverse effects,"patient: 70f. drugs: prednisone 75mg once daily, seratrodast 25mg every 12 hours, cisatracurium.","['patient', '70f', 'drugs', 'prednisone', '75', 'mg', 'daily', 'seratrodast', '25', 'mg', '12', 'hours', 'cisatracurium']",13,"['Seratrodast', 'Cisatracurium', 'Prednisone']"
"Patient: 30M. Drugs: Venlafaxine 500mg after meals, Morniflumate 500mg twice daily, Fluoxetine 75mg as needed.","['Venlafaxine', 'Morniflumate', 'Fluoxetine']",1,1,antiplatelet activities,"patient: 30m. drugs: venlafaxine 500mg after meals, morniflumate 500mg twice daily, fluoxetine 75mg as needed.","['patient', '30', 'm.', 'drugs', 'venlafaxine', '500', 'mg', 'meals', 'morniflumate', '500', 'mg', 'twice', 'daily', 'fluoxetine', '75', 'mg', 'needed']",17,"['Fluoxetine', 'Morniflumate', 'Venlafaxine']"
"Patient: 58M. Drugs: Moxifloxacin, Canagliflozin 100mg as needed.","['Moxifloxacin', 'Canagliflozin']",1,2,hypoglycemic activities,"patient: 58m. drugs: moxifloxacin, canagliflozin 100mg as needed.","['patient', '58', 'm.', 'drugs', 'moxifloxacin', 'canagliflozin', '100', 'mg', 'needed']",9,"['Canagliflozin', 'Moxifloxacin']"
"Patient: 68M. Drugs: Cyclosporine, Nandrolone decanoate 500mg twice daily, Pentobarbital 50mg once daily.","['Cyclosporine', 'Nandrolone decanoate', 'Pentobarbital']",1,3,hepatotoxic activities,"patient: 68m. drugs: cyclosporine, nandrolone decanoate 500mg twice daily, pentobarbital 50mg once daily.","['patient', '68', 'm.', 'drugs', 'cyclosporine', 'nandrolone', 'decanoate', '500', 'mg', 'twice', 'daily', 'pentobarbital', '50', 'mg', 'daily']",15,"['Nandrolone decanoate', 'Pentobarbital', 'Cyclosporine']"
"Patient: 75M. Drugs: Piperazine 50mg after meals, Saxagliptin 500mg as needed, Ceftazidime 200mg three times daily.","['Piperazine', 'Saxagliptin', 'Ceftazidime']",1,1,therapeutic efficacy,"patient: 75m. drugs: piperazine 50mg after meals, saxagliptin 500mg as needed, ceftazidime 200mg three times daily.","['patient', '75', 'm.', 'drugs', 'piperazine', '50', 'mg', 'meals', 'saxagliptin', '500', 'mg', 'needed', 'ceftazidime', '200', 'mg', 'times', 'daily']",17,"['Saxagliptin', 'Ceftazidime', 'Piperazine']"
"Patient: 55F. Drugs: Avatrombopag 500mg once daily, Difluocortolone.","['Avatrombopag', 'Difluocortolone']",0,0,none,"patient: 55f. drugs: avatrombopag 500mg once daily, difluocortolone.","['patient', '55f', 'drugs', 'avatrombopag', '500', 'mg', 'daily', 'difluocortolone']",8,"['Difluocortolone', 'Avatrombopag']"
"Patient: 58M. Drugs: Sulpiride 25mg as needed, Sumatriptan 500mg after meals.","['Sulpiride', 'Sumatriptan']",1,3,risk or severity of adverse effects,"patient: 58m. drugs: sulpiride 25mg as needed, sumatriptan 500mg after meals.","['patient', '58', 'm.', 'drugs', 'sulpiride', '25', 'mg', 'needed', 'sumatriptan', '500', 'mg', 'meals']",12,"['Sumatriptan', 'Sulpiride']"
"Patient: 68M. Drugs: Rilpivirine 100mg twice daily, Eliglustat 50mg twice daily, Isoflurane 75mg once daily.","['Rilpivirine', 'Eliglustat', 'Isoflurane']",1,2,QTc-prolonging activities,"patient: 68m. drugs: rilpivirine 100mg twice daily, eliglustat 50mg twice daily, isoflurane 75mg once daily.","['patient', '68', 'm.', 'drugs', 'rilpivirine', '100', 'mg', 'twice', 'daily', 'eliglustat', '50', 'mg', 'twice', 'daily', 'isoflurane', '75', 'mg', 'daily']",18,"['Rilpivirine', 'Eliglustat', 'Isoflurane']"
"Patient: 30M. Drugs: Cyclosporine 500mg three times daily, Sucralfate, Melperone.","['Cyclosporine', 'Sucralfate', 'Melperone']",1,1,absorption,"patient: 30m. drugs: cyclosporine 500mg three times daily, sucralfate, melperone.","['patient', '30', 'm.', 'drugs', 'cyclosporine', '500', 'mg', 'times', 'daily', 'sucralfate', 'melperone']",11,"['Melperone', 'Cyclosporine', 'Sucralfate']"
"Patient: 62M. Drugs: Gadoxetic acid 200mg every 8 hours, Theophylline, Milrinone, Quinacrine 25mg twice daily.","['Gadoxetic acid', 'Theophylline', 'Milrinone', 'Quinacrine']",0,0,none,"patient: 62m. drugs: gadoxetic acid 200mg every 8 hours, theophylline, milrinone, quinacrine 25mg twice daily.","['patient', '62', 'm.', 'drugs', 'gadoxetic', 'acid', '200', 'mg', '8', 'hours', 'theophylline', 'milrinone', 'quinacrine', '25', 'mg', 'twice', 'daily']",17,"['Gadoxetic acid', 'Milrinone', 'Quinacrine', 'Theophylline']"
"Patient: 52M. Drugs: Olsalazine 75mg every 6 hours, Alprenolol 100mg once daily, Acetaminophen, Memantine 50mg every 12 hours.","['Olsalazine', 'Alprenolol', 'Acetaminophen', 'Memantine']",1,3,risk or severity of adverse effects,"patient: 52m. drugs: olsalazine 75mg every 6 hours, alprenolol 100mg once daily, acetaminophen, memantine 50mg every 12 hours.","['patient', '52', 'm.', 'drugs', 'olsalazine', '75', 'mg', '6', 'hours', 'alprenolol', '100', 'mg', 'daily', 'acetaminophen', 'memantine', '50', 'mg', '12', 'hours']",19,"['Memantine', 'Olsalazine', 'Alprenolol', 'Acetaminophen']"
"Patient: 30M. Drugs: Bazedoxifene, Nepafenac 25mg every 6 hours, Thiosulfuric acid.","['Bazedoxifene', 'Nepafenac', 'Thiosulfuric acid']",1,2,thrombogenic activities,"patient: 30m. drugs: bazedoxifene, nepafenac 25mg every 6 hours, thiosulfuric acid.","['patient', '30', 'm.', 'drugs', 'bazedoxifene', 'nepafenac', '25', 'mg', '6', 'hours', 'thiosulfuric', 'acid']",12,"['Bazedoxifene', 'Thiosulfuric acid', 'Nepafenac']"
"Patient: 25F. Drugs: Clemastine 25mg before meals, Nilotinib 25mg twice daily.","['Clemastine', 'Nilotinib']",1,2,metabolism,"patient: 25f. drugs: clemastine 25mg before meals, nilotinib 25mg twice daily.","['patient', '25f', 'drugs', 'clemastine', '25', 'mg', 'meals', 'nilotinib', '25', 'mg', 'twice', 'daily']",12,"['Nilotinib', 'Clemastine']"
"Patient: 40M. Drugs: Gemeprost 100mg once daily, Hydrocodone 200mg after meals, Romidepsin, Diflunisal 25mg every 8 hours.","['Gemeprost', 'Hydrocodone', 'Romidepsin', 'Diflunisal']",1,1,therapeutic efficacy,"patient: 40m. drugs: gemeprost 100mg once daily, hydrocodone 200mg after meals, romidepsin, diflunisal 25mg every 8 hours.","['patient', '40', 'm.', 'drugs', 'gemeprost', '100', 'mg', 'daily', 'hydrocodone', '200', 'mg', 'meals', 'romidepsin', 'diflunisal', '25', 'mg', '8', 'hours']",18,"['Hydrocodone', 'Romidepsin', 'Gemeprost', 'Diflunisal']"
"Patient: 48F. Drugs: Indapamide 200mg before meals, Paliperidone 75mg before meals, Rilmenidine.","['Indapamide', 'Paliperidone', 'Rilmenidine']",1,2,QTc-prolonging activities,"patient: 48f. drugs: indapamide 200mg before meals, paliperidone 75mg before meals, rilmenidine.","['patient', '48f', 'drugs', 'indapamide', '200', 'mg', 'meals', 'paliperidone', '75', 'mg', 'meals', 'rilmenidine']",12,"['Rilmenidine', 'Paliperidone', 'Indapamide']"
"Patient: 58M. Drugs: Nimesulide 50mg twice daily, Artemether.","['Nimesulide', 'Artemether']",1,1,therapeutic efficacy,"patient: 58m. drugs: nimesulide 50mg twice daily, artemether.","['patient', '58', 'm.', 'drugs', 'nimesulide', '50', 'mg', 'twice', 'daily', 'artemether']",10,"['Nimesulide', 'Artemether']"
"Patient: 62M. Drugs: Fluconazole, Chlorzoxazone, Halofantrine 25mg after meals.","['Fluconazole', 'Chlorzoxazone', 'Halofantrine']",1,2,metabolism,"patient: 62m. drugs: fluconazole, chlorzoxazone, halofantrine 25mg after meals.","['patient', '62', 'm.', 'drugs', 'fluconazole', 'chlorzoxazone', 'halofantrine', '25', 'mg', 'meals']",10,"['Fluconazole', 'Chlorzoxazone', 'Halofantrine']"
"Patient: 70F. Drugs: Pomalidomide 500mg every 12 hours, Pramocaine 500mg every 12 hours.","['Pomalidomide', 'Pramocaine']",1,3,risk or severity of adverse effects,"patient: 70f. drugs: pomalidomide 500mg every 12 hours, pramocaine 500mg every 12 hours.","['patient', '70f', 'drugs', 'pomalidomide', '500', 'mg', '12', 'hours', 'pramocaine', '500', 'mg', '12', 'hours']",13,"['Pramocaine', 'Pomalidomide']"
"Patient: 45F. Drugs: Indapamide, Leflunomide 500mg every 8 hours.","['Indapamide', 'Leflunomide']",1,1,therapeutic efficacy,"patient: 45f. drugs: indapamide, leflunomide 500mg every 8 hours.","['patient', '45f', 'drugs', 'indapamide', 'leflunomide', '500', 'mg', '8', 'hours']",9,"['Leflunomide', 'Indapamide']"
"Patient: 68M. Drugs: Delavirdine 50mg twice daily, Epinastine 25mg once daily.","['Delavirdine', 'Epinastine']",1,1,absorption,"patient: 68m. drugs: delavirdine 50mg twice daily, epinastine 25mg once daily.","['patient', '68', 'm.', 'drugs', 'delavirdine', '50', 'mg', 'twice', 'daily', 'epinastine', '25', 'mg', 'daily']",13,"['Epinastine', 'Delavirdine']"
"Patient: 33M. Drugs: Phenprocoumon 200mg before meals, Ceritinib 500mg every 6 hours.","['Phenprocoumon', 'Ceritinib']",1,2,serum concentration,"patient: 33m. drugs: phenprocoumon 200mg before meals, ceritinib 500mg every 6 hours.","['patient', '33', 'm.', 'drugs', 'phenprocoumon', '200', 'mg', 'meals', 'ceritinib', '500', 'mg', '6', 'hours']",13,"['Ceritinib', 'Phenprocoumon']"
"Patient: 35F. Drugs: Diltiazem, Tolnaftate 50mg every 8 hours.","['Diltiazem', 'Tolnaftate']",1,1,therapeutic efficacy,"patient: 35f. drugs: diltiazem, tolnaftate 50mg every 8 hours.","['patient', '35f', 'drugs', 'diltiazem', 'tolnaftate', '50', 'mg', '8', 'hours']",9,"['Diltiazem', 'Tolnaftate']"
"Patient: 75M. Drugs: Isoetarine, Procarbazine 75mg three times daily.","['Isoetarine', 'Procarbazine']",1,3,risk or severity of adverse effects,"patient: 75m. drugs: isoetarine, procarbazine 75mg three times daily.","['patient', '75', 'm.', 'drugs', 'isoetarine', 'procarbazine', '75', 'mg', 'times', 'daily']",10,"['Procarbazine', 'Isoetarine']"
"Patient: 68M. Drugs: Bacitracin 50mg every 8 hours, Regadenoson 50mg every 8 hours, Sofosbuvir 200mg every 12 hours, Carbocisteine.","['Bacitracin', 'Regadenoson', 'Sofosbuvir', 'Carbocisteine']",0,0,none,"patient: 68m. drugs: bacitracin 50mg every 8 hours, regadenoson 50mg every 8 hours, sofosbuvir 200mg every 12 hours, carbocisteine.","['patient', '68', 'm.', 'drugs', 'bacitracin', '50', 'mg', '8', 'hours', 'regadenoson', '50', 'mg', '8', 'hours', 'sofosbuvir', '200', 'mg', '12', 'hours', 'carbocisteine']",20,"['Bacitracin', 'Sofosbuvir', 'Regadenoson', 'Carbocisteine']"
"Patient: 52M. Drugs: Olmesartan 500mg every 6 hours, Levobunolol 200mg every 8 hours.","['Olmesartan', 'Levobunolol']",1,3,risk or severity of adverse effects,"patient: 52m. drugs: olmesartan 500mg every 6 hours, levobunolol 200mg every 8 hours.","['patient', '52', 'm.', 'drugs', 'olmesartan', '500', 'mg', '6', 'hours', 'levobunolol', '200', 'mg', '8', 'hours']",14,"['Levobunolol', 'Olmesartan']"
"Patient: 60F. Drugs: Hydrochlorothiazide 75mg once daily, Elvitegravir.","['Hydrochlorothiazide', 'Elvitegravir']",0,0,none,"patient: 60f. drugs: hydrochlorothiazide 75mg once daily, elvitegravir.","['patient', '60f', 'drugs', 'hydrochlorothiazide', '75', 'mg', 'daily', 'elvitegravir']",8,"['Hydrochlorothiazide', 'Elvitegravir']"
"Patient: 45F. Drugs: Escitalopram 500mg as needed, Lumefantrine, Levomenol 100mg three times daily.","['Escitalopram', 'Lumefantrine', 'Levomenol']",1,3,risk or severity of QTc prolongation,"patient: 45f. drugs: escitalopram 500mg as needed, lumefantrine, levomenol 100mg three times daily.","['patient', '45f', 'drugs', 'escitalopram', '500', 'mg', 'needed', 'lumefantrine', 'levomenol', '100', 'mg', 'times', 'daily']",13,"['Lumefantrine', 'Escitalopram', 'Levomenol']"
"Patient: 55F. Drugs: Tropisetron 200mg three times daily, Semaglutide 100mg three times daily, Progesterone 500mg as needed.","['Tropisetron', 'Semaglutide', 'Progesterone']",0,0,none,"patient: 55f. drugs: tropisetron 200mg three times daily, semaglutide 100mg three times daily, progesterone 500mg as needed.","['patient', '55f', 'drugs', 'tropisetron', '200', 'mg', 'times', 'daily', 'semaglutide', '100', 'mg', 'times', 'daily', 'progesterone', '500', 'mg', 'needed']",17,"['Progesterone', 'Tropisetron', 'Semaglutide']"
"Patient: 48F. Drugs: Nalbuphine 500mg three times daily, Diclofenamide 75mg as needed.","['Nalbuphine', 'Diclofenamide']",0,0,none,"patient: 48f. drugs: nalbuphine 500mg three times daily, diclofenamide 75mg as needed.","['patient', '48f', 'drugs', 'nalbuphine', '500', 'mg', 'times', 'daily', 'diclofenamide', '75', 'mg', 'needed']",12,"['Diclofenamide', 'Nalbuphine']"
"Patient: 28F. Drugs: Masoprocol, Talniflumate.","['Masoprocol', 'Talniflumate']",1,3,risk or severity of adverse effects,"patient: 28f. drugs: masoprocol, talniflumate.","['patient', '28f', 'drugs', 'masoprocol', 'talniflumate']",5,"['Masoprocol', 'Talniflumate']"
"Patient: 58M. Drugs: Fexofenadine 75mg as needed, Apalutamide 500mg before meals.","['Fexofenadine', 'Apalutamide']",1,2,serum concentration,"patient: 58m. drugs: fexofenadine 75mg as needed, apalutamide 500mg before meals.","['patient', '58', 'm.', 'drugs', 'fexofenadine', '75', 'mg', 'needed', 'apalutamide', '500', 'mg', 'meals']",12,"['Apalutamide', 'Fexofenadine']"
"Patient: 35F. Drugs: Potassium bicarbonate 75mg every 6 hours, Erythrityl Tetranitrate 100mg three times daily.","['Potassium bicarbonate', 'Erythrityl Tetranitrate']",0,0,none,"patient: 35f. drugs: potassium bicarbonate 75mg every 6 hours, erythrityl tetranitrate 100mg three times daily.","['patient', '35f', 'drugs', 'potassium', 'bicarbonate', '75', 'mg', '6', 'hours', 'erythrityl', 'tetranitrate', '100', 'mg', 'times', 'daily']",15,"['Erythrityl Tetranitrate', 'Potassium bicarbonate']"
"Patient: 48F. Drugs: Vismodegib, Riboflavin 75mg twice daily, Pentolinium 50mg twice daily.","['Vismodegib', 'Riboflavin', 'Pentolinium']",0,0,none,"patient: 48f. drugs: vismodegib, riboflavin 75mg twice daily, pentolinium 50mg twice daily.","['patient', '48f', 'drugs', 'vismodegib', 'riboflavin', '75', 'mg', 'twice', 'daily', 'pentolinium', '50', 'mg', 'twice', 'daily']",14,"['Pentolinium', 'Riboflavin', 'Vismodegib']"
"Patient: 40M. Drugs: Nicotine 100mg as needed, Carbamazepine.","['Nicotine', 'Carbamazepine']",1,2,metabolism,"patient: 40m. drugs: nicotine 100mg as needed, carbamazepine.","['patient', '40', 'm.', 'drugs', 'nicotine', '100', 'mg', 'needed', 'carbamazepine']",9,"['Carbamazepine', 'Nicotine']"
"Patient: 40M. Drugs: Clobazam, Ethosuximide 500mg twice daily, Methohexital 50mg twice daily.","['Clobazam', 'Ethosuximide', 'Methohexital']",1,3,risk or severity of adverse effects,"patient: 40m. drugs: clobazam, ethosuximide 500mg twice daily, methohexital 50mg twice daily.","['patient', '40', 'm.', 'drugs', 'clobazam', 'ethosuximide', '500', 'mg', 'twice', 'daily', 'methohexital', '50', 'mg', 'twice', 'daily']",15,"['Clobazam', 'Ethosuximide', 'Methohexital']"
"Patient: 40M. Drugs: Clobazam, Ethosuximide 500mg twice daily, Methohexital 50mg twice daily.","['Clobazam', 'Ethosuximide', 'Methohexital']",1,3,risk or severity of adverse effects,"patient: 40m. drugs: clobazam, ethosuximide 500mg twice daily, methohexital 50mg twice daily.","['patient', '40', 'm.', 'drugs', 'clobazam', 'ethosuximide', '500', 'mg', 'twice', 'daily', 'methohexital', '50', 'mg', 'twice', 'daily']",15,"['Clobazam', 'Ethosuximide', 'Methohexital']"
"Patient: 48F. Drugs: Clonidine 25mg three times daily, Flupentixol.","['Clonidine', 'Flupentixol']",1,3,risk or severity of adverse effects,"patient: 48f. drugs: clonidine 25mg three times daily, flupentixol.","['patient', '48f', 'drugs', 'clonidine', '25', 'mg', 'times', 'daily', 'flupentixol']",9,"['Clonidine', 'Flupentixol']"
"Patient: 45F. Drugs: Chloroprocaine 500mg before meals, Dantrolene 50mg every 12 hours.","['Chloroprocaine', 'Dantrolene']",1,3,risk or severity of adverse effects,"patient: 45f. drugs: chloroprocaine 500mg before meals, dantrolene 50mg every 12 hours.","['patient', '45f', 'drugs', 'chloroprocaine', '500', 'mg', 'meals', 'dantrolene', '50', 'mg', '12', 'hours']",12,"['Chloroprocaine', 'Dantrolene']"
"Patient: 58M. Drugs: Arbutamine, Choline C 11 200mg every 6 hours.","['Arbutamine', 'Choline C 11']",0,0,none,"patient: 58m. drugs: arbutamine, choline c 11 200mg every 6 hours.","['patient', '58', 'm.', 'drugs', 'arbutamine', 'choline', 'c', '11', '200', 'mg', '6', 'hours']",12,"['Choline C 11', 'Arbutamine']"
"Patient: 62M. Drugs: Trazodone 50mg every 6 hours, Chlorprothixene 25mg once daily, Trandolapril.","['Trazodone', 'Chlorprothixene', 'Trandolapril']",1,3,risk or severity of adverse effects,"patient: 62m. drugs: trazodone 50mg every 6 hours, chlorprothixene 25mg once daily, trandolapril.","['patient', '62', 'm.', 'drugs', 'trazodone', '50', 'mg', '6', 'hours', 'chlorprothixene', '25', 'mg', 'daily', 'trandolapril']",14,"['Trazodone', 'Chlorprothixene', 'Trandolapril']"
"Patient: 75M. Drugs: Nortriptyline, Etafedrine 200mg every 12 hours, Darifenacin 100mg as needed.","['Nortriptyline', 'Etafedrine', 'Darifenacin']",1,3,risk or severity of adverse effects,"patient: 75m. drugs: nortriptyline, etafedrine 200mg every 12 hours, darifenacin 100mg as needed.","['patient', '75', 'm.', 'drugs', 'nortriptyline', 'etafedrine', '200', 'mg', '12', 'hours', 'darifenacin', '100', 'mg', 'needed']",14,"['Nortriptyline', 'Etafedrine', 'Darifenacin']"
"Patient: 68M. Drugs: Norfloxacin, Bismuth subnitrate 200mg after meals, Abacavir 25mg three times daily.","['Norfloxacin', 'Bismuth subnitrate', 'Abacavir']",1,1,absorption,"patient: 68m. drugs: norfloxacin, bismuth subnitrate 200mg after meals, abacavir 25mg three times daily.","['patient', '68', 'm.', 'drugs', 'norfloxacin', 'bismuth', 'subnitrate', '200', 'mg', 'meals', 'abacavir', '25', 'mg', 'times', 'daily']",15,"['Abacavir', 'Bismuth subnitrate', 'Norfloxacin']"
"Patient: 55F. Drugs: Rosiglitazone 50mg three times daily, Pipotiazine 25mg before meals, Viloxazine 75mg every 8 hours.","['Rosiglitazone', 'Pipotiazine', 'Viloxazine']",1,1,therapeutic efficacy,"patient: 55f. drugs: rosiglitazone 50mg three times daily, pipotiazine 25mg before meals, viloxazine 75mg every 8 hours.","['patient', '55f', 'drugs', 'rosiglitazone', '50', 'mg', 'times', 'daily', 'pipotiazine', '25', 'mg', 'meals', 'viloxazine', '75', 'mg', '8', 'hours']",17,"['Rosiglitazone', 'Viloxazine', 'Pipotiazine']"
"Patient: 25F. Drugs: Olopatadine, Bopindolol 500mg every 12 hours, Ranolazine 25mg after meals.","['Olopatadine', 'Bopindolol', 'Ranolazine']",1,2,antihypertensive activities,"patient: 25f. drugs: olopatadine, bopindolol 500mg every 12 hours, ranolazine 25mg after meals.","['patient', '25f', 'drugs', 'olopatadine', 'bopindolol', '500', 'mg', '12', 'hours', 'ranolazine', '25', 'mg', 'meals']",13,"['Ranolazine', 'Bopindolol', 'Olopatadine']"
"Patient: 52M. Drugs: Piperazine 100mg after meals, Potassium bicarbonate 500mg twice daily.","['Piperazine', 'Potassium bicarbonate']",0,0,none,"patient: 52m. drugs: piperazine 100mg after meals, potassium bicarbonate 500mg twice daily.","['patient', '52', 'm.', 'drugs', 'piperazine', '100', 'mg', 'meals', 'potassium', 'bicarbonate', '500', 'mg', 'twice', 'daily']",14,"['Piperazine', 'Potassium bicarbonate']"
"Patient: 45F. Drugs: Tenofovir disoproxil 500mg every 6 hours, Estradiol cypionate 500mg every 12 hours, Yohimbine 100mg once daily.","['Tenofovir disoproxil', 'Estradiol cypionate', 'Yohimbine']",1,2,metabolism,"patient: 45f. drugs: tenofovir disoproxil 500mg every 6 hours, estradiol cypionate 500mg every 12 hours, yohimbine 100mg once daily.","['patient', '45f', 'drugs', 'tenofovir', 'disoproxil', '500', 'mg', '6', 'hours', 'estradiol', 'cypionate', '500', 'mg', '12', 'hours', 'yohimbine', '100', 'mg', 'daily']",19,"['Estradiol cypionate', 'Yohimbine', 'Tenofovir disoproxil']"
"Patient: 35F. Drugs: Propylthiouracil 200mg twice daily, Lenalidomide 50mg before meals.","['Propylthiouracil', 'Lenalidomide']",0,0,none,"patient: 35f. drugs: propylthiouracil 200mg twice daily, lenalidomide 50mg before meals.","['patient', '35f', 'drugs', 'propylthiouracil', '200', 'mg', 'twice', 'daily', 'lenalidomide', '50', 'mg', 'meals']",12,"['Propylthiouracil', 'Lenalidomide']"
"Patient: 28F. Drugs: Phenytoin 50mg before meals, Hydromorphone 200mg every 6 hours, Fesoterodine 200mg twice daily.","['Phenytoin', 'Hydromorphone', 'Fesoterodine']",1,2,metabolism,"patient: 28f. drugs: phenytoin 50mg before meals, hydromorphone 200mg every 6 hours, fesoterodine 200mg twice daily.","['patient', '28f', 'drugs', 'phenytoin', '50', 'mg', 'meals', 'hydromorphone', '200', 'mg', '6', 'hours', 'fesoterodine', '200', 'mg', 'twice', 'daily']",17,"['Fesoterodine', 'Phenytoin', 'Hydromorphone']"
"Patient: 45F. Drugs: Pioglitazone 50mg before meals, Trazodone 500mg three times daily, Oxcarbazepine 500mg once daily, Isotretinoin.","['Pioglitazone', 'Trazodone', 'Oxcarbazepine', 'Isotretinoin']",0,0,none,"patient: 45f. drugs: pioglitazone 50mg before meals, trazodone 500mg three times daily, oxcarbazepine 500mg once daily, isotretinoin.","['patient', '45f', 'drugs', 'pioglitazone', '50', 'mg', 'meals', 'trazodone', '500', 'mg', 'times', 'daily', 'oxcarbazepine', '500', 'mg', 'daily', 'isotretinoin']",17,"['Isotretinoin', 'Trazodone', 'Pioglitazone', 'Oxcarbazepine']"
"Patient: 48F. Drugs: Moexipril 75mg every 6 hours, Vemurafenib, Testosterone enanthate.","['Moexipril', 'Vemurafenib', 'Testosterone enanthate']",1,2,QTc-prolonging activities,"patient: 48f. drugs: moexipril 75mg every 6 hours, vemurafenib, testosterone enanthate.","['patient', '48f', 'drugs', 'moexipril', '75', 'mg', '6', 'hours', 'vemurafenib', 'testosterone', 'enanthate']",11,"['Vemurafenib', 'Moexipril', 'Testosterone enanthate']"
"Patient: 55F. Drugs: Cyclopentolate 500mg before meals, Benzphetamine 75mg once daily, Methadone 100mg as needed, Dimetindene 50mg after meals.","['Cyclopentolate', 'Benzphetamine', 'Methadone', 'Dimetindene']",1,3,risk or severity of adverse effects,"patient: 55f. drugs: cyclopentolate 500mg before meals, benzphetamine 75mg once daily, methadone 100mg as needed, dimetindene 50mg after meals.","['patient', '55f', 'drugs', 'cyclopentolate', '500', 'mg', 'meals', 'benzphetamine', '75', 'mg', 'daily', 'methadone', '100', 'mg', 'needed', 'dimetindene', '50', 'mg', 'meals']",19,"['Benzphetamine', 'Dimetindene', 'Cyclopentolate', 'Methadone']"
"Patient: 25F. Drugs: Pralatrexate, Alatrofloxacin 100mg three times daily, Azelastine 50mg as needed, Balsalazide 25mg before meals.","['Pralatrexate', 'Alatrofloxacin', 'Azelastine', 'Balsalazide']",1,3,risk or severity of adverse effects,"patient: 25f. drugs: pralatrexate, alatrofloxacin 100mg three times daily, azelastine 50mg as needed, balsalazide 25mg before meals.","['patient', '25f', 'drugs', 'pralatrexate', 'alatrofloxacin', '100', 'mg', 'times', 'daily', 'azelastine', '50', 'mg', 'needed', 'balsalazide', '25', 'mg', 'meals']",17,"['Alatrofloxacin', 'Balsalazide', 'Pralatrexate', 'Azelastine']"
"Patient: 75M. Drugs: Dipivefrin 75mg every 12 hours, Clobetasol propionate 75mg as needed.","['Dipivefrin', 'Clobetasol propionate']",1,3,risk or severity of adverse effects,"patient: 75m. drugs: dipivefrin 75mg every 12 hours, clobetasol propionate 75mg as needed.","['patient', '75', 'm.', 'drugs', 'dipivefrin', '75', 'mg', '12', 'hours', 'clobetasol', 'propionate', '75', 'mg', 'needed']",14,"['Dipivefrin', 'Clobetasol propionate']"
"Patient: 70F. Drugs: Choline, Metocurine Iodide 25mg before meals, Atovaquone 200mg twice daily, Acemetacin 50mg after meals.","['Choline', 'Metocurine Iodide', 'Atovaquone', 'Acemetacin']",0,0,none,"patient: 70f. drugs: choline, metocurine iodide 25mg before meals, atovaquone 200mg twice daily, acemetacin 50mg after meals.","['patient', '70f', 'drugs', 'choline', 'metocurine', 'iodide', '25', 'mg', 'meals', 'atovaquone', '200', 'mg', 'twice', 'daily', 'acemetacin', '50', 'mg', 'meals']",18,"['Acemetacin', 'Metocurine Iodide', 'Choline', 'Atovaquone']"
"Patient: 75M. Drugs: Furosemide, Lumiracoxib 200mg three times daily.","['Furosemide', 'Lumiracoxib']",1,1,therapeutic efficacy,"patient: 75m. drugs: furosemide, lumiracoxib 200mg three times daily.","['patient', '75', 'm.', 'drugs', 'furosemide', 'lumiracoxib', '200', 'mg', 'times', 'daily']",10,"['Lumiracoxib', 'Furosemide']"
"Patient: 60F. Drugs: Prochlorperazine 200mg before meals, Pentazocine 25mg as needed, Praziquantel 75mg after meals.","['Prochlorperazine', 'Pentazocine', 'Praziquantel']",1,3,risk or severity of adverse effects,"patient: 60f. drugs: prochlorperazine 200mg before meals, pentazocine 25mg as needed, praziquantel 75mg after meals.","['patient', '60f', 'drugs', 'prochlorperazine', '200', 'mg', 'meals', 'pentazocine', '25', 'mg', 'needed', 'praziquantel', '75', 'mg', 'meals']",15,"['Prochlorperazine', 'Praziquantel', 'Pentazocine']"
"Patient: 70F. Drugs: Cephalexin 100mg twice daily, Telaprevir 25mg after meals, Benzylpenicilloyl Polylysine 200mg twice daily.","['Cephalexin', 'Telaprevir', 'Benzylpenicilloyl Polylysine']",1,2,metabolism,"patient: 70f. drugs: cephalexin 100mg twice daily, telaprevir 25mg after meals, benzylpenicilloyl polylysine 200mg twice daily.","['patient', '70f', 'drugs', 'cephalexin', '100', 'mg', 'twice', 'daily', 'telaprevir', '25', 'mg', 'meals', 'benzylpenicilloyl', 'polylysine', '200', 'mg', 'twice', 'daily']",18,"['Cephalexin', 'Benzylpenicilloyl Polylysine', 'Telaprevir']"
"Patient: 70F. Drugs: Aminophylline 75mg once daily, Bromocriptine 50mg before meals, Pirbuterol.","['Aminophylline', 'Bromocriptine', 'Pirbuterol']",1,2,hypertensive and vasoconstricting activities,"patient: 70f. drugs: aminophylline 75mg once daily, bromocriptine 50mg before meals, pirbuterol.","['patient', '70f', 'drugs', 'aminophylline', '75', 'mg', 'daily', 'bromocriptine', '50', 'mg', 'meals', 'pirbuterol']",12,"['Pirbuterol', 'Bromocriptine', 'Aminophylline']"
"Patient: 40M. Drugs: Tacrolimus, Pramlintide 500mg every 6 hours.","['Tacrolimus', 'Pramlintide']",1,1,therapeutic efficacy,"patient: 40m. drugs: tacrolimus, pramlintide 500mg every 6 hours.","['patient', '40', 'm.', 'drugs', 'tacrolimus', 'pramlintide', '500', 'mg', '6', 'hours']",10,"['Tacrolimus', 'Pramlintide']"
"Patient: 28F. Drugs: Simvastatin 100mg every 12 hours, Desipramine.","['Simvastatin', 'Desipramine']",1,2,serum concentration,"patient: 28f. drugs: simvastatin 100mg every 12 hours, desipramine.","['patient', '28f', 'drugs', 'simvastatin', '100', 'mg', '12', 'hours', 'desipramine']",9,"['Simvastatin', 'Desipramine']"
"Patient: 30M. Drugs: Levocabastine 200mg three times daily, Stiripentol 50mg after meals.","['Levocabastine', 'Stiripentol']",1,3,risk or severity of adverse effects,"patient: 30m. drugs: levocabastine 200mg three times daily, stiripentol 50mg after meals.","['patient', '30', 'm.', 'drugs', 'levocabastine', '200', 'mg', 'times', 'daily', 'stiripentol', '50', 'mg', 'meals']",13,"['Stiripentol', 'Levocabastine']"
"Patient: 48F. Drugs: Sulfamethizole 50mg after meals, Sulfasalazine 25mg every 12 hours, Zinc oxide 25mg as needed.","['Sulfamethizole', 'Sulfasalazine', 'Zinc oxide']",0,0,none,"patient: 48f. drugs: sulfamethizole 50mg after meals, sulfasalazine 25mg every 12 hours, zinc oxide 25mg as needed.","['patient', '48f', 'drugs', 'sulfamethizole', '50', 'mg', 'meals', 'sulfasalazine', '25', 'mg', '12', 'hours', 'zinc', 'oxide', '25', 'mg', 'needed']",17,"['Zinc oxide', 'Sulfamethizole', 'Sulfasalazine']"
"Patient: 30M. Drugs: Pregabalin 25mg every 8 hours, Tetrabenazine 200mg every 6 hours.","['Pregabalin', 'Tetrabenazine']",1,1,therapeutic efficacy,"patient: 30m. drugs: pregabalin 25mg every 8 hours, tetrabenazine 200mg every 6 hours.","['patient', '30', 'm.', 'drugs', 'pregabalin', '25', 'mg', '8', 'hours', 'tetrabenazine', '200', 'mg', '6', 'hours']",14,"['Tetrabenazine', 'Pregabalin']"
"Patient: 45F. Drugs: Indapamide, Leflunomide 500mg every 8 hours.","['Indapamide', 'Leflunomide']",1,1,therapeutic efficacy,"patient: 45f. drugs: indapamide, leflunomide 500mg every 8 hours.","['patient', '45f', 'drugs', 'indapamide', 'leflunomide', '500', 'mg', '8', 'hours']",9,"['Leflunomide', 'Indapamide']"
"Patient: 33M. Drugs: Ozenoxacin 75mg three times daily, Ospemifene, Cannabidiol 25mg every 6 hours, Tofisopam.","['Ozenoxacin', 'Ospemifene', 'Cannabidiol', 'Tofisopam']",0,0,none,"patient: 33m. drugs: ozenoxacin 75mg three times daily, ospemifene, cannabidiol 25mg every 6 hours, tofisopam.","['patient', '33', 'm.', 'drugs', 'ozenoxacin', '75', 'mg', 'times', 'daily', 'ospemifene', 'cannabidiol', '25', 'mg', '6', 'hours', 'tofisopam']",16,"['Ozenoxacin', 'Cannabidiol', 'Tofisopam', 'Ospemifene']"
"Patient: 62M. Drugs: Nitrofurantoin, Canrenoic acid.","['Nitrofurantoin', 'Canrenoic acid']",0,0,none,"patient: 62m. drugs: nitrofurantoin, canrenoic acid.","['patient', '62', 'm.', 'drugs', 'nitrofurantoin', 'canrenoic', 'acid']",7,"['Nitrofurantoin', 'Canrenoic acid']"
"Patient: 25F. Drugs: Rifampicin 50mg every 6 hours, Dacarbazine 200mg once daily.","['Rifampicin', 'Dacarbazine']",0,0,none,"patient: 25f. drugs: rifampicin 50mg every 6 hours, dacarbazine 200mg once daily.","['patient', '25f', 'drugs', 'rifampicin', '50', 'mg', '6', 'hours', 'dacarbazine', '200', 'mg', 'daily']",12,"['Rifampicin', 'Dacarbazine']"
"Patient: 68M. Drugs: Delavirdine 50mg twice daily, Epinastine 25mg once daily.","['Delavirdine', 'Epinastine']",1,1,absorption,"patient: 68m. drugs: delavirdine 50mg twice daily, epinastine 25mg once daily.","['patient', '68', 'm.', 'drugs', 'delavirdine', '50', 'mg', 'twice', 'daily', 'epinastine', '25', 'mg', 'daily']",13,"['Epinastine', 'Delavirdine']"
"Patient: 75M. Drugs: Ergonovine 25mg once daily, Nicotinamide 50mg before meals, Fluticasone.","['Ergonovine', 'Nicotinamide', 'Fluticasone']",1,3,risk or severity of adverse effects,"patient: 75m. drugs: ergonovine 25mg once daily, nicotinamide 50mg before meals, fluticasone.","['patient', '75', 'm.', 'drugs', 'ergonovine', '25', 'mg', 'daily', 'nicotinamide', '50', 'mg', 'meals', 'fluticasone']",13,"['Ergonovine', 'Nicotinamide', 'Fluticasone']"
"Patient: 25F. Drugs: Latamoxef, Tinidazole 100mg after meals.","['Latamoxef', 'Tinidazole']",0,0,none,"patient: 25f. drugs: latamoxef, tinidazole 100mg after meals.","['patient', '25f', 'drugs', 'latamoxef', 'tinidazole', '100', 'mg', 'meals']",8,"['Latamoxef', 'Tinidazole']"
"Patient: 25F. Drugs: Oxymorphone 200mg three times daily, Gabapentin Enacarbil.","['Oxymorphone', 'Gabapentin Enacarbil']",1,3,risk or severity of adverse effects,"patient: 25f. drugs: oxymorphone 200mg three times daily, gabapentin enacarbil.","['patient', '25f', 'drugs', 'oxymorphone', '200', 'mg', 'times', 'daily', 'gabapentin', 'enacarbil']",10,"['Gabapentin Enacarbil', 'Oxymorphone']"
"Patient: 30M. Drugs: Etidocaine, Perazine 200mg every 6 hours, Phenylbutazone 75mg twice daily.","['Etidocaine', 'Perazine', 'Phenylbutazone']",1,3,risk or severity of adverse effects,"patient: 30m. drugs: etidocaine, perazine 200mg every 6 hours, phenylbutazone 75mg twice daily.","['patient', '30', 'm.', 'drugs', 'etidocaine', 'perazine', '200', 'mg', '6', 'hours', 'phenylbutazone', '75', 'mg', 'twice', 'daily']",15,"['Perazine', 'Phenylbutazone', 'Etidocaine']"
"Patient: 58M. Drugs: Vancomycin 200mg twice daily, Dronedarone 100mg before meals, Procainamide 500mg every 8 hours, Methionine 500mg twice daily.","['Vancomycin', 'Dronedarone', 'Procainamide', 'Methionine']",1,3,risk or severity of QTc prolongation,"patient: 58m. drugs: vancomycin 200mg twice daily, dronedarone 100mg before meals, procainamide 500mg every 8 hours, methionine 500mg twice daily.","['patient', '58', 'm.', 'drugs', 'vancomycin', '200', 'mg', 'twice', 'daily', 'dronedarone', '100', 'mg', 'meals', 'procainamide', '500', 'mg', '8', 'hours', 'methionine', '500', 'mg', 'twice', 'daily']",23,"['Vancomycin', 'Dronedarone', 'Procainamide', 'Methionine']"
"Patient: 33M. Drugs: Carboprost Tromethamine, Encainide 500mg twice daily.","['Carboprost Tromethamine', 'Encainide']",0,0,none,"patient: 33m. drugs: carboprost tromethamine, encainide 500mg twice daily.","['patient', '33', 'm.', 'drugs', 'carboprost', 'tromethamine', 'encainide', '500', 'mg', 'twice', 'daily']",11,"['Encainide', 'Carboprost Tromethamine']"
"Patient: 55F. Drugs: Flunarizine 100mg once daily, Calcium glubionate.","['Flunarizine', 'Calcium glubionate']",1,1,therapeutic efficacy,"patient: 55f. drugs: flunarizine 100mg once daily, calcium glubionate.","['patient', '55f', 'drugs', 'flunarizine', '100', 'mg', 'daily', 'calcium', 'glubionate']",9,"['Calcium glubionate', 'Flunarizine']"
"Patient: 62M. Drugs: Lisdexamfetamine, Demeclocycline 75mg as needed, Quinapril 100mg as needed.","['Lisdexamfetamine', 'Demeclocycline', 'Quinapril']",1,1,absorption,"patient: 62m. drugs: lisdexamfetamine, demeclocycline 75mg as needed, quinapril 100mg as needed.","['patient', '62', 'm.', 'drugs', 'lisdexamfetamine', 'demeclocycline', '75', 'mg', 'needed', 'quinapril', '100', 'mg', 'needed']",13,"['Lisdexamfetamine', 'Demeclocycline', 'Quinapril']"
"Patient: 55F. Drugs: Clidinium, Aceprometazine 50mg every 6 hours, Nitrofural.","['Clidinium', 'Aceprometazine', 'Nitrofural']",1,3,risk or severity of adverse effects,"patient: 55f. drugs: clidinium, aceprometazine 50mg every 6 hours, nitrofural.","['patient', '55f', 'drugs', 'clidinium', 'aceprometazine', '50', 'mg', '6', 'hours', 'nitrofural']",10,"['Clidinium', 'Aceprometazine', 'Nitrofural']"
"Patient: 33M. Drugs: Magnesium oxide 500mg twice daily, Cefmetazole 75mg twice daily.","['Magnesium oxide', 'Cefmetazole']",0,0,none,"patient: 33m. drugs: magnesium oxide 500mg twice daily, cefmetazole 75mg twice daily.","['patient', '33', 'm.', 'drugs', 'magnesium', 'oxide', '500', 'mg', 'twice', 'daily', 'cefmetazole', '75', 'mg', 'twice', 'daily']",15,"['Cefmetazole', 'Magnesium oxide']"
"Patient: 25F. Drugs: Carisoprodol 200mg every 8 hours, Propericiazine 500mg three times daily.","['Carisoprodol', 'Propericiazine']",0,0,none,"patient: 25f. drugs: carisoprodol 200mg every 8 hours, propericiazine 500mg three times daily.","['patient', '25f', 'drugs', 'carisoprodol', '200', 'mg', '8', 'hours', 'propericiazine', '500', 'mg', 'times', 'daily']",13,"['Propericiazine', 'Carisoprodol']"
"Patient: 62M. Drugs: Butoconazole, Iron 50mg before meals, Bismuth Subsalicylate 25mg once daily, Practolol 75mg once daily.","['Butoconazole', 'Iron', 'Bismuth Subsalicylate', 'Practolol']",0,0,none,"patient: 62m. drugs: butoconazole, iron 50mg before meals, bismuth subsalicylate 25mg once daily, practolol 75mg once daily.","['patient', '62', 'm.', 'drugs', 'butoconazole', 'iron', '50', 'mg', 'meals', 'bismuth', 'subsalicylate', '25', 'mg', 'daily', 'practolol', '75', 'mg', 'daily']",18,"['Practolol', 'Butoconazole', 'Bismuth Subsalicylate', 'Iron']"
"Patient: 52M. Drugs: Metoprolol, Trifluoperazine 75mg twice daily.","['Metoprolol', 'Trifluoperazine']",1,2,orthostatic hypotensive activities,"patient: 52m. drugs: metoprolol, trifluoperazine 75mg twice daily.","['patient', '52', 'm.', 'drugs', 'metoprolol', 'trifluoperazine', '75', 'mg', 'twice', 'daily']",10,"['Trifluoperazine', 'Metoprolol']"
"Patient: 68M. Drugs: Norfloxacin, Bismuth subnitrate 200mg after meals, Abacavir 25mg three times daily.","['Norfloxacin', 'Bismuth subnitrate', 'Abacavir']",1,1,absorption,"patient: 68m. drugs: norfloxacin, bismuth subnitrate 200mg after meals, abacavir 25mg three times daily.","['patient', '68', 'm.', 'drugs', 'norfloxacin', 'bismuth', 'subnitrate', '200', 'mg', 'meals', 'abacavir', '25', 'mg', 'times', 'daily']",15,"['Abacavir', 'Bismuth subnitrate', 'Norfloxacin']"
"Patient: 28F. Drugs: Indinavir 75mg before meals, Dapagliflozin, Efavirenz.","['Indinavir', 'Dapagliflozin', 'Efavirenz']",1,2,metabolism,"patient: 28f. drugs: indinavir 75mg before meals, dapagliflozin, efavirenz.","['patient', '28f', 'drugs', 'indinavir', '75', 'mg', 'meals', 'dapagliflozin', 'efavirenz']",9,"['Efavirenz', 'Indinavir', 'Dapagliflozin']"
"Patient: 75M. Drugs: Clotrimazole, Cyclobenzaprine 25mg every 12 hours, Itraconazole 25mg once daily, Fospropofol 200mg every 12 hours.","['Clotrimazole', 'Cyclobenzaprine', 'Itraconazole', 'Fospropofol']",1,3,risk or severity of adverse effects,"patient: 75m. drugs: clotrimazole, cyclobenzaprine 25mg every 12 hours, itraconazole 25mg once daily, fospropofol 200mg every 12 hours.","['patient', '75', 'm.', 'drugs', 'clotrimazole', 'cyclobenzaprine', '25', 'mg', '12', 'hours', 'itraconazole', '25', 'mg', 'daily', 'fospropofol', '200', 'mg', '12', 'hours']",19,"['Cyclobenzaprine', 'Itraconazole', 'Fospropofol', 'Clotrimazole']"
"Patient: 55F. Drugs: Sulfamethazine, Dicoumarol, Meropenem 500mg three times daily, Calcitriol 25mg every 8 hours.","['Sulfamethazine', 'Dicoumarol', 'Meropenem', 'Calcitriol']",0,0,none,"patient: 55f. drugs: sulfamethazine, dicoumarol, meropenem 500mg three times daily, calcitriol 25mg every 8 hours.","['patient', '55f', 'drugs', 'sulfamethazine', 'dicoumarol', 'meropenem', '500', 'mg', 'times', 'daily', 'calcitriol', '25', 'mg', '8', 'hours']",15,"['Meropenem', 'Calcitriol', 'Dicoumarol', 'Sulfamethazine']"
"Patient: 62M. Drugs: Gallium nitrate, Tadalafil 50mg twice daily, Dipyridamole 75mg twice daily, Mestranol 75mg three times daily.","['Gallium nitrate', 'Tadalafil', 'Dipyridamole', 'Mestranol']",1,3,risk or severity of adverse effects,"patient: 62m. drugs: gallium nitrate, tadalafil 50mg twice daily, dipyridamole 75mg twice daily, mestranol 75mg three times daily.","['patient', '62', 'm.', 'drugs', 'gallium', 'nitrate', 'tadalafil', '50', 'mg', 'twice', 'daily', 'dipyridamole', '75', 'mg', 'twice', 'daily', 'mestranol', '75', 'mg', 'times', 'daily']",21,"['Tadalafil', 'Dipyridamole', 'Gallium nitrate', 'Mestranol']"
"Patient: 45F. Drugs: Bupivacaine 100mg every 6 hours, Secobarbital.","['Bupivacaine', 'Secobarbital']",1,3,risk or severity of adverse effects,"patient: 45f. drugs: bupivacaine 100mg every 6 hours, secobarbital.","['patient', '45f', 'drugs', 'bupivacaine', '100', 'mg', '6', 'hours', 'secobarbital']",9,"['Bupivacaine', 'Secobarbital']"
"Patient: 60F. Drugs: Moexipril 100mg every 12 hours, Acetylsalicylic acid, Sevoflurane.","['Moexipril', 'Acetylsalicylic acid', 'Sevoflurane']",1,1,therapeutic efficacy,"patient: 60f. drugs: moexipril 100mg every 12 hours, acetylsalicylic acid, sevoflurane.","['patient', '60f', 'drugs', 'moexipril', '100', 'mg', '12', 'hours', 'acetylsalicylic', 'acid', 'sevoflurane']",11,"['Sevoflurane', 'Moexipril', 'Acetylsalicylic acid']"
"Patient: 35F. Drugs: Tramadol 100mg twice daily, Sulpiride 500mg twice daily, Vildagliptin 50mg twice daily.","['Tramadol', 'Sulpiride', 'Vildagliptin']",1,3,risk or severity of adverse effects,"patient: 35f. drugs: tramadol 100mg twice daily, sulpiride 500mg twice daily, vildagliptin 50mg twice daily.","['patient', '35f', 'drugs', 'tramadol', '100', 'mg', 'twice', 'daily', 'sulpiride', '500', 'mg', 'twice', 'daily', 'vildagliptin', '50', 'mg', 'twice', 'daily']",18,"['Vildagliptin', 'Tramadol', 'Sulpiride']"
"Patient: 35F. Drugs: Floctafenine 100mg before meals, Sodium bicarbonate 500mg three times daily, Dydrogesterone 200mg once daily.","['Floctafenine', 'Sodium bicarbonate', 'Dydrogesterone']",0,0,none,"patient: 35f. drugs: floctafenine 100mg before meals, sodium bicarbonate 500mg three times daily, dydrogesterone 200mg once daily.","['patient', '35f', 'drugs', 'floctafenine', '100', 'mg', 'meals', 'sodium', 'bicarbonate', '500', 'mg', 'times', 'daily', 'dydrogesterone', '200', 'mg', 'daily']",17,"['Floctafenine', 'Sodium bicarbonate', 'Dydrogesterone']"
"Patient: 62M. Drugs: Clotrimazole 200mg after meals, Venetoclax 50mg three times daily.","['Clotrimazole', 'Venetoclax']",1,2,metabolism,"patient: 62m. drugs: clotrimazole 200mg after meals, venetoclax 50mg three times daily.","['patient', '62', 'm.', 'drugs', 'clotrimazole', '200', 'mg', 'meals', 'venetoclax', '50', 'mg', 'times', 'daily']",13,"['Venetoclax', 'Clotrimazole']"
"Patient: 52M. Drugs: Halcinonide 500mg every 6 hours, Ceforanide 75mg before meals, Parecoxib 75mg every 6 hours.","['Halcinonide', 'Ceforanide', 'Parecoxib']",1,3,risk or severity of adverse effects,"patient: 52m. drugs: halcinonide 500mg every 6 hours, ceforanide 75mg before meals, parecoxib 75mg every 6 hours.","['patient', '52', 'm.', 'drugs', 'halcinonide', '500', 'mg', '6', 'hours', 'ceforanide', '75', 'mg', 'meals', 'parecoxib', '75', 'mg', '6', 'hours']",18,"['Halcinonide', 'Parecoxib', 'Ceforanide']"
"Patient: 25F. Drugs: Iloperidone 50mg every 6 hours, Lynestrenol 500mg twice daily, Lofexidine.","['Iloperidone', 'Lynestrenol', 'Lofexidine']",1,1,therapeutic efficacy,"patient: 25f. drugs: iloperidone 50mg every 6 hours, lynestrenol 500mg twice daily, lofexidine.","['patient', '25f', 'drugs', 'iloperidone', '50', 'mg', '6', 'hours', 'lynestrenol', '500', 'mg', 'twice', 'daily', 'lofexidine']",14,"['Iloperidone', 'Lynestrenol', 'Lofexidine']"
"Patient: 33M. Drugs: Tetracycline 200mg as needed, Pivmecillinam 500mg every 12 hours.","['Tetracycline', 'Pivmecillinam']",1,1,therapeutic efficacy,"patient: 33m. drugs: tetracycline 200mg as needed, pivmecillinam 500mg every 12 hours.","['patient', '33', 'm.', 'drugs', 'tetracycline', '200', 'mg', 'needed', 'pivmecillinam', '500', 'mg', '12', 'hours']",13,"['Tetracycline', 'Pivmecillinam']"
"Patient: 30M. Drugs: Colistimethate 25mg every 12 hours, Ivabradine 200mg before meals, Carbamazepine 75mg twice daily.","['Colistimethate', 'Ivabradine', 'Carbamazepine']",1,2,serum concentration,"patient: 30m. drugs: colistimethate 25mg every 12 hours, ivabradine 200mg before meals, carbamazepine 75mg twice daily.","['patient', '30', 'm.', 'drugs', 'colistimethate', '25', 'mg', '12', 'hours', 'ivabradine', '200', 'mg', 'meals', 'carbamazepine', '75', 'mg', 'twice', 'daily']",18,"['Carbamazepine', 'Colistimethate', 'Ivabradine']"
"Patient: 25F. Drugs: Tolvaptan 75mg as needed, Aloglutamol 50mg three times daily, Methylphenidate 200mg three times daily, Tiotropium 100mg after meals.","['Tolvaptan', 'Aloglutamol', 'Methylphenidate', 'Tiotropium']",1,1,absorption,"patient: 25f. drugs: tolvaptan 75mg as needed, aloglutamol 50mg three times daily, methylphenidate 200mg three times daily, tiotropium 100mg after meals.","['patient', '25f', 'drugs', 'tolvaptan', '75', 'mg', 'needed', 'aloglutamol', '50', 'mg', 'times', 'daily', 'methylphenidate', '200', 'mg', 'times', 'daily', 'tiotropium', '100', 'mg', 'meals']",21,"['Tolvaptan', 'Methylphenidate', 'Aloglutamol', 'Tiotropium']"
"Patient: 52M. Drugs: Furosemide, Phenformin 75mg every 6 hours.","['Furosemide', 'Phenformin']",1,1,therapeutic efficacy,"patient: 52m. drugs: furosemide, phenformin 75mg every 6 hours.","['patient', '52', 'm.', 'drugs', 'furosemide', 'phenformin', '75', 'mg', '6', 'hours']",10,"['Phenformin', 'Furosemide']"
"Patient: 35F. Drugs: Calcium levulinate, Valganciclovir 200mg every 12 hours, Clofibrate, Spiramycin 200mg every 6 hours.","['Calcium levulinate', 'Valganciclovir', 'Clofibrate', 'Spiramycin']",0,0,none,"patient: 35f. drugs: calcium levulinate, valganciclovir 200mg every 12 hours, clofibrate, spiramycin 200mg every 6 hours.","['patient', '35f', 'drugs', 'calcium', 'levulinate', 'valganciclovir', '200', 'mg', '12', 'hours', 'clofibrate', 'spiramycin', '200', 'mg', '6', 'hours']",16,"['Clofibrate', 'Calcium levulinate', 'Spiramycin', 'Valganciclovir']"
"Patient: 33M. Drugs: Nabumetone 500mg after meals, Rescinnamine 100mg once daily, Cyclobenzaprine 500mg after meals.","['Nabumetone', 'Rescinnamine', 'Cyclobenzaprine']",1,3,risk or severity of adverse effects,"patient: 33m. drugs: nabumetone 500mg after meals, rescinnamine 100mg once daily, cyclobenzaprine 500mg after meals.","['patient', '33', 'm.', 'drugs', 'nabumetone', '500', 'mg', 'meals', 'rescinnamine', '100', 'mg', 'daily', 'cyclobenzaprine', '500', 'mg', 'meals']",16,"['Cyclobenzaprine', 'Rescinnamine', 'Nabumetone']"
"Patient: 52M. Drugs: Gramicidin D 100mg before meals, Meloxicam.","['Gramicidin D', 'Meloxicam']",0,0,none,"patient: 52m. drugs: gramicidin d 100mg before meals, meloxicam.","['patient', '52', 'm.', 'drugs', 'gramicidin', 'd', '100', 'mg', 'meals', 'meloxicam']",10,"['Meloxicam', 'Gramicidin D']"
"Patient: 62M. Drugs: Lycopene 200mg every 6 hours, Nafamostat 50mg twice daily, Clobetasone 50mg every 8 hours.","['Lycopene', 'Nafamostat', 'Clobetasone']",1,3,risk or severity of adverse effects,"patient: 62m. drugs: lycopene 200mg every 6 hours, nafamostat 50mg twice daily, clobetasone 50mg every 8 hours.","['patient', '62', 'm.', 'drugs', 'lycopene', '200', 'mg', '6', 'hours', 'nafamostat', '50', 'mg', 'twice', 'daily', 'clobetasone', '50', 'mg', '8', 'hours']",19,"['Lycopene', 'Nafamostat', 'Clobetasone']"
"Patient: 68M. Drugs: Norfloxacin, Bismuth subnitrate 200mg after meals, Abacavir 25mg three times daily.","['Norfloxacin', 'Bismuth subnitrate', 'Abacavir']",1,1,absorption,"patient: 68m. drugs: norfloxacin, bismuth subnitrate 200mg after meals, abacavir 25mg three times daily.","['patient', '68', 'm.', 'drugs', 'norfloxacin', 'bismuth', 'subnitrate', '200', 'mg', 'meals', 'abacavir', '25', 'mg', 'times', 'daily']",15,"['Abacavir', 'Bismuth subnitrate', 'Norfloxacin']"
"Patient: 60F. Drugs: Hydromorphone 25mg every 8 hours, Lurasidone 25mg every 12 hours.","['Hydromorphone', 'Lurasidone']",1,3,risk or severity of adverse effects,"patient: 60f. drugs: hydromorphone 25mg every 8 hours, lurasidone 25mg every 12 hours.","['patient', '60f', 'drugs', 'hydromorphone', '25', 'mg', '8', 'hours', 'lurasidone', '25', 'mg', '12', 'hours']",13,"['Lurasidone', 'Hydromorphone']"
"Patient: 60F. Drugs: Tapentadol 200mg every 8 hours, Vilazodone 500mg every 6 hours, Theobromine 75mg every 12 hours.","['Tapentadol', 'Vilazodone', 'Theobromine']",1,3,risk or severity of adverse effects,"patient: 60f. drugs: tapentadol 200mg every 8 hours, vilazodone 500mg every 6 hours, theobromine 75mg every 12 hours.","['patient', '60f', 'drugs', 'tapentadol', '200', 'mg', '8', 'hours', 'vilazodone', '500', 'mg', '6', 'hours', 'theobromine', '75', 'mg', '12', 'hours']",18,"['Theobromine', 'Vilazodone', 'Tapentadol']"
"Patient: 48F. Drugs: Toloxatone 75mg as needed, Resveratrol, Brimonidine 75mg every 12 hours, Tiaprofenic acid 200mg after meals.","['Toloxatone', 'Resveratrol', 'Brimonidine', 'Tiaprofenic acid']",1,3,risk or severity of adverse effects,"patient: 48f. drugs: toloxatone 75mg as needed, resveratrol, brimonidine 75mg every 12 hours, tiaprofenic acid 200mg after meals.","['patient', '48f', 'drugs', 'toloxatone', '75', 'mg', 'needed', 'resveratrol', 'brimonidine', '75', 'mg', '12', 'hours', 'tiaprofenic', 'acid', '200', 'mg', 'meals']",18,"['Toloxatone', 'Resveratrol', 'Brimonidine', 'Tiaprofenic acid']"
"Patient: 75M. Drugs: Piperazine 50mg after meals, Saxagliptin 500mg as needed, Ceftazidime 200mg three times daily.","['Piperazine', 'Saxagliptin', 'Ceftazidime']",1,1,therapeutic efficacy,"patient: 75m. drugs: piperazine 50mg after meals, saxagliptin 500mg as needed, ceftazidime 200mg three times daily.","['patient', '75', 'm.', 'drugs', 'piperazine', '50', 'mg', 'meals', 'saxagliptin', '500', 'mg', 'needed', 'ceftazidime', '200', 'mg', 'times', 'daily']",17,"['Saxagliptin', 'Ceftazidime', 'Piperazine']"
"Patient: 55F. Drugs: Tropisetron 200mg three times daily, Semaglutide 100mg three times daily, Progesterone 500mg as needed.","['Tropisetron', 'Semaglutide', 'Progesterone']",0,0,none,"patient: 55f. drugs: tropisetron 200mg three times daily, semaglutide 100mg three times daily, progesterone 500mg as needed.","['patient', '55f', 'drugs', 'tropisetron', '200', 'mg', 'times', 'daily', 'semaglutide', '100', 'mg', 'times', 'daily', 'progesterone', '500', 'mg', 'needed']",17,"['Progesterone', 'Tropisetron', 'Semaglutide']"
"Patient: 52M. Drugs: Fenbufen 50mg every 6 hours, Oxaprozin, Aceclofenac.","['Fenbufen', 'Oxaprozin', 'Aceclofenac']",1,3,risk or severity of adverse effects,"patient: 52m. drugs: fenbufen 50mg every 6 hours, oxaprozin, aceclofenac.","['patient', '52', 'm.', 'drugs', 'fenbufen', '50', 'mg', '6', 'hours', 'oxaprozin', 'aceclofenac']",11,"['Fenbufen', 'Oxaprozin', 'Aceclofenac']"
"Patient: 48F. Drugs: Secobarbital 25mg every 8 hours, Melperone.","['Secobarbital', 'Melperone']",1,3,risk or severity of adverse effects,"patient: 48f. drugs: secobarbital 25mg every 8 hours, melperone.","['patient', '48f', 'drugs', 'secobarbital', '25', 'mg', '8', 'hours', 'melperone']",9,"['Melperone', 'Secobarbital']"
"Patient: 75M. Drugs: Piperazine 50mg after meals, Saxagliptin 500mg as needed, Ceftazidime 200mg three times daily.","['Piperazine', 'Saxagliptin', 'Ceftazidime']",1,1,therapeutic efficacy,"patient: 75m. drugs: piperazine 50mg after meals, saxagliptin 500mg as needed, ceftazidime 200mg three times daily.","['patient', '75', 'm.', 'drugs', 'piperazine', '50', 'mg', 'meals', 'saxagliptin', '500', 'mg', 'needed', 'ceftazidime', '200', 'mg', 'times', 'daily']",17,"['Saxagliptin', 'Ceftazidime', 'Piperazine']"
"Patient: 55F. Drugs: Antipyrine 75mg before meals, Piretanide, Pholcodine 50mg three times daily.","['Antipyrine', 'Piretanide', 'Pholcodine']",1,1,therapeutic efficacy,"patient: 55f. drugs: antipyrine 75mg before meals, piretanide, pholcodine 50mg three times daily.","['patient', '55f', 'drugs', 'antipyrine', '75', 'mg', 'meals', 'piretanide', 'pholcodine', '50', 'mg', 'times', 'daily']",13,"['Antipyrine', 'Piretanide', 'Pholcodine']"
"Patient: 35F. Drugs: Alfentanil 500mg before meals, Desipramine 200mg every 8 hours, Doxercalciferol.","['Alfentanil', 'Desipramine', 'Doxercalciferol']",1,3,risk or severity of adverse effects,"patient: 35f. drugs: alfentanil 500mg before meals, desipramine 200mg every 8 hours, doxercalciferol.","['patient', '35f', 'drugs', 'alfentanil', '500', 'mg', 'meals', 'desipramine', '200', 'mg', '8', 'hours', 'doxercalciferol']",13,"['Alfentanil', 'Desipramine', 'Doxercalciferol']"
"Patient: 45F. Drugs: Sevoflurane 25mg twice daily, Bosutinib 75mg twice daily, Miglustat 100mg every 8 hours.","['Sevoflurane', 'Bosutinib', 'Miglustat']",0,0,none,"patient: 45f. drugs: sevoflurane 25mg twice daily, bosutinib 75mg twice daily, miglustat 100mg every 8 hours.","['patient', '45f', 'drugs', 'sevoflurane', '25', 'mg', 'twice', 'daily', 'bosutinib', '75', 'mg', 'twice', 'daily', 'miglustat', '100', 'mg', '8', 'hours']",18,"['Bosutinib', 'Sevoflurane', 'Miglustat']"
"Patient: 68M. Drugs: Argatroban 25mg every 8 hours, Rosiglitazone 500mg after meals, Ticarcillin 500mg every 12 hours.","['Argatroban', 'Rosiglitazone', 'Ticarcillin']",1,2,anticoagulant activities,"patient: 68m. drugs: argatroban 25mg every 8 hours, rosiglitazone 500mg after meals, ticarcillin 500mg every 12 hours.","['patient', '68', 'm.', 'drugs', 'argatroban', '25', 'mg', '8', 'hours', 'rosiglitazone', '500', 'mg', 'meals', 'ticarcillin', '500', 'mg', '12', 'hours']",18,"['Rosiglitazone', 'Argatroban', 'Ticarcillin']"
"Patient: 30M. Drugs: Losartan 200mg every 12 hours, Perospirone 100mg twice daily, Velpatasvir.","['Losartan', 'Perospirone', 'Velpatasvir']",1,2,metabolism,"patient: 30m. drugs: losartan 200mg every 12 hours, perospirone 100mg twice daily, velpatasvir.","['patient', '30', 'm.', 'drugs', 'losartan', '200', 'mg', '12', 'hours', 'perospirone', '100', 'mg', 'twice', 'daily', 'velpatasvir']",15,"['Losartan', 'Perospirone', 'Velpatasvir']"
"Patient: 70F. Drugs: Naloxone 200mg after meals, Isavuconazonium 25mg once daily.","['Naloxone', 'Isavuconazonium']",1,2,metabolism,"patient: 70f. drugs: naloxone 200mg after meals, isavuconazonium 25mg once daily.","['patient', '70f', 'drugs', 'naloxone', '200', 'mg', 'meals', 'isavuconazonium', '25', 'mg', 'daily']",11,"['Naloxone', 'Isavuconazonium']"
"Patient: 45F. Drugs: Lamotrigine 100mg after meals, Calcium Phosphate 500mg every 12 hours.","['Lamotrigine', 'Calcium Phosphate']",1,1,therapeutic efficacy,"patient: 45f. drugs: lamotrigine 100mg after meals, calcium phosphate 500mg every 12 hours.","['patient', '45f', 'drugs', 'lamotrigine', '100', 'mg', 'meals', 'calcium', 'phosphate', '500', 'mg', '12', 'hours']",13,"['Lamotrigine', 'Calcium Phosphate']"
"Patient: 52M. Drugs: Furosemide, Phenformin 75mg every 6 hours.","['Furosemide', 'Phenformin']",1,1,therapeutic efficacy,"patient: 52m. drugs: furosemide, phenformin 75mg every 6 hours.","['patient', '52', 'm.', 'drugs', 'furosemide', 'phenformin', '75', 'mg', '6', 'hours']",10,"['Phenformin', 'Furosemide']"
"Patient: 68M. Drugs: Tolfenamic Acid, Cyclopenthiazide 75mg after meals, L-Glutamine 200mg every 12 hours.","['Tolfenamic Acid', 'Cyclopenthiazide', 'L-Glutamine']",1,1,therapeutic efficacy,"patient: 68m. drugs: tolfenamic acid, cyclopenthiazide 75mg after meals, lglutamine 200mg every 12 hours.","['patient', '68', 'm.', 'drugs', 'tolfenamic', 'acid', 'cyclopenthiazide', '75', 'mg', 'meals', 'lglutamine', '200', 'mg', '12', 'hours']",15,"['Cyclopenthiazide', 'L-Glutamine', 'Tolfenamic Acid']"
"Patient: 62M. Drugs: Lercanidipine 500mg every 8 hours, Iloperidone 25mg every 8 hours.","['Lercanidipine', 'Iloperidone']",1,3,risk or severity of hypotension,"patient: 62m. drugs: lercanidipine 500mg every 8 hours, iloperidone 25mg every 8 hours.","['patient', '62', 'm.', 'drugs', 'lercanidipine', '500', 'mg', '8', 'hours', 'iloperidone', '25', 'mg', '8', 'hours']",14,"['Iloperidone', 'Lercanidipine']"
"Patient: 30M. Drugs: Pregabalin 25mg every 8 hours, Tetrabenazine 200mg every 6 hours.","['Pregabalin', 'Tetrabenazine']",1,1,therapeutic efficacy,"patient: 30m. drugs: pregabalin 25mg every 8 hours, tetrabenazine 200mg every 6 hours.","['patient', '30', 'm.', 'drugs', 'pregabalin', '25', 'mg', '8', 'hours', 'tetrabenazine', '200', 'mg', '6', 'hours']",14,"['Tetrabenazine', 'Pregabalin']"
"Patient: 60F. Drugs: Moexipril 100mg every 12 hours, Acetylsalicylic acid, Sevoflurane.","['Moexipril', 'Acetylsalicylic acid', 'Sevoflurane']",1,1,therapeutic efficacy,"patient: 60f. drugs: moexipril 100mg every 12 hours, acetylsalicylic acid, sevoflurane.","['patient', '60f', 'drugs', 'moexipril', '100', 'mg', '12', 'hours', 'acetylsalicylic', 'acid', 'sevoflurane']",11,"['Sevoflurane', 'Moexipril', 'Acetylsalicylic acid']"
"Patient: 75M. Drugs: Medroxyprogesterone acetate 500mg three times daily, Ifenprodil 25mg before meals, Estradiol cypionate 100mg twice daily, Naproxen 50mg every 6 hours.","['Medroxyprogesterone acetate', 'Ifenprodil', 'Estradiol cypionate', 'Naproxen']",1,2,thrombogenic activities,"patient: 75m. drugs: medroxyprogesterone acetate 500mg three times daily, ifenprodil 25mg before meals, estradiol cypionate 100mg twice daily, naproxen 50mg every 6 hours.","['patient', '75', 'm.', 'drugs', 'medroxyprogesterone', 'acetate', '500', 'mg', 'times', 'daily', 'ifenprodil', '25', 'mg', 'meals', 'estradiol', 'cypionate', '100', 'mg', 'twice', 'daily', 'naproxen', '50', 'mg', '6', 'hours']",25,"['Estradiol cypionate', 'Ifenprodil', 'Naproxen', 'Medroxyprogesterone acetate']"
"Patient: 30M. Drugs: Bepridil, Hexetidine 500mg every 12 hours, Temazepam 75mg three times daily.","['Bepridil', 'Hexetidine', 'Temazepam']",1,1,therapeutic efficacy,"patient: 30m. drugs: bepridil, hexetidine 500mg every 12 hours, temazepam 75mg three times daily.","['patient', '30', 'm.', 'drugs', 'bepridil', 'hexetidine', '500', 'mg', '12', 'hours', 'temazepam', '75', 'mg', 'times', 'daily']",15,"['Hexetidine', 'Bepridil', 'Temazepam']"
"Patient: 25F. Drugs: Phenindione 100mg after meals, Neratinib 200mg every 6 hours, Bismuth Subsalicylate, Nisoldipine 50mg once daily.","['Phenindione', 'Neratinib', 'Bismuth Subsalicylate', 'Nisoldipine']",0,0,none,"patient: 25f. drugs: phenindione 100mg after meals, neratinib 200mg every 6 hours, bismuth subsalicylate, nisoldipine 50mg once daily.","['patient', '25f', 'drugs', 'phenindione', '100', 'mg', 'meals', 'neratinib', '200', 'mg', '6', 'hours', 'bismuth', 'subsalicylate', 'nisoldipine', '50', 'mg', 'daily']",18,"['Nisoldipine', 'Neratinib', 'Bismuth Subsalicylate', 'Phenindione']"
"Patient: 40M. Drugs: Miconazole 200mg every 8 hours, Pergolide 200mg every 8 hours.","['Miconazole', 'Pergolide']",1,3,risk or severity of adverse effects,"patient: 40m. drugs: miconazole 200mg every 8 hours, pergolide 200mg every 8 hours.","['patient', '40', 'm.', 'drugs', 'miconazole', '200', 'mg', '8', 'hours', 'pergolide', '200', 'mg', '8', 'hours']",14,"['Pergolide', 'Miconazole']"
"Patient: 35F. Drugs: Selegiline, Ioflupane I-123, Bromotheophylline.","['Selegiline', 'Ioflupane I-123', 'Bromotheophylline']",1,1,diagnostic agent,"patient: 35f. drugs: selegiline, ioflupane i123, bromotheophylline.","['patient', '35f', 'drugs', 'selegiline', 'ioflupane', 'i123', 'bromotheophylline']",7,"['Selegiline', 'Bromotheophylline', 'Ioflupane I-123']"
"Patient: 75M. Drugs: Dronabinol, Glutethimide 200mg every 8 hours, Melphalan 75mg every 8 hours.","['Dronabinol', 'Glutethimide', 'Melphalan']",1,2,central nervous system depressant (CNS depressant) activities,"patient: 75m. drugs: dronabinol, glutethimide 200mg every 8 hours, melphalan 75mg every 8 hours.","['patient', '75', 'm.', 'drugs', 'dronabinol', 'glutethimide', '200', 'mg', '8', 'hours', 'melphalan', '75', 'mg', '8', 'hours']",15,"['Dronabinol', 'Glutethimide', 'Melphalan']"
"Patient: 62M. Drugs: Lisdexamfetamine, Demeclocycline 75mg as needed, Quinapril 100mg as needed.","['Lisdexamfetamine', 'Demeclocycline', 'Quinapril']",1,1,absorption,"patient: 62m. drugs: lisdexamfetamine, demeclocycline 75mg as needed, quinapril 100mg as needed.","['patient', '62', 'm.', 'drugs', 'lisdexamfetamine', 'demeclocycline', '75', 'mg', 'needed', 'quinapril', '100', 'mg', 'needed']",13,"['Lisdexamfetamine', 'Demeclocycline', 'Quinapril']"
"Patient: 58M. Drugs: Desonide 25mg three times daily, L-Carnitine 500mg twice daily, Droperidol 200mg three times daily.","['Desonide', 'L-Carnitine', 'Droperidol']",0,0,none,"patient: 58m. drugs: desonide 25mg three times daily, lcarnitine 500mg twice daily, droperidol 200mg three times daily.","['patient', '58', 'm.', 'drugs', 'desonide', '25', 'mg', 'times', 'daily', 'lcarnitine', '500', 'mg', 'twice', 'daily', 'droperidol', '200', 'mg', 'times', 'daily']",19,"['L-Carnitine', 'Droperidol', 'Desonide']"
"Patient: 68M. Drugs: Midazolam, Tolvaptan 50mg as needed.","['Midazolam', 'Tolvaptan']",1,2,serum concentration,"patient: 68m. drugs: midazolam, tolvaptan 50mg as needed.","['patient', '68', 'm.', 'drugs', 'midazolam', 'tolvaptan', '50', 'mg', 'needed']",9,"['Tolvaptan', 'Midazolam']"
"Patient: 30M. Drugs: Etidocaine, Perazine 200mg every 6 hours, Phenylbutazone 75mg twice daily.","['Etidocaine', 'Perazine', 'Phenylbutazone']",1,3,risk or severity of adverse effects,"patient: 30m. drugs: etidocaine, perazine 200mg every 6 hours, phenylbutazone 75mg twice daily.","['patient', '30', 'm.', 'drugs', 'etidocaine', 'perazine', '200', 'mg', '6', 'hours', 'phenylbutazone', '75', 'mg', 'twice', 'daily']",15,"['Perazine', 'Phenylbutazone', 'Etidocaine']"
"Patient: 45F. Drugs: Isoflurophate 100mg once daily, Alclometasone, Ranitidine.","['Isoflurophate', 'Alclometasone', 'Ranitidine']",1,3,risk or severity of adverse effects,"patient: 45f. drugs: isoflurophate 100mg once daily, alclometasone, ranitidine.","['patient', '45f', 'drugs', 'isoflurophate', '100', 'mg', 'daily', 'alclometasone', 'ranitidine']",9,"['Alclometasone', 'Ranitidine', 'Isoflurophate']"
"Patient: 55F. Drugs: Esmolol 50mg as needed, Dexamethasone 200mg three times daily.","['Esmolol', 'Dexamethasone']",0,0,none,"patient: 55f. drugs: esmolol 50mg as needed, dexamethasone 200mg three times daily.","['patient', '55f', 'drugs', 'esmolol', '50', 'mg', 'needed', 'dexamethasone', '200', 'mg', 'times', 'daily']",12,"['Esmolol', 'Dexamethasone']"
"Patient: 48F. Drugs: Ergotamine, Idelalisib 25mg before meals, Estramustine.","['Ergotamine', 'Idelalisib', 'Estramustine']",1,3,risk or severity of adverse effects,"patient: 48f. drugs: ergotamine, idelalisib 25mg before meals, estramustine.","['patient', '48f', 'drugs', 'ergotamine', 'idelalisib', '25', 'mg', 'meals', 'estramustine']",9,"['Ergotamine', 'Idelalisib', 'Estramustine']"
"Patient: 25F. Drugs: Lumefantrine 75mg every 12 hours, Ibrutinib 75mg every 12 hours, Gluconic Acid.","['Lumefantrine', 'Ibrutinib', 'Gluconic Acid']",1,2,metabolism,"patient: 25f. drugs: lumefantrine 75mg every 12 hours, ibrutinib 75mg every 12 hours, gluconic acid.","['patient', '25f', 'drugs', 'lumefantrine', '75', 'mg', '12', 'hours', 'ibrutinib', '75', 'mg', '12', 'hours', 'gluconic', 'acid']",15,"['Gluconic Acid', 'Ibrutinib', 'Lumefantrine']"
"Patient: 48F. Drugs: Guanfacine, Sevoflurane 75mg once daily, Deferasirox 200mg once daily.","['Guanfacine', 'Sevoflurane', 'Deferasirox']",1,3,risk or severity of adverse effects,"patient: 48f. drugs: guanfacine, sevoflurane 75mg once daily, deferasirox 200mg once daily.","['patient', '48f', 'drugs', 'guanfacine', 'sevoflurane', '75', 'mg', 'daily', 'deferasirox', '200', 'mg', 'daily']",12,"['Guanfacine', 'Sevoflurane', 'Deferasirox']"
"Patient: 25F. Drugs: Lomefloxacin 75mg every 8 hours, Fluocortolone, Cefoperazone 100mg every 6 hours.","['Lomefloxacin', 'Fluocortolone', 'Cefoperazone']",1,3,risk or severity of adverse effects,"patient: 25f. drugs: lomefloxacin 75mg every 8 hours, fluocortolone, cefoperazone 100mg every 6 hours.","['patient', '25f', 'drugs', 'lomefloxacin', '75', 'mg', '8', 'hours', 'fluocortolone', 'cefoperazone', '100', 'mg', '6', 'hours']",14,"['Fluocortolone', 'Cefoperazone', 'Lomefloxacin']"
"Patient: 35F. Drugs: Ergonovine 500mg before meals, Clotiazepam 500mg after meals, Bismuth subnitrate.","['Ergonovine', 'Clotiazepam', 'Bismuth subnitrate']",1,3,risk or severity of adverse effects,"patient: 35f. drugs: ergonovine 500mg before meals, clotiazepam 500mg after meals, bismuth subnitrate.","['patient', '35f', 'drugs', 'ergonovine', '500', 'mg', 'meals', 'clotiazepam', '500', 'mg', 'meals', 'bismuth', 'subnitrate']",13,"['Ergonovine', 'Bismuth subnitrate', 'Clotiazepam']"
"Patient: 25F. Drugs: Duloxetine 200mg once daily, Bromfenac, Prednisolone 75mg three times daily.","['Duloxetine', 'Bromfenac', 'Prednisolone']",1,1,antiplatelet activities,"patient: 25f. drugs: duloxetine 200mg once daily, bromfenac, prednisolone 75mg three times daily.","['patient', '25f', 'drugs', 'duloxetine', '200', 'mg', 'daily', 'bromfenac', 'prednisolone', '75', 'mg', 'times', 'daily']",13,"['Bromfenac', 'Prednisolone', 'Duloxetine']"
"Patient: 75M. Drugs: Dapsone 50mg after meals, Pitolisant 75mg before meals.","['Dapsone', 'Pitolisant']",1,2,serum concentration,"patient: 75m. drugs: dapsone 50mg after meals, pitolisant 75mg before meals.","['patient', '75', 'm.', 'drugs', 'dapsone', '50', 'mg', 'meals', 'pitolisant', '75', 'mg', 'meals']",12,"['Pitolisant', 'Dapsone']"
"Patient: 55F. Drugs: Nimodipine 75mg twice daily, Griseofulvin 75mg three times daily.","['Nimodipine', 'Griseofulvin']",1,1,therapeutic efficacy,"patient: 55f. drugs: nimodipine 75mg twice daily, griseofulvin 75mg three times daily.","['patient', '55f', 'drugs', 'nimodipine', '75', 'mg', 'twice', 'daily', 'griseofulvin', '75', 'mg', 'times', 'daily']",13,"['Griseofulvin', 'Nimodipine']"
"Patient: 55F. Drugs: Sumatriptan, Artemotil, Cinchocaine 50mg every 6 hours, Deserpidine.","['Sumatriptan', 'Artemotil', 'Cinchocaine', 'Deserpidine']",0,0,none,"patient: 55f. drugs: sumatriptan, artemotil, cinchocaine 50mg every 6 hours, deserpidine.","['patient', '55f', 'drugs', 'sumatriptan', 'artemotil', 'cinchocaine', '50', 'mg', '6', 'hours', 'deserpidine']",11,"['Cinchocaine', 'Sumatriptan', 'Deserpidine', 'Artemotil']"
"Patient: 33M. Drugs: Dichloralphenazone 50mg every 12 hours, Menthol 75mg after meals, Carprofen, Medrysone 100mg every 6 hours.","['Dichloralphenazone', 'Menthol', 'Carprofen', 'Medrysone']",1,3,risk or severity of adverse effects,"patient: 33m. drugs: dichloralphenazone 50mg every 12 hours, menthol 75mg after meals, carprofen, medrysone 100mg every 6 hours.","['patient', '33', 'm.', 'drugs', 'dichloralphenazone', '50', 'mg', '12', 'hours', 'menthol', '75', 'mg', 'meals', 'carprofen', 'medrysone', '100', 'mg', '6', 'hours']",19,"['Medrysone', 'Carprofen', 'Menthol', 'Dichloralphenazone']"
"Patient: 33M. Drugs: Sulfisoxazole, Phenoxybenzamine.","['Sulfisoxazole', 'Phenoxybenzamine']",1,2,metabolism,"patient: 33m. drugs: sulfisoxazole, phenoxybenzamine.","['patient', '33', 'm.', 'drugs', 'sulfisoxazole', 'phenoxybenzamine']",6,"['Phenoxybenzamine', 'Sulfisoxazole']"
"Patient: 75M. Drugs: Piperazine 50mg after meals, Saxagliptin 500mg as needed, Ceftazidime 200mg three times daily.","['Piperazine', 'Saxagliptin', 'Ceftazidime']",1,1,therapeutic efficacy,"patient: 75m. drugs: piperazine 50mg after meals, saxagliptin 500mg as needed, ceftazidime 200mg three times daily.","['patient', '75', 'm.', 'drugs', 'piperazine', '50', 'mg', 'meals', 'saxagliptin', '500', 'mg', 'needed', 'ceftazidime', '200', 'mg', 'times', 'daily']",17,"['Saxagliptin', 'Ceftazidime', 'Piperazine']"
"Patient: 40M. Drugs: Theophylline 75mg three times daily, Methylphenobarbital 500mg every 6 hours.","['Theophylline', 'Methylphenobarbital']",1,2,serum concentration,"patient: 40m. drugs: theophylline 75mg three times daily, methylphenobarbital 500mg every 6 hours.","['patient', '40', 'm.', 'drugs', 'theophylline', '75', 'mg', 'times', 'daily', 'methylphenobarbital', '500', 'mg', '6', 'hours']",14,"['Methylphenobarbital', 'Theophylline']"
"Patient: 40M. Drugs: Orphenadrine 75mg every 8 hours, Huperzine A 25mg once daily.","['Orphenadrine', 'Huperzine A']",1,1,therapeutic efficacy,"patient: 40m. drugs: orphenadrine 75mg every 8 hours, huperzine a 25mg once daily.","['patient', '40', 'm.', 'drugs', 'orphenadrine', '75', 'mg', '8', 'hours', 'huperzine', '25', 'mg', 'daily']",13,"['Huperzine A', 'Orphenadrine']"
"Patient: 68M. Drugs: Alectinib 500mg after meals, Pirlindole 200mg after meals, Prussian blue, Pentolinium 25mg before meals.","['Alectinib', 'Pirlindole', 'Prussian blue', 'Pentolinium']",1,2,hypotensive activities,"patient: 68m. drugs: alectinib 500mg after meals, pirlindole 200mg after meals, prussian blue, pentolinium 25mg before meals.","['patient', '68', 'm.', 'drugs', 'alectinib', '500', 'mg', 'meals', 'pirlindole', '200', 'mg', 'meals', 'prussian', 'blue', 'pentolinium', '25', 'mg', 'meals']",18,"['Pentolinium', 'Prussian blue', 'Alectinib', 'Pirlindole']"
"Patient: 58M. Drugs: Ropivacaine 500mg every 12 hours, Phenoxyethanol 50mg three times daily.","['Ropivacaine', 'Phenoxyethanol']",1,3,risk or severity of adverse effects,"patient: 58m. drugs: ropivacaine 500mg every 12 hours, phenoxyethanol 50mg three times daily.","['patient', '58', 'm.', 'drugs', 'ropivacaine', '500', 'mg', '12', 'hours', 'phenoxyethanol', '50', 'mg', 'times', 'daily']",14,"['Phenoxyethanol', 'Ropivacaine']"
"Patient: 52M. Drugs: Masoprocol 100mg every 6 hours, Kanamycin 500mg three times daily, Riociguat.","['Masoprocol', 'Kanamycin', 'Riociguat']",1,2,excretion rate of higher serum level,"patient: 52m. drugs: masoprocol 100mg every 6 hours, kanamycin 500mg three times daily, riociguat.","['patient', '52', 'm.', 'drugs', 'masoprocol', '100', 'mg', '6', 'hours', 'kanamycin', '500', 'mg', 'times', 'daily', 'riociguat']",15,"['Masoprocol', 'Kanamycin', 'Riociguat']"
"Patient: 75M. Drugs: Asunaprevir, Cyclophosphamide.","['Asunaprevir', 'Cyclophosphamide']",1,2,serum concentration,"patient: 75m. drugs: asunaprevir, cyclophosphamide.","['patient', '75', 'm.', 'drugs', 'asunaprevir', 'cyclophosphamide']",6,"['Asunaprevir', 'Cyclophosphamide']"
"Patient: 48F. Drugs: Butoconazole, Efonidipine.","['Butoconazole', 'Efonidipine']",1,1,therapeutic efficacy,"patient: 48f. drugs: butoconazole, efonidipine.","['patient', '48f', 'drugs', 'butoconazole', 'efonidipine']",5,"['Efonidipine', 'Butoconazole']"
"Patient: 28F. Drugs: Acepromazine 100mg as needed, Copper.","['Acepromazine', 'Copper']",0,0,none,"patient: 28f. drugs: acepromazine 100mg as needed, copper.","['patient', '28f', 'drugs', 'acepromazine', '100', 'mg', 'needed', 'copper']",8,"['Acepromazine', 'Copper']"
"Patient: 60F. Drugs: Deferiprone 75mg as needed, Silver sulfadiazine 100mg as needed, Icatibant, Malathion.","['Deferiprone', 'Silver sulfadiazine', 'Icatibant', 'Malathion']",0,0,none,"patient: 60f. drugs: deferiprone 75mg as needed, silver sulfadiazine 100mg as needed, icatibant, malathion.","['patient', '60f', 'drugs', 'deferiprone', '75', 'mg', 'needed', 'silver', 'sulfadiazine', '100', 'mg', 'needed', 'icatibant', 'malathion']",14,"['Silver sulfadiazine', 'Icatibant', 'Deferiprone', 'Malathion']"
"Patient: 28F. Drugs: Altretamine, Lymecycline 75mg every 12 hours.","['Altretamine', 'Lymecycline']",0,0,none,"patient: 28f. drugs: altretamine, lymecycline 75mg every 12 hours.","['patient', '28f', 'drugs', 'altretamine', 'lymecycline', '75', 'mg', '12', 'hours']",9,"['Lymecycline', 'Altretamine']"
"Patient: 40M. Drugs: Metaxalone 500mg three times daily, Suvorexant 200mg twice daily.","['Metaxalone', 'Suvorexant']",1,2,central nervous system depressant (CNS depressant) activities,"patient: 40m. drugs: metaxalone 500mg three times daily, suvorexant 200mg twice daily.","['patient', '40', 'm.', 'drugs', 'metaxalone', '500', 'mg', 'times', 'daily', 'suvorexant', '200', 'mg', 'twice', 'daily']",14,"['Suvorexant', 'Metaxalone']"
"Patient: 25F. Drugs: Iloperidone 50mg every 6 hours, Lynestrenol 500mg twice daily, Lofexidine.","['Iloperidone', 'Lynestrenol', 'Lofexidine']",1,1,therapeutic efficacy,"patient: 25f. drugs: iloperidone 50mg every 6 hours, lynestrenol 500mg twice daily, lofexidine.","['patient', '25f', 'drugs', 'iloperidone', '50', 'mg', '6', 'hours', 'lynestrenol', '500', 'mg', 'twice', 'daily', 'lofexidine']",14,"['Iloperidone', 'Lynestrenol', 'Lofexidine']"
"Patient: 35F. Drugs: Medrogestone 100mg as needed, Dihydroergocornine.","['Medrogestone', 'Dihydroergocornine']",0,0,none,"patient: 35f. drugs: medrogestone 100mg as needed, dihydroergocornine.","['patient', '35f', 'drugs', 'medrogestone', '100', 'mg', 'needed', 'dihydroergocornine']",8,"['Medrogestone', 'Dihydroergocornine']"
"Patient: 62M. Drugs: Naftifine, Formaldehyde, Ceftriaxone.","['Naftifine', 'Formaldehyde', 'Ceftriaxone']",0,0,none,"patient: 62m. drugs: naftifine, formaldehyde, ceftriaxone.","['patient', '62', 'm.', 'drugs', 'naftifine', 'formaldehyde', 'ceftriaxone']",7,"['Ceftriaxone', 'Formaldehyde', 'Naftifine']"
"Patient: 33M. Drugs: Icatibant, Dinoprost 50mg every 12 hours.","['Icatibant', 'Dinoprost']",1,1,therapeutic efficacy,"patient: 33m. drugs: icatibant, dinoprost 50mg every 12 hours.","['patient', '33', 'm.', 'drugs', 'icatibant', 'dinoprost', '50', 'mg', '12', 'hours']",10,"['Icatibant', 'Dinoprost']"
"Patient: 48F. Drugs: Roxithromycin 100mg three times daily, Zopiclone 500mg every 8 hours, Isoniazid 25mg every 12 hours.","['Roxithromycin', 'Zopiclone', 'Isoniazid']",1,2,metabolism,"patient: 48f. drugs: roxithromycin 100mg three times daily, zopiclone 500mg every 8 hours, isoniazid 25mg every 12 hours.","['patient', '48f', 'drugs', 'roxithromycin', '100', 'mg', 'times', 'daily', 'zopiclone', '500', 'mg', '8', 'hours', 'isoniazid', '25', 'mg', '12', 'hours']",18,"['Zopiclone', 'Isoniazid', 'Roxithromycin']"
"Patient: 40M. Drugs: Efavirenz 500mg every 12 hours, Propofol 100mg after meals.","['Efavirenz', 'Propofol']",1,2,metabolism,"patient: 40m. drugs: efavirenz 500mg every 12 hours, propofol 100mg after meals.","['patient', '40', 'm.', 'drugs', 'efavirenz', '500', 'mg', '12', 'hours', 'propofol', '100', 'mg', 'meals']",13,"['Efavirenz', 'Propofol']"
"Patient: 52M. Drugs: Dextropropoxyphene 25mg every 6 hours, Olaparib 500mg every 6 hours.","['Dextropropoxyphene', 'Olaparib']",1,2,metabolism,"patient: 52m. drugs: dextropropoxyphene 25mg every 6 hours, olaparib 500mg every 6 hours.","['patient', '52', 'm.', 'drugs', 'dextropropoxyphene', '25', 'mg', '6', 'hours', 'olaparib', '500', 'mg', '6', 'hours']",14,"['Dextropropoxyphene', 'Olaparib']"
"Patient: 40M. Drugs: Gemeprost 100mg once daily, Hydrocodone 200mg after meals, Romidepsin, Diflunisal 25mg every 8 hours.","['Gemeprost', 'Hydrocodone', 'Romidepsin', 'Diflunisal']",1,1,therapeutic efficacy,"patient: 40m. drugs: gemeprost 100mg once daily, hydrocodone 200mg after meals, romidepsin, diflunisal 25mg every 8 hours.","['patient', '40', 'm.', 'drugs', 'gemeprost', '100', 'mg', 'daily', 'hydrocodone', '200', 'mg', 'meals', 'romidepsin', 'diflunisal', '25', 'mg', '8', 'hours']",18,"['Hydrocodone', 'Romidepsin', 'Gemeprost', 'Diflunisal']"
"Patient: 55F. Drugs: Latamoxef 100mg once daily, Rosuvastatin 25mg every 12 hours, Magnesium hydroxide 75mg twice daily.","['Latamoxef', 'Rosuvastatin', 'Magnesium hydroxide']",1,2,serum concentration,"patient: 55f. drugs: latamoxef 100mg once daily, rosuvastatin 25mg every 12 hours, magnesium hydroxide 75mg twice daily.","['patient', '55f', 'drugs', 'latamoxef', '100', 'mg', 'daily', 'rosuvastatin', '25', 'mg', '12', 'hours', 'magnesium', 'hydroxide', '75', 'mg', 'twice', 'daily']",18,"['Latamoxef', 'Magnesium hydroxide', 'Rosuvastatin']"
"Patient: 40M. Drugs: Aranidipine 25mg every 6 hours, Calcium lactate 100mg as needed.","['Aranidipine', 'Calcium lactate']",1,1,therapeutic efficacy,"patient: 40m. drugs: aranidipine 25mg every 6 hours, calcium lactate 100mg as needed.","['patient', '40', 'm.', 'drugs', 'aranidipine', '25', 'mg', '6', 'hours', 'calcium', 'lactate', '100', 'mg', 'needed']",14,"['Calcium lactate', 'Aranidipine']"
"Patient: 48F. Drugs: Hexetidine 100mg every 6 hours, Crisaborole, Chloropyramine 25mg twice daily, Pyridostigmine 75mg after meals.","['Hexetidine', 'Crisaborole', 'Chloropyramine', 'Pyridostigmine']",0,0,none,"patient: 48f. drugs: hexetidine 100mg every 6 hours, crisaborole, chloropyramine 25mg twice daily, pyridostigmine 75mg after meals.","['patient', '48f', 'drugs', 'hexetidine', '100', 'mg', '6', 'hours', 'crisaborole', 'chloropyramine', '25', 'mg', 'twice', 'daily', 'pyridostigmine', '75', 'mg', 'meals']",18,"['Hexetidine', 'Chloropyramine', 'Pyridostigmine', 'Crisaborole']"
"Patient: 62M. Drugs: Nicergoline 75mg every 12 hours, Risperidone 200mg as needed, Zaltoprofen 25mg after meals.","['Nicergoline', 'Risperidone', 'Zaltoprofen']",1,3,risk or severity of adverse effects,"patient: 62m. drugs: nicergoline 75mg every 12 hours, risperidone 200mg as needed, zaltoprofen 25mg after meals.","['patient', '62', 'm.', 'drugs', 'nicergoline', '75', 'mg', '12', 'hours', 'risperidone', '200', 'mg', 'needed', 'zaltoprofen', '25', 'mg', 'meals']",17,"['Risperidone', 'Zaltoprofen', 'Nicergoline']"
"Patient: 28F. Drugs: Mequinol 100mg twice daily, Acetaminophen 100mg as needed, Ceftobiprole 75mg every 6 hours, Remifentanil 75mg every 12 hours.","['Mequinol', 'Acetaminophen', 'Ceftobiprole', 'Remifentanil']",0,0,none,"patient: 28f. drugs: mequinol 100mg twice daily, acetaminophen 100mg as needed, ceftobiprole 75mg every 6 hours, remifentanil 75mg every 12 hours.","['patient', '28f', 'drugs', 'mequinol', '100', 'mg', 'twice', 'daily', 'acetaminophen', '100', 'mg', 'needed', 'ceftobiprole', '75', 'mg', '6', 'hours', 'remifentanil', '75', 'mg', '12', 'hours']",22,"['Remifentanil', 'Mequinol', 'Ceftobiprole', 'Acetaminophen']"
"Patient: 62M. Drugs: Buprenorphine, Cobicistat.","['Buprenorphine', 'Cobicistat']",1,2,serum concentration,"patient: 62m. drugs: buprenorphine, cobicistat.","['patient', '62', 'm.', 'drugs', 'buprenorphine', 'cobicistat']",6,"['Cobicistat', 'Buprenorphine']"
"Patient: 68M. Drugs: Tranylcypromine 200mg every 12 hours, Isoflurane 25mg before meals.","['Tranylcypromine', 'Isoflurane']",1,3,risk or severity of adverse effects,"patient: 68m. drugs: tranylcypromine 200mg every 12 hours, isoflurane 25mg before meals.","['patient', '68', 'm.', 'drugs', 'tranylcypromine', '200', 'mg', '12', 'hours', 'isoflurane', '25', 'mg', 'meals']",13,"['Isoflurane', 'Tranylcypromine']"
"Patient: 58M. Drugs: Reserpine 25mg twice daily, Meclizine 500mg every 12 hours, Lactulose 100mg after meals.","['Reserpine', 'Meclizine', 'Lactulose']",1,3,risk or severity of adverse effects,"patient: 58m. drugs: reserpine 25mg twice daily, meclizine 500mg every 12 hours, lactulose 100mg after meals.","['patient', '58', 'm.', 'drugs', 'reserpine', '25', 'mg', 'twice', 'daily', 'meclizine', '500', 'mg', '12', 'hours', 'lactulose', '100', 'mg', 'meals']",18,"['Lactulose', 'Reserpine', 'Meclizine']"
"Patient: 60F. Drugs: Sulfisoxazole 200mg three times daily, Salicylic acid 200mg after meals.","['Sulfisoxazole', 'Salicylic acid']",1,2,metabolism,"patient: 60f. drugs: sulfisoxazole 200mg three times daily, salicylic acid 200mg after meals.","['patient', '60f', 'drugs', 'sulfisoxazole', '200', 'mg', 'times', 'daily', 'salicylic', 'acid', '200', 'mg', 'meals']",13,"['Sulfisoxazole', 'Salicylic acid']"
"Patient: 45F. Drugs: Trametinib 25mg every 12 hours, Emedastine 75mg twice daily.","['Trametinib', 'Emedastine']",0,0,none,"patient: 45f. drugs: trametinib 25mg every 12 hours, emedastine 75mg twice daily.","['patient', '45f', 'drugs', 'trametinib', '25', 'mg', '12', 'hours', 'emedastine', '75', 'mg', 'twice', 'daily']",13,"['Trametinib', 'Emedastine']"
"Patient: 40M. Drugs: Fluciclovine (18F) 500mg every 6 hours, Doxofylline, Cefpodoxime.","['Fluciclovine (18F)', 'Doxofylline', 'Cefpodoxime']",0,0,none,"patient: 40m. drugs: fluciclovine 18f 500mg every 6 hours, doxofylline, cefpodoxime.","['patient', '40', 'm.', 'drugs', 'fluciclovine', '18f', '500', 'mg', '6', 'hours', 'doxofylline', 'cefpodoxime']",12,"['Doxofylline', 'Cefpodoxime', 'Fluciclovine (18F)']"
"Patient: 75M. Drugs: Furosemide, Lumiracoxib 200mg three times daily.","['Furosemide', 'Lumiracoxib']",1,1,therapeutic efficacy,"patient: 75m. drugs: furosemide, lumiracoxib 200mg three times daily.","['patient', '75', 'm.', 'drugs', 'furosemide', 'lumiracoxib', '200', 'mg', 'times', 'daily']",10,"['Lumiracoxib', 'Furosemide']"
"Patient: 58M. Drugs: Difluocortolone 200mg twice daily, Morniflumate 100mg every 6 hours, Daclatasvir 50mg three times daily.","['Difluocortolone', 'Morniflumate', 'Daclatasvir']",1,3,risk or severity of adverse effects,"patient: 58m. drugs: difluocortolone 200mg twice daily, morniflumate 100mg every 6 hours, daclatasvir 50mg three times daily.","['patient', '58', 'm.', 'drugs', 'difluocortolone', '200', 'mg', 'twice', 'daily', 'morniflumate', '100', 'mg', '6', 'hours', 'daclatasvir', '50', 'mg', 'times', 'daily']",19,"['Difluocortolone', 'Morniflumate', 'Daclatasvir']"
"Patient: 55F. Drugs: Nimodipine 75mg twice daily, Griseofulvin 75mg three times daily.","['Nimodipine', 'Griseofulvin']",1,1,therapeutic efficacy,"patient: 55f. drugs: nimodipine 75mg twice daily, griseofulvin 75mg three times daily.","['patient', '55f', 'drugs', 'nimodipine', '75', 'mg', 'twice', 'daily', 'griseofulvin', '75', 'mg', 'times', 'daily']",13,"['Griseofulvin', 'Nimodipine']"
"Patient: 45F. Drugs: Temazepam 500mg every 12 hours, Fludiazepam 200mg twice daily.","['Temazepam', 'Fludiazepam']",1,3,risk or severity of adverse effects,"patient: 45f. drugs: temazepam 500mg every 12 hours, fludiazepam 200mg twice daily.","['patient', '45f', 'drugs', 'temazepam', '500', 'mg', '12', 'hours', 'fludiazepam', '200', 'mg', 'twice', 'daily']",13,"['Fludiazepam', 'Temazepam']"
"Patient: 35F. Drugs: Norethisterone 50mg after meals, Dactinomycin, Sodium stibogluconate 75mg before meals, Fluticasone 75mg after meals.","['Norethisterone', 'Dactinomycin', 'Sodium stibogluconate', 'Fluticasone']",0,0,none,"patient: 35f. drugs: norethisterone 50mg after meals, dactinomycin, sodium stibogluconate 75mg before meals, fluticasone 75mg after meals.","['patient', '35f', 'drugs', 'norethisterone', '50', 'mg', 'meals', 'dactinomycin', 'sodium', 'stibogluconate', '75', 'mg', 'meals', 'fluticasone', '75', 'mg', 'meals']",17,"['Norethisterone', 'Dactinomycin', 'Fluticasone', 'Sodium stibogluconate']"
"Patient: 52M. Drugs: Clomipramine 500mg after meals, Dabrafenib 75mg once daily, Ethyl loflazepate.","['Clomipramine', 'Dabrafenib', 'Ethyl loflazepate']",1,2,serum concentration,"patient: 52m. drugs: clomipramine 500mg after meals, dabrafenib 75mg once daily, ethyl loflazepate.","['patient', '52', 'm.', 'drugs', 'clomipramine', '500', 'mg', 'meals', 'dabrafenib', '75', 'mg', 'daily', 'ethyl', 'loflazepate']",14,"['Dabrafenib', 'Ethyl loflazepate', 'Clomipramine']"
"Patient: 55F. Drugs: Methoxamine 50mg twice daily, Ritodrine 50mg as needed.","['Methoxamine', 'Ritodrine']",1,3,risk or severity of adverse effects,"patient: 55f. drugs: methoxamine 50mg twice daily, ritodrine 50mg as needed.","['patient', '55f', 'drugs', 'methoxamine', '50', 'mg', 'twice', 'daily', 'ritodrine', '50', 'mg', 'needed']",12,"['Methoxamine', 'Ritodrine']"
"Patient: 60F. Drugs: Sitagliptin 50mg every 6 hours, Spirapril 50mg every 12 hours.","['Sitagliptin', 'Spirapril']",1,3,risk or severity of adverse effects,"patient: 60f. drugs: sitagliptin 50mg every 6 hours, spirapril 50mg every 12 hours.","['patient', '60f', 'drugs', 'sitagliptin', '50', 'mg', '6', 'hours', 'spirapril', '50', 'mg', '12', 'hours']",13,"['Spirapril', 'Sitagliptin']"
"Patient: 40M. Drugs: Lercanidipine 100mg every 8 hours, Roflumilast 100mg twice daily, Phenindamine 500mg three times daily.","['Lercanidipine', 'Roflumilast', 'Phenindamine']",0,0,none,"patient: 40m. drugs: lercanidipine 100mg every 8 hours, roflumilast 100mg twice daily, phenindamine 500mg three times daily.","['patient', '40', 'm.', 'drugs', 'lercanidipine', '100', 'mg', '8', 'hours', 'roflumilast', '100', 'mg', 'twice', 'daily', 'phenindamine', '500', 'mg', 'times', 'daily']",19,"['Lercanidipine', 'Roflumilast', 'Phenindamine']"
"Patient: 28F. Drugs: Etravirine 75mg after meals, Fludrocortisone 50mg once daily, Febuxostat 50mg after meals, Panobinostat 75mg three times daily.","['Etravirine', 'Fludrocortisone', 'Febuxostat', 'Panobinostat']",0,0,none,"patient: 28f. drugs: etravirine 75mg after meals, fludrocortisone 50mg once daily, febuxostat 50mg after meals, panobinostat 75mg three times daily.","['patient', '28f', 'drugs', 'etravirine', '75', 'mg', 'meals', 'fludrocortisone', '50', 'mg', 'daily', 'febuxostat', '50', 'mg', 'meals', 'panobinostat', '75', 'mg', 'times', 'daily']",20,"['Febuxostat', 'Fludrocortisone', 'Panobinostat', 'Etravirine']"
"Patient: 35F. Drugs: Unoprostone 25mg as needed, Acemetacin 500mg every 8 hours, Ketamine.","['Unoprostone', 'Acemetacin', 'Ketamine']",1,1,therapeutic efficacy,"patient: 35f. drugs: unoprostone 25mg as needed, acemetacin 500mg every 8 hours, ketamine.","['patient', '35f', 'drugs', 'unoprostone', '25', 'mg', 'needed', 'acemetacin', '500', 'mg', '8', 'hours', 'ketamine']",13,"['Ketamine', 'Unoprostone', 'Acemetacin']"
"Patient: 35F. Drugs: Chlorprothixene, Salicylamide 25mg before meals, Cisplatin 500mg after meals, Zidovudine.","['Chlorprothixene', 'Salicylamide', 'Cisplatin', 'Zidovudine']",1,3,risk or severity of adverse effects,"patient: 35f. drugs: chlorprothixene, salicylamide 25mg before meals, cisplatin 500mg after meals, zidovudine.","['patient', '35f', 'drugs', 'chlorprothixene', 'salicylamide', '25', 'mg', 'meals', 'cisplatin', '500', 'mg', 'meals', 'zidovudine']",13,"['Cisplatin', 'Salicylamide', 'Zidovudine', 'Chlorprothixene']"
"Patient: 40M. Drugs: Diatrizoate, Pancuronium 75mg as needed, Bretylium, Morphine 75mg twice daily.","['Diatrizoate', 'Pancuronium', 'Bretylium', 'Morphine']",1,3,risk or severity of adverse effects,"patient: 40m. drugs: diatrizoate, pancuronium 75mg as needed, bretylium, morphine 75mg twice daily.","['patient', '40', 'm.', 'drugs', 'diatrizoate', 'pancuronium', '75', 'mg', 'needed', 'bretylium', 'morphine', '75', 'mg', 'twice', 'daily']",15,"['Diatrizoate', 'Morphine', 'Bretylium', 'Pancuronium']"
"Patient: 75M. Drugs: Thiopental 75mg every 8 hours, Methylphenobarbital.","['Thiopental', 'Methylphenobarbital']",1,3,risk or severity of adverse effects,"patient: 75m. drugs: thiopental 75mg every 8 hours, methylphenobarbital.","['patient', '75', 'm.', 'drugs', 'thiopental', '75', 'mg', '8', 'hours', 'methylphenobarbital']",10,"['Methylphenobarbital', 'Thiopental']"
"Patient: 52M. Drugs: Trazodone 500mg twice daily, Pimozide 200mg twice daily, Cobicistat.","['Trazodone', 'Pimozide', 'Cobicistat']",1,2,QTc-prolonging activities,"patient: 52m. drugs: trazodone 500mg twice daily, pimozide 200mg twice daily, cobicistat.","['patient', '52', 'm.', 'drugs', 'trazodone', '500', 'mg', 'twice', 'daily', 'pimozide', '200', 'mg', 'twice', 'daily', 'cobicistat']",15,"['Pimozide', 'Trazodone', 'Cobicistat']"
"Patient: 45F. Drugs: Alcaftadine, L-Tryptophan, Amlodipine 100mg as needed.","['Alcaftadine', 'L-Tryptophan', 'Amlodipine']",0,0,none,"patient: 45f. drugs: alcaftadine, ltryptophan, amlodipine 100mg as needed.","['patient', '45f', 'drugs', 'alcaftadine', 'ltryptophan', 'amlodipine', '100', 'mg', 'needed']",9,"['L-Tryptophan', 'Amlodipine', 'Alcaftadine']"
"Patient: 30M. Drugs: Methyclothiazide 200mg after meals, Remifentanil 200mg before meals, Acetyl sulfisoxazole 50mg before meals.","['Methyclothiazide', 'Remifentanil', 'Acetyl sulfisoxazole']",1,3,risk or severity of adverse effects,"patient: 30m. drugs: methyclothiazide 200mg after meals, remifentanil 200mg before meals, acetyl sulfisoxazole 50mg before meals.","['patient', '30', 'm.', 'drugs', 'methyclothiazide', '200', 'mg', 'meals', 'remifentanil', '200', 'mg', 'meals', 'acetyl', 'sulfisoxazole', '50', 'mg', 'meals']",17,"['Remifentanil', 'Methyclothiazide', 'Acetyl sulfisoxazole']"
"Patient: 75M. Drugs: Bortezomib 75mg every 12 hours, Idelalisib 75mg before meals, Ertapenem.","['Bortezomib', 'Idelalisib', 'Ertapenem']",1,2,serum concentration,"patient: 75m. drugs: bortezomib 75mg every 12 hours, idelalisib 75mg before meals, ertapenem.","['patient', '75', 'm.', 'drugs', 'bortezomib', '75', 'mg', '12', 'hours', 'idelalisib', '75', 'mg', 'meals', 'ertapenem']",14,"['Bortezomib', 'Idelalisib', 'Ertapenem']"
"Patient: 25F. Drugs: Estazolam 50mg every 6 hours, Sulfadiazine 75mg once daily.","['Estazolam', 'Sulfadiazine']",0,0,none,"patient: 25f. drugs: estazolam 50mg every 6 hours, sulfadiazine 75mg once daily.","['patient', '25f', 'drugs', 'estazolam', '50', 'mg', '6', 'hours', 'sulfadiazine', '75', 'mg', 'daily']",12,"['Sulfadiazine', 'Estazolam']"
"Patient: 68M. Drugs: Tretinoin 100mg once daily, Riociguat 200mg every 6 hours, Velpatasvir 200mg after meals.","['Tretinoin', 'Riociguat', 'Velpatasvir']",1,3,risk or severity of adverse effects,"patient: 68m. drugs: tretinoin 100mg once daily, riociguat 200mg every 6 hours, velpatasvir 200mg after meals.","['patient', '68', 'm.', 'drugs', 'tretinoin', '100', 'mg', 'daily', 'riociguat', '200', 'mg', '6', 'hours', 'velpatasvir', '200', 'mg', 'meals']",17,"['Tretinoin', 'Riociguat', 'Velpatasvir']"
"Patient: 62M. Drugs: Riluzole 25mg twice daily, Gemcitabine, Dihydrotachysterol.","['Riluzole', 'Gemcitabine', 'Dihydrotachysterol']",0,0,none,"patient: 62m. drugs: riluzole 25mg twice daily, gemcitabine, dihydrotachysterol.","['patient', '62', 'm.', 'drugs', 'riluzole', '25', 'mg', 'twice', 'daily', 'gemcitabine', 'dihydrotachysterol']",11,"['Dihydrotachysterol', 'Gemcitabine', 'Riluzole']"
"Patient: 30M. Drugs: Desipramine, Eliglustat 50mg as needed, Miltefosine.","['Desipramine', 'Eliglustat', 'Miltefosine']",1,2,serum concentration,"patient: 30m. drugs: desipramine, eliglustat 50mg as needed, miltefosine.","['patient', '30', 'm.', 'drugs', 'desipramine', 'eliglustat', '50', 'mg', 'needed', 'miltefosine']",10,"['Miltefosine', 'Eliglustat', 'Desipramine']"
"Patient: 45F. Drugs: Cyclosporine 75mg before meals, Butenafine 100mg after meals, Celecoxib 50mg after meals.","['Cyclosporine', 'Butenafine', 'Celecoxib']",1,2,metabolism,"patient: 45f. drugs: cyclosporine 75mg before meals, butenafine 100mg after meals, celecoxib 50mg after meals.","['patient', '45f', 'drugs', 'cyclosporine', '75', 'mg', 'meals', 'butenafine', '100', 'mg', 'meals', 'celecoxib', '50', 'mg', 'meals']",15,"['Celecoxib', 'Butenafine', 'Cyclosporine']"
"Patient: 75M. Drugs: Lumiracoxib, Deferasirox.","['Lumiracoxib', 'Deferasirox']",1,3,risk or severity of adverse effects,"patient: 75m. drugs: lumiracoxib, deferasirox.","['patient', '75', 'm.', 'drugs', 'lumiracoxib', 'deferasirox']",6,"['Lumiracoxib', 'Deferasirox']"
"Patient: 33M. Drugs: Pazopanib 500mg before meals, Canagliflozin 50mg every 6 hours.","['Pazopanib', 'Canagliflozin']",1,2,serum concentration,"patient: 33m. drugs: pazopanib 500mg before meals, canagliflozin 50mg every 6 hours.","['patient', '33', 'm.', 'drugs', 'pazopanib', '500', 'mg', 'meals', 'canagliflozin', '50', 'mg', '6', 'hours']",13,"['Canagliflozin', 'Pazopanib']"
"Patient: 40M. Drugs: Aranidipine 25mg every 6 hours, Calcium lactate 100mg as needed.","['Aranidipine', 'Calcium lactate']",1,1,therapeutic efficacy,"patient: 40m. drugs: aranidipine 25mg every 6 hours, calcium lactate 100mg as needed.","['patient', '40', 'm.', 'drugs', 'aranidipine', '25', 'mg', '6', 'hours', 'calcium', 'lactate', '100', 'mg', 'needed']",14,"['Calcium lactate', 'Aranidipine']"
"Patient: 48F. Drugs: Ergotamine, Idelalisib 25mg before meals, Estramustine.","['Ergotamine', 'Idelalisib', 'Estramustine']",1,3,risk or severity of adverse effects,"patient: 48f. drugs: ergotamine, idelalisib 25mg before meals, estramustine.","['patient', '48f', 'drugs', 'ergotamine', 'idelalisib', '25', 'mg', 'meals', 'estramustine']",9,"['Ergotamine', 'Idelalisib', 'Estramustine']"
"Patient: 55F. Drugs: Delavirdine 200mg twice daily, Etoricoxib.","['Delavirdine', 'Etoricoxib']",1,2,metabolism,"patient: 55f. drugs: delavirdine 200mg twice daily, etoricoxib.","['patient', '55f', 'drugs', 'delavirdine', '200', 'mg', 'twice', 'daily', 'etoricoxib']",9,"['Delavirdine', 'Etoricoxib']"
"Patient: 62M. Drugs: Citalopram 200mg before meals, Tenoxicam 500mg every 12 hours.","['Citalopram', 'Tenoxicam']",1,1,antiplatelet activities,"patient: 62m. drugs: citalopram 200mg before meals, tenoxicam 500mg every 12 hours.","['patient', '62', 'm.', 'drugs', 'citalopram', '200', 'mg', 'meals', 'tenoxicam', '500', 'mg', '12', 'hours']",13,"['Tenoxicam', 'Citalopram']"
"Patient: 45F. Drugs: Perflutren 50mg as needed, Phenindamine 100mg after meals, Foscarnet 100mg every 12 hours, Ergonovine 25mg every 6 hours.","['Perflutren', 'Phenindamine', 'Foscarnet', 'Ergonovine']",1,2,QTc-prolonging activities,"patient: 45f. drugs: perflutren 50mg as needed, phenindamine 100mg after meals, foscarnet 100mg every 12 hours, ergonovine 25mg every 6 hours.","['patient', '45f', 'drugs', 'perflutren', '50', 'mg', 'needed', 'phenindamine', '100', 'mg', 'meals', 'foscarnet', '100', 'mg', '12', 'hours', 'ergonovine', '25', 'mg', '6', 'hours']",21,"['Ergonovine', 'Foscarnet', 'Perflutren', 'Phenindamine']"
"Patient: 48F. Drugs: Nisoldipine, Sirolimus.","['Nisoldipine', 'Sirolimus']",1,1,therapeutic efficacy,"patient: 48f. drugs: nisoldipine, sirolimus.","['patient', '48f', 'drugs', 'nisoldipine', 'sirolimus']",5,"['Nisoldipine', 'Sirolimus']"
"Patient: 40M. Drugs: Clobazam, Ethosuximide 500mg twice daily, Methohexital 50mg twice daily.","['Clobazam', 'Ethosuximide', 'Methohexital']",1,3,risk or severity of adverse effects,"patient: 40m. drugs: clobazam, ethosuximide 500mg twice daily, methohexital 50mg twice daily.","['patient', '40', 'm.', 'drugs', 'clobazam', 'ethosuximide', '500', 'mg', 'twice', 'daily', 'methohexital', '50', 'mg', 'twice', 'daily']",15,"['Clobazam', 'Ethosuximide', 'Methohexital']"
"Patient: 40M. Drugs: Aranidipine 25mg every 6 hours, Calcium lactate 100mg as needed.","['Aranidipine', 'Calcium lactate']",1,1,therapeutic efficacy,"patient: 40m. drugs: aranidipine 25mg every 6 hours, calcium lactate 100mg as needed.","['patient', '40', 'm.', 'drugs', 'aranidipine', '25', 'mg', '6', 'hours', 'calcium', 'lactate', '100', 'mg', 'needed']",14,"['Calcium lactate', 'Aranidipine']"
"Patient: 28F. Drugs: Econazole 200mg once daily, Vilazodone 100mg after meals, Xylometazoline 100mg as needed, Thiocolchicoside 200mg twice daily.","['Econazole', 'Vilazodone', 'Xylometazoline', 'Thiocolchicoside']",0,0,none,"patient: 28f. drugs: econazole 200mg once daily, vilazodone 100mg after meals, xylometazoline 100mg as needed, thiocolchicoside 200mg twice daily.","['patient', '28f', 'drugs', 'econazole', '200', 'mg', 'daily', 'vilazodone', '100', 'mg', 'meals', 'xylometazoline', '100', 'mg', 'needed', 'thiocolchicoside', '200', 'mg', 'twice', 'daily']",20,"['Thiocolchicoside', 'Vilazodone', 'Xylometazoline', 'Econazole']"
"Patient: 48F. Drugs: Verapamil, Neratinib 25mg every 12 hours.","['Verapamil', 'Neratinib']",1,2,metabolism,"patient: 48f. drugs: verapamil, neratinib 25mg every 12 hours.","['patient', '48f', 'drugs', 'verapamil', 'neratinib', '25', 'mg', '12', 'hours']",9,"['Verapamil', 'Neratinib']"
"Patient: 40M. Drugs: Phenprocoumon 100mg as needed, Cloxacillin 500mg every 6 hours, Vinorelbine 500mg as needed.","['Phenprocoumon', 'Cloxacillin', 'Vinorelbine']",1,2,anticoagulant activities,"patient: 40m. drugs: phenprocoumon 100mg as needed, cloxacillin 500mg every 6 hours, vinorelbine 500mg as needed.","['patient', '40', 'm.', 'drugs', 'phenprocoumon', '100', 'mg', 'needed', 'cloxacillin', '500', 'mg', '6', 'hours', 'vinorelbine', '500', 'mg', 'needed']",17,"['Vinorelbine', 'Phenprocoumon', 'Cloxacillin']"
"Patient: 68M. Drugs: Tofacitinib 100mg every 6 hours, Enzalutamide 50mg after meals, Lynestrenol 75mg every 6 hours.","['Tofacitinib', 'Enzalutamide', 'Lynestrenol']",1,2,serum concentration,"patient: 68m. drugs: tofacitinib 100mg every 6 hours, enzalutamide 50mg after meals, lynestrenol 75mg every 6 hours.","['patient', '68', 'm.', 'drugs', 'tofacitinib', '100', 'mg', '6', 'hours', 'enzalutamide', '50', 'mg', 'meals', 'lynestrenol', '75', 'mg', '6', 'hours']",18,"['Enzalutamide', 'Lynestrenol', 'Tofacitinib']"
"Patient: 70F. Drugs: Cocaine 50mg as needed, Molindone 100mg before meals, Nilutamide.","['Cocaine', 'Molindone', 'Nilutamide']",1,3,risk or severity of adverse effects,"patient: 70f. drugs: cocaine 50mg as needed, molindone 100mg before meals, nilutamide.","['patient', '70f', 'drugs', 'cocaine', '50', 'mg', 'needed', 'molindone', '100', 'mg', 'meals', 'nilutamide']",12,"['Nilutamide', 'Molindone', 'Cocaine']"
"Patient: 55F. Drugs: Posaconazole 50mg once daily, Clevidipine 200mg before meals, Adenine.","['Posaconazole', 'Clevidipine', 'Adenine']",1,1,therapeutic efficacy,"patient: 55f. drugs: posaconazole 50mg once daily, clevidipine 200mg before meals, adenine.","['patient', '55f', 'drugs', 'posaconazole', '50', 'mg', 'daily', 'clevidipine', '200', 'mg', 'meals', 'adenine']",12,"['Adenine', 'Posaconazole', 'Clevidipine']"
"Patient: 75M. Drugs: Methohexital 500mg after meals, Thiothixene 75mg once daily, Praziquantel 100mg every 12 hours.","['Methohexital', 'Thiothixene', 'Praziquantel']",1,3,risk or severity of adverse effects,"patient: 75m. drugs: methohexital 500mg after meals, thiothixene 75mg once daily, praziquantel 100mg every 12 hours.","['patient', '75', 'm.', 'drugs', 'methohexital', '500', 'mg', 'meals', 'thiothixene', '75', 'mg', 'daily', 'praziquantel', '100', 'mg', '12', 'hours']",17,"['Methohexital', 'Thiothixene', 'Praziquantel']"
"Patient: 25F. Drugs: Nalidixic Acid, Aluminum hydroxide 50mg once daily, Acetylcholine.","['Nalidixic Acid', 'Aluminum hydroxide', 'Acetylcholine']",1,1,absorption,"patient: 25f. drugs: nalidixic acid, aluminum hydroxide 50mg once daily, acetylcholine.","['patient', '25f', 'drugs', 'nalidixic', 'acid', 'aluminum', 'hydroxide', '50', 'mg', 'daily', 'acetylcholine']",11,"['Aluminum hydroxide', 'Acetylcholine', 'Nalidixic Acid']"
"Patient: 55F. Drugs: Fenoprofen 50mg every 12 hours, Sodium phosphate 75mg before meals.","['Fenoprofen', 'Sodium phosphate']",1,2,nephrotoxic activities,"patient: 55f. drugs: fenoprofen 50mg every 12 hours, sodium phosphate 75mg before meals.","['patient', '55f', 'drugs', 'fenoprofen', '50', 'mg', '12', 'hours', 'sodium', 'phosphate', '75', 'mg', 'meals']",13,"['Sodium phosphate', 'Fenoprofen']"
"Patient: 55F. Drugs: Sulfamethazine, Dicoumarol, Meropenem 500mg three times daily, Calcitriol 25mg every 8 hours.","['Sulfamethazine', 'Dicoumarol', 'Meropenem', 'Calcitriol']",0,0,none,"patient: 55f. drugs: sulfamethazine, dicoumarol, meropenem 500mg three times daily, calcitriol 25mg every 8 hours.","['patient', '55f', 'drugs', 'sulfamethazine', 'dicoumarol', 'meropenem', '500', 'mg', 'times', 'daily', 'calcitriol', '25', 'mg', '8', 'hours']",15,"['Meropenem', 'Calcitriol', 'Dicoumarol', 'Sulfamethazine']"
"Patient: 58M. Drugs: Cinoxacin 50mg every 6 hours, Aluminum hydroxide 200mg every 12 hours, Erythromycin 75mg twice daily.","['Cinoxacin', 'Aluminum hydroxide', 'Erythromycin']",1,1,absorption,"patient: 58m. drugs: cinoxacin 50mg every 6 hours, aluminum hydroxide 200mg every 12 hours, erythromycin 75mg twice daily.","['patient', '58', 'm.', 'drugs', 'cinoxacin', '50', 'mg', '6', 'hours', 'aluminum', 'hydroxide', '200', 'mg', '12', 'hours', 'erythromycin', '75', 'mg', 'twice', 'daily']",20,"['Aluminum hydroxide', 'Erythromycin', 'Cinoxacin']"
"Patient: 75M. Drugs: Theophylline, Loxoprofen, Procaine benzylpenicillin, Olodaterol 25mg as needed.","['Theophylline', 'Loxoprofen', 'Procaine benzylpenicillin', 'Olodaterol']",1,3,risk or severity of adverse effects,"patient: 75m. drugs: theophylline, loxoprofen, procaine benzylpenicillin, olodaterol 25mg as needed.","['patient', '75', 'm.', 'drugs', 'theophylline', 'loxoprofen', 'procaine', 'benzylpenicillin', 'olodaterol', '25', 'mg', 'needed']",12,"['Olodaterol', 'Procaine benzylpenicillin', 'Theophylline', 'Loxoprofen']"
"Patient: 30M. Drugs: Terbinafine, Eslicarbazepine acetate 200mg once daily, Trimethadione 500mg after meals.","['Terbinafine', 'Eslicarbazepine acetate', 'Trimethadione']",1,2,metabolism,"patient: 30m. drugs: terbinafine, eslicarbazepine acetate 200mg once daily, trimethadione 500mg after meals.","['patient', '30', 'm.', 'drugs', 'terbinafine', 'eslicarbazepine', 'acetate', '200', 'mg', 'daily', 'trimethadione', '500', 'mg', 'meals']",14,"['Eslicarbazepine acetate', 'Terbinafine', 'Trimethadione']"
"Patient: 55F. Drugs: Clemastine 100mg three times daily, Meloxicam 200mg three times daily.","['Clemastine', 'Meloxicam']",1,2,metabolism,"patient: 55f. drugs: clemastine 100mg three times daily, meloxicam 200mg three times daily.","['patient', '55f', 'drugs', 'clemastine', '100', 'mg', 'times', 'daily', 'meloxicam', '200', 'mg', 'times', 'daily']",13,"['Meloxicam', 'Clemastine']"
"Patient: 52M. Drugs: Tolvaptan 25mg three times daily, Letermovir 200mg after meals, Hydroxyprogesterone caproate.","['Tolvaptan', 'Letermovir', 'Hydroxyprogesterone caproate']",1,2,serum concentration,"patient: 52m. drugs: tolvaptan 25mg three times daily, letermovir 200mg after meals, hydroxyprogesterone caproate.","['patient', '52', 'm.', 'drugs', 'tolvaptan', '25', 'mg', 'times', 'daily', 'letermovir', '200', 'mg', 'meals', 'hydroxyprogesterone', 'caproate']",15,"['Tolvaptan', 'Hydroxyprogesterone caproate', 'Letermovir']"
"Patient: 40M. Drugs: Ropinirole, Empagliflozin, Amoxicillin 100mg twice daily.","['Ropinirole', 'Empagliflozin', 'Amoxicillin']",1,3,risk or severity of adverse effects,"patient: 40m. drugs: ropinirole, empagliflozin, amoxicillin 100mg twice daily.","['patient', '40', 'm.', 'drugs', 'ropinirole', 'empagliflozin', 'amoxicillin', '100', 'mg', 'twice', 'daily']",11,"['Amoxicillin', 'Ropinirole', 'Empagliflozin']"
"Patient: 30M. Drugs: Venetoclax 100mg every 8 hours, Methylscopolamine bromide 25mg three times daily, Polaprezinc.","['Venetoclax', 'Methylscopolamine bromide', 'Polaprezinc']",0,0,none,"patient: 30m. drugs: venetoclax 100mg every 8 hours, methylscopolamine bromide 25mg three times daily, polaprezinc.","['patient', '30', 'm.', 'drugs', 'venetoclax', '100', 'mg', '8', 'hours', 'methylscopolamine', 'bromide', '25', 'mg', 'times', 'daily', 'polaprezinc']",16,"['Methylscopolamine bromide', 'Venetoclax', 'Polaprezinc']"
"Patient: 28F. Drugs: Protriptyline, Trichloroethylene 100mg once daily, Meropenem 25mg every 12 hours.","['Protriptyline', 'Trichloroethylene', 'Meropenem']",1,3,risk or severity of adverse effects,"patient: 28f. drugs: protriptyline, trichloroethylene 100mg once daily, meropenem 25mg every 12 hours.","['patient', '28f', 'drugs', 'protriptyline', 'trichloroethylene', '100', 'mg', 'daily', 'meropenem', '25', 'mg', '12', 'hours']",13,"['Trichloroethylene', 'Meropenem', 'Protriptyline']"
"Patient: 45F. Drugs: Lamotrigine 100mg after meals, Calcium Phosphate 500mg every 12 hours.","['Lamotrigine', 'Calcium Phosphate']",1,1,therapeutic efficacy,"patient: 45f. drugs: lamotrigine 100mg after meals, calcium phosphate 500mg every 12 hours.","['patient', '45f', 'drugs', 'lamotrigine', '100', 'mg', 'meals', 'calcium', 'phosphate', '500', 'mg', '12', 'hours']",13,"['Lamotrigine', 'Calcium Phosphate']"
"Patient: 62M. Drugs: Ipratropium bromide 200mg after meals, Sunitinib 500mg before meals, Rotigotine 75mg three times daily, Cabergoline.","['Ipratropium bromide', 'Sunitinib', 'Rotigotine', 'Cabergoline']",1,2,vasoconstricting activities,"patient: 62m. drugs: ipratropium bromide 200mg after meals, sunitinib 500mg before meals, rotigotine 75mg three times daily, cabergoline.","['patient', '62', 'm.', 'drugs', 'ipratropium', 'bromide', '200', 'mg', 'meals', 'sunitinib', '500', 'mg', 'meals', 'rotigotine', '75', 'mg', 'times', 'daily', 'cabergoline']",19,"['Rotigotine', 'Cabergoline', 'Sunitinib', 'Ipratropium bromide']"
"Patient: 40M. Drugs: Rifampicin 100mg once daily, Rabeprazole 100mg twice daily.","['Rifampicin', 'Rabeprazole']",1,2,metabolism,"patient: 40m. drugs: rifampicin 100mg once daily, rabeprazole 100mg twice daily.","['patient', '40', 'm.', 'drugs', 'rifampicin', '100', 'mg', 'daily', 'rabeprazole', '100', 'mg', 'twice', 'daily']",13,"['Rabeprazole', 'Rifampicin']"
"Patient: 60F. Drugs: Dezocine, Prazepam 100mg three times daily.","['Dezocine', 'Prazepam']",1,3,risk or severity of adverse effects,"patient: 60f. drugs: dezocine, prazepam 100mg three times daily.","['patient', '60f', 'drugs', 'dezocine', 'prazepam', '100', 'mg', 'times', 'daily']",9,"['Prazepam', 'Dezocine']"
"Patient: 52M. Drugs: Halcinonide 500mg every 6 hours, Ceforanide 75mg before meals, Parecoxib 75mg every 6 hours.","['Halcinonide', 'Ceforanide', 'Parecoxib']",1,3,risk or severity of adverse effects,"patient: 52m. drugs: halcinonide 500mg every 6 hours, ceforanide 75mg before meals, parecoxib 75mg every 6 hours.","['patient', '52', 'm.', 'drugs', 'halcinonide', '500', 'mg', '6', 'hours', 'ceforanide', '75', 'mg', 'meals', 'parecoxib', '75', 'mg', '6', 'hours']",18,"['Halcinonide', 'Parecoxib', 'Ceforanide']"
"Patient: 25F. Drugs: Lisinopril 75mg every 6 hours, Aminosalicylic Acid 500mg twice daily, Ciprofibrate 100mg every 6 hours.","['Lisinopril', 'Aminosalicylic Acid', 'Ciprofibrate']",1,1,therapeutic efficacy,"patient: 25f. drugs: lisinopril 75mg every 6 hours, aminosalicylic acid 500mg twice daily, ciprofibrate 100mg every 6 hours.","['patient', '25f', 'drugs', 'lisinopril', '75', 'mg', '6', 'hours', 'aminosalicylic', 'acid', '500', 'mg', 'twice', 'daily', 'ciprofibrate', '100', 'mg', '6', 'hours']",19,"['Ciprofibrate', 'Aminosalicylic Acid', 'Lisinopril']"
"Patient: 70F. Drugs: Moxonidine 75mg after meals, Trospium 25mg every 12 hours, Dextropropoxyphene, Phenylacetic acid 200mg every 6 hours.","['Moxonidine', 'Trospium', 'Dextropropoxyphene', 'Phenylacetic acid']",1,3,risk or severity of adverse effects,"patient: 70f. drugs: moxonidine 75mg after meals, trospium 25mg every 12 hours, dextropropoxyphene, phenylacetic acid 200mg every 6 hours.","['patient', '70f', 'drugs', 'moxonidine', '75', 'mg', 'meals', 'trospium', '25', 'mg', '12', 'hours', 'dextropropoxyphene', 'phenylacetic', 'acid', '200', 'mg', '6', 'hours']",19,"['Trospium', 'Moxonidine', 'Dextropropoxyphene', 'Phenylacetic acid']"
"Patient: 52M. Drugs: Conivaptan 200mg every 6 hours, Terazosin 100mg before meals.","['Conivaptan', 'Terazosin']",1,3,risk or severity of adverse effects,"patient: 52m. drugs: conivaptan 200mg every 6 hours, terazosin 100mg before meals.","['patient', '52', 'm.', 'drugs', 'conivaptan', '200', 'mg', '6', 'hours', 'terazosin', '100', 'mg', 'meals']",13,"['Terazosin', 'Conivaptan']"
"Patient: 48F. Drugs: Parecoxib 75mg every 12 hours, Moricizine 75mg after meals, Trifluoperazine.","['Parecoxib', 'Moricizine', 'Trifluoperazine']",0,0,none,"patient: 48f. drugs: parecoxib 75mg every 12 hours, moricizine 75mg after meals, trifluoperazine.","['patient', '48f', 'drugs', 'parecoxib', '75', 'mg', '12', 'hours', 'moricizine', '75', 'mg', 'meals', 'trifluoperazine']",13,"['Trifluoperazine', 'Parecoxib', 'Moricizine']"
"Patient: 75M. Drugs: Isoetarine, Procarbazine 75mg three times daily.","['Isoetarine', 'Procarbazine']",1,3,risk or severity of adverse effects,"patient: 75m. drugs: isoetarine, procarbazine 75mg three times daily.","['patient', '75', 'm.', 'drugs', 'isoetarine', 'procarbazine', '75', 'mg', 'times', 'daily']",10,"['Procarbazine', 'Isoetarine']"
"Patient: 48F. Drugs: Capecitabine 500mg twice daily, Seratrodast.","['Capecitabine', 'Seratrodast']",1,2,metabolism,"patient: 48f. drugs: capecitabine 500mg twice daily, seratrodast.","['patient', '48f', 'drugs', 'capecitabine', '500', 'mg', 'twice', 'daily', 'seratrodast']",9,"['Seratrodast', 'Capecitabine']"
"Patient: 35F. Drugs: Digoxin 200mg every 12 hours, Bosentan, Amphetamine 50mg three times daily, Ticarcillin 75mg every 12 hours.","['Digoxin', 'Bosentan', 'Amphetamine', 'Ticarcillin']",1,2,serum concentration,"patient: 35f. drugs: digoxin 200mg every 12 hours, bosentan, amphetamine 50mg three times daily, ticarcillin 75mg every 12 hours.","['patient', '35f', 'drugs', 'digoxin', '200', 'mg', '12', 'hours', 'bosentan', 'amphetamine', '50', 'mg', 'times', 'daily', 'ticarcillin', '75', 'mg', '12', 'hours']",19,"['Ticarcillin', 'Digoxin', 'Amphetamine', 'Bosentan']"
"Patient: 30M. Drugs: Etidocaine, Perazine 200mg every 6 hours, Phenylbutazone 75mg twice daily.","['Etidocaine', 'Perazine', 'Phenylbutazone']",1,3,risk or severity of adverse effects,"patient: 30m. drugs: etidocaine, perazine 200mg every 6 hours, phenylbutazone 75mg twice daily.","['patient', '30', 'm.', 'drugs', 'etidocaine', 'perazine', '200', 'mg', '6', 'hours', 'phenylbutazone', '75', 'mg', 'twice', 'daily']",15,"['Perazine', 'Phenylbutazone', 'Etidocaine']"
"Patient: 68M. Drugs: Calcium glubionate 200mg every 6 hours, Candesartan cilexetil, Rifapentine 100mg once daily.","['Calcium glubionate', 'Candesartan cilexetil', 'Rifapentine']",1,2,metabolism,"patient: 68m. drugs: calcium glubionate 200mg every 6 hours, candesartan cilexetil, rifapentine 100mg once daily.","['patient', '68', 'm.', 'drugs', 'calcium', 'glubionate', '200', 'mg', '6', 'hours', 'candesartan', 'cilexetil', 'rifapentine', '100', 'mg', 'daily']",16,"['Candesartan cilexetil', 'Calcium glubionate', 'Rifapentine']"
"Patient: 48F. Drugs: Sulfasalazine, Norfloxacin, Cyclothiazide 100mg as needed.","['Sulfasalazine', 'Norfloxacin', 'Cyclothiazide']",1,2,neuroexcitatory activities,"patient: 48f. drugs: sulfasalazine, norfloxacin, cyclothiazide 100mg as needed.","['patient', '48f', 'drugs', 'sulfasalazine', 'norfloxacin', 'cyclothiazide', '100', 'mg', 'needed']",9,"['Cyclothiazide', 'Norfloxacin', 'Sulfasalazine']"
"Patient: 48F. Drugs: Vismodegib, Riboflavin 75mg twice daily, Pentolinium 50mg twice daily.","['Vismodegib', 'Riboflavin', 'Pentolinium']",0,0,none,"patient: 48f. drugs: vismodegib, riboflavin 75mg twice daily, pentolinium 50mg twice daily.","['patient', '48f', 'drugs', 'vismodegib', 'riboflavin', '75', 'mg', 'twice', 'daily', 'pentolinium', '50', 'mg', 'twice', 'daily']",14,"['Pentolinium', 'Riboflavin', 'Vismodegib']"
"Patient: 68M. Drugs: Fluocinolone Acetonide 75mg three times daily, Methyltestosterone 50mg after meals.","['Fluocinolone Acetonide', 'Methyltestosterone']",1,2,fluid retaining activities,"patient: 68m. drugs: fluocinolone acetonide 75mg three times daily, methyltestosterone 50mg after meals.","['patient', '68', 'm.', 'drugs', 'fluocinolone', 'acetonide', '75', 'mg', 'times', 'daily', 'methyltestosterone', '50', 'mg', 'meals']",14,"['Fluocinolone Acetonide', 'Methyltestosterone']"
